model,point,fpr,tpr,threshold
gmic,0,0.0,0.0,
gmic,1,0.15432716358179088,0.1394658753709199,1.0
gmic,2,0.15432716358179088,0.142433234421365,0.9985
gmic,3,0.15445222611305653,0.142433234421365,0.9944
gmic,4,0.15445222611305653,0.17210682492581603,0.9718
gmic,5,0.15457728864432216,0.17210682492581603,0.9706
gmic,6,0.15457728864432216,0.17507418397626112,0.9668
gmic,7,0.15470235117558778,0.17507418397626112,0.9662
gmic,8,0.15470235117558778,0.18694362017804153,0.9558
gmic,9,0.15482741370685343,0.18694362017804153,0.9548
gmic,10,0.15482741370685343,0.21068249258160238,0.9316
gmic,11,0.15507753876938468,0.21068249258160238,0.9246
gmic,12,0.15507753876938468,0.2195845697329377,0.9214
gmic,13,0.15545272636318158,0.2195845697329377,0.917
gmic,14,0.15545272636318158,0.22255192878338279,0.9122
gmic,15,0.15570285142571286,0.22255192878338279,0.9061
gmic,16,0.15570285142571286,0.228486646884273,0.9013
gmic,17,0.15582791395697848,0.228486646884273,0.8961
gmic,18,0.15582791395697848,0.2314540059347181,0.8954
gmic,19,0.15595297648824413,0.2314540059347181,0.8943
gmic,20,0.15595297648824413,0.23738872403560832,0.8852
gmic,21,0.15695347673836918,0.23738872403560832,0.8613
gmic,22,0.15695347673836918,0.26112759643916916,0.8456
gmic,23,0.1570785392696348,0.26112759643916916,0.8433
gmic,24,0.1570785392696348,0.27002967359050445,0.8398
gmic,25,0.15732866433216608,0.27002967359050445,0.8357
gmic,26,0.15732866433216608,0.27299703264094954,0.8299
gmic,27,0.1574537268634317,0.27299703264094954,0.8259
gmic,28,0.1574537268634317,0.2789317507418398,0.8239
gmic,29,0.15770385192596298,0.2789317507418398,0.8151
gmic,30,0.15770385192596298,0.28486646884273,0.8137
gmic,31,0.15807903951975988,0.28486646884273,0.8062
gmic,32,0.15807903951975988,0.2878338278931751,0.8048
gmic,33,0.1582041020510255,0.2878338278931751,0.8015
gmic,34,0.15832916458229115,0.29080118694362017,0.8014
gmic,35,0.15832916458229115,0.3056379821958457,0.7939
gmic,36,0.1585792896448224,0.3056379821958457,0.7884
gmic,37,0.1585792896448224,0.3086053412462908,0.7855
gmic,38,0.15920460230115058,0.3086053412462908,0.7797
gmic,39,0.15920460230115058,0.3115727002967359,0.7781
gmic,40,0.15957978989494748,0.3115727002967359,0.7767
gmic,41,0.15957978989494748,0.32047477744807124,0.7743
gmic,42,0.16008004002001,0.32047477744807124,0.7661
gmic,43,0.16008004002001,0.3264094955489614,0.7648
gmic,44,0.16033016508254128,0.3264094955489614,0.7576
gmic,45,0.16033016508254128,0.3353115727002967,0.7528
gmic,46,0.1604552276138069,0.3353115727002967,0.7522
gmic,47,0.1604552276138069,0.33827893175074186,0.7454
gmic,48,0.16058029014507252,0.33827893175074186,0.7453
gmic,49,0.16058029014507252,0.34124629080118696,0.7443
gmic,50,0.16095547773886942,0.34124629080118696,0.7408
gmic,51,0.16095547773886942,0.35014836795252224,0.7311
gmic,52,0.16170585292646322,0.35014836795252224,0.7226
gmic,53,0.16170585292646322,0.35311572700296734,0.7215
gmic,54,0.16183091545772887,0.35311572700296734,0.7209
gmic,55,0.1619559779889945,0.3560830860534125,0.7184
gmic,56,0.16258129064532267,0.3560830860534125,0.7055
gmic,57,0.16258129064532267,0.3590504451038576,0.7054
gmic,58,0.1630815407703852,0.3590504451038576,0.6935
gmic,59,0.1630815407703852,0.3620178041543027,0.6906
gmic,60,0.16320660330165082,0.3620178041543027,0.6865
gmic,61,0.1634567283641821,0.3620178041543027,0.684
gmic,62,0.1634567283641821,0.3649851632047478,0.6828
gmic,63,0.16370685342671334,0.3649851632047478,0.6806
gmic,64,0.16370685342671334,0.36795252225519287,0.6804
gmic,65,0.163831915957979,0.36795252225519287,0.6796
gmic,66,0.163831915957979,0.37091988130563797,0.6789
gmic,67,0.16433216608304152,0.37091988130563797,0.6761
gmic,68,0.16433216608304152,0.37388724035608306,0.6728
gmic,69,0.16445722861430714,0.37388724035608306,0.6722
gmic,70,0.16445722861430714,0.3768545994065282,0.6694
gmic,71,0.1645822911455728,0.3768545994065282,0.6689
gmic,72,0.1645822911455728,0.3798219584569733,0.6687
gmic,73,0.1660830415207604,0.3798219584569733,0.65
gmic,74,0.1660830415207604,0.3827893175074184,0.647
gmic,75,0.16683341670835417,0.3827893175074184,0.6361
gmic,76,0.16683341670835417,0.3857566765578635,0.6337
gmic,77,0.16720860430215106,0.3857566765578635,0.6273
gmic,78,0.16720860430215106,0.3887240356083086,0.6252
gmic,79,0.16745872936468234,0.3887240356083086,0.6235
gmic,80,0.16745872936468234,0.3916913946587537,0.6224
gmic,81,0.16945972986493246,0.3916913946587537,0.5931
gmic,82,0.16945972986493246,0.39465875370919884,0.5925
gmic,83,0.16995997998999499,0.39465875370919884,0.5882
gmic,84,0.16995997998999499,0.40059347181008903,0.5833
gmic,85,0.17033516758379189,0.40059347181008903,0.5754
gmic,86,0.17046023011505754,0.4035608308605341,0.574
gmic,87,0.17058529264632316,0.4035608308605341,0.5732
gmic,88,0.17058529264632316,0.4065281899109792,0.573
gmic,89,0.17121060530265134,0.4065281899109792,0.5702
gmic,90,0.17121060530265134,0.4094955489614243,0.57
gmic,91,0.17208604302151076,0.4094955489614243,0.5625
gmic,92,0.17208604302151076,0.4124629080118694,0.5624
gmic,93,0.17358679339669836,0.4124629080118694,0.5477
gmic,94,0.17371185592796398,0.41543026706231456,0.5447
gmic,95,0.17446223111555778,0.41543026706231456,0.5332
gmic,96,0.17446223111555778,0.41839762611275966,0.5327
gmic,97,0.17483741870935468,0.41839762611275966,0.5291
gmic,98,0.17508754377188596,0.41839762611275966,0.5287
gmic,99,0.17621310655327663,0.41839762611275966,0.5213
gmic,100,0.17621310655327663,0.42136498516320475,0.5206
gmic,101,0.17633816908454228,0.42136498516320475,0.5202
gmic,102,0.1768384192096048,0.42136498516320475,0.5156
gmic,103,0.17708854427213608,0.42136498516320475,0.5134
gmic,104,0.1775887943971986,0.42136498516320475,0.5124
gmic,105,0.1783391695847924,0.42136498516320475,0.507
gmic,106,0.17858929464732365,0.42136498516320475,0.5068
gmic,107,0.17883941970985492,0.42136498516320475,0.5048
gmic,108,0.17883941970985492,0.42433234421364985,0.5047
gmic,109,0.1790895447723862,0.42433234421364985,0.5041
gmic,110,0.1790895447723862,0.42729970326409494,0.5013
gmic,111,0.17933966983491745,0.42729970326409494,0.4994
gmic,112,0.17933966983491745,0.43026706231454004,0.4983
gmic,113,0.17958979489744872,0.43026706231454004,0.4953
gmic,114,0.17971485742871435,0.4332344213649852,0.4945
gmic,115,0.17971485742871435,0.4391691394658754,0.4938
gmic,116,0.17983991995998,0.4391691394658754,0.493
gmic,117,0.17983991995998,0.4421364985163205,0.4927
gmic,118,0.18046523261630815,0.4421364985163205,0.4906
gmic,119,0.18046523261630815,0.44510385756676557,0.4895
gmic,120,0.18071535767883942,0.44510385756676557,0.486
gmic,121,0.18071535767883942,0.44807121661721067,0.4854
gmic,122,0.18084042021010505,0.44807121661721067,0.4832
gmic,123,0.18084042021010505,0.45103857566765576,0.4802
gmic,124,0.18171585792896447,0.45103857566765576,0.4715
gmic,125,0.18171585792896447,0.4540059347181009,0.4707
gmic,126,0.18209104552276137,0.4540059347181009,0.4699
gmic,127,0.18209104552276137,0.456973293768546,0.4684
gmic,128,0.18234117058529264,0.456973293768546,0.4651
gmic,129,0.18234117058529264,0.4599406528189911,0.4649
gmic,130,0.18271635817908954,0.4599406528189911,0.4625
gmic,131,0.18296648324162082,0.4599406528189911,0.4623
gmic,132,0.18459229614807404,0.4599406528189911,0.4525
gmic,133,0.1848424212106053,0.4599406528189911,0.4515
gmic,134,0.18534267133566784,0.4599406528189911,0.45
gmic,135,0.18534267133566784,0.4629080118694362,0.4496
gmic,136,0.185967983991996,0.4629080118694362,0.4459
gmic,137,0.18621810905452726,0.4629080118694362,0.4452
gmic,138,0.1867183591795898,0.4629080118694362,0.4443
gmic,139,0.1867183591795898,0.4658753709198813,0.4439
gmic,140,0.1875937968984492,0.4658753709198813,0.4396
gmic,141,0.1875937968984492,0.4688427299703264,0.4394
gmic,142,0.18859429714857429,0.4688427299703264,0.4346
gmic,143,0.18884442221110556,0.4688427299703264,0.4345
gmic,144,0.1890945472736368,0.4688427299703264,0.4338
gmic,145,0.1890945472736368,0.47181008902077154,0.433
gmic,146,0.18971985992996498,0.47181008902077154,0.4263
gmic,147,0.18996998499249626,0.47477744807121663,0.4259
gmic,148,0.19084542271135568,0.47477744807121663,0.422
gmic,149,0.19084542271135568,0.47774480712166173,0.4219
gmic,150,0.1909704852426213,0.4807121661721068,0.4215
gmic,151,0.1909704852426213,0.4836795252225519,0.4207
gmic,152,0.1913456728364182,0.4836795252225519,0.4164
gmic,153,0.1913456728364182,0.486646884272997,0.4156
gmic,154,0.19197098549274638,0.486646884272997,0.4105
gmic,155,0.19197098549274638,0.4896142433234421,0.4104
gmic,156,0.192096048024012,0.4896142433234421,0.4101
gmic,157,0.192096048024012,0.49258160237388726,0.4099
gmic,158,0.19297148574287143,0.49258160237388726,0.4071
gmic,159,0.19297148574287143,0.49554896142433236,0.4059
gmic,160,0.19309654827413708,0.49554896142433236,0.4052
gmic,161,0.19309654827413708,0.49851632047477745,0.4049
gmic,162,0.1932216108054027,0.49851632047477745,0.4045
gmic,163,0.1932216108054027,0.5014836795252225,0.4042
gmic,164,0.19347173586793398,0.5014836795252225,0.4026
gmic,165,0.19372186093046523,0.5014836795252225,0.4015
gmic,166,0.19422211105552775,0.5014836795252225,0.3993
gmic,167,0.19422211105552775,0.5044510385756676,0.399
gmic,168,0.1947223611805903,0.5044510385756676,0.3976
gmic,169,0.1947223611805903,0.5074183976261127,0.3973
gmic,170,0.19484742371185593,0.5074183976261127,0.3964
gmic,171,0.19484742371185593,0.5103857566765578,0.3955
gmic,172,0.19497248624312155,0.5103857566765578,0.3949
gmic,173,0.19522261130565283,0.5103857566765578,0.3946
gmic,174,0.19534767383691845,0.5103857566765578,0.394
gmic,175,0.19534767383691845,0.5133531157270029,0.3939
gmic,176,0.19634817408704353,0.5133531157270029,0.3902
gmic,177,0.1965982991495748,0.5133531157270029,0.3898
gmic,178,0.19709854927463732,0.5133531157270029,0.3874
gmic,179,0.19709854927463732,0.5192878338278932,0.3868
gmic,180,0.19772386193096547,0.5192878338278932,0.3843
gmic,181,0.19797398699349675,0.5192878338278932,0.3841
gmic,182,0.19959979989994997,0.5192878338278932,0.376
gmic,183,0.19984992496248125,0.5192878338278932,0.3756
gmic,184,0.2001000500250125,0.5192878338278932,0.3752
gmic,185,0.2001000500250125,0.5222551928783383,0.3744
gmic,186,0.20022511255627815,0.5222551928783383,0.3729
gmic,187,0.20022511255627815,0.5252225519287834,0.3719
gmic,188,0.20222611305652827,0.5252225519287834,0.3656
gmic,189,0.20247623811905954,0.5252225519287834,0.3653
gmic,190,0.2031015507753877,0.5252225519287834,0.3617
gmic,191,0.2031015507753877,0.5281899109792285,0.3599
gmic,192,0.2042271135567784,0.5281899109792285,0.3556
gmic,193,0.2042271135567784,0.5341246290801187,0.3553
gmic,194,0.2053526763381691,0.5341246290801187,0.3526
gmic,195,0.20560280140070036,0.5341246290801187,0.3525
gmic,196,0.2062281140570285,0.5341246290801187,0.3503
gmic,197,0.2062281140570285,0.5370919881305638,0.349
gmic,198,0.2068534267133567,0.5370919881305638,0.3475
gmic,199,0.2068534267133567,0.5400593471810089,0.3469
gmic,200,0.2073536768384192,0.5400593471810089,0.3448
gmic,201,0.20747873936968483,0.543026706231454,0.3445
gmic,202,0.2084792396198099,0.543026706231454,0.3421
gmic,203,0.2088544272136068,0.543026706231454,0.3415
gmic,204,0.2099799899949975,0.543026706231454,0.3371
gmic,205,0.2099799899949975,0.5459940652818991,0.3369
gmic,206,0.21023011505752875,0.5459940652818991,0.3359
gmic,207,0.21023011505752875,0.5489614243323442,0.3355
gmic,208,0.21060530265132565,0.5489614243323442,0.3341
gmic,209,0.21085542771385693,0.5489614243323442,0.3339
gmic,210,0.21085542771385693,0.5519287833827893,0.3337
gmic,211,0.2111055527763882,0.5519287833827893,0.3329
gmic,212,0.21135567783891945,0.5519287833827893,0.3328
gmic,213,0.21173086543271635,0.5519287833827893,0.3318
gmic,214,0.21173086543271635,0.5548961424332344,0.3316
gmic,215,0.21198099049524763,0.5548961424332344,0.3308
gmic,216,0.21198099049524763,0.5578635014836796,0.3304
gmic,217,0.21260630315157578,0.5578635014836796,0.3286
gmic,218,0.21273136568284143,0.5608308605341247,0.3284
gmic,219,0.21348174087043523,0.5608308605341247,0.3258
gmic,220,0.21385692846423213,0.5608308605341247,0.3255
gmic,221,0.21460730365182593,0.5608308605341247,0.3229
gmic,222,0.21485742871435717,0.5608308605341247,0.3227
gmic,223,0.2153576788394197,0.5608308605341247,0.3217
gmic,224,0.21560780390195097,0.5608308605341247,0.3215
gmic,225,0.21598299149574787,0.5608308605341247,0.3203
gmic,226,0.21598299149574787,0.5637982195845698,0.3199
gmic,227,0.2172336168084042,0.5637982195845698,0.3173
gmic,228,0.2172336168084042,0.5667655786350149,0.317
gmic,229,0.21735867933966985,0.5667655786350149,0.3167
gmic,230,0.21735867933966985,0.56973293768546,0.3156
gmic,231,0.21810905452726362,0.56973293768546,0.3133
gmic,232,0.21810905452726362,0.5727002967359051,0.3131
gmic,233,0.21823411705852927,0.5727002967359051,0.3129
gmic,234,0.21848424212106052,0.5727002967359051,0.3123
gmic,235,0.22011005502751377,0.5727002967359051,0.3082
gmic,236,0.22036018009004502,0.5727002967359051,0.3072
gmic,237,0.22123561780890444,0.5727002967359051,0.3029
gmic,238,0.2213606803401701,0.5756676557863502,0.3027
gmic,239,0.22161080540270134,0.5756676557863502,0.3026
gmic,240,0.22198599299649824,0.5756676557863502,0.302
gmic,241,0.22198599299649824,0.5786350148367952,0.3017
gmic,242,0.22236118059029514,0.5786350148367952,0.3006
gmic,243,0.22236118059029514,0.5816023738872403,0.3005
gmic,244,0.2224862431215608,0.5816023738872403,0.2997
gmic,245,0.2224862431215608,0.5875370919881305,0.2993
gmic,246,0.22273636818409204,0.5875370919881305,0.2987
gmic,247,0.2229864932466233,0.5875370919881305,0.2986
gmic,248,0.2233616808404202,0.5875370919881305,0.2966
gmic,249,0.2236118059029515,0.5875370919881305,0.2962
gmic,250,0.224112056028014,0.5875370919881305,0.2932
gmic,251,0.22436218109054526,0.5875370919881305,0.2928
gmic,252,0.22573786893446723,0.5875370919881305,0.2883
gmic,253,0.22573786893446723,0.5905044510385756,0.2881
gmic,254,0.22686343171585793,0.5905044510385756,0.2858
gmic,255,0.22686343171585793,0.5964391691394659,0.2841
gmic,256,0.22736368184092046,0.5964391691394659,0.2836
gmic,257,0.22786393196598298,0.5964391691394659,0.2824
gmic,258,0.22798899449724863,0.5964391691394659,0.2823
gmic,259,0.22823911955977988,0.5964391691394659,0.2822
gmic,260,0.22836418209104553,0.5964391691394659,0.2821
gmic,261,0.22836418209104553,0.6023738872403561,0.2801
gmic,262,0.22861430715357678,0.6023738872403561,0.2797
gmic,263,0.22886443221610805,0.6053412462908012,0.2795
gmic,264,0.22898949474737368,0.6083086053412463,0.2792
gmic,265,0.22923961980990495,0.6083086053412463,0.2782
gmic,266,0.22936468234117058,0.6112759643916914,0.2781
gmic,267,0.22986493246623313,0.6112759643916914,0.2769
gmic,268,0.22986493246623313,0.6142433234421365,0.2767
gmic,269,0.23011505752876438,0.6142433234421365,0.2766
gmic,270,0.2306153076538269,0.6142433234421365,0.275
gmic,271,0.23086543271635818,0.6142433234421365,0.2747
gmic,272,0.23149074537268635,0.6142433234421365,0.2723
gmic,273,0.2317408704352176,0.6142433234421365,0.2722
gmic,274,0.2321160580290145,0.6142433234421365,0.2715
gmic,275,0.2321160580290145,0.6172106824925816,0.2712
gmic,276,0.23261630815407705,0.6172106824925816,0.2703
gmic,277,0.2328664332166083,0.6172106824925816,0.27
gmic,278,0.23336668334167082,0.6172106824925816,0.269
gmic,279,0.23336668334167082,0.6201780415430267,0.2689
gmic,280,0.23386693346673337,0.6201780415430267,0.2686
gmic,281,0.23411705852926462,0.6201780415430267,0.2681
gmic,282,0.23411705852926462,0.6231454005934718,0.268
gmic,283,0.2343671835917959,0.6231454005934718,0.2674
gmic,284,0.2347423711855928,0.6231454005934718,0.2672
gmic,285,0.2354927463731866,0.6231454005934718,0.2653
gmic,286,0.2354927463731866,0.6261127596439169,0.2652
gmic,287,0.23574287143571787,0.6261127596439169,0.2648
gmic,288,0.23599299649824912,0.6261127596439169,0.2647
gmic,289,0.2369934967483742,0.6261127596439169,0.2632
gmic,290,0.2369934967483742,0.629080118694362,0.2627
gmic,291,0.23724362181090544,0.629080118694362,0.2624
gmic,292,0.23749374687343672,0.629080118694362,0.2623
gmic,293,0.23761880940470234,0.6320474777448071,0.262
gmic,294,0.23786893446723362,0.6320474777448071,0.2612
gmic,295,0.23786893446723362,0.6350148367952523,0.2608
gmic,296,0.2384942471235618,0.6350148367952523,0.2599
gmic,297,0.23874437218609304,0.6350148367952523,0.2591
gmic,298,0.2388694347173587,0.6350148367952523,0.259
gmic,299,0.23936968484242122,0.6350148367952523,0.2584
gmic,300,0.23961980990495246,0.6350148367952523,0.258
gmic,301,0.23986993496748374,0.6350148367952523,0.2572
gmic,302,0.24049524762381191,0.6350148367952523,0.256
gmic,303,0.24049524762381191,0.6379821958456974,0.2557
gmic,304,0.2412456228114057,0.6379821958456974,0.2544
gmic,305,0.24149574787393696,0.6379821958456974,0.254
gmic,306,0.24187093546773386,0.6379821958456974,0.2536
gmic,307,0.24299649824912456,0.6379821958456974,0.2518
gmic,308,0.24299649824912456,0.6409495548961425,0.2516
gmic,309,0.24362181090545273,0.6409495548961425,0.2506
gmic,310,0.24387193596798398,0.6409495548961425,0.2505
gmic,311,0.24399699849924963,0.6409495548961425,0.2503
gmic,312,0.24424712356178088,0.6409495548961425,0.2499
gmic,313,0.24437218609304653,0.6409495548961425,0.2496
gmic,314,0.24462231115557778,0.6409495548961425,0.2494
gmic,315,0.24512256128064033,0.6409495548961425,0.2474
gmic,316,0.24537268634317158,0.6409495548961425,0.2473
gmic,317,0.24562281140570286,0.6409495548961425,0.246
gmic,318,0.24612306153076538,0.6409495548961425,0.2449
gmic,319,0.246248124062031,0.6409495548961425,0.2448
gmic,320,0.24649824912456228,0.6439169139465876,0.2441
gmic,321,0.24674837418709356,0.6439169139465876,0.2438
gmic,322,0.24687343671835918,0.6439169139465876,0.243
gmic,323,0.2473736868434217,0.6439169139465876,0.2425
gmic,324,0.2473736868434217,0.6468842729970327,0.2423
gmic,325,0.24749874937468735,0.6468842729970327,0.2417
gmic,326,0.24762381190595298,0.6498516320474778,0.2414
gmic,327,0.24787393696848425,0.6498516320474778,0.2413
gmic,328,0.2488744372186093,0.6498516320474778,0.2376
gmic,329,0.24912456228114058,0.6498516320474778,0.2371
gmic,330,0.24974987493746872,0.6498516320474778,0.2361
gmic,331,0.25012506253126565,0.6498516320474778,0.236
gmic,332,0.25162581290645325,0.6498516320474778,0.2336
gmic,333,0.2518759379689845,0.6498516320474778,0.2335
gmic,334,0.25212606303151575,0.6498516320474778,0.2332
gmic,335,0.25212606303151575,0.6528189910979229,0.233
gmic,336,0.2526263131565783,0.6528189910979229,0.2316
gmic,337,0.25287643821910955,0.6528189910979229,0.2315
gmic,338,0.253751875937969,0.6528189910979229,0.23
gmic,339,0.25400200100050024,0.6528189910979229,0.2299
gmic,340,0.2550025012506253,0.6528189910979229,0.2282
gmic,341,0.2552526263131566,0.6528189910979229,0.2281
gmic,342,0.2557528764382191,0.6528189910979229,0.2272
gmic,343,0.2560030015007504,0.6528189910979229,0.2271
gmic,344,0.256128064032016,0.6528189910979229,0.2268
gmic,345,0.2563781890945473,0.6528189910979229,0.2255
gmic,346,0.25737868934467234,0.6528189910979229,0.2243
gmic,347,0.2576288144072036,0.6528189910979229,0.2237
gmic,348,0.2578789394697349,0.6528189910979229,0.2233
gmic,349,0.2578789394697349,0.655786350148368,0.223
gmic,350,0.2582541270635318,0.655786350148368,0.2221
gmic,351,0.25850425212606304,0.655786350148368,0.2219
gmic,352,0.25887943971985994,0.655786350148368,0.2215
gmic,353,0.25925462731365684,0.655786350148368,0.221
gmic,354,0.25937968984492243,0.655786350148368,0.2208
gmic,355,0.25962981490745374,0.655786350148368,0.2207
gmic,356,0.26050525262631313,0.655786350148368,0.219
gmic,357,0.26075537768884444,0.655786350148368,0.2186
gmic,358,0.2610055027513757,0.655786350148368,0.2181
gmic,359,0.26125562781390693,0.655786350148368,0.2177
gmic,360,0.26163081540770383,0.655786350148368,0.2172
gmic,361,0.26188094047023514,0.655786350148368,0.2171
gmic,362,0.2621310655327664,0.655786350148368,0.2169
gmic,363,0.26238119059529763,0.655786350148368,0.2164
gmic,364,0.26263131565782893,0.655786350148368,0.2159
gmic,365,0.26313156578289143,0.655786350148368,0.2156
gmic,366,0.2632566283141571,0.655786350148368,0.2151
gmic,367,0.2632566283141571,0.658753709198813,0.2149
gmic,368,0.26350675337668833,0.658753709198813,0.2147
gmic,369,0.26375687843921963,0.658753709198813,0.2144
gmic,370,0.26388194097048523,0.658753709198813,0.2143
gmic,371,0.2640070035017509,0.6617210682492581,0.2142
gmic,372,0.2640070035017509,0.6646884272997032,0.2141
gmic,373,0.2643821910955478,0.6646884272997032,0.2133
gmic,374,0.26450725362681343,0.6676557863501483,0.2129
gmic,375,0.2647573786893447,0.6676557863501483,0.2127
gmic,376,0.2652576288144072,0.6676557863501483,0.2122
gmic,377,0.2655077538769385,0.6676557863501483,0.212
gmic,378,0.2658829414707354,0.6676557863501483,0.2108
gmic,379,0.2661330665332666,0.6676557863501483,0.2103
gmic,380,0.2662581290645323,0.6706231454005934,0.2102
gmic,381,0.2667583791895948,0.6706231454005934,0.2099
gmic,382,0.2670085042521261,0.6706231454005934,0.2094
gmic,383,0.2675087543771886,0.6706231454005934,0.2092
gmic,384,0.2681340670335168,0.6706231454005934,0.2087
gmic,385,0.2681340670335168,0.6735905044510386,0.2085
gmic,386,0.2692596298149075,0.6735905044510386,0.2052
gmic,387,0.26975987993996997,0.6735905044510386,0.205
gmic,388,0.2702601300650325,0.6735905044510386,0.2046
gmic,389,0.27051025512756377,0.6735905044510386,0.2039
gmic,390,0.2706353176588294,0.6735905044510386,0.2037
gmic,391,0.27088544272136067,0.6735905044510386,0.2036
gmic,392,0.271135567783892,0.6735905044510386,0.2032
gmic,393,0.27163581790895447,0.6735905044510386,0.2028
gmic,394,0.2717608804402201,0.6735905044510386,0.2026
gmic,395,0.2717608804402201,0.6765578635014837,0.2021
gmic,396,0.27201100550275137,0.6765578635014837,0.2019
gmic,397,0.27238619309654827,0.6765578635014837,0.2015
gmic,398,0.27238619309654827,0.6824925816023739,0.2013
gmic,399,0.2725112556278139,0.6824925816023739,0.2012
gmic,400,0.2730115057528764,0.6824925816023739,0.2007
gmic,401,0.27388694347173587,0.6824925816023739,0.1998
gmic,402,0.2741370685342671,0.6824925816023739,0.1997
gmic,403,0.27538769384692346,0.6824925816023739,0.1976
gmic,404,0.2756378189094547,0.6824925816023739,0.1975
gmic,405,0.27613806903451726,0.6824925816023739,0.1971
gmic,406,0.2763881940970485,0.6824925816023739,0.197
gmic,407,0.2766383191595798,0.6824925816023739,0.1964
gmic,408,0.27688844422211106,0.6824925816023739,0.1961
gmic,409,0.27688844422211106,0.685459940652819,0.1958
gmic,410,0.2771385692846423,0.685459940652819,0.1957
gmic,411,0.27726363181590796,0.685459940652819,0.1955
gmic,412,0.2775137568784392,0.685459940652819,0.1954
gmic,413,0.2778889444722361,0.685459940652819,0.195
gmic,414,0.2778889444722361,0.6884272997032641,0.1949
gmic,415,0.27813906953476736,0.6884272997032641,0.1942
gmic,416,0.27838919459729866,0.6884272997032641,0.1941
gmic,417,0.2793896948474237,0.6884272997032641,0.1922
gmic,418,0.2793896948474237,0.6913946587537092,0.1919
gmic,419,0.27951475737868936,0.6913946587537092,0.1916
gmic,420,0.27951475737868936,0.6943620178041543,0.1914
gmic,421,0.27988994497248626,0.6943620178041543,0.191
gmic,422,0.2801400700350175,0.6943620178041543,0.1903
gmic,423,0.28026513256628316,0.6943620178041543,0.1901
gmic,424,0.2805152576288144,0.6943620178041543,0.19
gmic,425,0.28101550775387696,0.6943620178041543,0.1886
gmic,426,0.2812656328164082,0.6943620178041543,0.1884
gmic,427,0.28139069534767386,0.6943620178041543,0.1883
gmic,428,0.28139069534767386,0.6973293768545994,0.1882
gmic,429,0.28226613306653325,0.6973293768545994,0.187
gmic,430,0.28251625812906456,0.6973293768545994,0.1866
gmic,431,0.2827663831915958,0.6973293768545994,0.1862
gmic,432,0.28301650825412705,0.6973293768545994,0.186
gmic,433,0.28326663331665836,0.6973293768545994,0.1857
gmic,434,0.2840170085042521,0.6973293768545994,0.1853
gmic,435,0.28414207103551775,0.6973293768545994,0.185
gmic,436,0.2846423211605803,0.6973293768545994,0.1846
gmic,437,0.28601800900450225,0.6973293768545994,0.1829
gmic,438,0.2861430715357679,0.7002967359050445,0.1828
gmic,439,0.2865182591295648,0.7002967359050445,0.1821
gmic,440,0.2865182591295648,0.7032640949554896,0.1819
gmic,441,0.2866433216608304,0.7032640949554896,0.1817
gmic,442,0.2868934467233617,0.7032640949554896,0.1815
gmic,443,0.2870185092546273,0.7032640949554896,0.1813
gmic,444,0.2870185092546273,0.7062314540059347,0.1812
gmic,445,0.2872686343171586,0.7062314540059347,0.1804
gmic,446,0.2877688844422211,0.7062314540059347,0.1798
gmic,447,0.28789394697348675,0.7062314540059347,0.1797
gmic,448,0.28826913456728365,0.7062314540059347,0.1796
gmic,449,0.28826913456728365,0.7091988130563798,0.1793
gmic,450,0.2885192596298149,0.7091988130563798,0.1792
gmic,451,0.28864432216108055,0.7091988130563798,0.1791
gmic,452,0.2888944472236118,0.7091988130563798,0.179
gmic,453,0.28901950975487745,0.7151335311572701,0.1789
gmic,454,0.2892696348174087,0.7151335311572701,0.1787
gmic,455,0.28939469734867435,0.7151335311572701,0.1786
gmic,456,0.2900200100050025,0.7151335311572701,0.1785
gmic,457,0.29027013506753374,0.7151335311572701,0.1783
gmic,458,0.29052026013006504,0.7151335311572701,0.1782
gmic,459,0.29089544772386194,0.7151335311572701,0.1777
gmic,460,0.2911455727863932,0.7151335311572701,0.1773
gmic,461,0.29164582291145574,0.7151335311572701,0.1766
gmic,462,0.29214607303651824,0.7151335311572701,0.176
gmic,463,0.2937718859429715,0.7151335311572701,0.174
gmic,464,0.2941470735367684,0.7151335311572701,0.1739
gmic,465,0.29427213606803404,0.7181008902077152,0.1737
gmic,466,0.2945222611305653,0.7181008902077152,0.1732
gmic,467,0.2948974487243622,0.7181008902077152,0.1731
gmic,468,0.295647823911956,0.7181008902077152,0.1709
gmic,469,0.2960230115057529,0.7181008902077152,0.1707
gmic,470,0.2961480740370185,0.7181008902077152,0.1706
gmic,471,0.2963981990995498,0.7181008902077152,0.1704
gmic,472,0.2965232616308154,0.7181008902077152,0.1703
gmic,473,0.2967733866933467,0.7181008902077152,0.1699
gmic,474,0.2971485742871436,0.7181008902077152,0.1694
gmic,475,0.2978989494747374,0.7181008902077152,0.1689
gmic,476,0.29814907453726863,0.7181008902077152,0.1688
gmic,477,0.2983991995997999,0.7181008902077152,0.1683
gmic,478,0.2983991995997999,0.7210682492581603,0.1681
gmic,479,0.29852426213106553,0.7210682492581603,0.168
gmic,480,0.29852426213106553,0.7240356083086054,0.1679
gmic,481,0.2986493246623312,0.7240356083086054,0.1677
gmic,482,0.2991495747873937,0.7240356083086054,0.1675
gmic,483,0.299399699849925,0.7240356083086054,0.167
gmic,484,0.2997748874437219,0.7240356083086054,0.1669
gmic,485,0.30002501250625313,0.7240356083086054,0.1667
gmic,486,0.3006503251625813,0.7240356083086054,0.1657
gmic,487,0.3009004502251126,0.7240356083086054,0.1656
gmic,488,0.3016508254127064,0.7240356083086054,0.1653
gmic,489,0.301775887943972,0.7240356083086054,0.1652
gmic,490,0.3020260130065032,0.7240356083086054,0.165
gmic,491,0.3021510755377689,0.7240356083086054,0.1649
gmic,492,0.3026513256628314,0.7240356083086054,0.1645
gmic,493,0.3029014507253627,0.7240356083086054,0.1642
gmic,494,0.3031515757878939,0.7240356083086054,0.1639
gmic,495,0.3035267633816908,0.7240356083086054,0.1636
gmic,496,0.3036518259129565,0.7270029673590505,0.1635
gmic,497,0.304152076038019,0.7270029673590505,0.1631
gmic,498,0.3045272636318159,0.7270029673590505,0.1625
gmic,499,0.3052776388194097,0.7270029673590505,0.1621
gmic,500,0.3054027013506753,0.7270029673590505,0.1615
gmic,501,0.3056528264132066,0.7270029673590505,0.1614
gmic,502,0.3057778889444722,0.7270029673590505,0.1611
gmic,503,0.3060280140070035,0.7270029673590505,0.161
gmic,504,0.30665332666333167,0.7270029673590505,0.1604
gmic,505,0.30665332666333167,0.7299703264094956,0.1601
gmic,506,0.3076538269134567,0.7299703264094956,0.1591
gmic,507,0.3080290145072536,0.7299703264094956,0.1586
gmic,508,0.30827913956978487,0.7299703264094956,0.1583
gmic,509,0.3087793896948474,0.7299703264094956,0.1581
gmic,510,0.30902951475737866,0.7299703264094956,0.1576
gmic,511,0.30927963981990997,0.7299703264094956,0.1575
gmic,512,0.30940470235117556,0.7299703264094956,0.1574
gmic,513,0.30940470235117556,0.7329376854599406,0.1573
gmic,514,0.3095297648824412,0.7329376854599406,0.1572
gmic,515,0.3099049524762381,0.7329376854599406,0.1569
gmic,516,0.3099049524762381,0.7359050445103857,0.1568
gmic,517,0.31015507753876936,0.7359050445103857,0.1566
gmic,518,0.31053026513256626,0.7359050445103857,0.1565
gmic,519,0.3110305152576288,0.7359050445103857,0.1561
gmic,520,0.31115557778889447,0.7359050445103857,0.156
gmic,521,0.3114057028514257,0.7359050445103857,0.1557
gmic,522,0.3117808904452226,0.7359050445103857,0.1553
gmic,523,0.31203101550775386,0.7359050445103857,0.155
gmic,524,0.3121560780390195,0.7388724035608308,0.1548
gmic,525,0.3129064532266133,0.7388724035608308,0.1534
gmic,526,0.3129064532266133,0.7418397626112759,0.1532
gmic,527,0.31315657828914456,0.7418397626112759,0.1531
gmic,528,0.3132816408204102,0.7418397626112759,0.153
gmic,529,0.31340670335167586,0.744807121661721,0.1529
gmic,530,0.31378189094547276,0.744807121661721,0.1526
gmic,531,0.3141570785392696,0.744807121661721,0.1525
gmic,532,0.31465732866433216,0.744807121661721,0.1518
gmic,533,0.31503251625812906,0.744807121661721,0.1516
gmic,534,0.3155327663831916,0.744807121661721,0.1509
gmic,535,0.3159079539769885,0.744807121661721,0.1507
gmic,536,0.31615807903951976,0.744807121661721,0.1506
gmic,537,0.316408204102051,0.744807121661721,0.1504
gmic,538,0.3166583291645823,0.744807121661721,0.1503
gmic,539,0.3171585792896448,0.744807121661721,0.1502
gmic,540,0.31728364182091046,0.744807121661721,0.15
gmic,541,0.3175337668834417,0.744807121661721,0.1499
gmic,542,0.3182841420710355,0.744807121661721,0.1493
gmic,543,0.3186593296648324,0.744807121661721,0.1489
gmic,544,0.31878439219609805,0.744807121661721,0.1488
gmic,545,0.3190345172586293,0.744807121661721,0.1487
gmic,546,0.31915957978989495,0.744807121661721,0.1486
gmic,547,0.3194097048524262,0.744807121661721,0.1485
gmic,548,0.31953476738369185,0.744807121661721,0.1482
gmic,549,0.3197848924462231,0.744807121661721,0.1481
gmic,550,0.32016008004002,0.744807121661721,0.1477
gmic,551,0.32041020510255125,0.744807121661721,0.1476
gmic,552,0.32066033016508255,0.744807121661721,0.1474
gmic,553,0.3209104552276138,0.744807121661721,0.1472
gmic,554,0.32191095547773885,0.744807121661721,0.1456
gmic,555,0.32216108054027015,0.744807121661721,0.1455
gmic,556,0.32266133066533265,0.744807121661721,0.145
gmic,557,0.32291145572786395,0.7477744807121661,0.1448
gmic,558,0.32328664332166085,0.7477744807121661,0.1443
gmic,559,0.3235367683841921,0.7477744807121661,0.1441
gmic,560,0.323911955977989,0.7477744807121661,0.1434
gmic,561,0.32416208104052024,0.7477744807121661,0.1433
gmic,562,0.3242871435717859,0.7477744807121661,0.1431
gmic,563,0.32453726863431714,0.7477744807121661,0.1429
gmic,564,0.32491245622811404,0.7477744807121661,0.1427
gmic,565,0.3257878939469735,0.7477744807121661,0.1418
gmic,566,0.326288144072036,0.7477744807121661,0.1416
gmic,567,0.3265382691345673,0.7477744807121661,0.1413
gmic,568,0.3270385192596298,0.7477744807121661,0.1412
gmic,569,0.3272886443221611,0.7477744807121661,0.141
gmic,570,0.3277888944472236,0.7477744807121661,0.1402
gmic,571,0.32828914457228614,0.7477744807121661,0.14
gmic,572,0.3285392696348174,0.7477744807121661,0.1397
gmic,573,0.3287893946973487,0.7477744807121661,0.1396
gmic,574,0.3291645822911456,0.7477744807121661,0.1395
gmic,575,0.32941470735367684,0.7477744807121661,0.1393
gmic,576,0.33016508254127064,0.7477744807121661,0.1373
gmic,577,0.3306653326663332,0.7477744807121661,0.1371
gmic,578,0.33091545772886444,0.7477744807121661,0.137
gmic,579,0.3315407703851926,0.7477744807121661,0.1363
gmic,580,0.3315407703851926,0.7507418397626113,0.136
gmic,581,0.33204102051025514,0.7507418397626113,0.1358
gmic,582,0.3321660830415208,0.7507418397626113,0.1353
gmic,583,0.33241620810405204,0.7507418397626113,0.1352
gmic,584,0.33279139569784894,0.7507418397626113,0.1351
gmic,585,0.33291645822911453,0.7507418397626113,0.135
gmic,586,0.3330415207603802,0.7537091988130564,0.1349
gmic,587,0.33316658329164583,0.7537091988130564,0.1347
gmic,588,0.3334167083541771,0.7537091988130564,0.1345
gmic,589,0.33366683341670833,0.7537091988130564,0.1342
gmic,590,0.33429214607303653,0.7537091988130564,0.1341
gmic,591,0.33441720860430213,0.7537091988130564,0.134
gmic,592,0.33479239619809903,0.7537091988130564,0.1338
gmic,593,0.33504252126063033,0.7537091988130564,0.1337
gmic,594,0.33541770885442723,0.7537091988130564,0.1333
gmic,595,0.3356678339169585,0.7537091988130564,0.1332
gmic,596,0.33579289644822413,0.7537091988130564,0.1331
gmic,597,0.3360430215107554,0.7537091988130564,0.1329
gmic,598,0.3364182091045523,0.7537091988130564,0.1328
gmic,599,0.33691845922961483,0.7537091988130564,0.1325
gmic,600,0.337543771885943,0.7537091988130564,0.1315
gmic,601,0.3379189594797399,0.7537091988130564,0.1313
gmic,602,0.3381690845422711,0.7537091988130564,0.1312
gmic,603,0.338544272136068,0.7537091988130564,0.1311
gmic,604,0.3386693346673337,0.7537091988130564,0.131
gmic,605,0.3390445222611306,0.7537091988130564,0.1309
gmic,606,0.33954477238619307,0.7537091988130564,0.1307
gmic,607,0.33991995997998997,0.7537091988130564,0.1306
gmic,608,0.3400450225112556,0.7537091988130564,0.1304
gmic,609,0.3405452726363182,0.7537091988130564,0.1302
gmic,610,0.34067033516758377,0.7537091988130564,0.13
gmic,611,0.3411705852926463,0.7537091988130564,0.1296
gmic,612,0.34142071035517757,0.7537091988130564,0.1294
gmic,613,0.3416708354177089,0.7566765578635015,0.1293
gmic,614,0.34179589794897447,0.7566765578635015,0.1292
gmic,615,0.34217108554277137,0.7566765578635015,0.129
gmic,616,0.3424212106053027,0.7566765578635015,0.1288
gmic,617,0.34317158579289647,0.7566765578635015,0.1279
gmic,618,0.3434217108554277,0.7596439169139466,0.1277
gmic,619,0.34367183591795897,0.7596439169139466,0.1276
gmic,620,0.34404702351175587,0.7596439169139466,0.1275
gmic,621,0.3441720860430215,0.7596439169139466,0.1274
gmic,622,0.3445472736368184,0.7626112759643917,0.1273
gmic,623,0.34479739869934967,0.7626112759643917,0.1272
gmic,624,0.3449224612306153,0.7626112759643917,0.1271
gmic,625,0.34517258629314657,0.7626112759643917,0.127
gmic,626,0.34554777388694347,0.7626112759643917,0.1269
gmic,627,0.34592296148074037,0.7626112759643917,0.1265
gmic,628,0.346048024012006,0.7655786350148368,0.1263
gmic,629,0.3465482741370685,0.7655786350148368,0.1261
gmic,630,0.3467983991995998,0.7655786350148368,0.1257
gmic,631,0.34704852426213106,0.7655786350148368,0.1256
gmic,632,0.34742371185592796,0.7655786350148368,0.1252
gmic,633,0.3476738369184592,0.7655786350148368,0.1251
gmic,634,0.34779889944972486,0.7655786350148368,0.125
gmic,635,0.3479239619809905,0.771513353115727,0.1249
gmic,636,0.34817408704352176,0.771513353115727,0.1248
gmic,637,0.3482991495747874,0.771513353115727,0.1247
gmic,638,0.3487993996998499,0.771513353115727,0.1246
gmic,639,0.3490495247623812,0.771513353115727,0.1242
gmic,640,0.3494247123561781,0.771513353115727,0.1241
gmic,641,0.3495497748874437,0.771513353115727,0.1239
gmic,642,0.35005002501250626,0.771513353115727,0.1237
gmic,643,0.35042521260630316,0.771513353115727,0.1236
gmic,644,0.3510505252626313,0.771513353115727,0.1235
gmic,645,0.35130065032516256,0.771513353115727,0.1234
gmic,646,0.3514257128564282,0.7744807121661721,0.123
gmic,647,0.35192596298149076,0.7744807121661721,0.1228
gmic,648,0.35205102551275635,0.7744807121661721,0.1226
gmic,649,0.3525512756378189,0.7744807121661721,0.1224
gmic,650,0.35267633816908456,0.7744807121661721,0.1221
gmic,651,0.3533016508254127,0.7744807121661721,0.122
gmic,652,0.3540520260130065,0.7744807121661721,0.1216
gmic,653,0.35417708854427216,0.7744807121661721,0.1215
gmic,654,0.35467733866933465,0.7744807121661721,0.1214
gmic,655,0.3551775887943972,0.7744807121661721,0.121
gmic,656,0.355927963981991,0.7744807121661721,0.1202
gmic,657,0.35617808904452225,0.7744807121661721,0.1201
gmic,658,0.3563031515757879,0.7744807121661721,0.1197
gmic,659,0.3566783391695848,0.7744807121661721,0.1196
gmic,660,0.3568034017008504,0.7744807121661721,0.1192
gmic,661,0.3571785892946473,0.7744807121661721,0.119
gmic,662,0.3574287143571786,0.7744807121661721,0.1189
gmic,663,0.3581790895447724,0.7744807121661721,0.1188
gmic,664,0.35842921460730365,0.7744807121661721,0.1187
gmic,665,0.35880440220110055,0.7744807121661721,0.1185
gmic,666,0.3593046523261631,0.7744807121661721,0.1183
gmic,667,0.3594297148574287,0.7744807121661721,0.1182
gmic,668,0.35967983991996,0.7774480712166172,0.1181
gmic,669,0.3600550275137569,0.7774480712166172,0.1177
gmic,670,0.3605552776388194,0.7774480712166172,0.1175
gmic,671,0.3608054027013507,0.7804154302670623,0.1174
gmic,672,0.3608054027013507,0.7833827893175074,0.1173
gmic,673,0.3613056528264132,0.7833827893175074,0.1172
gmic,674,0.36180590295147574,0.7833827893175074,0.117
gmic,675,0.36218109054527264,0.7863501483679525,0.1169
gmic,676,0.3624312156078039,0.7863501483679525,0.1166
gmic,677,0.3628064032016008,0.7863501483679525,0.1165
gmic,678,0.36305652826413204,0.7863501483679525,0.1164
gmic,679,0.36343171585792894,0.7863501483679525,0.1163
gmic,680,0.36368184092046024,0.7863501483679525,0.1162
gmic,681,0.36380690345172584,0.7863501483679525,0.1161
gmic,682,0.36418209104552274,0.7863501483679525,0.1159
gmic,683,0.3643071535767884,0.7863501483679525,0.1158
gmic,684,0.36455727863931964,0.7863501483679525,0.1156
gmic,685,0.3646823411705853,0.7863501483679525,0.1154
gmic,686,0.3650575287643822,0.7863501483679525,0.1153
gmic,687,0.36518259129564784,0.7863501483679525,0.1151
gmic,688,0.3654327163581791,0.7863501483679525,0.115
gmic,689,0.365807903951976,0.7863501483679525,0.1149
gmic,690,0.36605802901450724,0.7863501483679525,0.1148
gmic,691,0.3661830915457729,0.7863501483679525,0.1147
gmic,692,0.36643321660830414,0.7863501483679525,0.1146
gmic,693,0.36705852926463234,0.7863501483679525,0.1145
gmic,694,0.36743371685842924,0.7863501483679525,0.1143
gmic,695,0.3676838419209605,0.7863501483679525,0.1142
gmic,696,0.36818409204602304,0.7863501483679525,0.1134
gmic,697,0.3684342171085543,0.7863501483679525,0.1133
gmic,698,0.36868434217108553,0.7863501483679525,0.1131
gmic,699,0.3689344672336168,0.7863501483679525,0.113
gmic,700,0.3693096548274137,0.7863501483679525,0.1129
gmic,701,0.3696848424212106,0.7893175074183977,0.1128
gmic,702,0.36980990495247623,0.7893175074183977,0.1126
gmic,703,0.3700600300150075,0.7893175074183977,0.1124
gmic,704,0.37018509254627313,0.7893175074183977,0.1123
gmic,705,0.3706853426713357,0.7893175074183977,0.1122
gmic,706,0.3711855927963982,0.7893175074183977,0.112
gmic,707,0.3715607803901951,0.7893175074183977,0.1117
gmic,708,0.37206103051525763,0.7893175074183977,0.1116
gmic,709,0.3723111555777889,0.7893175074183977,0.1115
gmic,710,0.37243621810905453,0.7893175074183977,0.1114
gmic,711,0.37318659329664833,0.7893175074183977,0.1111
gmic,712,0.3738119059529765,0.7893175074183977,0.111
gmic,713,0.3739369684842421,0.7893175074183977,0.1109
gmic,714,0.374312156078039,0.7893175074183977,0.1108
gmic,715,0.3744372186093047,0.7922848664688428,0.1107
gmic,716,0.3746873436718359,0.7922848664688428,0.1106
gmic,717,0.3749374687343672,0.7922848664688428,0.1104
gmic,718,0.3753126563281641,0.7952522255192879,0.1102
gmic,719,0.375687843921961,0.7952522255192879,0.1101
gmic,720,0.3759379689844922,0.7952522255192879,0.11
gmic,721,0.3763131565782891,0.7952522255192879,0.1096
gmic,722,0.3765632816408204,0.7952522255192879,0.1094
gmic,723,0.3770635317658829,0.7952522255192879,0.1093
gmic,724,0.37718859429714857,0.7952522255192879,0.1091
gmic,725,0.3774387193596798,0.7952522255192879,0.109
gmic,726,0.3778139069534767,0.7952522255192879,0.1089
gmic,727,0.37793896948474237,0.7952522255192879,0.1088
gmic,728,0.3781890945472736,0.7952522255192879,0.1087
gmic,729,0.37831415707853927,0.7952522255192879,0.1086
gmic,730,0.3785642821410705,0.7952522255192879,0.1085
gmic,731,0.3788144072036018,0.7952522255192879,0.1083
gmic,732,0.3791895947973987,0.7952522255192879,0.1082
gmic,733,0.37943971985992997,0.7952522255192879,0.1081
gmic,734,0.3796898449224612,0.7952522255192879,0.1079
gmic,735,0.3799399699849925,0.7952522255192879,0.1078
gmic,736,0.3799399699849925,0.798219584569733,0.1077
gmic,737,0.38019009504752377,0.798219584569733,0.1075
gmic,738,0.38056528264132067,0.798219584569733,0.1074
gmic,739,0.3806903451725863,0.798219584569733,0.1072
gmic,740,0.38144072036018006,0.798219584569733,0.1071
gmic,741,0.3819409704852426,0.798219584569733,0.107
gmic,742,0.38219109554777386,0.8011869436201781,0.1069
gmic,743,0.38256628314157076,0.8011869436201781,0.1068
gmic,744,0.38281640820410207,0.8011869436201781,0.1065
gmic,745,0.38331665832916456,0.8011869436201781,0.1063
gmic,746,0.3838169084542271,0.8011869436201781,0.1059
gmic,747,0.3845672836418209,0.8011869436201781,0.1056
gmic,748,0.38506753376688346,0.8011869436201781,0.1055
gmic,749,0.38519259629814906,0.8011869436201781,0.1054
gmic,750,0.38544272136068036,0.8011869436201781,0.1052
gmic,751,0.38556778389194596,0.8011869436201781,0.1051
gmic,752,0.38594297148574286,0.8011869436201781,0.105
gmic,753,0.38619309654827416,0.8011869436201781,0.1047
gmic,754,0.38656828414207106,0.8011869436201781,0.1044
gmic,755,0.3868184092046023,0.8011869436201781,0.1043
gmic,756,0.38694347173586796,0.8011869436201781,0.1041
gmic,757,0.3873186593296648,0.8041543026706232,0.104
gmic,758,0.3875687843921961,0.8041543026706232,0.1039
gmic,759,0.387943971985993,0.8041543026706232,0.1038
gmic,760,0.3880690345172586,0.8041543026706232,0.1037
gmic,761,0.3883191595797899,0.8041543026706232,0.1036
gmic,762,0.3888194097048524,0.8041543026706232,0.1034
gmic,763,0.3890695347673837,0.8041543026706232,0.1032
gmic,764,0.3895697848924462,0.8041543026706232,0.103
gmic,765,0.38969484742371185,0.8041543026706232,0.1029
gmic,766,0.3899449724862431,0.8041543026706232,0.1028
gmic,767,0.39044522261130565,0.8041543026706232,0.1027
gmic,768,0.3909454727363682,0.8041543026706232,0.1025
gmic,769,0.3913206603301651,0.8041543026706232,0.1022
gmic,770,0.39157078539269635,0.8041543026706232,0.1021
gmic,771,0.3920710355177589,0.8041543026706232,0.102
gmic,772,0.39269634817408705,0.8041543026706232,0.1019
gmic,773,0.3929464732366183,0.8041543026706232,0.1018
gmic,774,0.39307153576788395,0.8041543026706232,0.1017
gmic,775,0.394072036018009,0.8041543026706232,0.1015
gmic,776,0.39432216108054025,0.8071216617210683,0.1014
gmic,777,0.39457228614307155,0.8071216617210683,0.1013
gmic,778,0.3948224112056028,0.8071216617210683,0.1011
gmic,779,0.39607303651825915,0.8071216617210683,0.1009
gmic,780,0.39619809904952474,0.8071216617210683,0.1007
gmic,781,0.39644822411205605,0.8071216617210683,0.1005
gmic,782,0.39694847423711854,0.8071216617210683,0.1003
gmic,783,0.39719859929964985,0.8071216617210683,0.1002
gmic,784,0.39794897448724365,0.8071216617210683,0.1
gmic,785,0.3981990995497749,0.8071216617210683,0.0999
gmic,786,0.39832416208104054,0.8071216617210683,0.0997
gmic,787,0.3985742871435718,0.8071216617210683,0.0995
gmic,788,0.39907453726863434,0.8071216617210683,0.0993
gmic,789,0.3993246623311656,0.8071216617210683,0.0992
gmic,790,0.3994497248624312,0.8071216617210683,0.0991
gmic,791,0.39994997498749374,0.8071216617210683,0.0989
gmic,792,0.4000750375187594,0.8071216617210683,0.0987
gmic,793,0.4008254127063532,0.8071216617210683,0.0984
gmic,794,0.4009504752376188,0.8071216617210683,0.0983
gmic,795,0.4012006003001501,0.8071216617210683,0.0982
gmic,796,0.4017008504252126,0.8071216617210683,0.0981
gmic,797,0.4019509754877439,0.8100890207715133,0.0979
gmic,798,0.40220110055027514,0.8100890207715133,0.0978
gmic,799,0.4023261630815408,0.8100890207715133,0.0977
gmic,800,0.4024512256128064,0.8130563798219584,0.0976
gmic,801,0.4027013506753377,0.8130563798219584,0.0975
gmic,802,0.4030765382691346,0.8130563798219584,0.0974
gmic,803,0.40332666333166584,0.8130563798219584,0.0973
gmic,804,0.4038269134567284,0.8130563798219584,0.0972
gmic,805,0.4045772886443222,0.8130563798219584,0.0969
gmic,806,0.4047023511755878,0.8130563798219584,0.0968
gmic,807,0.4050775387693847,0.8130563798219584,0.0967
gmic,808,0.405327663831916,0.8130563798219584,0.0966
gmic,809,0.40570285142571283,0.8130563798219584,0.0963
gmic,810,0.40607803901950973,0.8130563798219584,0.0962
gmic,811,0.4062031015507754,0.8130563798219584,0.0961
gmic,812,0.40670335167583793,0.8130563798219584,0.0959
gmic,813,0.40682841420710353,0.8130563798219584,0.0958
gmic,814,0.4072036018009004,0.8130563798219584,0.0957
gmic,815,0.40745372686343173,0.8160237388724035,0.0956
gmic,816,0.407703851925963,0.8160237388724035,0.0955
gmic,817,0.40782891445722863,0.8189910979228486,0.0954
gmic,818,0.4083291645822911,0.8189910979228486,0.0952
gmic,819,0.4095797898949475,0.8189910979228486,0.0949
gmic,820,0.4098299149574787,0.8189910979228486,0.0947
gmic,821,0.4102051025512756,0.8189910979228486,0.0946
gmic,822,0.4107053526763382,0.8189910979228486,0.0944
gmic,823,0.4110805402701351,0.8189910979228486,0.0943
gmic,824,0.4112056028014007,0.8189910979228486,0.0942
gmic,825,0.411455727863932,0.8189910979228486,0.0941
gmic,826,0.4115807903951976,0.8189910979228486,0.0939
gmic,827,0.41233116558279137,0.8189910979228486,0.0937
gmic,828,0.412456228114057,0.8189910979228486,0.0936
gmic,829,0.4132066033016508,0.8189910979228486,0.0934
gmic,830,0.4137068534267134,0.8189910979228486,0.0932
gmic,831,0.41383191595797897,0.8189910979228486,0.0931
gmic,832,0.41408204102051027,0.8189910979228486,0.0929
gmic,833,0.41420710355177587,0.8189910979228486,0.0928
gmic,834,0.41445722861430717,0.8189910979228486,0.0927
gmic,835,0.41495747873936967,0.8189910979228486,0.0925
gmic,836,0.4150825412706353,0.8189910979228486,0.0924
gmic,837,0.41558279139569787,0.8189910979228486,0.0921
gmic,838,0.41608304152076037,0.8189910979228486,0.092
gmic,839,0.41683341670835417,0.8189910979228486,0.0918
gmic,840,0.4173336668334167,0.8189910979228486,0.0917
gmic,841,0.4178339169584792,0.8189910979228486,0.0915
gmic,842,0.4182091045522761,0.8189910979228486,0.0914
gmic,843,0.4184592296148074,0.8189910979228486,0.0913
gmic,844,0.41908454227113556,0.8189910979228486,0.0912
gmic,845,0.4192096048024012,0.8189910979228486,0.0911
gmic,846,0.41945972986493246,0.8189910979228486,0.0909
gmic,847,0.41983491745872936,0.8189910979228486,0.0908
gmic,848,0.4200850425212606,0.8219584569732937,0.0907
gmic,849,0.42021010505252626,0.8219584569732937,0.0906
gmic,850,0.42058529264632316,0.8219584569732937,0.0905
gmic,851,0.4208354177088544,0.8219584569732937,0.0904
gmic,852,0.42133566783391696,0.8219584569732937,0.0903
gmic,853,0.4214607303651826,0.8219584569732937,0.0902
gmic,854,0.4222111055527764,0.8219584569732937,0.09
gmic,855,0.422336168084042,0.8219584569732937,0.0899
gmic,856,0.42283641820910456,0.8219584569732937,0.0896
gmic,857,0.4230865432716358,0.8219584569732937,0.0894
gmic,858,0.4233366683341671,0.8219584569732937,0.0893
gmic,859,0.4238369184592296,0.8219584569732937,0.0892
gmic,860,0.4242121060530265,0.8219584569732937,0.0889
gmic,861,0.4245872936468234,0.8219584569732937,0.0888
gmic,862,0.42508754377188596,0.8219584569732937,0.0886
gmic,863,0.42558779389694845,0.8219584569732937,0.0884
gmic,864,0.4257128564282141,0.8219584569732937,0.0883
gmic,865,0.42621310655327665,0.8219584569732937,0.0882
gmic,866,0.4264632316158079,0.8219584569732937,0.0881
gmic,867,0.4268384192096048,0.8219584569732937,0.088
gmic,868,0.42733866933466735,0.8219584569732937,0.0878
gmic,869,0.42771385692846425,0.8219584569732937,0.0877
gmic,870,0.42783891945972985,0.8219584569732937,0.0876
gmic,871,0.4283391695847924,0.8219584569732937,0.0875
gmic,872,0.42858929464732365,0.8219584569732937,0.0874
gmic,873,0.4290895447723862,0.8219584569732937,0.0873
gmic,874,0.42933966983491745,0.8219584569732937,0.0871
gmic,875,0.42958979489744875,0.8219584569732937,0.087
gmic,876,0.43009004502251125,0.8219584569732937,0.0869
gmic,877,0.4303401700850425,0.8219584569732937,0.0867
gmic,878,0.4309654827413707,0.8219584569732937,0.0866
gmic,879,0.4313406703351676,0.8219584569732937,0.0865
gmic,880,0.4318409204602301,0.8219584569732937,0.0864
gmic,881,0.43196598299149574,0.8219584569732937,0.0862
gmic,882,0.432216108054027,0.8219584569732937,0.0861
gmic,883,0.4324662331165583,0.8219584569732937,0.0859
gmic,884,0.4328414207103552,0.8219584569732937,0.0858
gmic,885,0.4329664832416208,0.8219584569732937,0.0857
gmic,886,0.4337168584292146,0.8219584569732937,0.0854
gmic,887,0.43421710855427714,0.8219584569732937,0.085
gmic,888,0.43496748374187094,0.8219584569732937,0.0849
gmic,889,0.4352176088044022,0.8219584569732937,0.0847
gmic,890,0.4358429214607304,0.8219584569732937,0.0846
gmic,891,0.43659329664832414,0.8219584569732937,0.0844
gmic,892,0.43684342171085544,0.8219584569732937,0.0843
gmic,893,0.43734367183591794,0.8219584569732937,0.0842
gmic,894,0.4378439219609805,0.8219584569732937,0.084
gmic,895,0.43796898449224614,0.8219584569732937,0.0839
gmic,896,0.43846923461730863,0.8219584569732937,0.0837
gmic,897,0.43884442221110553,0.8219584569732937,0.0836
gmic,898,0.4389694847423712,0.8219584569732937,0.0835
gmic,899,0.439719859929965,0.8219584569732937,0.0833
gmic,900,0.4404702351175588,0.8219584569732937,0.083
gmic,901,0.44059529764882444,0.8219584569732937,0.0829
gmic,902,0.44109554777388693,0.8249258160237388,0.0828
gmic,903,0.4415957978989495,0.8249258160237388,0.0827
gmic,904,0.4419709854927464,0.8249258160237388,0.0826
gmic,905,0.4424712356178089,0.8249258160237388,0.0824
gmic,906,0.4428464232116058,0.827893175074184,0.0823
gmic,907,0.4435967983991996,0.827893175074184,0.0819
gmic,908,0.4439719859929965,0.827893175074184,0.0818
gmic,909,0.4442221110555278,0.827893175074184,0.0817
gmic,910,0.4448474237118559,0.827893175074184,0.0816
gmic,911,0.4449724862431216,0.827893175074184,0.0815
gmic,912,0.4459729864932466,0.827893175074184,0.0811
gmic,913,0.4467233616808404,0.827893175074184,0.0809
gmic,914,0.44772386193096547,0.827893175074184,0.0805
gmic,915,0.44809904952476237,0.827893175074184,0.0804
gmic,916,0.4485992996498249,0.827893175074184,0.0803
gmic,917,0.4493496748374187,0.827893175074184,0.0801
gmic,918,0.44959979989994997,0.827893175074184,0.08
gmic,919,0.44997498749374687,0.827893175074184,0.0798
gmic,920,0.450600300150075,0.827893175074184,0.0797
gmic,921,0.4508504252126063,0.827893175074184,0.0795
gmic,922,0.4512256128064032,0.827893175074184,0.0794
gmic,923,0.4513506753376688,0.8308605341246291,0.0793
gmic,924,0.45147573786893447,0.8308605341246291,0.0792
gmic,925,0.45222611305652827,0.8308605341246291,0.079
gmic,926,0.45260130065032517,0.8308605341246291,0.0789
gmic,927,0.4531015507753877,0.8308605341246291,0.0787
gmic,928,0.45372686343171587,0.8308605341246291,0.0786
gmic,929,0.4547273636818409,0.8308605341246291,0.0783
gmic,930,0.45485242621310656,0.8308605341246291,0.0782
gmic,931,0.4551025512756378,0.8308605341246291,0.0781
gmic,932,0.4554777388694347,0.8308605341246291,0.078
gmic,933,0.45560280140070036,0.8308605341246291,0.0779
gmic,934,0.4558529264632316,0.8308605341246291,0.0778
gmic,935,0.4562281140570285,0.8338278931750742,0.0777
gmic,936,0.4566033016508254,0.8338278931750742,0.0776
gmic,937,0.45760380190095046,0.8338278931750742,0.0775
gmic,938,0.45797898949474736,0.8338278931750742,0.0773
gmic,939,0.4584792396198099,0.8338278931750742,0.0772
gmic,940,0.45872936468234116,0.8338278931750742,0.0769
gmic,941,0.4592296148074037,0.8338278931750742,0.0768
gmic,942,0.45947973986993496,0.8338278931750742,0.0767
gmic,943,0.45985492746373186,0.8338278931750742,0.0766
gmic,944,0.46010505252626316,0.8338278931750742,0.0765
gmic,945,0.46023011505752875,0.8367952522255193,0.0764
gmic,946,0.4603551775887944,0.8367952522255193,0.0763
gmic,947,0.4607303651825913,0.8397626112759644,0.0762
gmic,948,0.4612306153076538,0.8397626112759644,0.0758
gmic,949,0.461855927963982,0.8397626112759644,0.0757
gmic,950,0.4619809904952476,0.8397626112759644,0.0756
gmic,951,0.46248124062031015,0.8397626112759644,0.0754
gmic,952,0.4634817408704352,0.8397626112759644,0.0753
gmic,953,0.46398199099549775,0.8397626112759644,0.0751
gmic,954,0.46435717858929465,0.8397626112759644,0.0748
gmic,955,0.46510755377688845,0.8397626112759644,0.0746
gmic,956,0.465607803901951,0.8397626112759644,0.0745
gmic,957,0.46585792896448225,0.8397626112759644,0.0744
gmic,958,0.4663581790895448,0.8397626112759644,0.0743
gmic,959,0.4664832416208104,0.8397626112759644,0.0742
gmic,960,0.4668584292146073,0.8397626112759644,0.0741
gmic,961,0.46710855427713854,0.8397626112759644,0.0739
gmic,962,0.4676088044022011,0.8397626112759644,0.0738
gmic,963,0.467983991995998,0.8397626112759644,0.0737
gmic,964,0.46810905452726365,0.8397626112759644,0.0736
gmic,965,0.46860930465232614,0.8397626112759644,0.0735
gmic,966,0.46923461730865434,0.8397626112759644,0.0734
gmic,967,0.46973486743371684,0.8397626112759644,0.0732
gmic,968,0.47011005502751374,0.8397626112759644,0.0731
gmic,969,0.4706103051525763,0.8397626112759644,0.073
gmic,970,0.47086043021510754,0.8397626112759644,0.0729
gmic,971,0.47123561780890444,0.8397626112759644,0.0728
gmic,972,0.47186093046523264,0.8397626112759644,0.0727
gmic,973,0.47198599299649824,0.8397626112759644,0.0726
gmic,974,0.47223611805902954,0.8427299703264095,0.0725
gmic,975,0.4729864932466233,0.8427299703264095,0.0723
gmic,976,0.47348674337168584,0.8427299703264095,0.0721
gmic,977,0.4736118059029515,0.8427299703264095,0.072
gmic,978,0.47386193096548274,0.8427299703264095,0.0719
gmic,979,0.47386193096548274,0.8456973293768546,0.0718
gmic,980,0.474112056028014,0.8456973293768546,0.0717
gmic,981,0.4744872436218109,0.8456973293768546,0.0715
gmic,982,0.47461230615307654,0.8456973293768546,0.0714
gmic,983,0.47498749374687343,0.8456973293768546,0.0713
gmic,984,0.4756128064032016,0.8456973293768546,0.0712
gmic,985,0.4759879939969985,0.8456973293768546,0.0711
gmic,986,0.47686343171585793,0.8486646884272997,0.071
gmic,987,0.47723861930965483,0.8516320474777448,0.0709
gmic,988,0.4774887443721861,0.8516320474777448,0.0708
gmic,989,0.47798899449724863,0.8516320474777448,0.0707
gmic,990,0.4781140570285143,0.8516320474777448,0.0706
gmic,991,0.4786143071535768,0.8516320474777448,0.0704
gmic,992,0.47911455727863933,0.8516320474777448,0.0703
gmic,993,0.4793646823411706,0.8516320474777448,0.0701
gmic,994,0.4801150575287644,0.8516320474777448,0.0698
gmic,995,0.48061530765382693,0.8516320474777448,0.0697
gmic,996,0.48099049524762383,0.8516320474777448,0.0696
gmic,997,0.4814907453726863,0.8516320474777448,0.0695
gmic,998,0.4817408704352176,0.8516320474777448,0.0694
gmic,999,0.4827413706853427,0.8516320474777448,0.0693
gmic,1000,0.4832416208104052,0.8516320474777448,0.0692
gmic,1001,0.4834917458729365,0.8516320474777448,0.0691
gmic,1002,0.4834917458729365,0.8545994065281899,0.069
gmic,1003,0.483991995997999,0.8545994065281899,0.0689
gmic,1004,0.4847423711855928,0.8545994065281899,0.0687
gmic,1005,0.48499249624812407,0.8545994065281899,0.0686
gmic,1006,0.48536768384192097,0.8545994065281899,0.0685
gmic,1007,0.48586793396698347,0.8545994065281899,0.0683
gmic,1008,0.486368184092046,0.8545994065281899,0.0682
gmic,1009,0.48649324662331167,0.8545994065281899,0.0681
gmic,1010,0.4867433716858429,0.857566765578635,0.0679
gmic,1011,0.4874937468734367,0.857566765578635,0.0676
gmic,1012,0.48799399699849927,0.857566765578635,0.0675
gmic,1013,0.48911955977988997,0.857566765578635,0.0672
gmic,1014,0.48986993496748377,0.857566765578635,0.0669
gmic,1015,0.49024512256128067,0.857566765578635,0.0668
gmic,1016,0.4908704352176088,0.857566765578635,0.0667
gmic,1017,0.49187093546773386,0.857566765578635,0.0665
gmic,1018,0.492496248124062,0.857566765578635,0.0664
gmic,1019,0.4928714357178589,0.8605341246290801,0.0663
gmic,1020,0.4934967483741871,0.8605341246290801,0.0662
gmic,1021,0.493871935967984,0.8605341246290801,0.0661
gmic,1022,0.4939969984992496,0.8605341246290801,0.066
gmic,1023,0.4943721860930465,0.8605341246290801,0.0659
gmic,1024,0.4949974987493747,0.8605341246290801,0.0658
gmic,1025,0.4954977488744372,0.8605341246290801,0.0657
gmic,1026,0.4958729364682341,0.8605341246290801,0.0656
gmic,1027,0.4966233116558279,0.8605341246290801,0.0655
gmic,1028,0.49674837418709356,0.8605341246290801,0.0654
gmic,1029,0.4969984992496248,0.8605341246290801,0.0653
gmic,1030,0.49712356178089045,0.8605341246290801,0.0652
gmic,1031,0.49862431215607805,0.8605341246290801,0.0648
gmic,1032,0.4996248124062031,0.8605341246290801,0.0647
gmic,1033,0.5002501250625313,0.8605341246290801,0.0646
gmic,1034,0.5010005002501251,0.8605341246290801,0.0645
gmic,1035,0.501375687843922,0.8605341246290801,0.0644
gmic,1036,0.5021260630315157,0.8605341246290801,0.0643
gmic,1037,0.5025012506253127,0.8605341246290801,0.0642
gmic,1038,0.5027513756878439,0.8605341246290801,0.0641
gmic,1039,0.503376688344172,0.8605341246290801,0.064
gmic,1040,0.503751875937969,0.8605341246290801,0.0639
gmic,1041,0.5042521260630315,0.8605341246290801,0.0638
gmic,1042,0.5046273136568284,0.8605341246290801,0.0637
gmic,1043,0.5047523761880941,0.8605341246290801,0.0636
gmic,1044,0.5053776888444222,0.8605341246290801,0.0635
gmic,1045,0.5058779389694847,0.8605341246290801,0.0634
gmic,1046,0.5062531265632816,0.8605341246290801,0.0633
gmic,1047,0.5067533766883442,0.8605341246290801,0.0632
gmic,1048,0.507128564282141,0.8605341246290801,0.0631
gmic,1049,0.5076288144072036,0.8605341246290801,0.063
gmic,1050,0.5082541270635318,0.8605341246290801,0.0629
gmic,1051,0.5090045022511256,0.8605341246290801,0.0627
gmic,1052,0.5095047523761881,0.8605341246290801,0.0625
gmic,1053,0.5096298149074537,0.8605341246290801,0.0624
gmic,1054,0.5100050025012506,0.8605341246290801,0.0623
gmic,1055,0.5102551275637819,0.8605341246290801,0.0622
gmic,1056,0.5110055027513757,0.8635014836795252,0.0621
gmic,1057,0.5117558779389695,0.8635014836795252,0.062
gmic,1058,0.5126313156578289,0.8635014836795252,0.0619
gmic,1059,0.5127563781890946,0.8635014836795252,0.0618
gmic,1060,0.5135067533766884,0.8635014836795252,0.0616
gmic,1061,0.5137568784392196,0.8635014836795252,0.0615
gmic,1062,0.5142571285642822,0.8635014836795252,0.0614
gmic,1063,0.515007503751876,0.8635014836795252,0.0613
gmic,1064,0.5155077538769385,0.8635014836795252,0.0612
gmic,1065,0.5161330665332666,0.8635014836795252,0.0611
gmic,1066,0.5162581290645323,0.8635014836795252,0.061
gmic,1067,0.5172586293146574,0.8635014836795252,0.0608
gmic,1068,0.5173836918459229,0.8635014836795252,0.0607
gmic,1069,0.5181340670335167,0.8664688427299704,0.0606
gmic,1070,0.5187593796898449,0.8664688427299704,0.0605
gmic,1071,0.5191345672836418,0.8664688427299704,0.0604
gmic,1072,0.5198849424712356,0.8664688427299704,0.0603
gmic,1073,0.5208854427213607,0.8664688427299704,0.0601
gmic,1074,0.5211355677838919,0.8664688427299704,0.06
gmic,1075,0.5217608804402201,0.8694362017804155,0.0599
gmic,1076,0.5236368184092046,0.8694362017804155,0.0596
gmic,1077,0.5241370685342671,0.8694362017804155,0.0595
gmic,1078,0.5246373186593296,0.8694362017804155,0.0593
gmic,1079,0.5250125062531266,0.8694362017804155,0.0592
gmic,1080,0.5255127563781891,0.8724035608308606,0.0591
gmic,1081,0.5256378189094547,0.8724035608308606,0.059
gmic,1082,0.5278889444722361,0.8724035608308606,0.0587
gmic,1083,0.5286393196598299,0.8724035608308606,0.0585
gmic,1084,0.5291395697848924,0.8724035608308606,0.0584
gmic,1085,0.5291395697848924,0.8753709198813057,0.0583
gmic,1086,0.5298899449724862,0.8753709198813057,0.0581
gmic,1087,0.5302651325662832,0.8753709198813057,0.058
gmic,1088,0.5303901950975488,0.8753709198813057,0.0579
gmic,1089,0.5308904452226113,0.8753709198813057,0.0577
gmic,1090,0.5321410705352676,0.8753709198813057,0.0575
gmic,1091,0.5322661330665333,0.8753709198813057,0.0574
gmic,1092,0.5331415707853927,0.8753709198813057,0.0573
gmic,1093,0.5337668834417209,0.8753709198813057,0.0572
gmic,1094,0.534767383691846,0.8753709198813057,0.0571
gmic,1095,0.5351425712856428,0.8753709198813057,0.057
gmic,1096,0.5353926963481741,0.8753709198813057,0.0569
gmic,1097,0.5360180090045022,0.8753709198813057,0.0568
gmic,1098,0.5370185092546274,0.8753709198813057,0.0566
gmic,1099,0.5375187593796898,0.8753709198813057,0.0564
gmic,1100,0.538519259629815,0.8753709198813057,0.0563
gmic,1101,0.5391445722861431,0.8753709198813057,0.0562
gmic,1102,0.5395197598799399,0.8753709198813057,0.0561
gmic,1103,0.5401450725362681,0.8753709198813057,0.056
gmic,1104,0.540520260130065,0.8753709198813057,0.0559
gmic,1105,0.5411455727863932,0.8753709198813057,0.0558
gmic,1106,0.541895947973987,0.8753709198813057,0.0557
gmic,1107,0.5428964482241121,0.8753709198813057,0.0555
gmic,1108,0.5435217608804402,0.8753709198813057,0.0554
gmic,1109,0.5443971985992997,0.8753709198813057,0.0553
gmic,1110,0.5447723861930965,0.8753709198813057,0.0552
gmic,1111,0.545272636318159,0.8753709198813057,0.0551
gmic,1112,0.5467733866933466,0.8753709198813057,0.0549
gmic,1113,0.548024012006003,0.8753709198813057,0.0548
gmic,1114,0.5485242621310655,0.8753709198813057,0.0547
gmic,1115,0.5488994497248624,0.8753709198813057,0.0546
gmic,1116,0.5498999499749875,0.8753709198813057,0.0545
gmic,1117,0.55040020010005,0.8753709198813057,0.0544
gmic,1118,0.5511505752876438,0.8753709198813057,0.0542
gmic,1119,0.5526513256628314,0.8753709198813057,0.054
gmic,1120,0.5537768884442221,0.8753709198813057,0.0539
gmic,1121,0.554152076038019,0.8753709198813057,0.0538
gmic,1122,0.5549024512256128,0.8753709198813057,0.0537
gmic,1123,0.5550275137568784,0.8753709198813057,0.0536
gmic,1124,0.5554027013506754,0.8753709198813057,0.0535
gmic,1125,0.5559029514757379,0.8753709198813057,0.0534
gmic,1126,0.556903451725863,0.8753709198813057,0.0533
gmic,1127,0.5587793896948474,0.8753709198813057,0.053
gmic,1128,0.5597798899449725,0.8783382789317508,0.0529
gmic,1129,0.560280140070035,0.8783382789317508,0.0528
gmic,1130,0.560655327663832,0.8783382789317508,0.0527
gmic,1131,0.5607803901950975,0.8783382789317508,0.0526
gmic,1132,0.5622811405702851,0.8783382789317508,0.0524
gmic,1133,0.5626563281640821,0.8783382789317508,0.0523
gmic,1134,0.5631565782891446,0.8783382789317508,0.0522
gmic,1135,0.5637818909454727,0.8813056379821959,0.0521
gmic,1136,0.5642821410705353,0.8813056379821959,0.052
gmic,1137,0.5646573286643322,0.8813056379821959,0.0519
gmic,1138,0.5651575787893947,0.8813056379821959,0.0518
gmic,1139,0.5666583291645823,0.8813056379821959,0.0517
gmic,1140,0.5669084542271136,0.8813056379821959,0.0516
gmic,1141,0.5676588294147074,0.8813056379821959,0.0515
gmic,1142,0.5685342671335668,0.8813056379821959,0.0514
gmic,1143,0.569159579789895,0.8813056379821959,0.0513
gmic,1144,0.5704102051025512,0.8813056379821959,0.0512
gmic,1145,0.5709104552276139,0.884272997032641,0.0511
gmic,1146,0.5716608304152077,0.884272997032641,0.051
gmic,1147,0.5720360180090045,0.884272997032641,0.0509
gmic,1148,0.5731615807903953,0.884272997032641,0.0508
gmic,1149,0.5737868934467234,0.884272997032641,0.0507
gmic,1150,0.5741620810405202,0.884272997032641,0.0506
gmic,1151,0.5747873936968484,0.884272997032641,0.0505
gmic,1152,0.575287643821911,0.884272997032641,0.0504
gmic,1153,0.5756628314157078,0.884272997032641,0.0503
gmic,1154,0.576663331665833,0.884272997032641,0.0502
gmic,1155,0.5771635817908954,0.887240356083086,0.0501
gmic,1156,0.5774137068534267,0.887240356083086,0.05
gmic,1157,0.5775387693846924,0.887240356083086,0.0499
gmic,1158,0.5784142071035517,0.887240356083086,0.0498
gmic,1159,0.5789144572286143,0.887240356083086,0.0497
gmic,1160,0.5797898949474737,0.887240356083086,0.0496
gmic,1161,0.5805402701350675,0.887240356083086,0.0494
gmic,1162,0.5810405202601301,0.887240356083086,0.0493
gmic,1163,0.5819159579789895,0.887240356083086,0.0492
gmic,1164,0.5822911455727864,0.887240356083086,0.0491
gmic,1165,0.5831665832916458,0.8902077151335311,0.049
gmic,1166,0.5834167083541771,0.8902077151335311,0.0489
gmic,1167,0.5840420210105053,0.8902077151335311,0.0488
gmic,1168,0.5847923961980991,0.8902077151335311,0.0487
gmic,1169,0.5851675837918959,0.8902077151335311,0.0486
gmic,1170,0.5855427713856929,0.8931750741839762,0.0485
gmic,1171,0.5866683341670835,0.8931750741839762,0.0482
gmic,1172,0.5872936468234117,0.8931750741839762,0.0481
gmic,1173,0.5880440220110055,0.8931750741839762,0.048
gmic,1174,0.5885442721360681,0.8931750741839762,0.0479
gmic,1175,0.5892946473236619,0.8931750741839762,0.0477
gmic,1176,0.5895447723861931,0.8931750741839762,0.0475
gmic,1177,0.5897948974487244,0.8961424332344213,0.0474
gmic,1178,0.5902951475737869,0.8961424332344213,0.0473
gmic,1179,0.5905452726363182,0.8961424332344213,0.0472
gmic,1180,0.591295647823912,0.8961424332344213,0.0471
gmic,1181,0.5925462731365683,0.8961424332344213,0.047
gmic,1182,0.5927963981990996,0.8961424332344213,0.0469
gmic,1183,0.5934217108554277,0.8961424332344213,0.0468
gmic,1184,0.5941720860430215,0.8961424332344213,0.0467
gmic,1185,0.5949224612306153,0.8961424332344213,0.0465
gmic,1186,0.5954227113556778,0.8961424332344213,0.0464
gmic,1187,0.596048024012006,0.8961424332344213,0.0463
gmic,1188,0.5965482741370686,0.8961424332344213,0.0462
gmic,1189,0.597423711855928,0.8961424332344213,0.0461
gmic,1190,0.5986743371685843,0.8961424332344213,0.0459
gmic,1191,0.5991745872936468,0.8961424332344213,0.0458
gmic,1192,0.5994247123561781,0.8961424332344213,0.0457
gmic,1193,0.6004252126063031,0.8961424332344213,0.0456
gmic,1194,0.6008004002001001,0.8961424332344213,0.0455
gmic,1195,0.6023011505752877,0.8961424332344213,0.0452
gmic,1196,0.6024262131065533,0.8961424332344213,0.0451
gmic,1197,0.6028014007003502,0.8961424332344213,0.045
gmic,1198,0.6033016508254128,0.8961424332344213,0.0449
gmic,1199,0.6034267133566783,0.8961424332344213,0.0448
gmic,1200,0.6039269634817409,0.8961424332344213,0.0447
gmic,1201,0.6045522761380691,0.8961424332344213,0.0446
gmic,1202,0.605552776388194,0.8961424332344213,0.0445
gmic,1203,0.6064282141070535,0.8991097922848664,0.0444
gmic,1204,0.6066783391695848,0.8991097922848664,0.0443
gmic,1205,0.6071785892946473,0.8991097922848664,0.0442
gmic,1206,0.6078039019509754,0.8991097922848664,0.0441
gmic,1207,0.608304152076038,0.8991097922848664,0.044
gmic,1208,0.6088044022011005,0.8991097922848664,0.0438
gmic,1209,0.6091795897948975,0.8991097922848664,0.0437
gmic,1210,0.60967983991996,0.8991097922848664,0.0436
gmic,1211,0.6105552776388194,0.8991097922848664,0.0435
gmic,1212,0.6109304652326163,0.8991097922848664,0.0434
gmic,1213,0.6116808404202101,0.8991097922848664,0.0433
gmic,1214,0.612056028014007,0.8991097922848664,0.0432
gmic,1215,0.6126813406703352,0.8991097922848664,0.0431
gmic,1216,0.613431715857929,0.8991097922848664,0.043
gmic,1217,0.6146823411705853,0.8991097922848664,0.0429
gmic,1218,0.6150575287643822,0.8991097922848664,0.0428
gmic,1219,0.6156828414207104,0.8991097922848664,0.0427
gmic,1220,0.6165582791395697,0.8991097922848664,0.0426
gmic,1221,0.6173086543271635,0.8991097922848664,0.0425
gmic,1222,0.6180590295147573,0.8991097922848664,0.0423
gmic,1223,0.6188094047023511,0.8991097922848664,0.0422
gmic,1224,0.6198099049524762,0.8991097922848664,0.0421
gmic,1225,0.6200600300150075,0.8991097922848664,0.042
gmic,1226,0.6206853426713357,0.8991097922848664,0.0419
gmic,1227,0.6214357178589295,0.8991097922848664,0.0418
gmic,1228,0.6224362181090545,0.8991097922848664,0.0417
gmic,1229,0.6226863431715858,0.8991097922848664,0.0416
gmic,1230,0.6230615307653827,0.8991097922848664,0.0415
gmic,1231,0.6240620310155077,0.8991097922848664,0.0413
gmic,1232,0.624312156078039,0.8991097922848664,0.0412
gmic,1233,0.6251875937968985,0.8991097922848664,0.0411
gmic,1234,0.6265632816408204,0.8991097922848664,0.041
gmic,1235,0.6271885942971486,0.8991097922848664,0.0409
gmic,1236,0.6281890945472737,0.8991097922848664,0.0408
gmic,1237,0.62943971985993,0.8991097922848664,0.0406
gmic,1238,0.6299399699849925,0.8991097922848664,0.0405
gmic,1239,0.6306903451725863,0.8991097922848664,0.0404
gmic,1240,0.6309404702351176,0.9020771513353115,0.0403
gmic,1241,0.6315657828914457,0.9020771513353115,0.0402
gmic,1242,0.6323161580790395,0.9020771513353115,0.0401
gmic,1243,0.6326913456728365,0.9020771513353115,0.04
gmic,1244,0.6335667833916958,0.9020771513353115,0.0399
gmic,1245,0.6358179089544772,0.9020771513353115,0.0396
gmic,1246,0.6366933466733367,0.9020771513353115,0.0395
gmic,1247,0.6368184092046023,0.9020771513353115,0.0394
gmic,1248,0.6376938469234618,0.9020771513353115,0.0393
gmic,1249,0.6381940970485243,0.9020771513353115,0.0392
gmic,1250,0.6385692846423212,0.9020771513353115,0.0391
gmic,1251,0.6386943471735868,0.9020771513353115,0.039
gmic,1252,0.6398199099549775,0.9020771513353115,0.0389
gmic,1253,0.6404452226113057,0.9020771513353115,0.0388
gmic,1254,0.6409454727363681,0.9020771513353115,0.0387
gmic,1255,0.6411955977988995,0.9020771513353115,0.0386
gmic,1256,0.6415707853926963,0.9020771513353115,0.0385
gmic,1257,0.6425712856428214,0.9020771513353115,0.0384
gmic,1258,0.644072036018009,0.9020771513353115,0.0382
gmic,1259,0.6450725362681341,0.9020771513353115,0.0381
gmic,1260,0.6455727863931966,0.9020771513353115,0.038
gmic,1261,0.6461980990495247,0.9020771513353115,0.0379
gmic,1262,0.6471985992996498,0.9020771513353115,0.0378
gmic,1263,0.6481990995497748,0.9020771513353115,0.0376
gmic,1264,0.6496998499249624,0.9020771513353115,0.0374
gmic,1265,0.6510755377688845,0.9020771513353115,0.0373
gmic,1266,0.6513256628314157,0.9020771513353115,0.0372
gmic,1267,0.6530765382691346,0.9020771513353115,0.037
gmic,1268,0.6540770385192596,0.9020771513353115,0.0369
gmic,1269,0.6555777888944472,0.9020771513353115,0.0367
gmic,1270,0.6569534767383692,0.9020771513353115,0.0366
gmic,1271,0.657703851925963,0.9020771513353115,0.0365
gmic,1272,0.6583291645822912,0.9020771513353115,0.0364
gmic,1273,0.6585792896448224,0.9020771513353115,0.0363
gmic,1274,0.6589544772386193,0.9020771513353115,0.0362
gmic,1275,0.6612056028014007,0.9020771513353115,0.0359
gmic,1276,0.6622061030515257,0.9020771513353115,0.0358
gmic,1277,0.662831415707854,0.9020771513353115,0.0357
gmic,1278,0.6639569784892446,0.9020771513353115,0.0356
gmic,1279,0.6648324162081041,0.9020771513353115,0.0355
gmic,1280,0.6652076038019009,0.9020771513353115,0.0354
gmic,1281,0.666208104052026,0.9020771513353115,0.0353
gmic,1282,0.6665832916458229,0.9020771513353115,0.0352
gmic,1283,0.6677088544272136,0.9020771513353115,0.0351
gmic,1284,0.6682091045522761,0.9020771513353115,0.035
gmic,1285,0.6688344172086043,0.9020771513353115,0.0349
gmic,1286,0.6692096048024012,0.9020771513353115,0.0348
gmic,1287,0.6705852926463232,0.9020771513353115,0.0347
gmic,1288,0.6710855427713857,0.9020771513353115,0.0346
gmic,1289,0.6722111055527764,0.9020771513353115,0.0345
gmic,1290,0.6727113556778389,0.9020771513353115,0.0344
gmic,1291,0.673711855927964,0.9020771513353115,0.0343
gmic,1292,0.6740870435217609,0.9020771513353115,0.0342
gmic,1293,0.6755877938969485,0.9020771513353115,0.034
gmic,1294,0.6764632316158079,0.9020771513353115,0.0339
gmic,1295,0.6767133566783392,0.9020771513353115,0.0338
gmic,1296,0.677088544272136,0.9020771513353115,0.0337
gmic,1297,0.6775887943971985,0.9020771513353115,0.0336
gmic,1298,0.6790895447723861,0.9020771513353115,0.0334
gmic,1299,0.6800900450225112,0.9020771513353115,0.0333
gmic,1300,0.6810905452726363,0.9020771513353115,0.0331
gmic,1301,0.6819659829914958,0.9020771513353115,0.033
gmic,1302,0.6827163581790896,0.9020771513353115,0.0329
gmic,1303,0.6833416708354177,0.9020771513353115,0.0328
gmic,1304,0.6843421710855427,0.9020771513353115,0.0327
gmic,1305,0.6852176088044022,0.9020771513353115,0.0326
gmic,1306,0.6864682341170585,0.9020771513353115,0.0325
gmic,1307,0.6874687343671836,0.9020771513353115,0.0324
gmic,1308,0.6889694847423712,0.9020771513353115,0.0322
gmic,1309,0.6895947973986993,0.9020771513353115,0.0321
gmic,1310,0.6910955477738869,0.9020771513353115,0.032
gmic,1311,0.6918459229614807,0.9020771513353115,0.0319
gmic,1312,0.6922211105552777,0.9020771513353115,0.0318
gmic,1313,0.6928464232116058,0.9020771513353115,0.0317
gmic,1314,0.6935967983991996,0.9020771513353115,0.0316
gmic,1315,0.6948474237118559,0.9020771513353115,0.0315
gmic,1316,0.6957228614307154,0.9020771513353115,0.0314
gmic,1317,0.6963481740870435,0.9020771513353115,0.0313
gmic,1318,0.6965982991495748,0.9020771513353115,0.0312
gmic,1319,0.697223611805903,0.9020771513353115,0.0311
gmic,1320,0.6977238619309655,0.9020771513353115,0.031
gmic,1321,0.6989744872436218,0.9020771513353115,0.0309
gmic,1322,0.7001000500250125,0.9020771513353115,0.0308
gmic,1323,0.7007253626813407,0.9020771513353115,0.0307
gmic,1324,0.7012256128064032,0.9020771513353115,0.0306
gmic,1325,0.7021010505252626,0.9020771513353115,0.0305
gmic,1326,0.7032266133066534,0.9020771513353115,0.0304
gmic,1327,0.7039769884942472,0.9020771513353115,0.0303
gmic,1328,0.7059779889944973,0.9020771513353115,0.0301
gmic,1329,0.7067283641820911,0.9020771513353115,0.03
gmic,1330,0.7072286143071536,0.9020771513353115,0.0299
gmic,1331,0.709479739869935,0.9020771513353115,0.0297
gmic,1332,0.7107303651825913,0.9020771513353115,0.0295
gmic,1333,0.7127313656828415,0.9020771513353115,0.0293
gmic,1334,0.713231615807904,0.9020771513353115,0.0292
gmic,1335,0.7148574287143572,0.9020771513353115,0.0291
gmic,1336,0.7157328664332167,0.9020771513353115,0.029
gmic,1337,0.716983491745873,0.9050445103857567,0.0289
gmic,1338,0.7171085542771386,0.9050445103857567,0.0288
gmic,1339,0.7178589294647324,0.9050445103857567,0.0287
gmic,1340,0.71935967983992,0.9050445103857567,0.0286
gmic,1341,0.7208604302151076,0.9050445103857567,0.0284
gmic,1342,0.7214857428714357,0.9050445103857567,0.0283
gmic,1343,0.7219859929964982,0.9050445103857567,0.0282
gmic,1344,0.7228614307153577,0.9050445103857567,0.0281
gmic,1345,0.7238619309654828,0.9050445103857567,0.028
gmic,1346,0.7247373686843421,0.9080118694362018,0.0279
gmic,1347,0.7262381190595297,0.9080118694362018,0.0278
gmic,1348,0.7267383691845923,0.9080118694362018,0.0277
gmic,1349,0.7277388694347173,0.9080118694362018,0.0276
gmic,1350,0.7288644322161081,0.9080118694362018,0.0275
gmic,1351,0.7293646823411706,0.9080118694362018,0.0274
gmic,1352,0.73024012006003,0.9080118694362018,0.0273
gmic,1353,0.7304902451225613,0.9080118694362018,0.0272
gmic,1354,0.7314907453726863,0.9080118694362018,0.0271
gmic,1355,0.7326163081540771,0.9080118694362018,0.027
gmic,1356,0.7333666833416709,0.9080118694362018,0.0269
gmic,1357,0.7344922461230615,0.9080118694362018,0.0268
gmic,1358,0.7351175587793897,0.9080118694362018,0.0267
gmic,1359,0.7358679339669835,0.9080118694362018,0.0266
gmic,1360,0.7373686843421711,0.9080118694362018,0.0265
gmic,1361,0.7382441220610305,0.9080118694362018,0.0264
gmic,1362,0.7388694347173587,0.9080118694362018,0.0263
gmic,1363,0.7392446223111556,0.9080118694362018,0.0262
gmic,1364,0.7403701850925463,0.9080118694362018,0.0261
gmic,1365,0.7407453726863432,0.9080118694362018,0.026
gmic,1366,0.7412456228114057,0.9080118694362018,0.0259
gmic,1367,0.742496248124062,0.9109792284866469,0.0258
gmic,1368,0.7433716858429215,0.9109792284866469,0.0257
gmic,1369,0.7441220610305153,0.9109792284866469,0.0256
gmic,1370,0.7463731865932967,0.9109792284866469,0.0254
gmic,1371,0.7468734367183592,0.9109792284866469,0.0253
gmic,1372,0.7472486243121561,0.9109792284866469,0.0252
gmic,1373,0.7481240620310156,0.9109792284866469,0.0251
gmic,1374,0.748624312156078,0.9109792284866469,0.025
gmic,1375,0.7492496248124062,0.9109792284866469,0.0249
gmic,1376,0.7507503751875938,0.9109792284866469,0.0247
gmic,1377,0.751375687843922,0.9109792284866469,0.0246
gmic,1378,0.7522511255627814,0.9109792284866469,0.0245
gmic,1379,0.7532516258129065,0.9109792284866469,0.0244
gmic,1380,0.7538769384692346,0.9109792284866469,0.0243
gmic,1381,0.7560030015007504,0.9109792284866469,0.0242
gmic,1382,0.7572536268134067,0.9109792284866469,0.0241
gmic,1383,0.7600050025012506,0.9109792284866469,0.0239
gmic,1384,0.7616308154077038,0.9109792284866469,0.0238
gmic,1385,0.7626313156578289,0.9109792284866469,0.0237
gmic,1386,0.7633816908454227,0.9109792284866469,0.0236
gmic,1387,0.764632316158079,0.9109792284866469,0.0235
gmic,1388,0.7655077538769385,0.9109792284866469,0.0234
gmic,1389,0.7668834417208604,0.913946587537092,0.0233
gmic,1390,0.7680090045022512,0.913946587537092,0.0232
gmic,1391,0.7687593796898449,0.913946587537092,0.0231
gmic,1392,0.7693846923461731,0.913946587537092,0.023
gmic,1393,0.7703851925962981,0.913946587537092,0.0229
gmic,1394,0.7716358179089545,0.913946587537092,0.0228
gmic,1395,0.7727613806903452,0.913946587537092,0.0227
gmic,1396,0.7740120060030015,0.913946587537092,0.0226
gmic,1397,0.7747623811905953,0.913946587537092,0.0225
gmic,1398,0.7751375687843922,0.913946587537092,0.0224
gmic,1399,0.7761380690345172,0.913946587537092,0.0223
gmic,1400,0.7770135067533767,0.913946587537092,0.0222
gmic,1401,0.7776388194097048,0.913946587537092,0.0221
gmic,1402,0.7792646323161581,0.913946587537092,0.022
gmic,1403,0.7803901950975488,0.913946587537092,0.0219
gmic,1404,0.7816408204102051,0.913946587537092,0.0218
gmic,1405,0.7823911955977989,0.913946587537092,0.0216
gmic,1406,0.7851425712856428,0.913946587537092,0.0214
gmic,1407,0.7866433216608304,0.913946587537092,0.0212
gmic,1408,0.7883941970985493,0.913946587537092,0.0211
gmic,1409,0.7886443221610805,0.913946587537092,0.021
gmic,1410,0.7902701350675337,0.913946587537092,0.0209
gmic,1411,0.7925212606303151,0.913946587537092,0.0207
gmic,1412,0.7930215107553776,0.913946587537092,0.0206
gmic,1413,0.7940220110055027,0.913946587537092,0.0205
gmic,1414,0.7948974487243622,0.913946587537092,0.0204
gmic,1415,0.795647823911956,0.913946587537092,0.0203
gmic,1416,0.7965232616308154,0.9169139465875371,0.0202
gmic,1417,0.7975237618809404,0.9169139465875371,0.0201
gmic,1418,0.7982741370685342,0.9169139465875371,0.02
gmic,1419,0.7988994497248624,0.9169139465875371,0.0199
gmic,1420,0.7997748874437218,0.9169139465875371,0.0198
gmic,1421,0.8011505752876438,0.9169139465875371,0.0197
gmic,1422,0.8051525762881441,0.9169139465875371,0.0193
gmic,1423,0.8062781390695347,0.9169139465875371,0.0192
gmic,1424,0.8075287643821911,0.9169139465875371,0.0191
gmic,1425,0.8085292646323161,0.9169139465875371,0.019
gmic,1426,0.810280140070035,0.9198813056379822,0.0189
gmic,1427,0.8112806403201601,0.9198813056379822,0.0188
gmic,1428,0.8120310155077539,0.9198813056379822,0.0187
gmic,1429,0.8136568284142071,0.9198813056379822,0.0186
gmic,1430,0.8141570785392697,0.9198813056379822,0.0185
gmic,1431,0.8147823911955978,0.9198813056379822,0.0184
gmic,1432,0.8155327663831916,0.9198813056379822,0.0183
gmic,1433,0.8160330165082541,0.9228486646884273,0.0182
gmic,1434,0.8171585792896449,0.9258160237388724,0.0181
gmic,1435,0.8184092046023012,0.9258160237388724,0.018
gmic,1436,0.8194097048524263,0.9287833827893175,0.0179
gmic,1437,0.8206603301650826,0.9287833827893175,0.0178
gmic,1438,0.8216608304152077,0.9287833827893175,0.0177
gmic,1439,0.8221610805402702,0.9287833827893175,0.0176
gmic,1440,0.8226613306653326,0.9317507418397626,0.0175
gmic,1441,0.8241620810405202,0.9317507418397626,0.0174
gmic,1442,0.8254127063531765,0.9317507418397626,0.0173
gmic,1443,0.8269134567283641,0.9317507418397626,0.0172
gmic,1444,0.8281640820410205,0.9317507418397626,0.0171
gmic,1445,0.8302901450725363,0.9347181008902077,0.017
gmic,1446,0.8325412706353177,0.9347181008902077,0.0169
gmic,1447,0.8344172086043021,0.9347181008902077,0.0168
gmic,1448,0.8352926463231616,0.9347181008902077,0.0167
gmic,1449,0.8365432716358179,0.9347181008902077,0.0166
gmic,1450,0.8376688344172086,0.9347181008902077,0.0165
gmic,1451,0.8394197098549274,0.9376854599406528,0.0164
gmic,1452,0.8404202101050525,0.9406528189910979,0.0163
gmic,1453,0.8411705852926463,0.9406528189910979,0.0162
gmic,1454,0.8424212106053026,0.9406528189910979,0.0161
gmic,1455,0.8440470235117559,0.9406528189910979,0.016
gmic,1456,0.8454227113556778,0.9406528189910979,0.0159
gmic,1457,0.8462981490745373,0.9406528189910979,0.0158
gmic,1458,0.8481740870435217,0.9406528189910979,0.0157
gmic,1459,0.849799899949975,0.9436201780415431,0.0156
gmic,1460,0.8510505252626314,0.9436201780415431,0.0155
gmic,1461,0.8515507753876939,0.9436201780415431,0.0154
gmic,1462,0.8523011505752877,0.9436201780415431,0.0153
gmic,1463,0.8533016508254128,0.9436201780415431,0.0152
gmic,1464,0.8544272136068034,0.9436201780415431,0.0151
gmic,1465,0.8553026513256629,0.9465875370919882,0.015
gmic,1466,0.8563031515757878,0.9465875370919882,0.0149
gmic,1467,0.8579289644822411,0.9495548961424333,0.0148
gmic,1468,0.8591795897948975,0.9495548961424333,0.0147
gmic,1469,0.8600550275137568,0.9495548961424333,0.0146
gmic,1470,0.8616808404202101,0.9495548961424333,0.0145
gmic,1471,0.8639319659829915,0.9495548961424333,0.0144
gmic,1472,0.8663081540770385,0.9495548961424333,0.0143
gmic,1473,0.8673086543271635,0.9495548961424333,0.0142
gmic,1474,0.8694347173586794,0.9495548961424333,0.0141
gmic,1475,0.870935467733867,0.9495548961424333,0.014
gmic,1476,0.8731865932966483,0.9525222551928784,0.0139
gmic,1477,0.8751875937968985,0.9525222551928784,0.0138
gmic,1478,0.8776888444222111,0.9525222551928784,0.0137
gmic,1479,0.8791895947973987,0.9525222551928784,0.0136
gmic,1480,0.8808154077038519,0.9525222551928784,0.0135
gmic,1481,0.8826913456728365,0.9525222551928784,0.0134
gmic,1482,0.884192096048024,0.9525222551928784,0.0133
gmic,1483,0.8860680340170085,0.9554896142433235,0.0132
gmic,1484,0.889319659829915,0.9554896142433235,0.013
gmic,1485,0.8911955977988995,0.9554896142433235,0.0129
gmic,1486,0.8951975987993998,0.9554896142433235,0.0127
gmic,1487,0.8973236618309155,0.9554896142433235,0.0126
gmic,1488,0.9005752876438219,0.9554896142433235,0.0125
gmic,1489,0.9034517258629314,0.9554896142433235,0.0124
gmic,1490,0.905327663831916,0.9584569732937686,0.0123
gmic,1491,0.9073286643321661,0.9584569732937686,0.0122
gmic,1492,0.9095797898949475,0.9614243323442137,0.0121
gmic,1493,0.9118309154577289,0.9673590504451038,0.012
gmic,1494,0.9137068534267133,0.9703264094955489,0.0119
gmic,1495,0.9184592296148074,0.9703264094955489,0.0117
gmic,1496,0.9200850425212607,0.9703264094955489,0.0116
gmic,1497,0.9225862931465733,0.973293768545994,0.0115
gmic,1498,0.9244622311155578,0.973293768545994,0.0114
gmic,1499,0.9262131065532766,0.9762611275964391,0.0113
gmic,1500,0.928839419709855,0.9762611275964391,0.0112
gmic,1501,0.9305902951475737,0.9792284866468842,0.0111
gmic,1502,0.932591295647824,0.9851632047477745,0.011
gmic,1503,0.9342171085542771,0.9851632047477745,0.0109
gmic,1504,0.9367183591795898,0.9851632047477745,0.0108
gmic,1505,0.9385942971485743,0.9851632047477745,0.0107
gmic,1506,0.9402201100550275,0.9851632047477745,0.0106
gmic,1507,0.9432216108054027,0.9851632047477745,0.0105
gmic,1508,0.9447223611805903,0.9881305637982196,0.0104
gmic,1509,0.946848424212106,0.9881305637982196,0.0103
gmic,1510,0.9488494247123562,0.9881305637982196,0.0102
gmic,1511,0.9513506753376688,0.9881305637982196,0.0101
gmic,1512,0.9534767383691846,0.9910979228486647,0.01
gmic,1513,0.9552276138069035,0.9910979228486647,0.0099
gmic,1514,0.9563531765882941,0.9910979228486647,0.0098
gmic,1515,0.9589794897448725,0.9910979228486647,0.0097
gmic,1516,0.9612306153076539,0.9910979228486647,0.0096
gmic,1517,0.963231615807904,0.9910979228486647,0.0095
gmic,1518,0.9646073036518259,0.9910979228486647,0.0094
gmic,1519,0.9668584292146073,0.9910979228486647,0.0093
gmic,1520,0.9688594297148574,0.9910979228486647,0.0092
gmic,1521,0.9704852426213106,0.9910979228486647,0.0091
gmic,1522,0.9723611805902952,0.9910979228486647,0.009
gmic,1523,0.9737368684342171,0.9910979228486647,0.0089
gmic,1524,0.9748624312156078,0.9910979228486647,0.0088
gmic,1525,0.9767383691845923,0.9910979228486647,0.0087
gmic,1526,0.9789894947473737,0.9910979228486647,0.0086
gmic,1527,0.9797398699349675,0.9910979228486647,0.0085
gmic,1528,0.9806153076538269,0.9910979228486647,0.0084
gmic,1529,0.9812406203101551,0.9910979228486647,0.0083
gmic,1530,0.9823661830915458,0.9910979228486647,0.0082
gmic,1531,0.983991995997999,0.9940652818991098,0.0081
gmic,1532,0.984992496248124,0.9940652818991098,0.008
gmic,1533,0.9863681840920461,0.9940652818991098,0.0079
gmic,1534,0.9873686843421711,0.9970326409495549,0.0078
gmic,1535,0.9886193096548274,0.9970326409495549,0.0077
gmic,1536,0.9919959979989995,0.9970326409495549,0.0074
gmic,1537,0.992871435717859,0.9970326409495549,0.0073
gmic,1538,0.9931215607803902,0.9970326409495549,0.0072
gmic,1539,0.993871935967984,0.9970326409495549,0.0071
gmic,1540,0.9942471235617809,0.9970326409495549,0.007
gmic,1541,0.9948724362181091,0.9970326409495549,0.0069
gmic,1542,0.9951225612806404,0.9970326409495549,0.0068
gmic,1543,0.9958729364682342,0.9970326409495549,0.0067
gmic,1544,0.996248124062031,0.9970326409495549,0.0066
gmic,1545,0.9969984992496248,0.9970326409495549,0.0065
gmic,1546,0.9971235617808905,0.9970326409495549,0.0064
gmic,1547,0.9978739369684843,0.9970326409495549,0.0061
gmic,1548,0.9978739369684843,1.0,0.006
gmic,1549,0.998624312156078,1.0,0.0059
gmic,1550,0.9988744372186094,1.0,0.0058
gmic,1551,1.0,1.0,0.0036
nyu,0,0.0,0.0,
nyu,1,0.0,0.002967359050445104,0.9971
nyu,2,0.0,0.008902077151335312,0.9632
nyu,3,0.0001250625312656328,0.008902077151335312,0.9582
nyu,4,0.0001250625312656328,0.011869436201780416,0.9377
nyu,5,0.0002501250625312656,0.011869436201780416,0.9338
nyu,6,0.0002501250625312656,0.01483679525222552,0.9212
nyu,7,0.00037518759379689845,0.01483679525222552,0.9207
nyu,8,0.00037518759379689845,0.017804154302670624,0.9057
nyu,9,0.0007503751875937969,0.017804154302670624,0.8506
nyu,10,0.0007503751875937969,0.020771513353115726,0.8373
nyu,11,0.0008754377188594297,0.020771513353115726,0.8345
nyu,12,0.0008754377188594297,0.02373887240356083,0.8266
nyu,13,0.0010005002501250625,0.02373887240356083,0.8236
nyu,14,0.0010005002501250625,0.02967359050445104,0.8195
nyu,15,0.0011255627813906953,0.02967359050445104,0.8113
nyu,16,0.0011255627813906953,0.03560830860534125,0.8026
nyu,17,0.0016258129064532266,0.03560830860534125,0.791
nyu,18,0.0016258129064532266,0.04154302670623145,0.7695
nyu,19,0.0018759379689844923,0.04154302670623145,0.765
nyu,20,0.0018759379689844923,0.04451038575667656,0.7608
nyu,21,0.0018759379689844923,0.050445103857566766,0.7604
nyu,22,0.002001000500250125,0.050445103857566766,0.7587
nyu,23,0.002001000500250125,0.05341246290801187,0.7577
nyu,24,0.0022511255627813906,0.05341246290801187,0.7461
nyu,25,0.0022511255627813906,0.05934718100890208,0.7414
nyu,26,0.0025012506253126563,0.05934718100890208,0.7302
nyu,27,0.0025012506253126563,0.06231454005934718,0.7241
nyu,28,0.00312656328164082,0.06231454005934718,0.6967
nyu,29,0.00312656328164082,0.06824925816023739,0.6951
nyu,30,0.0036268134067033516,0.06824925816023739,0.6788
nyu,31,0.0036268134067033516,0.0712166172106825,0.6783
nyu,32,0.0037518759379689846,0.0712166172106825,0.6761
nyu,33,0.0037518759379689846,0.07418397626112759,0.6637
nyu,34,0.0038769384692346172,0.07418397626112759,0.6622
nyu,35,0.0038769384692346172,0.0771513353115727,0.6604
nyu,36,0.00400200100050025,0.0771513353115727,0.6556
nyu,37,0.00400200100050025,0.08011869436201781,0.6555
nyu,38,0.004627313656828414,0.08011869436201781,0.6395
nyu,39,0.004627313656828414,0.0830860534124629,0.6351
nyu,40,0.004752376188094047,0.0830860534124629,0.6333
nyu,41,0.004752376188094047,0.08605341246290801,0.6331
nyu,42,0.005127563781890945,0.08605341246290801,0.6144
nyu,43,0.005377688844422211,0.08605341246290801,0.6139
nyu,44,0.00625312656328164,0.08605341246290801,0.5962
nyu,45,0.00625312656328164,0.08902077151335312,0.5956
nyu,46,0.006628314157078539,0.08902077151335312,0.5898
nyu,47,0.006628314157078539,0.09198813056379822,0.5892
nyu,48,0.006753376688344172,0.09198813056379822,0.589
nyu,49,0.006753376688344172,0.09495548961424333,0.5834
nyu,50,0.007253626813406703,0.09495548961424333,0.567
nyu,51,0.007253626813406703,0.09792284866468842,0.5654
nyu,52,0.007503751875937969,0.09792284866468842,0.5612
nyu,53,0.007503751875937969,0.10089020771513353,0.5595
nyu,54,0.008504252126063032,0.10089020771513353,0.55
nyu,55,0.008504252126063032,0.10385756676557864,0.5473
nyu,56,0.010130065032516258,0.10385756676557864,0.5206
nyu,57,0.010380190095047525,0.10385756676557864,0.5197
nyu,58,0.01113056528264132,0.10385756676557864,0.5135
nyu,59,0.01113056528264132,0.10682492581602374,0.5114
nyu,60,0.012631315657828915,0.10682492581602374,0.502
nyu,61,0.06490745372686343,0.14836795252225518,0.5
nyu,62,0.0651575787893947,0.14836795252225518,0.4956
nyu,63,0.06528264132066033,0.1513353115727003,0.4948
nyu,64,0.06528264132066033,0.1543026706231454,0.4943
nyu,65,0.06565782891445723,0.1543026706231454,0.4886
nyu,66,0.0659079539769885,0.1543026706231454,0.4881
nyu,67,0.06615807903951976,0.1543026706231454,0.4852
nyu,68,0.06615807903951976,0.1572700296735905,0.4848
nyu,69,0.06640820410205102,0.1572700296735905,0.484
nyu,70,0.0666583291645823,0.1572700296735905,0.4817
nyu,71,0.06728364182091046,0.1572700296735905,0.4763
nyu,72,0.0674087043521761,0.16023738872403562,0.4748
nyu,73,0.06765882941470736,0.16023738872403562,0.4711
nyu,74,0.06765882941470736,0.1632047477744807,0.47
nyu,75,0.06790895447723862,0.1632047477744807,0.4662
nyu,76,0.06790895447723862,0.1661721068249258,0.4659
nyu,77,0.06803401700850426,0.1661721068249258,0.4658
nyu,78,0.06803401700850426,0.16913946587537093,0.465
nyu,79,0.06828414207103552,0.16913946587537093,0.4641
nyu,80,0.06828414207103552,0.17210682492581603,0.4637
nyu,81,0.06840920460230115,0.17210682492581603,0.4627
nyu,82,0.06840920460230115,0.17507418397626112,0.4624
nyu,83,0.06853426713356678,0.17507418397626112,0.4621
nyu,84,0.06853426713356678,0.18100890207715134,0.4568
nyu,85,0.06865932966483242,0.18100890207715134,0.4565
nyu,86,0.06865932966483242,0.18397626112759644,0.4548
nyu,87,0.06915957978989495,0.18397626112759644,0.4495
nyu,88,0.06915957978989495,0.18694362017804153,0.448
nyu,89,0.07028514257128564,0.18694362017804153,0.4355
nyu,90,0.07053526763381691,0.18694362017804153,0.4349
nyu,91,0.07066033016508254,0.18694362017804153,0.4347
nyu,92,0.07066033016508254,0.18991097922848665,0.4338
nyu,93,0.07078539269634818,0.18991097922848665,0.4329
nyu,94,0.07103551775887944,0.18991097922848665,0.4289
nyu,95,0.07191095547773887,0.18991097922848665,0.4222
nyu,96,0.07191095547773887,0.19287833827893175,0.4217
nyu,97,0.07341170585292646,0.19287833827893175,0.4114
nyu,98,0.07341170585292646,0.19584569732937684,0.4107
nyu,99,0.0742871435717859,0.19584569732937684,0.4058
nyu,100,0.0742871435717859,0.19881305637982197,0.4042
nyu,101,0.07453726863431716,0.19881305637982197,0.4037
nyu,102,0.0746623311655828,0.20178041543026706,0.4027
nyu,103,0.0746623311655828,0.20474777448071216,0.4015
nyu,104,0.07566283141570786,0.20474777448071216,0.3924
nyu,105,0.07566283141570786,0.20771513353115728,0.3921
nyu,106,0.07591295647823912,0.20771513353115728,0.3916
nyu,107,0.07616308154077038,0.20771513353115728,0.3908
nyu,108,0.07616308154077038,0.21068249258160238,0.3906
nyu,109,0.07628814407203602,0.21068249258160238,0.39
nyu,110,0.07653826913456728,0.21068249258160238,0.3887
nyu,111,0.07878939469734868,0.21068249258160238,0.3764
nyu,112,0.07878939469734868,0.21364985163204747,0.3742
nyu,113,0.0789144572286143,0.21364985163204747,0.3721
nyu,114,0.0789144572286143,0.2166172106824926,0.3719
nyu,115,0.08016508254127064,0.2166172106824926,0.3661
nyu,116,0.08016508254127064,0.2195845697329377,0.3653
nyu,117,0.0804152076038019,0.2195845697329377,0.3638
nyu,118,0.08054027013506754,0.2195845697329377,0.3637
nyu,119,0.0807903951975988,0.2195845697329377,0.3634
nyu,120,0.0807903951975988,0.22255192878338279,0.3633
nyu,121,0.08129064532266134,0.22255192878338279,0.358
nyu,122,0.08129064532266134,0.22551928783382788,0.3556
nyu,123,0.08179089544772386,0.22551928783382788,0.3546
nyu,124,0.08179089544772386,0.228486646884273,0.3544
nyu,125,0.08379189594797398,0.228486646884273,0.3435
nyu,126,0.08429214607303652,0.228486646884273,0.3429
nyu,127,0.08441720860430216,0.2314540059347181,0.3426
nyu,128,0.08591795897948974,0.2314540059347181,0.3331
nyu,129,0.086168084042021,0.2314540059347181,0.3318
nyu,130,0.08629314657328664,0.2344213649851632,0.3312
nyu,131,0.0865432716358179,0.2344213649851632,0.3307
nyu,132,0.08666833416708354,0.23738872403560832,0.3299
nyu,133,0.08754377188594298,0.23738872403560832,0.3262
nyu,134,0.08779389694847424,0.23738872403560832,0.3258
nyu,135,0.08791895947973986,0.23738872403560832,0.3255
nyu,136,0.08791895947973986,0.2403560830860534,0.3244
nyu,137,0.0880440220110055,0.2433234421364985,0.3239
nyu,138,0.08829414707353676,0.2433234421364985,0.3224
nyu,139,0.08829414707353676,0.24629080118694363,0.3215
nyu,140,0.0884192096048024,0.24629080118694363,0.3214
nyu,141,0.0884192096048024,0.2551928783382789,0.3195
nyu,142,0.08854427213606804,0.2551928783382789,0.3194
nyu,143,0.0887943971985993,0.2551928783382789,0.3185
nyu,144,0.09004502251125562,0.2551928783382789,0.3152
nyu,145,0.09017008504252126,0.258160237388724,0.3146
nyu,146,0.09092046023011506,0.258160237388724,0.3108
nyu,147,0.09092046023011506,0.26112759643916916,0.3104
nyu,148,0.0941720860430215,0.26112759643916916,0.2971
nyu,149,0.0941720860430215,0.26409495548961426,0.2951
nyu,150,0.09442221110555278,0.26409495548961426,0.2948
nyu,151,0.0945472736368184,0.26706231454005935,0.2945
nyu,152,0.0952976488244122,0.26706231454005935,0.2917
nyu,153,0.0952976488244122,0.27002967359050445,0.2912
nyu,154,0.09542271135567784,0.27002967359050445,0.29
nyu,155,0.09579789894947474,0.27002967359050445,0.2892
nyu,156,0.09592296148074037,0.27002967359050445,0.2881
nyu,157,0.09617308654327164,0.27002967359050445,0.2879
nyu,158,0.09667333666833416,0.27002967359050445,0.2854
nyu,159,0.09692346173086543,0.27002967359050445,0.285
nyu,160,0.0979239619809905,0.27002967359050445,0.2791
nyu,161,0.0979239619809905,0.27299703264094954,0.2781
nyu,162,0.09879939969984992,0.27299703264094954,0.2756
nyu,163,0.09879939969984992,0.27596439169139464,0.2754
nyu,164,0.09917458729364682,0.27596439169139464,0.2749
nyu,165,0.09992496248124062,0.27596439169139464,0.2719
nyu,166,0.09992496248124062,0.2789317507418398,0.2716
nyu,167,0.10005002501250625,0.2789317507418398,0.2708
nyu,168,0.10005002501250625,0.2878338278931751,0.2692
nyu,169,0.10105052526263132,0.2878338278931751,0.2644
nyu,170,0.10130065032516258,0.2878338278931751,0.2643
nyu,171,0.10142571285642821,0.29080118694362017,0.2642
nyu,172,0.10167583791895948,0.29080118694362017,0.2634
nyu,173,0.102176088044022,0.29080118694362017,0.2623
nyu,174,0.10230115057528764,0.29080118694362017,0.2614
nyu,175,0.10230115057528764,0.29376854599406527,0.2606
nyu,176,0.10242621310655328,0.29376854599406527,0.2601
nyu,177,0.1029264632316158,0.29376854599406527,0.2599
nyu,178,0.10380190095047524,0.29376854599406527,0.2577
nyu,179,0.10392696348174087,0.29673590504451036,0.2572
nyu,180,0.10467733866933467,0.29673590504451036,0.2538
nyu,181,0.10467733866933467,0.2997032640949555,0.2537
nyu,182,0.1048024012006003,0.2997032640949555,0.2531
nyu,183,0.10492746373186593,0.3026706231454006,0.2526
nyu,184,0.1055527763881941,0.3026706231454006,0.2511
nyu,185,0.10580290145072536,0.3026706231454006,0.2508
nyu,186,0.10605302651325663,0.3026706231454006,0.249
nyu,187,0.10605302651325663,0.3056379821958457,0.2487
nyu,188,0.10680340170085043,0.3056379821958457,0.2456
nyu,189,0.10705352676338169,0.3056379821958457,0.2455
nyu,190,0.10730365182591296,0.3086053412462908,0.2443
nyu,191,0.10805402701350675,0.3086053412462908,0.2417
nyu,192,0.10805402701350675,0.3115727002967359,0.2415
nyu,193,0.10842921460730365,0.3115727002967359,0.2399
nyu,194,0.10842921460730365,0.314540059347181,0.2398
nyu,195,0.10867933966983492,0.314540059347181,0.2391
nyu,196,0.10892946473236619,0.314540059347181,0.239
nyu,197,0.10942971485742871,0.314540059347181,0.2382
nyu,198,0.10942971485742871,0.31750741839762614,0.2381
nyu,199,0.11005502751375688,0.31750741839762614,0.2355
nyu,200,0.11030515257628815,0.32344213649851633,0.2346
nyu,201,0.11068034017008505,0.32344213649851633,0.2332
nyu,202,0.11080540270135067,0.3264094955489614,0.2329
nyu,203,0.11080540270135067,0.3293768545994065,0.2322
nyu,204,0.11093046523261631,0.3293768545994065,0.2321
nyu,205,0.11118059029514757,0.3293768545994065,0.232
nyu,206,0.11493246623311656,0.3293768545994065,0.223
nyu,207,0.11518259129564783,0.3323442136498516,0.2227
nyu,208,0.11568284142071035,0.3323442136498516,0.2211
nyu,209,0.11618309154577289,0.3323442136498516,0.2201
nyu,210,0.11730865432716359,0.3323442136498516,0.2166
nyu,211,0.11755877938969485,0.3323442136498516,0.2163
nyu,212,0.11793396698349175,0.3323442136498516,0.2162
nyu,213,0.11805902951475739,0.3323442136498516,0.2161
nyu,214,0.11805902951475739,0.3353115727002967,0.2156
nyu,215,0.11818409204602301,0.3353115727002967,0.2154
nyu,216,0.11818409204602301,0.33827893175074186,0.2151
nyu,217,0.11893446723361681,0.33827893175074186,0.2134
nyu,218,0.11905952976488245,0.34124629080118696,0.2132
nyu,219,0.11980990495247623,0.34124629080118696,0.2115
nyu,220,0.12006003001500751,0.34124629080118696,0.2113
nyu,221,0.1204352176088044,0.34124629080118696,0.2102
nyu,222,0.12093546773386693,0.34124629080118696,0.21
nyu,223,0.12106053026513257,0.34124629080118696,0.2098
nyu,224,0.12106053026513257,0.34718100890207715,0.2089
nyu,225,0.1211855927963982,0.34718100890207715,0.2085
nyu,226,0.12143571785892947,0.34718100890207715,0.2081
nyu,227,0.12156078039019509,0.34718100890207715,0.2079
nyu,228,0.12181090545272637,0.34718100890207715,0.2077
nyu,229,0.12193596798399199,0.34718100890207715,0.2072
nyu,230,0.12193596798399199,0.35014836795252224,0.2069
nyu,231,0.12243621810905453,0.35014836795252224,0.2058
nyu,232,0.12256128064032017,0.35311572700296734,0.2056
nyu,233,0.12281140570285143,0.35311572700296734,0.205
nyu,234,0.12331165582791395,0.35311572700296734,0.2038
nyu,235,0.12331165582791395,0.3560830860534125,0.2037
nyu,236,0.12381190595297649,0.3560830860534125,0.2029
nyu,237,0.12406203101550775,0.3560830860534125,0.2027
nyu,238,0.12443721860930465,0.3560830860534125,0.2019
nyu,239,0.12443721860930465,0.3590504451038576,0.2014
nyu,240,0.12456228114057029,0.3590504451038576,0.2009
nyu,241,0.12481240620310155,0.3590504451038576,0.2003
nyu,242,0.12518759379689845,0.3620178041543027,0.2001
nyu,243,0.12531265632816407,0.3620178041543027,0.1996
nyu,244,0.12531265632816407,0.3649851632047478,0.1984
nyu,245,0.12543771885942973,0.3649851632047478,0.1983
nyu,246,0.12568784392196097,0.3649851632047478,0.1981
nyu,247,0.12593796898449225,0.3649851632047478,0.1978
nyu,248,0.12593796898449225,0.36795252225519287,0.1977
nyu,249,0.12618809404702352,0.36795252225519287,0.1974
nyu,250,0.12618809404702352,0.37091988130563797,0.197
nyu,251,0.12681340670335167,0.37091988130563797,0.1955
nyu,252,0.12706353176588295,0.37091988130563797,0.1954
nyu,253,0.1273136568284142,0.37091988130563797,0.195
nyu,254,0.12756378189094547,0.37091988130563797,0.1949
nyu,255,0.1276888444222111,0.37091988130563797,0.1947
nyu,256,0.12793896948474237,0.37091988130563797,0.1944
nyu,257,0.12831415707853927,0.37091988130563797,0.1939
nyu,258,0.12831415707853927,0.3768545994065282,0.1938
nyu,259,0.12856428214107055,0.3768545994065282,0.1936
nyu,260,0.12856428214107055,0.3798219584569733,0.1934
nyu,261,0.12906453226613307,0.3798219584569733,0.1928
nyu,262,0.12906453226613307,0.3827893175074184,0.1926
nyu,263,0.12931465732866435,0.3827893175074184,0.1925
nyu,264,0.1299399699849925,0.3827893175074184,0.192
nyu,265,0.1303151575787894,0.3827893175074184,0.1917
nyu,266,0.13081540770385192,0.3827893175074184,0.1913
nyu,267,0.13119059529764882,0.3827893175074184,0.1907
nyu,268,0.1314407203601801,0.3827893175074184,0.1905
nyu,269,0.13169084542271137,0.3827893175074184,0.1897
nyu,270,0.13194097048524261,0.3827893175074184,0.1894
nyu,271,0.1321910955477739,0.3827893175074184,0.1892
nyu,272,0.13244122061030517,0.3827893175074184,0.1891
nyu,273,0.1329414707353677,0.3827893175074184,0.1884
nyu,274,0.13319159579789894,0.3827893175074184,0.1882
nyu,275,0.1345672836418209,0.3827893175074184,0.1858
nyu,276,0.1345672836418209,0.3857566765578635,0.1857
nyu,277,0.1349424712356178,0.3857566765578635,0.1851
nyu,278,0.1353176588294147,0.3857566765578635,0.1847
nyu,279,0.13581790895447723,0.3857566765578635,0.1838
nyu,280,0.13594297148574286,0.3857566765578635,0.1837
nyu,281,0.13619309654827413,0.3857566765578635,0.1836
nyu,282,0.13619309654827413,0.3887240356083086,0.1835
nyu,283,0.1364432216108054,0.3887240356083086,0.1832
nyu,284,0.13669334667333666,0.3887240356083086,0.1828
nyu,285,0.13694347173586793,0.3887240356083086,0.1827
nyu,286,0.13731865932966483,0.3887240356083086,0.1826
nyu,287,0.13781890945472736,0.3887240356083086,0.1819
nyu,288,0.13781890945472736,0.3916913946587537,0.1817
nyu,289,0.137943971985993,0.3916913946587537,0.1816
nyu,290,0.13844422211105553,0.3916913946587537,0.1812
nyu,291,0.13844422211105553,0.39465875370919884,0.1811
nyu,292,0.13894447223611806,0.39465875370919884,0.18
nyu,293,0.13931965982991495,0.39465875370919884,0.1799
nyu,294,0.13944472236118058,0.39465875370919884,0.1797
nyu,295,0.13981990995497748,0.39465875370919884,0.1795
nyu,296,0.14019509754877438,0.39465875370919884,0.179
nyu,297,0.14057028514257128,0.39465875370919884,0.1789
nyu,298,0.14069534767383693,0.39465875370919884,0.1787
nyu,299,0.14094547273636818,0.39465875370919884,0.1786
nyu,300,0.14132066033016508,0.39465875370919884,0.1782
nyu,301,0.14157078539269635,0.39465875370919884,0.1779
nyu,302,0.14157078539269635,0.39762611275964393,0.1778
nyu,303,0.14194597298649325,0.39762611275964393,0.1771
nyu,304,0.14194597298649325,0.40059347181008903,0.1767
nyu,305,0.1421960980490245,0.40059347181008903,0.1765
nyu,306,0.14244622311155578,0.40059347181008903,0.1762
nyu,307,0.14282141070535267,0.40059347181008903,0.1758
nyu,308,0.1429464732366183,0.40059347181008903,0.1756
nyu,309,0.14319659829914957,0.40059347181008903,0.1754
nyu,310,0.1433216608304152,0.4035608308605341,0.1752
nyu,311,0.14357178589294647,0.4035608308605341,0.175
nyu,312,0.1436968484242121,0.4065281899109792,0.1748
nyu,313,0.14394697348674337,0.4065281899109792,0.1746
nyu,314,0.14419709854927465,0.4065281899109792,0.1741
nyu,315,0.14419709854927465,0.4094955489614243,0.174
nyu,316,0.14432216108054027,0.4094955489614243,0.1739
nyu,317,0.1444472236118059,0.4124629080118694,0.1737
nyu,318,0.1448224112056028,0.4124629080118694,0.1729
nyu,319,0.14507253626813407,0.4124629080118694,0.1725
nyu,320,0.1455727863931966,0.4124629080118694,0.172
nyu,321,0.14607303651825912,0.4124629080118694,0.1709
nyu,322,0.1463231615807904,0.4124629080118694,0.1699
nyu,323,0.14682341170585292,0.4124629080118694,0.1693
nyu,324,0.1470735367683842,0.4124629080118694,0.1691
nyu,325,0.1474487243621811,0.4124629080118694,0.1689
nyu,326,0.147823911955978,0.4124629080118694,0.1685
nyu,327,0.14807403701850924,0.4124629080118694,0.1683
nyu,328,0.14844922461230614,0.4124629080118694,0.1678
nyu,329,0.14869934967483742,0.4124629080118694,0.1676
nyu,330,0.14882441220610304,0.4124629080118694,0.1675
nyu,331,0.1489494747373687,0.41543026706231456,0.1672
nyu,332,0.14907453726863432,0.41543026706231456,0.1671
nyu,333,0.1493246623311656,0.41839762611275966,0.167
nyu,334,0.14944972486243122,0.42136498516320475,0.1669
nyu,335,0.1496998499249625,0.42136498516320475,0.1667
nyu,336,0.1496998499249625,0.42729970326409494,0.1662
nyu,337,0.14994997498749374,0.42729970326409494,0.1658
nyu,338,0.15020010005002501,0.42729970326409494,0.1657
nyu,339,0.1504502251125563,0.42729970326409494,0.1652
nyu,340,0.1508254127063532,0.42729970326409494,0.165
nyu,341,0.15095047523761881,0.42729970326409494,0.1649
nyu,342,0.15145072536268134,0.42729970326409494,0.1647
nyu,343,0.15157578789394696,0.42729970326409494,0.1646
nyu,344,0.1517008504252126,0.43026706231454004,0.1645
nyu,345,0.15195097548774386,0.43026706231454004,0.164
nyu,346,0.15220110055027514,0.43026706231454004,0.1639
nyu,347,0.15257628814407204,0.43026706231454004,0.1633
nyu,348,0.1528264132066033,0.43026706231454004,0.1632
nyu,349,0.1532016008004002,0.43026706231454004,0.1631
nyu,350,0.15345172586293146,0.43026706231454004,0.1627
nyu,351,0.15370185092546274,0.43026706231454004,0.1626
nyu,352,0.15382691345672836,0.43026706231454004,0.1625
nyu,353,0.15382691345672836,0.4332344213649852,0.1624
nyu,354,0.15407703851925963,0.4332344213649852,0.1622
nyu,355,0.15432716358179088,0.4332344213649852,0.1619
nyu,356,0.15457728864432216,0.4332344213649852,0.1617
nyu,357,0.15482741370685343,0.4332344213649852,0.1613
nyu,358,0.15507753876938468,0.4332344213649852,0.1611
nyu,359,0.15532766383191596,0.4332344213649852,0.1609
nyu,360,0.15582791395697848,0.4332344213649852,0.1607
nyu,361,0.15607803901950976,0.4332344213649852,0.1603
nyu,362,0.15620310155077538,0.4362017804154303,0.1602
nyu,363,0.15645322661330666,0.4362017804154303,0.1601
nyu,364,0.15645322661330666,0.4421364985163205,0.1599
nyu,365,0.15682841420710356,0.4421364985163205,0.1595
nyu,366,0.15720360180090046,0.4421364985163205,0.1591
nyu,367,0.15732866433216608,0.4421364985163205,0.159
nyu,368,0.1578289144572286,0.4421364985163205,0.1587
nyu,369,0.1582041020510255,0.4421364985163205,0.1581
nyu,370,0.15870435217608805,0.4421364985163205,0.1576
nyu,371,0.1589544772386193,0.4421364985163205,0.1574
nyu,372,0.15945472736368185,0.4421364985163205,0.1571
nyu,373,0.15982991495747875,0.4421364985163205,0.1566
nyu,374,0.16008004002001,0.4421364985163205,0.1565
nyu,375,0.16020510255127562,0.4421364985163205,0.1563
nyu,376,0.1604552276138069,0.4421364985163205,0.1562
nyu,377,0.16095547773886942,0.44510385756676557,0.1561
nyu,378,0.1612056028014007,0.44510385756676557,0.1559
nyu,379,0.16170585292646322,0.44510385756676557,0.1555
nyu,380,0.16220610305152577,0.44510385756676557,0.1548
nyu,381,0.16258129064532267,0.44510385756676557,0.154
nyu,382,0.16283141570785392,0.44510385756676557,0.1537
nyu,383,0.16320660330165082,0.44510385756676557,0.153
nyu,384,0.16358179089544772,0.44510385756676557,0.1529
nyu,385,0.1642071035517759,0.44510385756676557,0.152
nyu,386,0.16470735367683842,0.44807121661721067,0.1519
nyu,387,0.16483241620810404,0.44807121661721067,0.1517
nyu,388,0.1649574787393697,0.45103857566765576,0.1516
nyu,389,0.16545772886443222,0.45103857566765576,0.1512
nyu,390,0.1657078539269635,0.45103857566765576,0.1511
nyu,391,0.16583291645822912,0.45103857566765576,0.151
nyu,392,0.16583291645822912,0.4540059347181009,0.1508
nyu,393,0.1660830415207604,0.4540059347181009,0.1507
nyu,394,0.16620810405202602,0.4540059347181009,0.1504
nyu,395,0.16645822911455727,0.4540059347181009,0.1503
nyu,396,0.16708354177088544,0.4540059347181009,0.149
nyu,397,0.16720860430215106,0.456973293768546,0.1488
nyu,398,0.16733366683341672,0.456973293768546,0.1487
nyu,399,0.16733366683341672,0.4599406528189911,0.1485
nyu,400,0.16795897948974486,0.4599406528189911,0.1477
nyu,401,0.16895947973986994,0.4599406528189911,0.1469
nyu,402,0.16908454227113556,0.4629080118694362,0.1468
nyu,403,0.16945972986493246,0.4629080118694362,0.1465
nyu,404,0.1695847923961981,0.4629080118694362,0.1464
nyu,405,0.16983491745872936,0.4629080118694362,0.1463
nyu,406,0.17033516758379189,0.4629080118694362,0.1454
nyu,407,0.17083541770885444,0.4629080118694362,0.145
nyu,408,0.17108554277138568,0.4629080118694362,0.1443
nyu,409,0.17146073036518258,0.4629080118694362,0.1442
nyu,410,0.17158579289644824,0.4629080118694362,0.1441
nyu,411,0.17183591795897948,0.4629080118694362,0.144
nyu,412,0.17196098049024514,0.4629080118694362,0.1437
nyu,413,0.17221110555277638,0.4629080118694362,0.1436
nyu,414,0.172336168084042,0.4658753709198813,0.1435
nyu,415,0.17246123061530766,0.4658753709198813,0.1434
nyu,416,0.1727113556778389,0.4658753709198813,0.1433
nyu,417,0.17283641820910456,0.4658753709198813,0.1432
nyu,418,0.1730865432716358,0.4658753709198813,0.1431
nyu,419,0.17333666833416708,0.4658753709198813,0.1429
nyu,420,0.1734617308654327,0.4688427299703264,0.1428
nyu,421,0.17371185592796398,0.4688427299703264,0.1425
nyu,422,0.1738369184592296,0.47181008902077154,0.1423
nyu,423,0.17396198099049526,0.47181008902077154,0.1422
nyu,424,0.17408704352176088,0.47477744807121663,0.1421
nyu,425,0.17433716858429216,0.47477744807121663,0.142
nyu,426,0.17433716858429216,0.47774480712166173,0.1419
nyu,427,0.17446223111555778,0.47774480712166173,0.1417
nyu,428,0.17471235617808906,0.47774480712166173,0.1416
nyu,429,0.1753376688344172,0.47774480712166173,0.1415
nyu,430,0.1757128564282141,0.47774480712166173,0.1414
nyu,431,0.17583791895947973,0.47774480712166173,0.1413
nyu,432,0.17621310655327663,0.47774480712166173,0.1412
nyu,433,0.17671335667833918,0.4807121661721068,0.1411
nyu,434,0.1768384192096048,0.4807121661721068,0.1409
nyu,435,0.17708854427213608,0.4807121661721068,0.1407
nyu,436,0.1772136068034017,0.4807121661721068,0.1405
nyu,437,0.17746373186593298,0.4807121661721068,0.1403
nyu,438,0.1775887943971986,0.4807121661721068,0.1402
nyu,439,0.17783891945972988,0.4807121661721068,0.1401
nyu,440,0.1779639819909955,0.4807121661721068,0.1399
nyu,441,0.1783391695847924,0.4807121661721068,0.1397
nyu,442,0.17846423211605802,0.4807121661721068,0.1396
nyu,443,0.17883941970985492,0.4807121661721068,0.1394
nyu,444,0.1790895447723862,0.4807121661721068,0.1392
nyu,445,0.17933966983491745,0.4807121661721068,0.139
nyu,446,0.1794647323661831,0.4807121661721068,0.1389
nyu,447,0.17983991995998,0.4807121661721068,0.1386
nyu,448,0.17996498249124562,0.4807121661721068,0.1385
nyu,449,0.17996498249124562,0.4836795252225519,0.1383
nyu,450,0.1802151075537769,0.4836795252225519,0.138
nyu,451,0.18046523261630815,0.4836795252225519,0.1377
nyu,452,0.18084042021010505,0.4836795252225519,0.1375
nyu,453,0.18121560780390195,0.4836795252225519,0.1369
nyu,454,0.18146573286643322,0.4836795252225519,0.1367
nyu,455,0.18159079539769885,0.4836795252225519,0.1366
nyu,456,0.18196598299149574,0.486646884272997,0.1365
nyu,457,0.18221610805402702,0.486646884272997,0.1363
nyu,458,0.18259129564782392,0.486646884272997,0.1359
nyu,459,0.18309154577288644,0.486646884272997,0.1356
nyu,460,0.18359179589794897,0.486646884272997,0.135
nyu,461,0.18384192096048024,0.486646884272997,0.1349
nyu,462,0.18396698349174587,0.486646884272997,0.1348
nyu,463,0.18434217108554277,0.486646884272997,0.1345
nyu,464,0.1848424212106053,0.486646884272997,0.1342
nyu,465,0.18496748374187094,0.486646884272997,0.1341
nyu,466,0.1852176088044022,0.486646884272997,0.134
nyu,467,0.1855927963981991,0.4896142433234421,0.1339
nyu,468,0.18584292146073036,0.4896142433234421,0.1338
nyu,469,0.185967983991996,0.4896142433234421,0.1335
nyu,470,0.18621810905452726,0.4896142433234421,0.1334
nyu,471,0.18696848424212106,0.4896142433234421,0.1332
nyu,472,0.18734367183591796,0.4896142433234421,0.1329
nyu,473,0.1878439219609805,0.4896142433234421,0.1326
nyu,474,0.1879689844922461,0.4896142433234421,0.1325
nyu,475,0.1882191095547774,0.4896142433234421,0.1324
nyu,476,0.18846923461730866,0.4896142433234421,0.1322
nyu,477,0.1887193596798399,0.4896142433234421,0.1316
nyu,478,0.18884442221110556,0.4896142433234421,0.1315
nyu,479,0.1890945472736368,0.4896142433234421,0.1314
nyu,480,0.18921960980490246,0.4896142433234421,0.1312
nyu,481,0.1894697348674337,0.4896142433234421,0.1311
nyu,482,0.19009504752376188,0.4896142433234421,0.1303
nyu,483,0.19034517258629316,0.4896142433234421,0.1302
nyu,484,0.19047023511755878,0.49258160237388726,0.13
nyu,485,0.1905952976488244,0.49258160237388726,0.1297
nyu,486,0.19109554777388693,0.49258160237388726,0.1295
nyu,487,0.19122061030515258,0.49258160237388726,0.1293
nyu,488,0.19184592296148073,0.49258160237388726,0.1291
nyu,489,0.19197098549274638,0.49554896142433236,0.1288
nyu,490,0.19222111055527763,0.49554896142433236,0.1286
nyu,491,0.19234617308654328,0.49851632047477745,0.1285
nyu,492,0.1928464232116058,0.49851632047477745,0.1282
nyu,493,0.1932216108054027,0.49851632047477745,0.1279
nyu,494,0.19347173586793398,0.49851632047477745,0.1278
nyu,495,0.1939719859929965,0.49851632047477745,0.1277
nyu,496,0.19409704852426213,0.5014836795252225,0.1275
nyu,497,0.19447223611805903,0.5014836795252225,0.1272
nyu,498,0.19497248624312155,0.5014836795252225,0.127
nyu,499,0.1950975487743872,0.5014836795252225,0.1269
nyu,500,0.19522261130565283,0.5044510385756676,0.1268
nyu,501,0.1954727363681841,0.5044510385756676,0.1267
nyu,502,0.19559779889944973,0.5044510385756676,0.1266
nyu,503,0.19597298649324663,0.5044510385756676,0.1265
nyu,504,0.1962231115557779,0.5074183976261127,0.1264
nyu,505,0.1965982991495748,0.5074183976261127,0.1258
nyu,506,0.19709854927463732,0.5074183976261127,0.1256
nyu,507,0.19722361180590295,0.5103857566765578,0.1254
nyu,508,0.19747373686843422,0.5103857566765578,0.1251
nyu,509,0.19772386193096547,0.5103857566765578,0.125
nyu,510,0.19797398699349675,0.5103857566765578,0.1248
nyu,511,0.19822411205602802,0.5103857566765578,0.1247
nyu,512,0.19859929964982492,0.5103857566765578,0.1241
nyu,513,0.19884942471235617,0.5103857566765578,0.124
nyu,514,0.19922461230615307,0.5103857566765578,0.1234
nyu,515,0.19947473736868435,0.5133531157270029,0.1231
nyu,516,0.19984992496248125,0.5133531157270029,0.123
nyu,517,0.2001000500250125,0.5133531157270029,0.1227
nyu,518,0.20035017508754377,0.5133531157270029,0.1223
nyu,519,0.2004752376188094,0.5133531157270029,0.1222
nyu,520,0.20097548774387194,0.5133531157270029,0.122
nyu,521,0.2016008004002001,0.5133531157270029,0.1215
nyu,522,0.20172586293146574,0.516320474777448,0.1213
nyu,523,0.20185092546273137,0.516320474777448,0.1212
nyu,524,0.20185092546273137,0.5192878338278932,0.1211
nyu,525,0.2023511755877939,0.5192878338278932,0.1209
nyu,526,0.2027263631815908,0.5192878338278932,0.1206
nyu,527,0.20322661330665331,0.5192878338278932,0.1204
nyu,528,0.2039769884942471,0.5192878338278932,0.1201
nyu,529,0.2042271135567784,0.5192878338278932,0.1199
nyu,530,0.204352176088044,0.5192878338278932,0.1198
nyu,531,0.20485242621310656,0.5192878338278932,0.1197
nyu,532,0.20522761380690346,0.5192878338278932,0.1196
nyu,533,0.2054777388694347,0.5192878338278932,0.1195
nyu,534,0.2058529264632316,0.5192878338278932,0.1193
nyu,535,0.2061030515257629,0.5192878338278932,0.1191
nyu,536,0.2066033016508254,0.5192878338278932,0.119
nyu,537,0.20710355177588793,0.5192878338278932,0.1185
nyu,538,0.20760380190095049,0.5192878338278932,0.1183
nyu,539,0.20797898949474738,0.5192878338278932,0.1181
nyu,540,0.20822911455727863,0.5192878338278932,0.1173
nyu,541,0.20860430215107553,0.5192878338278932,0.1172
nyu,542,0.20872936468234118,0.5192878338278932,0.1171
nyu,543,0.20897948974487243,0.5192878338278932,0.1168
nyu,544,0.20972986493246623,0.5192878338278932,0.1165
nyu,545,0.21023011505752875,0.5192878338278932,0.116
nyu,546,0.2107303651825913,0.5192878338278932,0.1157
nyu,547,0.2111055527763882,0.5192878338278932,0.1155
nyu,548,0.211855927963982,0.5192878338278932,0.1152
nyu,549,0.21210605302651325,0.5222551928783383,0.115
nyu,550,0.21223111555777888,0.5222551928783383,0.1149
nyu,551,0.21273136568284143,0.5222551928783383,0.1148
nyu,552,0.21298149074537268,0.5222551928783383,0.1146
nyu,553,0.21348174087043523,0.5222551928783383,0.1145
nyu,554,0.21385692846423213,0.5222551928783383,0.1144
nyu,555,0.21398199099549775,0.5222551928783383,0.1143
nyu,556,0.21473236618309155,0.5222551928783383,0.1141
nyu,557,0.2149824912456228,0.5222551928783383,0.1139
nyu,558,0.2153576788394197,0.5222551928783383,0.1138
nyu,559,0.21560780390195097,0.5222551928783383,0.1137
nyu,560,0.21585792896448225,0.5222551928783383,0.1134
nyu,561,0.2161080540270135,0.5222551928783383,0.1133
nyu,562,0.21660830415207605,0.5222551928783383,0.1132
nyu,563,0.21673336668334167,0.5222551928783383,0.1131
nyu,564,0.21748374187093547,0.5222551928783383,0.1129
nyu,565,0.2176088044022011,0.5222551928783383,0.1127
nyu,566,0.21860930465232617,0.5222551928783383,0.1123
nyu,567,0.21885942971485742,0.5222551928783383,0.1122
nyu,568,0.21898449224612307,0.5222551928783383,0.1121
nyu,569,0.21923461730865432,0.5222551928783383,0.112
nyu,570,0.21935967983991997,0.5222551928783383,0.1119
nyu,571,0.21973486743371687,0.5222551928783383,0.1118
nyu,572,0.2198599299649825,0.5222551928783383,0.1117
nyu,573,0.22011005502751377,0.5222551928783383,0.1116
nyu,574,0.2206103051525763,0.5222551928783383,0.1115
nyu,575,0.22086043021510757,0.5222551928783383,0.1114
nyu,576,0.22123561780890444,0.5222551928783383,0.1111
nyu,577,0.22148574287143571,0.5222551928783383,0.111
nyu,578,0.22186093046523261,0.5222551928783383,0.1109
nyu,579,0.2221110555277639,0.5222551928783383,0.1108
nyu,580,0.2222361180590295,0.5222551928783383,0.1107
nyu,581,0.2226113056528264,0.5222551928783383,0.1106
nyu,582,0.2228614307153577,0.5222551928783383,0.1104
nyu,583,0.2228614307153577,0.5252225519287834,0.1103
nyu,584,0.2232366183091546,0.5252225519287834,0.1102
nyu,585,0.2233616808404202,0.5252225519287834,0.1101
nyu,586,0.2236118059029515,0.5252225519287834,0.11
nyu,587,0.2239869934967484,0.5252225519287834,0.1099
nyu,588,0.2244872436218109,0.5252225519287834,0.1097
nyu,589,0.22461230615307654,0.5281899109792285,0.1096
nyu,590,0.22536268134067033,0.5281899109792285,0.1093
nyu,591,0.22586293146573286,0.5281899109792285,0.1092
nyu,592,0.2263631815907954,0.5281899109792285,0.1088
nyu,593,0.22648824412206103,0.5281899109792285,0.1087
nyu,594,0.22686343171585793,0.5311572700296736,0.1085
nyu,595,0.22736368184092046,0.5311572700296736,0.1084
nyu,596,0.22773886943471736,0.5311572700296736,0.1083
nyu,597,0.22811405702851426,0.5341246290801187,0.1082
nyu,598,0.22836418209104553,0.5341246290801187,0.1081
nyu,599,0.22886443221610805,0.5341246290801187,0.1079
nyu,600,0.22911455727863933,0.5341246290801187,0.1077
nyu,601,0.22936468234117058,0.5341246290801187,0.1076
nyu,602,0.22948974487243623,0.5341246290801187,0.1074
nyu,603,0.22973986993496748,0.5341246290801187,0.1073
nyu,604,0.23011505752876438,0.5341246290801187,0.1072
nyu,605,0.2306153076538269,0.5341246290801187,0.1071
nyu,606,0.23086543271635818,0.5370919881305638,0.107
nyu,607,0.23124062031015508,0.5400593471810089,0.1068
nyu,608,0.2317408704352176,0.5400593471810089,0.1066
nyu,609,0.2321160580290145,0.5400593471810089,0.1065
nyu,610,0.23261630815407705,0.5400593471810089,0.1063
nyu,611,0.23299149574787395,0.5400593471810089,0.1062
nyu,612,0.2332416208104052,0.5400593471810089,0.1061
nyu,613,0.2336168084042021,0.5400593471810089,0.1059
nyu,614,0.23386693346673337,0.5400593471810089,0.1058
nyu,615,0.233991995997999,0.543026706231454,0.1057
nyu,616,0.23424212106053027,0.543026706231454,0.1056
nyu,617,0.2343671835917959,0.543026706231454,0.1055
nyu,618,0.2347423711855928,0.543026706231454,0.1054
nyu,619,0.23486743371685842,0.543026706231454,0.1052
nyu,620,0.23536768384192097,0.543026706231454,0.1051
nyu,621,0.2354927463731866,0.543026706231454,0.1049
nyu,622,0.2358679339669835,0.543026706231454,0.1048
nyu,623,0.23599299649824912,0.5459940652818991,0.1047
nyu,624,0.23636818409204602,0.5459940652818991,0.1043
nyu,625,0.2369934967483742,0.5459940652818991,0.1042
nyu,626,0.2373686843421711,0.5459940652818991,0.1041
nyu,627,0.23761880940470234,0.5459940652818991,0.104
nyu,628,0.237743871935968,0.5459940652818991,0.1039
nyu,629,0.23824412206103052,0.5459940652818991,0.1037
nyu,630,0.2384942471235618,0.5489614243323442,0.1036
nyu,631,0.23861930965482742,0.5489614243323442,0.1034
nyu,632,0.23911955977988994,0.5489614243323442,0.1033
nyu,633,0.2392446223111556,0.5489614243323442,0.1032
nyu,634,0.23949474737368684,0.5489614243323442,0.1031
nyu,635,0.23999499749874936,0.5489614243323442,0.103
nyu,636,0.24024512256128064,0.5489614243323442,0.1029
nyu,637,0.24037018509254626,0.5489614243323442,0.1028
nyu,638,0.24074537268634316,0.5489614243323442,0.1027
nyu,639,0.2408704352176088,0.5489614243323442,0.1026
nyu,640,0.2416208104052026,0.5489614243323442,0.1025
nyu,641,0.24187093546773386,0.5489614243323442,0.1023
nyu,642,0.24262131065532766,0.5489614243323442,0.1021
nyu,643,0.24274637318659328,0.5489614243323442,0.102
nyu,644,0.24349674837418708,0.5489614243323442,0.1019
nyu,645,0.24362181090545273,0.5489614243323442,0.1018
nyu,646,0.24437218609304653,0.5489614243323442,0.1016
nyu,647,0.24487243621810906,0.5489614243323442,0.1014
nyu,648,0.24524762381190596,0.5489614243323442,0.1013
nyu,649,0.2454977488744372,0.5489614243323442,0.1012
nyu,650,0.24574787393696848,0.5489614243323442,0.101
nyu,651,0.2458729364682341,0.5519287833827893,0.1009
nyu,652,0.24612306153076538,0.5519287833827893,0.1008
nyu,653,0.246248124062031,0.5519287833827893,0.1007
nyu,654,0.2469984992496248,0.5519287833827893,0.1005
nyu,655,0.24724862431215608,0.5548961424332344,0.1004
nyu,656,0.24762381190595298,0.5548961424332344,0.1003
nyu,657,0.24799899949974988,0.5548961424332344,0.1
nyu,658,0.24824912456228115,0.5548961424332344,0.0999
nyu,659,0.24862431215607803,0.5548961424332344,0.0998
nyu,660,0.24874937468734368,0.5578635014836796,0.0997
nyu,661,0.24899949974987493,0.5578635014836796,0.0996
nyu,662,0.24912456228114058,0.5578635014836796,0.0995
nyu,663,0.24987493746873438,0.5578635014836796,0.0994
nyu,664,0.2507503751875938,0.5578635014836796,0.0993
nyu,665,0.2511255627813907,0.5578635014836796,0.0992
nyu,666,0.25125062531265635,0.5578635014836796,0.099
nyu,667,0.2515007503751876,0.5578635014836796,0.0989
nyu,668,0.2515007503751876,0.5608308605341247,0.0988
nyu,669,0.25175087543771885,0.5608308605341247,0.0987
nyu,670,0.25175087543771885,0.5637982195845698,0.0986
nyu,671,0.25250125062531265,0.5637982195845698,0.0983
nyu,672,0.2526263131565783,0.5637982195845698,0.0982
nyu,673,0.2531265632816408,0.5637982195845698,0.0981
nyu,674,0.25325162581290644,0.5637982195845698,0.098
nyu,675,0.2535017508754377,0.5637982195845698,0.0979
nyu,676,0.25362681340670334,0.5637982195845698,0.0978
nyu,677,0.25400200100050024,0.5637982195845698,0.0977
nyu,678,0.2542521260630315,0.5637982195845698,0.0976
nyu,679,0.2545022511255628,0.5667655786350149,0.0974
nyu,680,0.2546273136568284,0.56973293768546,0.0973
nyu,681,0.2548774387193597,0.5727002967359051,0.0972
nyu,682,0.2550025012506253,0.5727002967359051,0.0971
nyu,683,0.2553776888444222,0.5727002967359051,0.097
nyu,684,0.2556278139069535,0.5727002967359051,0.0967
nyu,685,0.2560030015007504,0.5727002967359051,0.0965
nyu,686,0.256128064032016,0.5727002967359051,0.0964
nyu,687,0.2563781890945473,0.5727002967359051,0.0963
nyu,688,0.2568784392196098,0.5727002967359051,0.0962
nyu,689,0.2571285642821411,0.5727002967359051,0.096
nyu,690,0.2578789394697349,0.5727002967359051,0.0957
nyu,691,0.2583791895947974,0.5727002967359051,0.0956
nyu,692,0.2587543771885943,0.5727002967359051,0.0955
nyu,693,0.25887943971985994,0.5756676557863502,0.0954
nyu,694,0.2591295647823912,0.5756676557863502,0.0952
nyu,695,0.2591295647823912,0.5816023738872403,0.0951
nyu,696,0.2595047523761881,0.5845697329376854,0.095
nyu,697,0.259879939969985,0.5845697329376854,0.0949
nyu,698,0.26013006503251623,0.5845697329376854,0.0948
nyu,699,0.26050525262631313,0.5845697329376854,0.0947
nyu,700,0.2610055027513757,0.5845697329376854,0.0944
nyu,701,0.26113056528264134,0.5845697329376854,0.0943
nyu,702,0.26163081540770383,0.5845697329376854,0.0942
nyu,703,0.26188094047023514,0.5845697329376854,0.0941
nyu,704,0.26200600300150073,0.5845697329376854,0.094
nyu,705,0.26263131565782893,0.5845697329376854,0.0939
nyu,706,0.26313156578289143,0.5845697329376854,0.0937
nyu,707,0.2632566283141571,0.5845697329376854,0.0936
nyu,708,0.2640070035017509,0.5845697329376854,0.0934
nyu,709,0.26413206603301653,0.5845697329376854,0.0933
nyu,710,0.26450725362681343,0.5845697329376854,0.0932
nyu,711,0.26463231615807903,0.5845697329376854,0.0931
nyu,712,0.26500750375187593,0.5845697329376854,0.0929
nyu,713,0.2652576288144072,0.5845697329376854,0.0927
nyu,714,0.2656328164082041,0.5845697329376854,0.0926
nyu,715,0.2656328164082041,0.5875370919881305,0.0925
nyu,716,0.2661330665332666,0.5875370919881305,0.0924
nyu,717,0.2668834417208604,0.5875370919881305,0.0922
nyu,718,0.2671335667833917,0.5875370919881305,0.0921
nyu,719,0.2676338169084542,0.5875370919881305,0.092
nyu,720,0.2677588794397199,0.5875370919881305,0.0919
nyu,721,0.2682591295647824,0.5905044510385756,0.0918
nyu,722,0.268384192096048,0.5934718100890207,0.0917
nyu,723,0.26863431715857927,0.5964391691394659,0.0916
nyu,724,0.26938469234617307,0.5964391691394659,0.0912
nyu,725,0.2698849424712356,0.5964391691394659,0.0911
nyu,726,0.27051025512756377,0.5964391691394659,0.091
nyu,727,0.2707603801900951,0.5964391691394659,0.0909
nyu,728,0.27126063031515757,0.599406528189911,0.0908
nyu,729,0.2717608804402201,0.599406528189911,0.0907
nyu,730,0.2718859429714857,0.6023738872403561,0.0906
nyu,731,0.272136068034017,0.6023738872403561,0.0905
nyu,732,0.27276138069034517,0.6023738872403561,0.0904
nyu,733,0.27351175587793897,0.6023738872403561,0.0902
nyu,734,0.2741370685342671,0.6023738872403561,0.0901
nyu,735,0.27426213106553277,0.6053412462908012,0.09
nyu,736,0.2747623811905953,0.6053412462908012,0.0897
nyu,737,0.27501250625312657,0.6053412462908012,0.0896
nyu,738,0.2756378189094547,0.6053412462908012,0.0895
nyu,739,0.275887943971986,0.6053412462908012,0.0894
nyu,740,0.2760130065032516,0.6053412462908012,0.0893
nyu,741,0.2766383191595798,0.6083086053412463,0.0892
nyu,742,0.27726363181590796,0.6083086053412463,0.0891
nyu,743,0.2775137568784392,0.6083086053412463,0.089
nyu,744,0.27763881940970486,0.6083086053412463,0.0889
nyu,745,0.27838919459729866,0.6083086053412463,0.0887
nyu,746,0.2786393196598299,0.6083086053412463,0.0886
nyu,747,0.2790145072536268,0.6083086053412463,0.0885
nyu,748,0.27951475737868936,0.6083086053412463,0.0884
nyu,749,0.28001500750375186,0.6083086053412463,0.0882
nyu,750,0.2805152576288144,0.6083086053412463,0.0881
nyu,751,0.28064032016008006,0.6083086053412463,0.088
nyu,752,0.2808904452226113,0.6083086053412463,0.0879
nyu,753,0.28114057028514255,0.6083086053412463,0.0877
nyu,754,0.28189094547273635,0.6083086053412463,0.0874
nyu,755,0.28301650825412705,0.6112759643916914,0.0873
nyu,756,0.28339169584792395,0.6112759643916914,0.0872
nyu,757,0.2838919459729865,0.6112759643916914,0.087
nyu,758,0.284392196098049,0.6112759643916914,0.0869
nyu,759,0.2846423211605803,0.6112759643916914,0.0868
nyu,760,0.2851425712856428,0.6112759643916914,0.0867
nyu,761,0.2853926963481741,0.6112759643916914,0.0866
nyu,762,0.2855177588794397,0.6112759643916914,0.0865
nyu,763,0.285767883941971,0.6142433234421365,0.0864
nyu,764,0.2858929464732366,0.6142433234421365,0.0863
nyu,765,0.2861430715357679,0.6142433234421365,0.0862
nyu,766,0.2866433216608304,0.6142433234421365,0.0861
nyu,767,0.2870185092546273,0.6142433234421365,0.086
nyu,768,0.2876438219109555,0.6172106824925816,0.0859
nyu,769,0.2883941970985493,0.6172106824925816,0.0857
nyu,770,0.28864432216108055,0.6201780415430267,0.0856
nyu,771,0.28901950975487745,0.6201780415430267,0.0855
nyu,772,0.2891445722861431,0.6231454005934718,0.0854
nyu,773,0.28939469734867435,0.6231454005934718,0.0853
nyu,774,0.2896448224112056,0.6231454005934718,0.0851
nyu,775,0.29064532266133064,0.6231454005934718,0.0849
nyu,776,0.2907703851925963,0.6231454005934718,0.0848
nyu,777,0.29139569784892444,0.6231454005934718,0.0847
nyu,778,0.2915207603801901,0.6231454005934718,0.0845
nyu,779,0.29214607303651824,0.6231454005934718,0.0844
nyu,780,0.29239619809904954,0.6231454005934718,0.0843
nyu,781,0.29277138569284644,0.6231454005934718,0.0842
nyu,782,0.29327163581790894,0.6231454005934718,0.0841
nyu,783,0.29352176088044024,0.6231454005934718,0.084
nyu,784,0.29364682341170584,0.6231454005934718,0.0839
nyu,785,0.29427213606803404,0.6231454005934718,0.0838
nyu,786,0.29464732366183094,0.6231454005934718,0.0837
nyu,787,0.29514757378689344,0.6231454005934718,0.0836
nyu,788,0.29589794897448723,0.6231454005934718,0.0835
nyu,789,0.2963981990995498,0.6231454005934718,0.0834
nyu,790,0.2968984492246123,0.6261127596439169,0.0832
nyu,791,0.2976488244122061,0.6261127596439169,0.0829
nyu,792,0.29852426213106553,0.629080118694362,0.0828
nyu,793,0.2987743871935968,0.6320474777448071,0.0827
nyu,794,0.2990245122561281,0.6320474777448071,0.0826
nyu,795,0.2997748874437219,0.6320474777448071,0.0824
nyu,796,0.3002751375687844,0.6320474777448071,0.0823
nyu,797,0.3009004502251126,0.6320474777448071,0.0821
nyu,798,0.30115057528764383,0.6350148367952523,0.082
nyu,799,0.3014007003501751,0.6350148367952523,0.0819
nyu,800,0.301775887943972,0.6350148367952523,0.0818
nyu,801,0.302776388194097,0.6350148367952523,0.0816
nyu,802,0.3036518259129565,0.6350148367952523,0.0815
nyu,803,0.3039019509754877,0.6350148367952523,0.0814
nyu,804,0.3045272636318159,0.6350148367952523,0.0813
nyu,805,0.3052776388194097,0.6350148367952523,0.0812
nyu,806,0.3057778889444722,0.6350148367952523,0.081
nyu,807,0.3064032016008004,0.6350148367952523,0.0809
nyu,808,0.3071535767883942,0.6350148367952523,0.0807
nyu,809,0.3072786393196598,0.6350148367952523,0.0806
nyu,810,0.30777888944472237,0.6350148367952523,0.0805
nyu,811,0.3080290145072536,0.6379821958456974,0.0804
nyu,812,0.30852926463231617,0.6379821958456974,0.0802
nyu,813,0.31003001500750377,0.6379821958456974,0.0799
nyu,814,0.31015507753876936,0.6379821958456974,0.0798
nyu,815,0.3106553276638319,0.6379821958456974,0.0797
nyu,816,0.31165582791395696,0.6379821958456974,0.0796
nyu,817,0.31203101550775386,0.6409495548961425,0.0795
nyu,818,0.3125312656328164,0.6409495548961425,0.0794
nyu,819,0.3129064532266133,0.6409495548961425,0.0793
nyu,820,0.31353176588294146,0.6409495548961425,0.0792
nyu,821,0.3144072036018009,0.6409495548961425,0.0791
nyu,822,0.3147823911955978,0.6409495548961425,0.079
nyu,823,0.31503251625812906,0.6409495548961425,0.0788
nyu,824,0.31540770385192596,0.6409495548961425,0.0787
nyu,825,0.3159079539769885,0.6409495548961425,0.0786
nyu,826,0.3162831415707854,0.6409495548961425,0.0785
nyu,827,0.31690845422711356,0.6409495548961425,0.0784
nyu,828,0.31765882941470736,0.6439169139465876,0.0783
nyu,829,0.317783891945973,0.6439169139465876,0.0782
nyu,830,0.31803401700850426,0.6439169139465876,0.0781
nyu,831,0.3182841420710355,0.6468842729970327,0.078
nyu,832,0.31878439219609805,0.6468842729970327,0.0779
nyu,833,0.3192846423211606,0.6498516320474778,0.0778
nyu,834,0.31990995497748875,0.6498516320474778,0.0777
nyu,835,0.3209104552276138,0.6498516320474778,0.0775
nyu,836,0.32216108054027015,0.6498516320474778,0.0773
nyu,837,0.3227863931965983,0.6528189910979229,0.0772
nyu,838,0.3235367683841921,0.6528189910979229,0.0771
nyu,839,0.32403701850925465,0.6528189910979229,0.077
nyu,840,0.3242871435717859,0.6528189910979229,0.0769
nyu,841,0.32478739369684845,0.6528189910979229,0.0768
nyu,842,0.32553776888444225,0.6528189910979229,0.0767
nyu,843,0.326288144072036,0.655786350148368,0.0765
nyu,844,0.3266633316658329,0.655786350148368,0.0764
nyu,845,0.3269134567283642,0.658753709198813,0.0763
nyu,846,0.32753876938469234,0.6617210682492581,0.0762
nyu,847,0.3281640820410205,0.6617210682492581,0.0761
nyu,848,0.32903951975987994,0.6617210682492581,0.076
nyu,849,0.32978989494747374,0.6617210682492581,0.0759
nyu,850,0.3299149574787394,0.6617210682492581,0.0758
nyu,851,0.3302901450725363,0.6617210682492581,0.0757
nyu,852,0.3315407703851926,0.6617210682492581,0.0755
nyu,853,0.3319159579789895,0.6617210682492581,0.0754
nyu,854,0.33241620810405204,0.6617210682492581,0.0753
nyu,855,0.33279139569784894,0.6617210682492581,0.0752
nyu,856,0.33404202101050523,0.6617210682492581,0.0751
nyu,857,0.33441720860430213,0.6617210682492581,0.075
nyu,858,0.3349174587293647,0.6646884272997032,0.0749
nyu,859,0.33541770885442723,0.6646884272997032,0.0748
nyu,860,0.3360430215107554,0.6646884272997032,0.0747
nyu,861,0.3366683341670835,0.6676557863501483,0.0746
nyu,862,0.3367933966983492,0.6676557863501483,0.0745
nyu,863,0.3377938969484742,0.6676557863501483,0.0744
nyu,864,0.3384192096048024,0.6676557863501483,0.0743
nyu,865,0.3389194597298649,0.6676557863501483,0.0742
nyu,866,0.3392946473236618,0.6676557863501483,0.0741
nyu,867,0.3397948974487244,0.6676557863501483,0.074
nyu,868,0.33991995997998997,0.6676557863501483,0.0739
nyu,869,0.3401700850425213,0.6676557863501483,0.0738
nyu,870,0.341295647823912,0.6676557863501483,0.0737
nyu,871,0.3416708354177089,0.6676557863501483,0.0736
nyu,872,0.3419209604802401,0.6676557863501483,0.0735
nyu,873,0.3424212106053027,0.6706231454005934,0.0734
nyu,874,0.3430465232616308,0.6706231454005934,0.0733
nyu,875,0.3434217108554277,0.6706231454005934,0.0732
nyu,876,0.3441720860430215,0.6706231454005934,0.0731
nyu,877,0.34442221110555277,0.6735905044510386,0.073
nyu,878,0.3449224612306153,0.6735905044510386,0.0729
nyu,879,0.3450475237618809,0.6735905044510386,0.0728
nyu,880,0.3452976488244122,0.6735905044510386,0.0727
nyu,881,0.3464232116058029,0.6765578635014837,0.0726
nyu,882,0.3469234617308654,0.6765578635014837,0.0725
nyu,883,0.3472986493246623,0.6765578635014837,0.0724
nyu,884,0.3479239619809905,0.6765578635014837,0.0723
nyu,885,0.348424212106053,0.6765578635014837,0.0722
nyu,886,0.3490495247623812,0.6765578635014837,0.0721
nyu,887,0.3494247123561781,0.6765578635014837,0.072
nyu,888,0.3501750875437719,0.6765578635014837,0.0719
nyu,889,0.35080040020010006,0.6765578635014837,0.0718
nyu,890,0.35155077538769386,0.6765578635014837,0.0717
nyu,891,0.352176088044022,0.6765578635014837,0.0716
nyu,892,0.3529264632316158,0.6765578635014837,0.0715
nyu,893,0.3533016508254127,0.6795252225519288,0.0714
nyu,894,0.35417708854427216,0.6795252225519288,0.0713
nyu,895,0.35467733866933465,0.6795252225519288,0.0712
nyu,896,0.35542771385692845,0.685459940652819,0.0711
nyu,897,0.35655327663831915,0.685459940652819,0.071
nyu,898,0.35730365182591295,0.685459940652819,0.0709
nyu,899,0.3578039019509755,0.685459940652819,0.0708
nyu,900,0.3579289644822411,0.685459940652819,0.0707
nyu,901,0.35880440220110055,0.6884272997032641,0.0706
nyu,902,0.3593046523261631,0.6884272997032641,0.0705
nyu,903,0.35967983991996,0.6884272997032641,0.0704
nyu,904,0.35967983991996,0.6913946587537092,0.0703
nyu,905,0.3600550275137569,0.6943620178041543,0.0702
nyu,906,0.3609304652326163,0.6943620178041543,0.0701
nyu,907,0.3616808404202101,0.6943620178041543,0.0699
nyu,908,0.36255627813906954,0.6943620178041543,0.0698
nyu,909,0.3635567783891946,0.6943620178041543,0.0697
nyu,910,0.3650575287643822,0.6943620178041543,0.0695
nyu,911,0.365807903951976,0.6943620178041543,0.0693
nyu,912,0.3665582791395698,0.6943620178041543,0.0692
nyu,913,0.3669334667333667,0.6973293768545994,0.0691
nyu,914,0.36818409204602304,0.6973293768545994,0.069
nyu,915,0.36868434217108553,0.6973293768545994,0.0689
nyu,916,0.3704352176088044,0.6973293768545994,0.0687
nyu,917,0.3710605302651326,0.6973293768545994,0.0686
nyu,918,0.3714357178589295,0.6973293768545994,0.0685
nyu,919,0.3718109054527264,0.7002967359050445,0.0684
nyu,920,0.3725612806403202,0.7062314540059347,0.0683
nyu,921,0.3729364682341171,0.7062314540059347,0.0682
nyu,922,0.3734367183591796,0.7062314540059347,0.0681
nyu,923,0.3740620310155078,0.7062314540059347,0.068
nyu,924,0.3745622811405703,0.7062314540059347,0.0679
nyu,925,0.3760630315157579,0.7062314540059347,0.0677
nyu,926,0.3765632816408204,0.7062314540059347,0.0676
nyu,927,0.3769384692346173,0.7062314540059347,0.0675
nyu,928,0.3784392196098049,0.7062314540059347,0.0673
nyu,929,0.3789394697348674,0.7062314540059347,0.0672
nyu,930,0.3795647823911956,0.7062314540059347,0.0671
nyu,931,0.380440220110055,0.7091988130563798,0.067
nyu,932,0.3811905952976488,0.7091988130563798,0.0669
nyu,933,0.38144072036018006,0.7091988130563798,0.0668
nyu,934,0.38181590795397696,0.7091988130563798,0.0667
nyu,935,0.38244122061030517,0.712166172106825,0.0666
nyu,936,0.38281640820410207,0.712166172106825,0.0665
nyu,937,0.38406703351675836,0.712166172106825,0.0663
nyu,938,0.38444222111055526,0.712166172106825,0.0662
nyu,939,0.38619309654827416,0.712166172106825,0.066
nyu,940,0.38656828414207106,0.712166172106825,0.0659
nyu,941,0.38706853426713356,0.712166172106825,0.0658
nyu,942,0.38744372186093046,0.712166172106825,0.0657
nyu,943,0.3880690345172586,0.712166172106825,0.0656
nyu,944,0.3888194097048524,0.712166172106825,0.0654
nyu,945,0.3895697848924462,0.712166172106825,0.0653
nyu,946,0.3899449724862431,0.712166172106825,0.0652
nyu,947,0.3905702851425713,0.712166172106825,0.0651
nyu,948,0.3906953476738369,0.712166172106825,0.065
nyu,949,0.3913206603301651,0.7151335311572701,0.0649
nyu,950,0.3920710355177589,0.7151335311572701,0.0647
nyu,951,0.3921960980490245,0.7151335311572701,0.0646
nyu,952,0.39307153576788395,0.7151335311572701,0.0645
nyu,953,0.39382191095547775,0.7181008902077152,0.0644
nyu,954,0.39544772386193094,0.7210682492581603,0.0643
nyu,955,0.39619809904952474,0.7210682492581603,0.0641
nyu,956,0.39719859929964985,0.7210682492581603,0.064
nyu,957,0.397823911955978,0.7210682492581603,0.0639
nyu,958,0.39882441220610304,0.7210682492581603,0.0638
nyu,959,0.3989494747373687,0.7210682492581603,0.0637
nyu,960,0.39994997498749374,0.7210682492581603,0.0635
nyu,961,0.4005752876438219,0.7240356083086054,0.0634
nyu,962,0.4009504752376188,0.7240356083086054,0.0633
nyu,963,0.40107553776888444,0.7240356083086054,0.0632
nyu,964,0.4017008504252126,0.7240356083086054,0.0631
nyu,965,0.4020760380190095,0.7270029673590505,0.063
nyu,966,0.4027013506753377,0.7270029673590505,0.0629
nyu,967,0.4030765382691346,0.7270029673590505,0.0628
nyu,968,0.4038269134567284,0.7270029673590505,0.0627
nyu,969,0.4042021010505253,0.7270029673590505,0.0626
nyu,970,0.4049524762381191,0.7270029673590505,0.0625
nyu,971,0.40595297648824413,0.7270029673590505,0.0623
nyu,972,0.4072036018009004,0.7270029673590505,0.0621
nyu,973,0.4084542271135568,0.7270029673590505,0.062
nyu,974,0.4102051025512756,0.7270029673590505,0.0618
nyu,975,0.4105802901450725,0.7270029673590505,0.0617
nyu,976,0.4112056028014007,0.7270029673590505,0.0616
nyu,977,0.4117058529264632,0.7270029673590505,0.0615
nyu,978,0.4125812906453227,0.7270029673590505,0.0614
nyu,979,0.4128314157078539,0.7270029673590505,0.0613
nyu,980,0.41383191595797897,0.7270029673590505,0.0612
nyu,981,0.4143321660830415,0.7270029673590505,0.0611
nyu,982,0.41520760380190097,0.7270029673590505,0.061
nyu,983,0.41595797898949477,0.7270029673590505,0.0609
nyu,984,0.41645822911455727,0.7270029673590505,0.0608
nyu,985,0.41708354177088547,0.7270029673590505,0.0607
nyu,986,0.41720860430215106,0.7270029673590505,0.0606
nyu,987,0.4178339169584792,0.7270029673590505,0.0605
nyu,988,0.4182091045522761,0.7270029673590505,0.0604
nyu,989,0.4188344172086043,0.7270029673590505,0.0603
nyu,990,0.419959979989995,0.7270029673590505,0.0602
nyu,991,0.4208354177088544,0.7270029673590505,0.0601
nyu,992,0.4219609804902451,0.7270029673590505,0.06
nyu,993,0.4222111055527764,0.7270029673590505,0.0599
nyu,994,0.4229614807403702,0.7270029673590505,0.0598
nyu,995,0.42433716858429216,0.7270029673590505,0.0597
nyu,996,0.42508754377188596,0.7270029673590505,0.0596
nyu,997,0.4257128564282141,0.7270029673590505,0.0595
nyu,998,0.42621310655327665,0.7270029673590505,0.0594
nyu,999,0.4264632316158079,0.7270029673590505,0.0593
nyu,1000,0.4272136068034017,0.7270029673590505,0.0592
nyu,1001,0.42771385692846425,0.7270029673590505,0.0591
nyu,1002,0.42808904452226115,0.7270029673590505,0.059
nyu,1003,0.42883941970985495,0.7270029673590505,0.0589
nyu,1004,0.4294647323661831,0.7270029673590505,0.0588
nyu,1005,0.4302151075537769,0.7270029673590505,0.0587
nyu,1006,0.4313406703351676,0.7270029673590505,0.0586
nyu,1007,0.432216108054027,0.7270029673590505,0.0585
nyu,1008,0.4328414207103552,0.7270029673590505,0.0584
nyu,1009,0.4333416708354177,0.7270029673590505,0.0583
nyu,1010,0.4343421710855428,0.7270029673590505,0.0582
nyu,1011,0.4348424212106053,0.7270029673590505,0.0581
nyu,1012,0.43684342171085544,0.7270029673590505,0.0579
nyu,1013,0.43734367183591794,0.7270029673590505,0.0578
nyu,1014,0.43909454727363684,0.7270029673590505,0.0576
nyu,1015,0.43984492246123064,0.7270029673590505,0.0575
nyu,1016,0.44022011005502754,0.7270029673590505,0.0574
nyu,1017,0.44134567283641823,0.7270029673590505,0.0573
nyu,1018,0.4419709854927464,0.7299703264094956,0.0572
nyu,1019,0.44259629814907453,0.7299703264094956,0.0571
nyu,1020,0.44372186093046523,0.7299703264094956,0.057
nyu,1021,0.44409704852426213,0.7299703264094956,0.0569
nyu,1022,0.4447223611805903,0.7299703264094956,0.0568
nyu,1023,0.4450975487743872,0.7299703264094956,0.0567
nyu,1024,0.4457228614307154,0.7299703264094956,0.0566
nyu,1025,0.4469734867433717,0.7299703264094956,0.0565
nyu,1026,0.44772386193096547,0.7299703264094956,0.0564
nyu,1027,0.4485992996498249,0.7329376854599406,0.0563
nyu,1028,0.4493496748374187,0.7359050445103857,0.0562
nyu,1029,0.4498499249624812,0.7388724035608308,0.0561
nyu,1030,0.4504752376188094,0.7418397626112759,0.056
nyu,1031,0.4508504252126063,0.7418397626112759,0.0559
nyu,1032,0.4517258629314657,0.7418397626112759,0.0558
nyu,1033,0.4523511755877939,0.744807121661721,0.0557
nyu,1034,0.4528514257128564,0.7477744807121661,0.0556
nyu,1035,0.4534767383691846,0.7477744807121661,0.0555
nyu,1036,0.454352176088044,0.7477744807121661,0.0554
nyu,1037,0.45485242621310656,0.7477744807121661,0.0553
nyu,1038,0.4558529264632316,0.7477744807121661,0.0552
nyu,1039,0.4566033016508254,0.7477744807121661,0.0551
nyu,1040,0.45747873936968486,0.7477744807121661,0.055
nyu,1041,0.45835417708854426,0.7507418397626113,0.0549
nyu,1042,0.45947973986993496,0.7507418397626113,0.0548
nyu,1043,0.46048024012006,0.7507418397626113,0.0547
nyu,1044,0.4608554277138569,0.7507418397626113,0.0546
nyu,1045,0.461855927963982,0.7507418397626113,0.0544
nyu,1046,0.4631065532766383,0.7507418397626113,0.0543
nyu,1047,0.4637318659329665,0.7537091988130564,0.0542
nyu,1048,0.4646073036518259,0.7537091988130564,0.0541
nyu,1049,0.4657328664332166,0.7537091988130564,0.054
nyu,1050,0.46623311655827915,0.7537091988130564,0.0539
nyu,1051,0.4672336168084042,0.7537091988130564,0.0538
nyu,1052,0.4698599299649825,0.7537091988130564,0.0535
nyu,1053,0.47048524262131064,0.7537091988130564,0.0534
nyu,1054,0.47148574287143574,0.7537091988130564,0.0533
nyu,1055,0.47198599299649824,0.7537091988130564,0.0532
nyu,1056,0.4732366183091546,0.7537091988130564,0.0531
nyu,1057,0.47348674337168584,0.7537091988130564,0.053
nyu,1058,0.4739869934967484,0.7537091988130564,0.0529
nyu,1059,0.4743621810905453,0.7537091988130564,0.0528
nyu,1060,0.4752376188094047,0.7537091988130564,0.0527
nyu,1061,0.4767383691845923,0.7537091988130564,0.0525
nyu,1062,0.47723861930965483,0.7537091988130564,0.0524
nyu,1063,0.4782391195597799,0.7537091988130564,0.0523
nyu,1064,0.4792396198099049,0.7566765578635015,0.0522
nyu,1065,0.4799899949974987,0.7566765578635015,0.0521
nyu,1066,0.48024012006003003,0.7566765578635015,0.052
nyu,1067,0.48099049524762383,0.7566765578635015,0.0519
nyu,1068,0.4818659329664832,0.7566765578635015,0.0518
nyu,1069,0.4824912456228114,0.7566765578635015,0.0517
nyu,1070,0.4829914957478739,0.7566765578635015,0.0516
nyu,1071,0.4841170585292646,0.7566765578635015,0.0515
nyu,1072,0.4848674337168584,0.7596439169139466,0.0514
nyu,1073,0.48536768384192097,0.7596439169139466,0.0513
nyu,1074,0.48661830915457727,0.7596439169139466,0.0512
nyu,1075,0.48736868434217107,0.7596439169139466,0.0511
nyu,1076,0.4878689344672336,0.7596439169139466,0.051
nyu,1077,0.48849424712356176,0.7596439169139466,0.0509
nyu,1078,0.4889944972486243,0.7596439169139466,0.0508
nyu,1079,0.490120060030015,0.7596439169139466,0.0507
nyu,1080,0.4908704352176088,0.7596439169139466,0.0506
nyu,1081,0.4919959979989995,0.7596439169139466,0.0505
nyu,1082,0.4928714357178589,0.7626112759643917,0.0504
nyu,1083,0.4936218109054527,0.7626112759643917,0.0503
nyu,1084,0.4947473736868434,0.7626112759643917,0.0502
nyu,1085,0.4949974987493747,0.7626112759643917,0.0501
nyu,1086,0.496248124062031,0.7626112759643917,0.05
nyu,1087,0.4969984992496248,0.7626112759643917,0.0499
nyu,1088,0.49749874937468735,0.7626112759643917,0.0498
nyu,1089,0.4981240620310155,0.7626112759643917,0.0497
nyu,1090,0.49912456228114055,0.7626112759643917,0.0496
nyu,1091,0.5005002501250625,0.7626112759643917,0.0495
nyu,1092,0.501375687843922,0.7626112759643917,0.0494
nyu,1093,0.5018759379689844,0.7626112759643917,0.0493
nyu,1094,0.5035017508754377,0.7626112759643917,0.0492
nyu,1095,0.5043771885942971,0.7626112759643917,0.0491
nyu,1096,0.5063781890945472,0.7626112759643917,0.0489
nyu,1097,0.5068784392196098,0.7626112759643917,0.0488
nyu,1098,0.507503751875938,0.7655786350148368,0.0487
nyu,1099,0.5088794397198599,0.7655786350148368,0.0486
nyu,1100,0.5101300650325162,0.7685459940652819,0.0485
nyu,1101,0.5121310655327664,0.7685459940652819,0.0483
nyu,1102,0.5130065032516258,0.7685459940652819,0.0482
nyu,1103,0.5136318159079539,0.7685459940652819,0.0481
nyu,1104,0.5145072536268134,0.7685459940652819,0.048
nyu,1105,0.515007503751876,0.7685459940652819,0.0479
nyu,1106,0.5163831915957979,0.7685459940652819,0.0478
nyu,1107,0.5170085042521261,0.7685459940652819,0.0477
nyu,1108,0.5175087543771886,0.7685459940652819,0.0476
nyu,1109,0.518384192096048,0.7685459940652819,0.0475
nyu,1110,0.5193846923461731,0.7685459940652819,0.0474
nyu,1111,0.5207603801900951,0.7685459940652819,0.0473
nyu,1112,0.5213856928464232,0.7685459940652819,0.0472
nyu,1113,0.5217608804402201,0.7685459940652819,0.0471
nyu,1114,0.5232616308154077,0.7685459940652819,0.047
nyu,1115,0.5242621310655328,0.7685459940652819,0.0469
nyu,1116,0.5246373186593296,0.7685459940652819,0.0468
nyu,1117,0.5253876938469234,0.7685459940652819,0.0467
nyu,1118,0.5263881940970485,0.7685459940652819,0.0466
nyu,1119,0.5270135067533767,0.771513353115727,0.0465
nyu,1120,0.5285142571285643,0.771513353115727,0.0464
nyu,1121,0.5291395697848924,0.771513353115727,0.0463
nyu,1122,0.5302651325662832,0.771513353115727,0.0462
nyu,1123,0.5315157578789395,0.771513353115727,0.0461
nyu,1124,0.5325162581290646,0.771513353115727,0.046
nyu,1125,0.5331415707853927,0.771513353115727,0.0459
nyu,1126,0.5341420710355178,0.7744807121661721,0.0458
nyu,1127,0.5361430715357679,0.7744807121661721,0.0457
nyu,1128,0.5370185092546274,0.7744807121661721,0.0456
nyu,1129,0.5383941970985493,0.7744807121661721,0.0455
nyu,1130,0.5392696348174087,0.7744807121661721,0.0454
nyu,1131,0.5407703851925963,0.7744807121661721,0.0452
nyu,1132,0.5427713856928464,0.7744807121661721,0.0451
nyu,1133,0.5433966983491746,0.7744807121661721,0.045
nyu,1134,0.5441470735367684,0.7744807121661721,0.0449
nyu,1135,0.5466483241620811,0.7744807121661721,0.0447
nyu,1136,0.5482741370685342,0.7774480712166172,0.0446
nyu,1137,0.549399699849925,0.7774480712166172,0.0445
nyu,1138,0.5512756378189094,0.7774480712166172,0.0444
nyu,1139,0.5524012006003002,0.7774480712166172,0.0443
nyu,1140,0.5532766383191596,0.7774480712166172,0.0442
nyu,1141,0.5539019509754878,0.7774480712166172,0.0441
nyu,1142,0.554152076038019,0.7774480712166172,0.044
nyu,1143,0.5546523261630816,0.7774480712166172,0.0439
nyu,1144,0.5559029514757379,0.7774480712166172,0.0438
nyu,1145,0.5576538269134568,0.7774480712166172,0.0436
nyu,1146,0.5584042021010506,0.7774480712166172,0.0435
nyu,1147,0.5589044522261131,0.7774480712166172,0.0434
nyu,1148,0.5600300150075037,0.7774480712166172,0.0433
nyu,1149,0.5607803901950975,0.7774480712166172,0.0432
nyu,1150,0.5617808904452226,0.7774480712166172,0.0431
nyu,1151,0.5624062031015508,0.7774480712166172,0.043
nyu,1152,0.5634067033516759,0.7774480712166172,0.0429
nyu,1153,0.5645322661330665,0.7774480712166172,0.0428
nyu,1154,0.5661580790395198,0.7774480712166172,0.0427
nyu,1155,0.5666583291645823,0.7774480712166172,0.0426
nyu,1156,0.567783891945973,0.7804154302670623,0.0425
nyu,1157,0.5696598299149574,0.7804154302670623,0.0424
nyu,1158,0.5704102051025512,0.7804154302670623,0.0423
nyu,1159,0.5706603301650826,0.7804154302670623,0.0422
nyu,1160,0.5717858929464732,0.7804154302670623,0.0421
nyu,1161,0.5726613306653326,0.7804154302670623,0.042
nyu,1162,0.5736618309154577,0.7804154302670623,0.0419
nyu,1163,0.5745372686343172,0.7804154302670623,0.0418
nyu,1164,0.5750375187593797,0.7804154302670623,0.0417
nyu,1165,0.5757878939469735,0.7804154302670623,0.0416
nyu,1166,0.5767883941970986,0.7804154302670623,0.0415
nyu,1167,0.5775387693846924,0.7804154302670623,0.0414
nyu,1168,0.5784142071035517,0.7833827893175074,0.0413
nyu,1169,0.5797898949474737,0.7863501483679525,0.0412
nyu,1170,0.5809154577288644,0.7863501483679525,0.0411
nyu,1171,0.5821660830415207,0.7863501483679525,0.041
nyu,1172,0.5827913956978489,0.7863501483679525,0.0409
nyu,1173,0.5842921460730365,0.7863501483679525,0.0408
nyu,1174,0.5851675837918959,0.7893175074183977,0.0407
nyu,1175,0.586168084042021,0.7893175074183977,0.0406
nyu,1176,0.5866683341670835,0.7893175074183977,0.0405
nyu,1177,0.5881690845422711,0.7893175074183977,0.0404
nyu,1178,0.5894197098549274,0.7893175074183977,0.0403
nyu,1179,0.5905452726363182,0.7893175074183977,0.0402
nyu,1180,0.5920460230115058,0.7893175074183977,0.0401
nyu,1181,0.5930465232616308,0.7893175074183977,0.04
nyu,1182,0.5934217108554277,0.7893175074183977,0.0399
nyu,1183,0.5942971485742872,0.7893175074183977,0.0398
nyu,1184,0.5957978989494748,0.7893175074183977,0.0397
nyu,1185,0.5966733366683342,0.7893175074183977,0.0396
nyu,1186,0.5977988994497249,0.7893175074183977,0.0395
nyu,1187,0.59879939969985,0.7893175074183977,0.0394
nyu,1188,0.6003001500750376,0.7893175074183977,0.0393
nyu,1189,0.6018009004502252,0.7922848664688428,0.0392
nyu,1190,0.6030515257628815,0.7922848664688428,0.0391
nyu,1191,0.6051775887943972,0.7922848664688428,0.039
nyu,1192,0.6056778389194597,0.7922848664688428,0.0389
nyu,1193,0.6065532766383191,0.7922848664688428,0.0388
nyu,1194,0.607303651825913,0.7922848664688428,0.0387
nyu,1195,0.6086793396698349,0.7922848664688428,0.0386
nyu,1196,0.6098049024512256,0.7922848664688428,0.0385
nyu,1197,0.6111805902951476,0.7922848664688428,0.0384
nyu,1198,0.6116808404202101,0.7922848664688428,0.0383
nyu,1199,0.6125562781390695,0.7922848664688428,0.0382
nyu,1200,0.6139319659829915,0.7952522255192879,0.0381
nyu,1201,0.6150575287643822,0.7952522255192879,0.038
nyu,1202,0.6160580290145072,0.7952522255192879,0.0379
nyu,1203,0.616808404202101,0.7952522255192879,0.0378
nyu,1204,0.6188094047023511,0.7952522255192879,0.0377
nyu,1205,0.6214357178589295,0.7952522255192879,0.0374
nyu,1206,0.6229364682341171,0.7952522255192879,0.0373
nyu,1207,0.6241870935467734,0.7952522255192879,0.0372
nyu,1208,0.6253126563281641,0.7952522255192879,0.0371
nyu,1209,0.6259379689844923,0.7952522255192879,0.037
nyu,1210,0.6264382191095548,0.7952522255192879,0.0369
nyu,1211,0.6281890945472737,0.7952522255192879,0.0367
nyu,1212,0.6293146573286643,0.7952522255192879,0.0366
nyu,1213,0.6306903451725863,0.7952522255192879,0.0365
nyu,1214,0.6323161580790395,0.7952522255192879,0.0364
nyu,1215,0.6334417208604303,0.7952522255192879,0.0363
nyu,1216,0.6351925962981491,0.7952522255192879,0.0362
nyu,1217,0.6359429714857429,0.798219584569733,0.0361
nyu,1218,0.6373186593296648,0.798219584569733,0.036
nyu,1219,0.6380690345172586,0.798219584569733,0.0359
nyu,1220,0.6391945972986494,0.798219584569733,0.0358
nyu,1221,0.6398199099549775,0.798219584569733,0.0357
nyu,1222,0.6410705352676338,0.798219584569733,0.0356
nyu,1223,0.641695847923962,0.798219584569733,0.0355
nyu,1224,0.6428214107053527,0.798219584569733,0.0354
nyu,1225,0.6443221610805403,0.798219584569733,0.0353
nyu,1226,0.6456978489244622,0.8011869436201781,0.0352
nyu,1227,0.647448724362181,0.8011869436201781,0.0351
nyu,1228,0.6481990995497748,0.8011869436201781,0.035
nyu,1229,0.6495747873936969,0.8011869436201781,0.0349
nyu,1230,0.6513256628314157,0.8011869436201781,0.0348
nyu,1231,0.6520760380190095,0.8011869436201781,0.0347
nyu,1232,0.6533266633316658,0.8011869436201781,0.0346
nyu,1233,0.6548274137068534,0.8011869436201781,0.0345
nyu,1234,0.6560780390195098,0.8011869436201781,0.0344
nyu,1235,0.6565782891445723,0.8011869436201781,0.0343
nyu,1236,0.6578289144572286,0.8011869436201781,0.0342
nyu,1237,0.6593296648324162,0.8011869436201781,0.034
nyu,1238,0.6599549774887443,0.8041543026706232,0.0339
nyu,1239,0.6612056028014007,0.8041543026706232,0.0337
nyu,1240,0.6629564782391195,0.8041543026706232,0.0336
nyu,1241,0.6649574787393697,0.8071216617210683,0.0335
nyu,1242,0.6659579789894947,0.8071216617210683,0.0334
nyu,1243,0.667583791895948,0.8071216617210683,0.0333
nyu,1244,0.6683341670835418,0.8071216617210683,0.0332
nyu,1245,0.6708354177088545,0.8071216617210683,0.033
nyu,1246,0.6715857928964483,0.8071216617210683,0.0329
nyu,1247,0.6732116058029014,0.8071216617210683,0.0328
nyu,1248,0.6743371685842922,0.8071216617210683,0.0327
nyu,1249,0.6757128564282141,0.8071216617210683,0.0326
nyu,1250,0.6769634817408704,0.8071216617210683,0.0325
nyu,1251,0.6780890445222612,0.8071216617210683,0.0324
nyu,1252,0.6790895447723861,0.8071216617210683,0.0323
nyu,1253,0.6804652326163082,0.8100890207715133,0.0322
nyu,1254,0.6818409204602301,0.8100890207715133,0.0321
nyu,1255,0.6834667333666833,0.8130563798219584,0.032
nyu,1256,0.6838419209604802,0.8160237388724035,0.0319
nyu,1257,0.6847173586793397,0.8189910979228486,0.0318
nyu,1258,0.6880940470235117,0.8189910979228486,0.0315
nyu,1259,0.6894697348674337,0.8189910979228486,0.0314
nyu,1260,0.6907203601800901,0.8219584569732937,0.0313
nyu,1261,0.6924712356178089,0.8219584569732937,0.0312
nyu,1262,0.693471735867934,0.8219584569732937,0.0311
nyu,1263,0.6945972986493246,0.8219584569732937,0.031
nyu,1264,0.6959729864932466,0.8219584569732937,0.0309
nyu,1265,0.698224112056028,0.8219584569732937,0.0308
nyu,1266,0.6989744872436218,0.8219584569732937,0.0307
nyu,1267,0.7012256128064032,0.8219584569732937,0.0305
nyu,1268,0.7026013006503251,0.8219584569732937,0.0304
nyu,1269,0.7034767383691846,0.8219584569732937,0.0303
nyu,1270,0.7051025512756378,0.8219584569732937,0.0302
nyu,1271,0.7063531765882941,0.8219584569732937,0.0301
nyu,1272,0.7093546773386693,0.8219584569732937,0.0299
nyu,1273,0.7109804902451226,0.8219584569732937,0.0298
nyu,1274,0.7122311155577788,0.8219584569732937,0.0297
nyu,1275,0.7129814907453726,0.8219584569732937,0.0296
nyu,1276,0.715232616308154,0.8249258160237388,0.0295
nyu,1277,0.7167333666833416,0.827893175074184,0.0294
nyu,1278,0.7176088044022011,0.8308605341246291,0.0293
nyu,1279,0.7191095547773887,0.8308605341246291,0.0292
nyu,1280,0.7204852426213106,0.8308605341246291,0.0291
nyu,1281,0.7218609304652326,0.8338278931750742,0.029
nyu,1282,0.7242371185592796,0.8338278931750742,0.0289
nyu,1283,0.7257378689344672,0.8338278931750742,0.0288
nyu,1284,0.7276138069034517,0.8338278931750742,0.0287
nyu,1285,0.7287393696848424,0.8367952522255193,0.0286
nyu,1286,0.7301150575287644,0.8367952522255193,0.0285
nyu,1287,0.7313656828414207,0.8367952522255193,0.0284
nyu,1288,0.7328664332166083,0.8397626112759644,0.0283
nyu,1289,0.7337418709354677,0.8427299703264095,0.0282
nyu,1290,0.734992496248124,0.8427299703264095,0.0281
nyu,1291,0.7367433716858429,0.8486646884272997,0.028
nyu,1292,0.7388694347173587,0.8486646884272997,0.0279
nyu,1293,0.7404952476238119,0.8516320474777448,0.0278
nyu,1294,0.7416208104052026,0.857566765578635,0.0277
nyu,1295,0.7427463731865933,0.857566765578635,0.0276
nyu,1296,0.7441220610305153,0.8605341246290801,0.0275
nyu,1297,0.747623811905953,0.8605341246290801,0.0273
nyu,1298,0.7516258129064533,0.8605341246290801,0.0271
nyu,1299,0.7531265632816408,0.8605341246290801,0.027
nyu,1300,0.7548774387193596,0.8605341246290801,0.0269
nyu,1301,0.7572536268134067,0.8605341246290801,0.0268
nyu,1302,0.7587543771885943,0.8605341246290801,0.0267
nyu,1303,0.7606303151575788,0.8605341246290801,0.0266
nyu,1304,0.762256128064032,0.8605341246290801,0.0265
nyu,1305,0.7636318159079539,0.8605341246290801,0.0264
nyu,1306,0.7653826913456728,0.8635014836795252,0.0263
nyu,1307,0.7665082541270636,0.8635014836795252,0.0262
nyu,1308,0.7685092546273137,0.8635014836795252,0.0261
nyu,1309,0.7702601300650325,0.8635014836795252,0.026
nyu,1310,0.772136068034017,0.8635014836795252,0.0259
nyu,1311,0.7733866933466733,0.8635014836795252,0.0258
nyu,1312,0.7751375687843922,0.8664688427299704,0.0257
nyu,1313,0.775887943971986,0.8694362017804155,0.0256
nyu,1314,0.7775137568784393,0.8694362017804155,0.0255
nyu,1315,0.7790145072536269,0.8724035608308606,0.0254
nyu,1316,0.78064032016008,0.8724035608308606,0.0253
nyu,1317,0.7823911955977989,0.8724035608308606,0.0252
nyu,1318,0.7835167583791895,0.8724035608308606,0.0251
nyu,1319,0.7851425712856428,0.8724035608308606,0.025
nyu,1320,0.7870185092546274,0.8724035608308606,0.0249
nyu,1321,0.7893946973486743,0.8724035608308606,0.0248
nyu,1322,0.7908954477238619,0.8724035608308606,0.0247
nyu,1323,0.7925212606303151,0.8724035608308606,0.0246
nyu,1324,0.7950225112556278,0.8724035608308606,0.0245
nyu,1325,0.7977738869434717,0.8724035608308606,0.0244
nyu,1326,0.7988994497248624,0.8724035608308606,0.0243
nyu,1327,0.8006503251625813,0.8724035608308606,0.0242
nyu,1328,0.8014007003501751,0.8724035608308606,0.0241
nyu,1329,0.8030265132566283,0.8724035608308606,0.024
nyu,1330,0.8045272636318159,0.8724035608308606,0.0239
nyu,1331,0.8066533266633317,0.8724035608308606,0.0238
nyu,1332,0.807903951975988,0.8724035608308606,0.0237
nyu,1333,0.8090295147573787,0.8724035608308606,0.0236
nyu,1334,0.8100300150075037,0.8724035608308606,0.0235
nyu,1335,0.8127813906953477,0.8724035608308606,0.0234
nyu,1336,0.8137818909454727,0.8724035608308606,0.0233
nyu,1337,0.8161580790395198,0.8753709198813057,0.0232
nyu,1338,0.8175337668834417,0.8753709198813057,0.0231
nyu,1339,0.8197848924462231,0.8753709198813057,0.023
nyu,1340,0.8214107053526764,0.8753709198813057,0.0229
nyu,1341,0.8230365182591296,0.8783382789317508,0.0228
nyu,1342,0.824912456228114,0.8813056379821959,0.0227
nyu,1343,0.826288144072036,0.8813056379821959,0.0226
nyu,1344,0.8284142071035517,0.8813056379821959,0.0225
nyu,1345,0.830040020010005,0.8813056379821959,0.0224
nyu,1346,0.8309154577288644,0.8813056379821959,0.0223
nyu,1347,0.8320410205102551,0.884272997032641,0.0222
nyu,1348,0.8350425212606303,0.884272997032641,0.022
nyu,1349,0.8362931465732867,0.884272997032641,0.0219
nyu,1350,0.8381690845422711,0.887240356083086,0.0218
nyu,1351,0.8395447723861931,0.887240356083086,0.0217
nyu,1352,0.8404202101050525,0.887240356083086,0.0216
nyu,1353,0.8416708354177088,0.887240356083086,0.0215
nyu,1354,0.8424212106053026,0.887240356083086,0.0214
nyu,1355,0.8437968984492246,0.887240356083086,0.0213
nyu,1356,0.8455477738869435,0.887240356083086,0.0212
nyu,1357,0.8467983991995998,0.887240356083086,0.0211
nyu,1358,0.8486743371685843,0.887240356083086,0.021
nyu,1359,0.8496748374187093,0.887240356083086,0.0209
nyu,1360,0.8504252126063031,0.887240356083086,0.0208
nyu,1361,0.8520510255127564,0.887240356083086,0.0207
nyu,1362,0.8530515257628815,0.8902077151335311,0.0206
nyu,1363,0.8544272136068034,0.8902077151335311,0.0205
nyu,1364,0.8574287143571786,0.8902077151335311,0.0203
nyu,1365,0.8590545272636319,0.8902077151335311,0.0202
nyu,1366,0.8599299649824912,0.8931750741839762,0.0201
nyu,1367,0.8608054027013506,0.8931750741839762,0.02
nyu,1368,0.8613056528264132,0.8931750741839762,0.0199
nyu,1369,0.8629314657328664,0.8961424332344213,0.0198
nyu,1370,0.864432216108054,0.8961424332344213,0.0196
nyu,1371,0.8649324662331166,0.8991097922848664,0.0195
nyu,1372,0.866808404202101,0.8991097922848664,0.0194
nyu,1373,0.8676838419209605,0.8991097922848664,0.0193
nyu,1374,0.8684342171085543,0.8991097922848664,0.0192
nyu,1375,0.8695597798899449,0.8991097922848664,0.0191
nyu,1376,0.8700600300150075,0.8991097922848664,0.019
nyu,1377,0.8713106553276638,0.8991097922848664,0.0188
nyu,1378,0.8724362181090545,0.8991097922848664,0.0187
nyu,1379,0.8731865932966483,0.8991097922848664,0.0186
nyu,1380,0.8740620310155077,0.8991097922848664,0.0185
nyu,1381,0.8750625312656328,0.8991097922848664,0.0184
nyu,1382,0.8755627813906953,0.8991097922848664,0.0183
nyu,1383,0.8764382191095548,0.8991097922848664,0.0182
nyu,1384,0.8771885942971486,0.8991097922848664,0.0181
nyu,1385,0.878064032016008,0.8991097922848664,0.018
nyu,1386,0.879064532266133,0.9020771513353115,0.0179
nyu,1387,0.8796898449224613,0.9020771513353115,0.0178
nyu,1388,0.8799399699849925,0.9020771513353115,0.0177
nyu,1389,0.8808154077038519,0.9050445103857567,0.0176
nyu,1390,0.8809404702351176,0.9050445103857567,0.0175
nyu,1391,0.8820660330165082,0.9050445103857567,0.0174
nyu,1392,0.8826913456728365,0.9050445103857567,0.0173
nyu,1393,0.8834417208604303,0.9050445103857567,0.0172
nyu,1394,0.8846923461730866,0.9050445103857567,0.0171
nyu,1395,0.8849424712356178,0.9050445103857567,0.017
nyu,1396,0.8859429714857429,0.9050445103857567,0.0169
nyu,1397,0.8871935967983992,0.9050445103857567,0.0167
nyu,1398,0.8875687843921961,0.9050445103857567,0.0166
nyu,1399,0.8878189094547274,0.9050445103857567,0.0164
nyu,1400,0.8881940970485243,0.9050445103857567,0.0163
nyu,1401,0.8888194097048524,0.9050445103857567,0.0162
nyu,1402,0.8890695347673837,0.9050445103857567,0.0161
nyu,1403,0.8895697848924462,0.9050445103857567,0.0159
nyu,1404,0.8898199099549775,0.9050445103857567,0.0157
nyu,1405,0.8901950975487744,0.9050445103857567,0.0156
nyu,1406,0.891695847923962,0.9050445103857567,0.0153
nyu,1407,0.8920710355177589,0.9050445103857567,0.0152
nyu,1408,0.8921960980490246,0.9050445103857567,0.0151
nyu,1409,0.8924462231115557,0.9050445103857567,0.015
nyu,1410,0.8928214107053527,0.9050445103857567,0.0149
nyu,1411,0.8930715357678839,0.9050445103857567,0.0148
nyu,1412,0.8933216608304152,0.9050445103857567,0.0146
nyu,1413,0.8938219109554777,0.9050445103857567,0.0144
nyu,1414,0.8939469734867433,0.9050445103857567,0.0143
nyu,1415,0.8941970985492746,0.9080118694362018,0.0142
nyu,1416,0.894447223611806,0.9080118694362018,0.0141
nyu,1417,0.8948224112056028,0.9080118694362018,0.014
nyu,1418,0.8949474737368684,0.9080118694362018,0.0139
nyu,1419,0.8951975987993998,0.9080118694362018,0.0138
nyu,1420,0.8953226613306653,0.9109792284866469,0.0137
nyu,1421,0.8958229114557279,0.9109792284866469,0.0131
nyu,1422,0.8963231615807904,0.9109792284866469,0.013
nyu,1423,0.8966983491745872,0.9109792284866469,0.0123
nyu,1424,0.8969484742371185,0.9109792284866469,0.0122
nyu,1425,0.897448724362181,0.9109792284866469,0.0115
nyu,1426,0.8975737868934467,0.913946587537092,0.0108
nyu,1427,0.8976988494247123,0.913946587537092,0.0103
nyu,1428,0.8979489744872436,0.913946587537092,0.0101
nyu,1429,0.8980740370185093,0.913946587537092,0.01
nyu,1430,0.8983241620810405,0.913946587537092,0.0088
nyu,1431,0.8988244122061031,0.913946587537092,0.0072
nyu,1432,0.8991995997998999,0.913946587537092,0.007
nyu,1433,0.8993246623311656,0.913946587537092,0.0069
nyu,1434,0.8993246623311656,0.9169139465875371,0.0068
nyu,1435,0.8994497248624312,0.9169139465875371,0.0065
nyu,1436,0.8994497248624312,0.9198813056379822,0.0064
nyu,1437,0.8996998499249624,0.9198813056379822,0.0061
nyu,1438,0.8999499749874937,0.9198813056379822,0.006
nyu,1439,0.900200100050025,0.9198813056379822,0.0058
nyu,1440,0.9008254127063532,0.9198813056379822,0.0057
nyu,1441,0.9010755377688845,0.9198813056379822,0.0056
nyu,1442,0.90120060030015,0.9198813056379822,0.0054
nyu,1443,0.9014507253626813,0.9198813056379822,0.0053
nyu,1444,0.901575787893947,0.9198813056379822,0.0052
nyu,1445,0.9020760380190095,0.9198813056379822,0.0049
nyu,1446,0.9024512256128064,0.9228486646884273,0.0048
nyu,1447,0.9030765382691346,0.9228486646884273,0.0043
nyu,1448,0.9033266633316658,0.9228486646884273,0.0042
nyu,1449,0.903951975987994,0.9228486646884273,0.0029
nyu,1450,0.903951975987994,0.9258160237388724,0.0026
nyu,1451,1.0,1.0,0.0
glam,0,0.0,0.0,
glam,1,0.0001250625312656328,0.0,0.9838
glam,2,0.0007503751875937969,0.0,0.93
glam,3,0.0007503751875937969,0.002967359050445104,0.9265
glam,4,0.002001000500250125,0.002967359050445104,0.842
glam,5,0.002001000500250125,0.005934718100890208,0.8386
glam,6,0.0022511255627813906,0.005934718100890208,0.8184
glam,7,0.0022511255627813906,0.011869436201780416,0.7987
glam,8,0.002751375687843922,0.011869436201780416,0.7744
glam,9,0.002751375687843922,0.01483679525222552,0.7656
glam,10,0.003501750875437719,0.01483679525222552,0.733
glam,11,0.003501750875437719,0.017804154302670624,0.7229
glam,12,0.0037518759379689846,0.017804154302670624,0.7037
glam,13,0.0037518759379689846,0.02373887240356083,0.6897
glam,14,0.0043771885942971486,0.02373887240356083,0.6715
glam,15,0.0043771885942971486,0.026706231454005934,0.6684
glam,16,0.004502251125562781,0.026706231454005934,0.6518
glam,17,0.004502251125562781,0.02967359050445104,0.6418
glam,18,0.004627313656828414,0.02967359050445104,0.6395
glam,19,0.004627313656828414,0.032640949554896145,0.6384
glam,20,0.004752376188094047,0.032640949554896145,0.6355
glam,21,0.004752376188094047,0.03560830860534125,0.633
glam,22,0.0050025012506253125,0.03560830860534125,0.63
glam,23,0.0050025012506253125,0.03857566765578635,0.6264
glam,24,0.005502751375687844,0.03857566765578635,0.6081
glam,25,0.005502751375687844,0.04451038575667656,0.6041
glam,26,0.006128064032016008,0.04451038575667656,0.5727
glam,27,0.006128064032016008,0.04747774480712166,0.5678
glam,28,0.006378189094547274,0.04747774480712166,0.5669
glam,29,0.006378189094547274,0.05341246290801187,0.5655
glam,30,0.006753376688344172,0.05341246290801187,0.5578
glam,31,0.006753376688344172,0.05637982195845697,0.5567
glam,32,0.006878439219609805,0.05637982195845697,0.5562
glam,33,0.006878439219609805,0.06231454005934718,0.552
glam,34,0.007878939469734867,0.06231454005934718,0.5326
glam,35,0.007878939469734867,0.06528189910979229,0.5239
glam,36,0.008129064532266132,0.06528189910979229,0.5174
glam,37,0.008129064532266132,0.06824925816023739,0.5142
glam,38,0.008254127063531767,0.06824925816023739,0.5029
glam,39,0.008254127063531767,0.0712166172106825,0.5015
glam,40,0.009004502251125562,0.0712166172106825,0.491
glam,41,0.009004502251125562,0.07418397626112759,0.4878
glam,42,0.010005002501250625,0.07418397626112759,0.466
glam,43,0.010005002501250625,0.0830860534124629,0.4616
glam,44,0.011005502751375688,0.0830860534124629,0.447
glam,45,0.011005502751375688,0.08605341246290801,0.4447
glam,46,0.011255627813906953,0.08605341246290801,0.4407
glam,47,0.011255627813906953,0.08902077151335312,0.4368
glam,48,0.01200600300150075,0.08902077151335312,0.4207
glam,49,0.01200600300150075,0.09198813056379822,0.4191
glam,50,0.012256128064032016,0.09198813056379822,0.4127
glam,51,0.012256128064032016,0.09495548961424333,0.4125
glam,52,0.013506753376688344,0.09495548961424333,0.3996
glam,53,0.013506753376688344,0.09792284866468842,0.3948
glam,54,0.013631815907953976,0.10089020771513353,0.39
glam,55,0.013631815907953976,0.10385756676557864,0.389
glam,56,0.01375687843921961,0.10385756676557864,0.3889
glam,57,0.01375687843921961,0.10682492581602374,0.3884
glam,58,0.014382191095547774,0.10682492581602374,0.3833
glam,59,0.014382191095547774,0.10979228486646884,0.3821
glam,60,0.014507253626813406,0.10979228486646884,0.382
glam,61,0.014507253626813406,0.11275964391691394,0.3817
glam,62,0.015007503751875938,0.11275964391691394,0.3785
glam,63,0.015007503751875938,0.11572700296735905,0.3768
glam,64,0.015132566283141571,0.11572700296735905,0.3739
glam,65,0.015132566283141571,0.11869436201780416,0.3738
glam,66,0.015507753876938469,0.11869436201780416,0.3705
glam,67,0.015507753876938469,0.12462908011869436,0.3689
glam,68,0.016133066533266634,0.12462908011869436,0.3614
glam,69,0.016258129064532265,0.12759643916913946,0.3604
glam,70,0.016633316658329164,0.12759643916913946,0.3508
glam,71,0.016633316658329164,0.13056379821958458,0.3491
glam,72,0.01738369184592296,0.13056379821958458,0.3438
glam,73,0.01738369184592296,0.13353115727002968,0.3431
glam,74,0.01763381690845423,0.13353115727002968,0.3412
glam,75,0.01763381690845423,0.13649851632047477,0.3407
glam,76,0.018384192096048024,0.13649851632047477,0.3338
glam,77,0.018384192096048024,0.1394658753709199,0.3335
glam,78,0.018884442221110555,0.1394658753709199,0.3311
glam,79,0.018884442221110555,0.142433234421365,0.3308
glam,80,0.019259629814907454,0.142433234421365,0.3293
glam,81,0.019259629814907454,0.14540059347181009,0.3286
glam,82,0.019384692346173085,0.14540059347181009,0.3285
glam,83,0.019384692346173085,0.14836795252225518,0.3284
glam,84,0.019759879939969985,0.14836795252225518,0.3245
glam,85,0.019759879939969985,0.1513353115727003,0.3235
glam,86,0.02001000500250125,0.1543026706231454,0.3234
glam,87,0.02001000500250125,0.1572700296735905,0.3205
glam,88,0.020635317658829415,0.1572700296735905,0.3172
glam,89,0.020635317658829415,0.16023738872403562,0.3167
glam,90,0.02088544272136068,0.16023738872403562,0.3163
glam,91,0.02088544272136068,0.1661721068249258,0.3148
glam,92,0.02126063031515758,0.1661721068249258,0.3139
glam,93,0.02126063031515758,0.17210682492581603,0.313
glam,94,0.021635817908954476,0.17210682492581603,0.3112
glam,95,0.021635817908954476,0.17804154302670624,0.3094
glam,96,0.022511255627813906,0.17804154302670624,0.305
glam,97,0.022511255627813906,0.18100890207715134,0.303
glam,98,0.023261630815407705,0.18100890207715134,0.301
glam,99,0.023261630815407705,0.18397626112759644,0.2982
glam,100,0.023386693346673336,0.18397626112759644,0.2959
glam,101,0.023386693346673336,0.18694362017804153,0.295
glam,102,0.024262131065532766,0.18694362017804153,0.2873
glam,103,0.024262131065532766,0.18991097922848665,0.2869
glam,104,0.0243871935967984,0.18991097922848665,0.2868
glam,105,0.02451225612806403,0.19287833827893175,0.2867
glam,106,0.024637318659329666,0.19287833827893175,0.2864
glam,107,0.024637318659329666,0.19584569732937684,0.2863
glam,108,0.024762381190595296,0.19881305637982197,0.2843
glam,109,0.02576288144072036,0.19881305637982197,0.277
glam,110,0.02576288144072036,0.20474777448071216,0.2758
glam,111,0.02626313156578289,0.20474777448071216,0.2728
glam,112,0.02626313156578289,0.21364985163204747,0.2715
glam,113,0.02663831915957979,0.21364985163204747,0.2688
glam,114,0.02663831915957979,0.22255192878338279,0.2676
glam,115,0.026888444222111056,0.22255192878338279,0.2654
glam,116,0.026888444222111056,0.22551928783382788,0.2645
glam,117,0.028264132066033017,0.22551928783382788,0.2578
glam,118,0.02838919459729865,0.228486646884273,0.2566
glam,119,0.02888944472236118,0.228486646884273,0.256
glam,120,0.029139569784892447,0.228486646884273,0.2548
glam,121,0.029139569784892447,0.2314540059347181,0.2538
glam,122,0.029389694847423712,0.2314540059347181,0.2521
glam,123,0.029389694847423712,0.23738872403560832,0.251
glam,124,0.029514757378689346,0.2403560830860534,0.2503
glam,125,0.030390195097548773,0.2403560830860534,0.2475
glam,126,0.030390195097548773,0.2433234421364985,0.2465
glam,127,0.030890445222611307,0.2433234421364985,0.2439
glam,128,0.030890445222611307,0.24629080118694363,0.2422
glam,129,0.03139069534767384,0.24629080118694363,0.2399
glam,130,0.03151575787893947,0.24925816023738873,0.2392
glam,131,0.032141070535267637,0.24925816023738873,0.2372
glam,132,0.032141070535267637,0.2522255192878338,0.2371
glam,133,0.0323911955977989,0.2522255192878338,0.2368
glam,134,0.03264132066033017,0.2522255192878338,0.2367
glam,135,0.0327663831915958,0.2522255192878338,0.2361
glam,136,0.0327663831915958,0.2551928783382789,0.2359
glam,137,0.03289144572286143,0.2551928783382789,0.2357
glam,138,0.0331415707853927,0.2551928783382789,0.2352
glam,139,0.03326663331665833,0.2551928783382789,0.2351
glam,140,0.03326663331665833,0.258160237388724,0.235
glam,141,0.0338919459729865,0.258160237388724,0.2322
glam,142,0.0338919459729865,0.26112759643916916,0.2308
glam,143,0.03414207103551776,0.26112759643916916,0.2304
glam,144,0.03414207103551776,0.26409495548961426,0.2295
glam,145,0.03464232116058029,0.26409495548961426,0.2279
glam,146,0.03489244622311156,0.26409495548961426,0.2278
glam,147,0.03539269634817409,0.26409495548961426,0.2262
glam,148,0.03539269634817409,0.26706231454005935,0.2261
glam,149,0.03564282141070535,0.26706231454005935,0.2251
glam,150,0.03614307153576789,0.26706231454005935,0.2233
glam,151,0.03614307153576789,0.27002967359050445,0.2224
glam,152,0.03651825912956478,0.27002967359050445,0.221
glam,153,0.03676838419209605,0.27002967359050445,0.2209
glam,154,0.03701850925462731,0.27002967359050445,0.2201
glam,155,0.03714357178589295,0.27299703264094954,0.2199
glam,156,0.03764382191095548,0.27299703264094954,0.2191
glam,157,0.03764382191095548,0.27596439169139464,0.2183
glam,158,0.03801900950475238,0.27596439169139464,0.2165
glam,159,0.03851925962981491,0.27596439169139464,0.216
glam,160,0.03864432216108054,0.2789317507418398,0.2157
glam,161,0.04052026013006503,0.2789317507418398,0.2085
glam,162,0.04052026013006503,0.29080118694362017,0.2075
glam,163,0.04089544772386193,0.29080118694362017,0.2067
glam,164,0.04089544772386193,0.29376854599406527,0.2066
glam,165,0.04139569784892446,0.29376854599406527,0.2053
glam,166,0.04139569784892446,0.29673590504451036,0.2049
glam,167,0.04177088544272136,0.29673590504451036,0.2042
glam,168,0.04177088544272136,0.2997032640949555,0.204
glam,169,0.04277138569284642,0.2997032640949555,0.2006
glam,170,0.04314657328664332,0.2997032640949555,0.1996
glam,171,0.04477238619309655,0.2997032640949555,0.1942
glam,172,0.04514757378689345,0.2997032640949555,0.1941
glam,173,0.04514757378689345,0.3026706231454006,0.1938
glam,174,0.04514757378689345,0.3086053412462908,0.1937
glam,175,0.04577288644322161,0.3086053412462908,0.1923
glam,176,0.04602301150575288,0.3086053412462908,0.1917
glam,177,0.04627313656828414,0.3086053412462908,0.1912
glam,178,0.04652326163081541,0.3086053412462908,0.1911
glam,179,0.04714857428714357,0.3086053412462908,0.19
glam,180,0.04739869934967484,0.3086053412462908,0.1894
glam,181,0.04752376188094047,0.3086053412462908,0.1891
glam,182,0.04752376188094047,0.3115727002967359,0.189
glam,183,0.04777388694347173,0.314540059347181,0.1889
glam,184,0.04789894947473737,0.314540059347181,0.1888
glam,185,0.04789894947473737,0.31750741839762614,0.1886
glam,186,0.048024012006003,0.31750741839762614,0.1876
glam,187,0.04852426213106553,0.31750741839762614,0.1869
glam,188,0.04864932466233116,0.32047477744807124,0.1866
glam,189,0.04889944972486243,0.32047477744807124,0.1863
glam,190,0.04889944972486243,0.32344213649851633,0.1857
glam,191,0.04952476238119059,0.32344213649851633,0.1834
glam,192,0.04977488744372186,0.32344213649851633,0.183
glam,193,0.05002501250625312,0.32344213649851633,0.1826
glam,194,0.05002501250625312,0.3293768545994065,0.1819
glam,195,0.05040020010005002,0.3293768545994065,0.1809
glam,196,0.05040020010005002,0.3353115727002967,0.1806
glam,197,0.05102551275637819,0.3353115727002967,0.1786
glam,198,0.05127563781890945,0.3353115727002967,0.1785
glam,199,0.05140070035017509,0.3353115727002967,0.1782
glam,200,0.05165082541270635,0.3353115727002967,0.178
glam,201,0.05240120060030015,0.3353115727002967,0.1761
glam,202,0.05240120060030015,0.33827893175074186,0.1759
glam,203,0.05327663831915958,0.33827893175074186,0.1738
glam,204,0.053526763381690844,0.33827893175074186,0.1736
glam,205,0.054027013506753374,0.33827893175074186,0.1727
glam,206,0.05427713856928464,0.33827893175074186,0.1724
glam,207,0.055277638819409704,0.33827893175074186,0.1684
glam,208,0.05552776388194097,0.33827893175074186,0.168
glam,209,0.05552776388194097,0.34124629080118696,0.1677
glam,210,0.055777888944472234,0.34124629080118696,0.1673
glam,211,0.056153076538269134,0.34124629080118696,0.1667
glam,212,0.0564032016008004,0.34124629080118696,0.1665
glam,213,0.05690345172586293,0.34124629080118696,0.1654
glam,214,0.057153576788394195,0.34421364985163205,0.1651
glam,215,0.057653826913456725,0.34421364985163205,0.1637
glam,216,0.05777888944472236,0.34718100890207715,0.1635
glam,217,0.057903951975987994,0.34718100890207715,0.1632
glam,218,0.057903951975987994,0.35014836795252224,0.163
glam,219,0.058279139569784894,0.35014836795252224,0.1624
glam,220,0.058529264632316155,0.35311572700296734,0.1621
glam,221,0.058779389694847424,0.35311572700296734,0.1618
glam,222,0.05902951475737869,0.35311572700296734,0.1616
glam,223,0.059279639819909954,0.35311572700296734,0.1611
glam,224,0.059279639819909954,0.3590504451038576,0.161
glam,225,0.06040520260130065,0.3590504451038576,0.1589
glam,226,0.060780390195097546,0.3590504451038576,0.1587
glam,227,0.061155577788894445,0.3590504451038576,0.1579
glam,228,0.061530765382691345,0.3590504451038576,0.1578
glam,229,0.061780890445222614,0.3590504451038576,0.1574
glam,230,0.062031015507753876,0.3590504451038576,0.1573
glam,231,0.06303151575787894,0.3590504451038576,0.1553
glam,232,0.06315657828914457,0.3620178041543027,0.1551
glam,233,0.06378189094547274,0.3620178041543027,0.1542
glam,234,0.06428214107053527,0.3620178041543027,0.154
glam,235,0.06465732866433217,0.3620178041543027,0.1536
glam,236,0.06490745372686343,0.3620178041543027,0.1533
glam,237,0.06565782891445723,0.3620178041543027,0.1511
glam,238,0.0659079539769885,0.3620178041543027,0.1507
glam,239,0.06615807903951976,0.3620178041543027,0.1504
glam,240,0.06640820410205102,0.3620178041543027,0.15
glam,241,0.06678339169584792,0.3620178041543027,0.1494
glam,242,0.06728364182091046,0.3620178041543027,0.1492
glam,243,0.06878439219609805,0.3620178041543027,0.1458
glam,244,0.06878439219609805,0.3649851632047478,0.1453
glam,245,0.06890945472736368,0.3649851632047478,0.1452
glam,246,0.06915957978989495,0.3649851632047478,0.1449
glam,247,0.06928464232116058,0.3649851632047478,0.1448
glam,248,0.06953476738369184,0.3649851632047478,0.1446
glam,249,0.06965982991495748,0.3649851632047478,0.1445
glam,250,0.07016008004002001,0.3649851632047478,0.1442
glam,251,0.07041020510255128,0.3649851632047478,0.1437
glam,252,0.0709104552276138,0.3649851632047478,0.1432
glam,253,0.07103551775887944,0.3649851632047478,0.1431
glam,254,0.0712856428214107,0.36795252225519287,0.1425
glam,255,0.07153576788394198,0.36795252225519287,0.1423
glam,256,0.0716608304152076,0.37091988130563797,0.1421
glam,257,0.0720360180090045,0.37091988130563797,0.1413
glam,258,0.07328664332166084,0.37091988130563797,0.1408
glam,259,0.0735367683841921,0.37091988130563797,0.1405
glam,260,0.0735367683841921,0.3768545994065282,0.1404
glam,261,0.07366183091545773,0.3768545994065282,0.1402
glam,262,0.07403701850925462,0.3768545994065282,0.1401
glam,263,0.0742871435717859,0.3768545994065282,0.1398
glam,264,0.0742871435717859,0.3827893175074184,0.1392
glam,265,0.07453726863431716,0.3827893175074184,0.1391
glam,266,0.0750375187593797,0.3827893175074184,0.1377
glam,267,0.0750375187593797,0.3857566765578635,0.1376
glam,268,0.07553776888444222,0.3857566765578635,0.1368
glam,269,0.07566283141570786,0.3887240356083086,0.1367
glam,270,0.07616308154077038,0.3887240356083086,0.1361
glam,271,0.07641320660330166,0.3887240356083086,0.1354
glam,272,0.07691345672836418,0.3887240356083086,0.1353
glam,273,0.07741370685342672,0.3887240356083086,0.1347
glam,274,0.07791395697848924,0.3887240356083086,0.1345
glam,275,0.07803901950975488,0.3887240356083086,0.1344
glam,276,0.07803901950975488,0.39465875370919884,0.1341
glam,277,0.07828914457228614,0.39465875370919884,0.134
glam,278,0.07866433216608304,0.39465875370919884,0.1335
glam,279,0.0789144572286143,0.39465875370919884,0.1333
glam,280,0.0792896448224112,0.39465875370919884,0.1327
glam,281,0.0796648324162081,0.39465875370919884,0.1326
glam,282,0.08029014507253626,0.39465875370919884,0.1315
glam,283,0.08054027013506754,0.39465875370919884,0.1312
glam,284,0.08066533266633316,0.39465875370919884,0.131
glam,285,0.08091545772886444,0.39465875370919884,0.1309
glam,286,0.08091545772886444,0.39762611275964393,0.1306
glam,287,0.0811655827913957,0.39762611275964393,0.1305
glam,288,0.0815407703851926,0.39762611275964393,0.1294
glam,289,0.08166583291645822,0.40059347181008903,0.1293
glam,290,0.0819159579789895,0.40059347181008903,0.1292
glam,291,0.08204102051025512,0.40059347181008903,0.1291
glam,292,0.0822911455727864,0.40059347181008903,0.1287
glam,293,0.08241620810405202,0.40059347181008903,0.1284
glam,294,0.08254127063531766,0.4035608308605341,0.1282
glam,295,0.08279139569784892,0.4035608308605341,0.1277
glam,296,0.0830415207603802,0.4035608308605341,0.1275
glam,297,0.08316658329164582,0.4035608308605341,0.1272
glam,298,0.08366683341670836,0.4035608308605341,0.1269
glam,299,0.08379189594797398,0.4035608308605341,0.1265
glam,300,0.08404202101050526,0.4035608308605341,0.1263
glam,301,0.08429214607303652,0.4035608308605341,0.1258
glam,302,0.08454227113556778,0.4035608308605341,0.1257
glam,303,0.08491745872936468,0.4035608308605341,0.1253
glam,304,0.08491745872936468,0.4065281899109792,0.1251
glam,305,0.08504252126063032,0.4065281899109792,0.1249
glam,306,0.08504252126063032,0.4094955489614243,0.1248
glam,307,0.08516758379189594,0.4094955489614243,0.1245
glam,308,0.08554277138569284,0.4094955489614243,0.1244
glam,309,0.08591795897948974,0.4094955489614243,0.1239
glam,310,0.086168084042021,0.4124629080118694,0.1238
glam,311,0.08641820910455228,0.4124629080118694,0.1237
glam,312,0.08679339669834918,0.4124629080118694,0.1236
glam,313,0.08704352176088044,0.4124629080118694,0.1234
glam,314,0.08741870935467734,0.4124629080118694,0.1233
glam,315,0.0884192096048024,0.4124629080118694,0.122
glam,316,0.08891945972986494,0.4124629080118694,0.1218
glam,317,0.08891945972986494,0.41543026706231456,0.1216
glam,318,0.08904452226113056,0.41839762611275966,0.1215
glam,319,0.08941970985492746,0.41839762611275966,0.1211
glam,320,0.08991995997999,0.41839762611275966,0.1208
glam,321,0.09042021010505252,0.41839762611275966,0.1203
glam,322,0.09054527263631816,0.42136498516320475,0.1198
glam,323,0.09079539769884942,0.42136498516320475,0.1197
glam,324,0.09079539769884942,0.42433234421364985,0.1196
glam,325,0.09104552276138068,0.42433234421364985,0.1193
glam,326,0.09142071035517758,0.42433234421364985,0.1192
glam,327,0.09142071035517758,0.43026706231454004,0.1191
glam,328,0.09192096048024012,0.43026706231454004,0.1188
glam,329,0.09229614807403702,0.43026706231454004,0.1178
glam,330,0.09229614807403702,0.4362017804154303,0.1175
glam,331,0.09254627313656828,0.4362017804154303,0.1171
glam,332,0.09342171085542772,0.4362017804154303,0.116
glam,333,0.09367183591795898,0.4362017804154303,0.1159
glam,334,0.0941720860430215,0.4362017804154303,0.1154
glam,335,0.09429714857428714,0.4391691394658754,0.1152
glam,336,0.0945472736368184,0.4391691394658754,0.1148
glam,337,0.09479739869934968,0.4391691394658754,0.1147
glam,338,0.09517258629314658,0.4391691394658754,0.1144
glam,339,0.09542271135567784,0.4391691394658754,0.1143
glam,340,0.09579789894947474,0.4391691394658754,0.1142
glam,341,0.09592296148074037,0.4391691394658754,0.1139
glam,342,0.09617308654327164,0.4391691394658754,0.1136
glam,343,0.0964232116058029,0.4421364985163205,0.1135
glam,344,0.09704852426213106,0.4421364985163205,0.1134
glam,345,0.0975487743871936,0.4421364985163205,0.1129
glam,346,0.0979239619809905,0.4421364985163205,0.1128
glam,347,0.09804902451225612,0.4421364985163205,0.1126
glam,348,0.0982991495747874,0.4421364985163205,0.1125
glam,349,0.09867433716858429,0.4421364985163205,0.112
glam,350,0.09879939969984992,0.44510385756676557,0.1118
glam,351,0.09892446223111556,0.44510385756676557,0.1117
glam,352,0.09929964982491246,0.44510385756676557,0.1111
glam,353,0.09992496248124062,0.44510385756676557,0.1103
glam,354,0.10042521260630315,0.44510385756676557,0.1099
glam,355,0.10055027513756878,0.44510385756676557,0.1097
glam,356,0.10105052526263132,0.44510385756676557,0.1095
glam,357,0.10142571285642821,0.44510385756676557,0.1094
glam,358,0.10167583791895948,0.44510385756676557,0.1093
glam,359,0.1018009004502251,0.44807121661721067,0.109
glam,360,0.10192596298149074,0.44807121661721067,0.1088
glam,361,0.102176088044022,0.44807121661721067,0.1086
glam,362,0.102176088044022,0.45103857566765576,0.1083
glam,363,0.10242621310655328,0.45103857566765576,0.108
glam,364,0.1029264632316158,0.45103857566765576,0.1078
glam,365,0.10305152576288144,0.45103857566765576,0.1077
glam,366,0.1033016508254127,0.45103857566765576,0.1076
glam,367,0.10342671335667834,0.45103857566765576,0.1075
glam,368,0.10392696348174087,0.456973293768546,0.1071
glam,369,0.1044272136068034,0.456973293768546,0.1069
glam,370,0.1048024012006003,0.456973293768546,0.1063
glam,371,0.10505252626313157,0.456973293768546,0.1062
glam,372,0.10530265132566283,0.456973293768546,0.1058
glam,373,0.10580290145072536,0.456973293768546,0.1055
glam,374,0.105927963981991,0.456973293768546,0.1054
glam,375,0.10642821410705353,0.456973293768546,0.1051
glam,376,0.10667833916958479,0.456973293768546,0.1049
glam,377,0.10742871435717859,0.456973293768546,0.1043
glam,378,0.10755377688844422,0.456973293768546,0.1042
glam,379,0.10755377688844422,0.4599406528189911,0.1041
glam,380,0.10780390195097549,0.4599406528189911,0.1038
glam,381,0.10792896448224112,0.4629080118694362,0.1037
glam,382,0.10842921460730365,0.4629080118694362,0.1032
glam,383,0.10880440220110055,0.4629080118694362,0.103
glam,384,0.10892946473236619,0.4629080118694362,0.1029
glam,385,0.10905452726363181,0.4658753709198813,0.1028
glam,386,0.10930465232616308,0.4658753709198813,0.1026
glam,387,0.10955477738869435,0.4658753709198813,0.1023
glam,388,0.11005502751375688,0.4658753709198813,0.102
glam,389,0.11043021510755378,0.4688427299703264,0.1019
glam,390,0.11080540270135067,0.4688427299703264,0.1016
glam,391,0.1113056528264132,0.4688427299703264,0.1014
glam,392,0.1116808404202101,0.4688427299703264,0.1012
glam,393,0.11230615307653827,0.4688427299703264,0.1003
glam,394,0.1135567783891946,0.4688427299703264,0.0994
glam,395,0.11368184092046023,0.4688427299703264,0.0993
glam,396,0.11380690345172587,0.47181008902077154,0.0992
glam,397,0.11405702851425713,0.47477744807121663,0.0991
glam,398,0.11430715357678839,0.47477744807121663,0.0988
glam,399,0.11468234117058529,0.47477744807121663,0.0987
glam,400,0.11468234117058529,0.47774480712166173,0.0986
glam,401,0.11505752876438219,0.47774480712166173,0.0981
glam,402,0.11505752876438219,0.4807121661721068,0.098
glam,403,0.11530765382691345,0.4807121661721068,0.0978
glam,404,0.11580790395197599,0.4807121661721068,0.0974
glam,405,0.11605802901450725,0.4807121661721068,0.0972
glam,406,0.11630815407703853,0.4807121661721068,0.0971
glam,407,0.11668334167083541,0.4807121661721068,0.0968
glam,408,0.11718359179589795,0.4807121661721068,0.0966
glam,409,0.11805902951475739,0.4807121661721068,0.0958
glam,410,0.11843421710855427,0.4807121661721068,0.0957
glam,411,0.11855927963981991,0.4807121661721068,0.0956
glam,412,0.11893446723361681,0.4807121661721068,0.0955
glam,413,0.11905952976488245,0.4807121661721068,0.0953
glam,414,0.11943471735867935,0.4807121661721068,0.0949
glam,415,0.11968484242121061,0.4807121661721068,0.0947
glam,416,0.12018509254627313,0.4807121661721068,0.0943
glam,417,0.1204352176088044,0.4807121661721068,0.0941
glam,418,0.12093546773386693,0.4807121661721068,0.0936
glam,419,0.12131065532766383,0.4807121661721068,0.0935
glam,420,0.12181090545272637,0.4807121661721068,0.0929
glam,421,0.12231115557778889,0.4807121661721068,0.0923
glam,422,0.12268634317158579,0.4807121661721068,0.0918
glam,423,0.12268634317158579,0.4836795252225519,0.0917
glam,424,0.12281140570285143,0.4836795252225519,0.0916
glam,425,0.12306153076538269,0.4836795252225519,0.0914
glam,426,0.12318659329664833,0.486646884272997,0.0913
glam,427,0.12343671835917959,0.486646884272997,0.091
glam,428,0.12356178089044523,0.486646884272997,0.0909
glam,429,0.12381190595297649,0.486646884272997,0.0908
glam,430,0.12393696848424213,0.486646884272997,0.0907
glam,431,0.12418709354677339,0.486646884272997,0.0905
glam,432,0.12431215607803901,0.486646884272997,0.0904
glam,433,0.12456228114057029,0.486646884272997,0.0902
glam,434,0.12468734367183591,0.486646884272997,0.0899
glam,435,0.12493746873436719,0.486646884272997,0.0896
glam,436,0.12506253126563283,0.486646884272997,0.0894
glam,437,0.12556278139069535,0.486646884272997,0.089
glam,438,0.12568784392196097,0.486646884272997,0.0889
glam,439,0.12618809404702352,0.486646884272997,0.0887
glam,440,0.12631315657828915,0.486646884272997,0.0886
glam,441,0.1265632816408204,0.486646884272997,0.0884
glam,442,0.12668834417208605,0.486646884272997,0.0883
glam,443,0.1269384692346173,0.486646884272997,0.0882
glam,444,0.12718859429714857,0.486646884272997,0.0879
glam,445,0.12743871935967985,0.486646884272997,0.0878
glam,446,0.12793896948474237,0.486646884272997,0.0874
glam,447,0.12831415707853927,0.486646884272997,0.0872
glam,448,0.12856428214107055,0.486646884272997,0.0871
glam,449,0.12868934467233617,0.486646884272997,0.087
glam,450,0.12906453226613307,0.486646884272997,0.0869
glam,451,0.1291895947973987,0.486646884272997,0.0867
glam,452,0.1299399699849925,0.486646884272997,0.0865
glam,453,0.1306903451725863,0.486646884272997,0.0859
glam,454,0.1306903451725863,0.4896142433234421,0.0857
glam,455,0.13081540770385192,0.4896142433234421,0.0856
glam,456,0.13131565782891447,0.4896142433234421,0.0854
glam,457,0.13206603301650827,0.4896142433234421,0.0852
glam,458,0.1325662831415708,0.4896142433234421,0.085
glam,459,0.1326913456728364,0.4896142433234421,0.0848
glam,460,0.1330665332666333,0.49851632047477745,0.0845
glam,461,0.13394197098549274,0.49851632047477745,0.0836
glam,462,0.13431715857928964,0.5014836795252225,0.0835
glam,463,0.1345672836418209,0.5014836795252225,0.0834
glam,464,0.13469234617308654,0.5014836795252225,0.0833
glam,465,0.13506753376688344,0.5014836795252225,0.0831
glam,466,0.1353176588294147,0.5014836795252225,0.083
glam,467,0.1356928464232116,0.5014836795252225,0.0824
glam,468,0.13619309654827413,0.5014836795252225,0.0822
glam,469,0.13631815907953976,0.5014836795252225,0.0821
glam,470,0.13706853426713356,0.5014836795252225,0.0817
glam,471,0.1375687843921961,0.5014836795252225,0.0816
glam,472,0.1383191595797899,0.5014836795252225,0.0814
glam,473,0.13856928464232116,0.5014836795252225,0.0813
glam,474,0.1386943471735868,0.5014836795252225,0.0811
glam,475,0.13881940970485243,0.5044510385756676,0.081
glam,476,0.13894447223611806,0.5044510385756676,0.0809
glam,477,0.13894447223611806,0.5074183976261127,0.0808
glam,478,0.13906953476738368,0.5074183976261127,0.0807
glam,479,0.13931965982991495,0.5074183976261127,0.0806
glam,480,0.13956978489244623,0.5074183976261127,0.0804
glam,481,0.14032016008004003,0.5074183976261127,0.0801
glam,482,0.14082041020510255,0.5074183976261127,0.0799
glam,483,0.14094547273636818,0.5074183976261127,0.0797
glam,484,0.14169584792396198,0.5074183976261127,0.0793
glam,485,0.14194597298649325,0.5103857566765578,0.0792
glam,486,0.14207103551775888,0.5103857566765578,0.0791
glam,487,0.14244622311155578,0.5103857566765578,0.079
glam,488,0.1429464732366183,0.5103857566765578,0.0788
glam,489,0.14319659829914957,0.5103857566765578,0.0787
glam,490,0.1433216608304152,0.5103857566765578,0.0786
glam,491,0.14357178589294647,0.5103857566765578,0.0782
glam,492,0.14394697348674337,0.5103857566765578,0.0781
glam,493,0.14457228614307155,0.5103857566765578,0.078
glam,494,0.14494747373686842,0.5103857566765578,0.0776
glam,495,0.14544772386193097,0.5103857566765578,0.0772
glam,496,0.14544772386193097,0.5133531157270029,0.0771
glam,497,0.14569784892446222,0.5133531157270029,0.077
glam,498,0.14582291145572787,0.5133531157270029,0.0769
glam,499,0.1459479739869935,0.516320474777448,0.0768
glam,500,0.14607303651825912,0.516320474777448,0.0767
glam,501,0.1463231615807904,0.516320474777448,0.0766
glam,502,0.14644822411205602,0.516320474777448,0.0765
glam,503,0.14719859929964982,0.516320474777448,0.0761
glam,504,0.14769884942471237,0.516320474777448,0.0759
glam,505,0.147823911955978,0.516320474777448,0.0758
glam,506,0.14807403701850924,0.5192878338278932,0.0757
glam,507,0.1481990995497749,0.5192878338278932,0.0756
glam,508,0.14869934967483742,0.5222551928783383,0.0754
glam,509,0.14882441220610304,0.5252225519287834,0.0752
glam,510,0.1489494747373687,0.5252225519287834,0.0751
glam,511,0.14944972486243122,0.5252225519287834,0.075
glam,512,0.14982491245622812,0.5252225519287834,0.0748
glam,513,0.14994997498749374,0.5252225519287834,0.0747
glam,514,0.15020010005002501,0.5252225519287834,0.0746
glam,515,0.15057528764382191,0.5252225519287834,0.0745
glam,516,0.15070035017508754,0.5281899109792285,0.0743
glam,517,0.15107553776888444,0.5281899109792285,0.0742
glam,518,0.15120060030015006,0.5281899109792285,0.0741
glam,519,0.15157578789394696,0.5311572700296736,0.074
glam,520,0.1517008504252126,0.5311572700296736,0.0739
glam,521,0.15195097548774386,0.5311572700296736,0.0738
glam,522,0.1520760380190095,0.5311572700296736,0.0737
glam,523,0.15232616308154076,0.5311572700296736,0.0736
glam,524,0.15257628814407204,0.5311572700296736,0.0733
glam,525,0.15295147573786894,0.5311572700296736,0.0732
glam,526,0.1532016008004002,0.5311572700296736,0.0731
glam,527,0.15345172586293146,0.5311572700296736,0.0729
glam,528,0.15370185092546274,0.5311572700296736,0.0728
glam,529,0.15382691345672836,0.5341246290801187,0.0727
glam,530,0.153951975987994,0.5341246290801187,0.0726
glam,531,0.15407703851925963,0.5370919881305638,0.0725
glam,532,0.15432716358179088,0.5370919881305638,0.0723
glam,533,0.15445222611305653,0.5400593471810089,0.0722
glam,534,0.15482741370685343,0.5459940652818991,0.072
glam,535,0.15532766383191596,0.5459940652818991,0.0718
glam,536,0.15682841420710356,0.5459940652818991,0.0713
glam,537,0.15732866433216608,0.5459940652818991,0.0711
glam,538,0.15732866433216608,0.5489614243323442,0.071
glam,539,0.15757878939469736,0.5489614243323442,0.0709
glam,540,0.15757878939469736,0.5519287833827893,0.0708
glam,541,0.1585792896448224,0.5519287833827893,0.0704
glam,542,0.1597048524262131,0.5519287833827893,0.0699
glam,543,0.15995497748874438,0.5519287833827893,0.0697
glam,544,0.16020510255127562,0.5519287833827893,0.0696
glam,545,0.16033016508254128,0.5519287833827893,0.0695
glam,546,0.16070535267633818,0.5519287833827893,0.0694
glam,547,0.16095547773886942,0.5519287833827893,0.0693
glam,548,0.16170585292646322,0.5519287833827893,0.0692
glam,549,0.1619559779889945,0.5519287833827893,0.0691
glam,550,0.16208104052026012,0.5519287833827893,0.069
glam,551,0.16333166583291645,0.5519287833827893,0.0684
glam,552,0.163831915957979,0.5519287833827893,0.0683
glam,553,0.16395697848924462,0.5519287833827893,0.0682
glam,554,0.16520760380190094,0.5519287833827893,0.0677
glam,555,0.1657078539269635,0.5519287833827893,0.0676
glam,556,0.16595797898949474,0.5519287833827893,0.0675
glam,557,0.1660830415207604,0.5519287833827893,0.0674
glam,558,0.16633316658329164,0.5548961424332344,0.0672
glam,559,0.16658329164582292,0.5548961424332344,0.0671
glam,560,0.16695847923961982,0.5548961424332344,0.067
glam,561,0.16708354177088544,0.5548961424332344,0.0669
glam,562,0.16733366683341672,0.5548961424332344,0.0668
glam,563,0.16783391695847924,0.5578635014836796,0.0666
glam,564,0.16795897948974486,0.5578635014836796,0.0665
glam,565,0.16833416708354176,0.5608308605341247,0.0664
glam,566,0.16883441720860431,0.5637982195845698,0.0663
glam,567,0.16908454227113556,0.5637982195845698,0.0661
glam,568,0.16933466733366684,0.5637982195845698,0.0658
glam,569,0.1695847923961981,0.5637982195845698,0.0656
glam,570,0.16983491745872936,0.5637982195845698,0.0655
glam,571,0.16995997998999499,0.5637982195845698,0.0654
glam,572,0.17046023011505754,0.5637982195845698,0.0653
glam,573,0.17071035517758879,0.5637982195845698,0.0652
glam,574,0.17108554277138568,0.5637982195845698,0.0651
glam,575,0.17158579289644824,0.5637982195845698,0.0649
glam,576,0.17196098049024514,0.5637982195845698,0.0648
glam,577,0.1727113556778389,0.5637982195845698,0.0645
glam,578,0.17296148074037018,0.5637982195845698,0.0643
glam,579,0.17333666833416708,0.5637982195845698,0.0642
glam,580,0.1738369184592296,0.5637982195845698,0.064
glam,581,0.17396198099049526,0.5637982195845698,0.0639
glam,582,0.17433716858429216,0.5637982195845698,0.0638
glam,583,0.17483741870935468,0.5637982195845698,0.0637
glam,584,0.17508754377188596,0.5637982195845698,0.0635
glam,585,0.17521260630315158,0.5637982195845698,0.0634
glam,586,0.1757128564282141,0.5637982195845698,0.0633
glam,587,0.176088044022011,0.5637982195845698,0.0632
glam,588,0.17658829414707353,0.5637982195845698,0.0629
glam,589,0.17696348174087043,0.5637982195845698,0.0628
glam,590,0.1772136068034017,0.5637982195845698,0.0627
glam,591,0.1775887943971986,0.5667655786350149,0.0626
glam,592,0.1779639819909955,0.5667655786350149,0.0624
glam,593,0.17846423211605802,0.5667655786350149,0.0623
glam,594,0.1787143571785893,0.5667655786350149,0.0621
glam,595,0.17921460730365182,0.5667655786350149,0.0618
glam,596,0.17958979489744872,0.5667655786350149,0.0617
glam,597,0.17983991995998,0.56973293768546,0.0616
glam,598,0.17996498249124562,0.56973293768546,0.0615
glam,599,0.1802151075537769,0.56973293768546,0.0614
glam,600,0.18071535767883942,0.56973293768546,0.0612
glam,601,0.18084042021010505,0.56973293768546,0.0611
glam,602,0.18109054527263632,0.56973293768546,0.0608
glam,603,0.18146573286643322,0.56973293768546,0.0607
glam,604,0.18171585792896447,0.56973293768546,0.0605
glam,605,0.18246623311655827,0.56973293768546,0.0602
glam,606,0.18296648324162082,0.56973293768546,0.0599
glam,607,0.18359179589794897,0.56973293768546,0.0598
glam,608,0.18371685842921462,0.56973293768546,0.0597
glam,609,0.18396698349174587,0.56973293768546,0.0596
glam,610,0.18471735867933967,0.56973293768546,0.0594
glam,611,0.18496748374187094,0.56973293768546,0.059
glam,612,0.18571785892946474,0.56973293768546,0.0588
glam,613,0.185967983991996,0.56973293768546,0.0587
glam,614,0.18659329664832416,0.56973293768546,0.0586
glam,615,0.18696848424212106,0.56973293768546,0.0585
glam,616,0.1875937968984492,0.56973293768546,0.0584
glam,617,0.1882191095547774,0.5727002967359051,0.0583
glam,618,0.1894697348674337,0.5727002967359051,0.058
glam,619,0.18971985992996498,0.5727002967359051,0.0579
glam,620,0.19009504752376188,0.5727002967359051,0.0578
glam,621,0.1905952976488244,0.5727002967359051,0.0576
glam,622,0.19084542271135568,0.5756676557863502,0.0575
glam,623,0.19109554777388693,0.5756676557863502,0.0574
glam,624,0.19147073536768383,0.5756676557863502,0.0573
glam,625,0.1917208604302151,0.5756676557863502,0.0572
glam,626,0.19197098549274638,0.5816023738872403,0.0569
glam,627,0.19234617308654328,0.5845697329376854,0.0568
glam,628,0.19272136068034018,0.5845697329376854,0.0567
glam,629,0.1928464232116058,0.5845697329376854,0.0566
glam,630,0.19297148574287143,0.5875370919881305,0.0564
glam,631,0.19309654827413708,0.5875370919881305,0.0563
glam,632,0.19334667333666833,0.5875370919881305,0.0562
glam,633,0.1943471735867934,0.5875370919881305,0.056
glam,634,0.19534767383691845,0.5875370919881305,0.0559
glam,635,0.1954727363681841,0.5875370919881305,0.0558
glam,636,0.19597298649324663,0.5875370919881305,0.0557
glam,637,0.19609804902451225,0.5875370919881305,0.0556
glam,638,0.19684842421210605,0.5875370919881305,0.0554
glam,639,0.19697348674337167,0.5875370919881305,0.0553
glam,640,0.19734867433716857,0.5875370919881305,0.0552
glam,641,0.19772386193096547,0.5905044510385756,0.0551
glam,642,0.19822411205602802,0.5905044510385756,0.055
glam,643,0.19834917458729365,0.5905044510385756,0.0549
glam,644,0.19859929964982492,0.5905044510385756,0.0548
glam,645,0.2001000500250125,0.5905044510385756,0.0543
glam,646,0.20035017508754377,0.6023738872403561,0.0542
glam,647,0.20072536268134067,0.6023738872403561,0.0541
glam,648,0.20110055027513757,0.6023738872403561,0.0538
glam,649,0.20147573786893447,0.6023738872403561,0.0537
glam,650,0.20172586293146574,0.6023738872403561,0.0536
glam,651,0.201975987993997,0.6053412462908012,0.0535
glam,652,0.20210105052526264,0.6053412462908012,0.0534
glam,653,0.20260130065032517,0.6053412462908012,0.0533
glam,654,0.20260130065032517,0.6083086053412463,0.0532
glam,655,0.2027263631815908,0.6083086053412463,0.0531
glam,656,0.20297648824412207,0.6083086053412463,0.053
glam,657,0.20335167583791897,0.6083086053412463,0.0529
glam,658,0.20410205102551277,0.6083086053412463,0.0528
glam,659,0.2047273636818409,0.6083086053412463,0.0527
glam,660,0.20522761380690346,0.6083086053412463,0.0526
glam,661,0.2054777388694347,0.6083086053412463,0.0524
glam,662,0.205727863931966,0.6112759643916914,0.0523
glam,663,0.2061030515257629,0.6112759643916914,0.0522
glam,664,0.20635317658829413,0.6112759643916914,0.0521
glam,665,0.2064782391195598,0.6112759643916914,0.052
glam,666,0.20672836418209103,0.6112759643916914,0.0519
glam,667,0.20747873936968483,0.6112759643916914,0.0518
glam,668,0.20785392696348173,0.6112759643916914,0.0517
glam,669,0.20835417708854428,0.6112759643916914,0.0516
glam,670,0.20860430215107553,0.6112759643916914,0.0515
glam,671,0.20985492746373186,0.6112759643916914,0.0513
glam,672,0.21023011505752875,0.6112759643916914,0.0512
glam,673,0.21048024012006003,0.6112759643916914,0.0511
glam,674,0.2111055527763882,0.6112759643916914,0.051
glam,675,0.211855927963982,0.6112759643916914,0.0508
glam,676,0.21210605302651325,0.6142433234421365,0.0507
glam,677,0.21223111555777888,0.6142433234421365,0.0506
glam,678,0.21235617808904453,0.6172106824925816,0.0505
glam,679,0.21273136568284143,0.6172106824925816,0.0504
glam,680,0.21298149074537268,0.6172106824925816,0.0503
glam,681,0.21335667833916958,0.6172106824925816,0.0502
glam,682,0.21360680340170085,0.6172106824925816,0.0501
glam,683,0.21423211605802903,0.6172106824925816,0.05
glam,684,0.21510755377688845,0.6172106824925816,0.0499
glam,685,0.2161080540270135,0.6172106824925816,0.0497
glam,686,0.2164832416208104,0.6172106824925816,0.0496
glam,687,0.2172336168084042,0.6172106824925816,0.0495
glam,688,0.2176088044022011,0.6172106824925816,0.0494
glam,689,0.21848424212106052,0.6172106824925816,0.0493
glam,690,0.2191095547773887,0.6172106824925816,0.0492
glam,691,0.21960980490245122,0.6172106824925816,0.0491
glam,692,0.21998499249624812,0.6172106824925816,0.049
glam,693,0.2206103051525763,0.6172106824925816,0.0489
glam,694,0.22111055527763882,0.6172106824925816,0.0487
glam,695,0.22148574287143571,0.6172106824925816,0.0486
glam,696,0.2221110555277639,0.6172106824925816,0.0485
glam,697,0.2224862431215608,0.6172106824925816,0.0484
glam,698,0.2226113056528264,0.6172106824925816,0.0483
glam,699,0.22311155577788894,0.6172106824925816,0.0482
glam,700,0.2236118059029515,0.6201780415430267,0.0481
glam,701,0.224112056028014,0.6201780415430267,0.048
glam,702,0.22423711855927964,0.6201780415430267,0.0479
glam,703,0.22511255627813906,0.6201780415430267,0.0478
glam,704,0.2252376188094047,0.6201780415430267,0.0477
glam,705,0.2256128064032016,0.6201780415430267,0.0476
glam,706,0.22586293146573286,0.6201780415430267,0.0475
glam,707,0.22661330665332666,0.6201780415430267,0.0474
glam,708,0.22698849424712356,0.6201780415430267,0.0473
glam,709,0.22886443221610805,0.6201780415430267,0.047
glam,710,0.22973986993496748,0.6201780415430267,0.0469
glam,711,0.23024012006003,0.6201780415430267,0.0468
glam,712,0.23086543271635818,0.6201780415430267,0.0467
glam,713,0.2313656828414207,0.6201780415430267,0.0466
glam,714,0.2317408704352176,0.6201780415430267,0.0465
glam,715,0.23236618309154577,0.6201780415430267,0.0464
glam,716,0.2328664332166083,0.6201780415430267,0.0463
glam,717,0.23311655827913957,0.6201780415430267,0.0461
glam,718,0.23386693346673337,0.6201780415430267,0.0459
glam,719,0.23424212106053027,0.6231454005934718,0.0458
glam,720,0.23486743371685842,0.6231454005934718,0.0457
glam,721,0.2351175587793897,0.6231454005934718,0.0456
glam,722,0.2358679339669835,0.6231454005934718,0.0454
glam,723,0.23636818409204602,0.6231454005934718,0.0453
glam,724,0.2366183091545773,0.6231454005934718,0.0452
glam,725,0.23749374687343672,0.6231454005934718,0.0451
glam,726,0.2381190595297649,0.6231454005934718,0.045
glam,727,0.2388694347173587,0.6231454005934718,0.0448
glam,728,0.23961980990495246,0.6231454005934718,0.0447
glam,729,0.23986993496748374,0.6231454005934718,0.0446
glam,730,0.24049524762381191,0.6231454005934718,0.0445
glam,731,0.2408704352176088,0.6231454005934718,0.0444
glam,732,0.24174587293646824,0.6231454005934718,0.0443
glam,733,0.24224612306153076,0.6231454005934718,0.0442
glam,734,0.24287143571785894,0.6231454005934718,0.0441
glam,735,0.24374687343671836,0.6231454005934718,0.044
glam,736,0.24412206103051526,0.6231454005934718,0.0439
glam,737,0.24437218609304653,0.6261127596439169,0.0438
glam,738,0.24512256128064033,0.6261127596439169,0.0437
glam,739,0.2466233116558279,0.6261127596439169,0.0434
glam,740,0.24724862431215608,0.6261127596439169,0.0433
glam,741,0.2473736868434217,0.6261127596439169,0.0432
glam,742,0.2477488744372186,0.6261127596439169,0.0431
glam,743,0.24799899949974988,0.6261127596439169,0.043
glam,744,0.24899949974987493,0.6261127596439169,0.0429
glam,745,0.24937468734367182,0.629080118694362,0.0428
glam,746,0.2496248124062031,0.629080118694362,0.0427
glam,747,0.25062531265632815,0.629080118694362,0.0425
glam,748,0.25125062531265635,0.629080118694362,0.0424
glam,749,0.25212606303151575,0.629080118694362,0.0423
glam,750,0.2526263131565783,0.629080118694362,0.0422
glam,751,0.25287643821910955,0.629080118694362,0.0421
glam,752,0.25362681340670334,0.629080118694362,0.042
glam,753,0.253751875937969,0.6320474777448071,0.0419
glam,754,0.25475237618809404,0.6320474777448071,0.0417
glam,755,0.25512756378189094,0.6320474777448071,0.0416
glam,756,0.2557528764382191,0.6320474777448071,0.0415
glam,757,0.2565032516258129,0.6320474777448071,0.0414
glam,758,0.2568784392196098,0.6320474777448071,0.0413
glam,759,0.25775387693846924,0.6320474777448071,0.0412
glam,760,0.2580040020010005,0.6320474777448071,0.0411
glam,761,0.2591295647823912,0.6320474777448071,0.041
glam,762,0.25975487743871933,0.6320474777448071,0.0409
glam,763,0.2602551275637819,0.6320474777448071,0.0408
glam,764,0.26038019009504754,0.6320474777448071,0.0407
glam,765,0.2610055027513757,0.6350148367952523,0.0406
glam,766,0.2613806903451726,0.6379821958456974,0.0405
glam,767,0.26150575287643824,0.6379821958456974,0.0404
glam,768,0.26238119059529763,0.6379821958456974,0.0403
glam,769,0.26313156578289143,0.6379821958456974,0.0401
glam,770,0.26388194097048523,0.6379821958456974,0.04
glam,771,0.26450725362681343,0.6379821958456974,0.0399
glam,772,0.26500750375187593,0.6379821958456974,0.0398
glam,773,0.2658829414707354,0.6379821958456974,0.0397
glam,774,0.2663831915957979,0.6409495548961425,0.0396
glam,775,0.2671335667833917,0.6439169139465876,0.0395
glam,776,0.2681340670335168,0.6468842729970327,0.0394
glam,777,0.2688844422211106,0.6498516320474778,0.0393
glam,778,0.26938469234617307,0.6498516320474778,0.0392
glam,779,0.27051025512756377,0.6498516320474778,0.0391
glam,780,0.27088544272136067,0.6498516320474778,0.039
glam,781,0.2710105052526263,0.6528189910979229,0.0389
glam,782,0.2717608804402201,0.655786350148368,0.0388
glam,783,0.2725112556278139,0.655786350148368,0.0387
glam,784,0.2730115057528764,0.655786350148368,0.0386
glam,785,0.27388694347173587,0.655786350148368,0.0385
glam,786,0.274512256128064,0.655786350148368,0.0384
glam,787,0.27538769384692346,0.655786350148368,0.0383
glam,788,0.2756378189094547,0.655786350148368,0.0382
glam,789,0.2763881940970485,0.655786350148368,0.0381
glam,790,0.2770135067533767,0.655786350148368,0.038
glam,791,0.2773886943471736,0.655786350148368,0.0379
glam,792,0.2778889444722361,0.655786350148368,0.0378
glam,793,0.27926463231615806,0.655786350148368,0.0377
glam,794,0.27963981990995496,0.658753709198813,0.0376
glam,795,0.2801400700350175,0.658753709198813,0.0375
glam,796,0.2805152576288144,0.658753709198813,0.0374
glam,797,0.28114057028514255,0.658753709198813,0.0373
glam,798,0.28189094547273635,0.658753709198813,0.0372
glam,799,0.28326663331665836,0.658753709198813,0.0371
glam,800,0.2836418209104552,0.658753709198813,0.037
glam,801,0.2853926963481741,0.658753709198813,0.0368
glam,802,0.28601800900450225,0.658753709198813,0.0367
glam,803,0.28639319659829915,0.658753709198813,0.0366
glam,804,0.28714357178589295,0.658753709198813,0.0365
glam,805,0.28751875937968985,0.658753709198813,0.0364
glam,806,0.2885192596298149,0.658753709198813,0.0363
glam,807,0.28864432216108055,0.658753709198813,0.0362
glam,808,0.28951975987994,0.6617210682492581,0.0361
glam,809,0.2903951975987994,0.6617210682492581,0.036
glam,810,0.291895947973987,0.6617210682492581,0.0359
glam,811,0.2926463231615808,0.6617210682492581,0.0358
glam,812,0.2937718859429715,0.6617210682492581,0.0357
glam,813,0.29439719859929964,0.6617210682492581,0.0356
glam,814,0.2961480740370185,0.6617210682492581,0.0354
glam,815,0.2965232616308154,0.6617210682492581,0.0353
glam,816,0.2972736368184092,0.6617210682492581,0.0352
glam,817,0.2982741370685343,0.6617210682492581,0.0351
glam,818,0.2986493246623312,0.6646884272997032,0.035
glam,819,0.29927463731865933,0.6646884272997032,0.0349
glam,820,0.30002501250625313,0.6646884272997032,0.0347
glam,821,0.3010255127563782,0.6676557863501483,0.0346
glam,822,0.30190095047523763,0.6676557863501483,0.0345
glam,823,0.3024012006003001,0.6676557863501483,0.0344
glam,824,0.3032766383191596,0.6676557863501483,0.0343
glam,825,0.3050275137568784,0.6735905044510386,0.0342
glam,826,0.306528264132066,0.6765578635014837,0.0341
glam,827,0.3071535767883942,0.6765578635014837,0.034
glam,828,0.30815407703851927,0.6765578635014837,0.0339
glam,829,0.30852926463231617,0.6795252225519288,0.0338
glam,830,0.3091545772886443,0.6795252225519288,0.0337
glam,831,0.3117808904452226,0.6795252225519288,0.0334
glam,832,0.31228114057028517,0.6795252225519288,0.0333
glam,833,0.3132816408204102,0.6795252225519288,0.0332
glam,834,0.31390695347673836,0.6795252225519288,0.0331
glam,835,0.31428214107053526,0.6795252225519288,0.033
glam,836,0.31540770385192596,0.6795252225519288,0.0329
glam,837,0.3159079539769885,0.6795252225519288,0.0328
glam,838,0.3170335167583792,0.6795252225519288,0.0327
glam,839,0.3179089544772386,0.6795252225519288,0.0326
glam,840,0.3185342671335668,0.6795252225519288,0.0325
glam,841,0.3189094547273637,0.685459940652819,0.0324
glam,842,0.3200350175087544,0.685459940652819,0.0323
glam,843,0.3212856428214107,0.685459940652819,0.0322
glam,844,0.3224112056028014,0.685459940652819,0.0321
glam,845,0.32328664332166085,0.6913946587537092,0.032
glam,846,0.323911955977989,0.6913946587537092,0.0319
glam,847,0.32516258129064535,0.6913946587537092,0.0318
glam,848,0.32678839419709854,0.6913946587537092,0.0317
glam,849,0.3277888944472236,0.6913946587537092,0.0316
glam,850,0.3280390195097549,0.6913946587537092,0.0315
glam,851,0.32903951975987994,0.6913946587537092,0.0314
glam,852,0.3299149574787394,0.6913946587537092,0.0313
glam,853,0.33129064532266134,0.6943620178041543,0.0312
glam,854,0.3319159579789895,0.6943620178041543,0.0311
glam,855,0.3330415207603802,0.6973293768545994,0.031
glam,856,0.33404202101050523,0.6973293768545994,0.0308
glam,857,0.3374187093546773,0.6973293768545994,0.0305
glam,858,0.3379189594797399,0.7002967359050445,0.0304
glam,859,0.3392946473236618,0.7002967359050445,0.0303
glam,860,0.3419209604802401,0.7002967359050445,0.03
glam,861,0.34254627313656827,0.7032640949554896,0.0299
glam,862,0.34392196098049027,0.7032640949554896,0.0298
glam,863,0.3449224612306153,0.7032640949554896,0.0297
glam,864,0.3457978989494747,0.7032640949554896,0.0296
glam,865,0.3467983991995998,0.7032640949554896,0.0295
glam,866,0.3480490245122561,0.7032640949554896,0.0294
glam,867,0.34892446223111556,0.7032640949554896,0.0293
glam,868,0.3503001500750375,0.7032640949554896,0.0292
glam,869,0.35130065032516256,0.7032640949554896,0.0291
glam,870,0.352176088044022,0.7032640949554896,0.029
glam,871,0.35342671335667836,0.7032640949554896,0.0289
glam,872,0.35505252626313155,0.7032640949554896,0.0288
glam,873,0.3555527763881941,0.7032640949554896,0.0287
glam,874,0.35642821410705355,0.7032640949554896,0.0286
glam,875,0.3575537768884442,0.7032640949554896,0.0285
glam,876,0.35842921460730365,0.7062314540059347,0.0284
glam,877,0.35917958979489745,0.7062314540059347,0.0283
glam,878,0.36105552776388194,0.7062314540059347,0.0282
glam,879,0.3626813406703352,0.7062314540059347,0.0281
glam,880,0.36380690345172584,0.7091988130563798,0.028
glam,881,0.36480740370185094,0.7091988130563798,0.0279
glam,882,0.36605802901450724,0.7091988130563798,0.0277
glam,883,0.36755877938969483,0.7091988130563798,0.0276
glam,884,0.369559779889945,0.7091988130563798,0.0274
glam,885,0.37018509254627313,0.7091988130563798,0.0273
glam,886,0.3711855927963982,0.7091988130563798,0.0272
glam,887,0.37168584292146073,0.7091988130563798,0.0271
glam,888,0.3734367183591796,0.7091988130563798,0.027
glam,889,0.374312156078039,0.7091988130563798,0.0269
glam,890,0.3753126563281641,0.7091988130563798,0.0268
glam,891,0.3760630315157579,0.7091988130563798,0.0267
glam,892,0.3773136568284142,0.7091988130563798,0.0266
glam,893,0.378064032016008,0.7091988130563798,0.0265
glam,894,0.3795647823911956,0.7091988130563798,0.0264
glam,895,0.38056528264132067,0.7091988130563798,0.0263
glam,896,0.3823161580790395,0.7091988130563798,0.0262
glam,897,0.38369184592296146,0.7091988130563798,0.0261
glam,898,0.3849424712356178,0.7091988130563798,0.026
glam,899,0.38631815907953976,0.7091988130563798,0.0259
glam,900,0.3873186593296648,0.7091988130563798,0.0258
glam,901,0.38856928464232116,0.712166172106825,0.0257
glam,902,0.3899449724862431,0.7151335311572701,0.0256
glam,903,0.3906953476738369,0.7151335311572701,0.0255
glam,904,0.3918209104552276,0.7151335311572701,0.0254
glam,905,0.39232116058029015,0.7151335311572701,0.0253
glam,906,0.39382191095547775,0.7181008902077152,0.0252
glam,907,0.39469734867433715,0.7181008902077152,0.0251
glam,908,0.39544772386193094,0.7181008902077152,0.025
glam,909,0.39644822411205605,0.7181008902077152,0.0249
glam,910,0.3981990995497749,0.7181008902077152,0.0247
glam,911,0.39919959979989994,0.7181008902077152,0.0246
glam,912,0.4000750375187594,0.7210682492581603,0.0245
glam,913,0.4035767883941971,0.7210682492581603,0.0243
glam,914,0.4043271635817909,0.7210682492581603,0.0242
glam,915,0.40570285142571283,0.7210682492581603,0.0241
glam,916,0.40670335167583793,0.7210682492581603,0.024
glam,917,0.4079539769884942,0.7210682492581603,0.0239
glam,918,0.40932966483241623,0.7210682492581603,0.0238
glam,919,0.4108304152076038,0.7210682492581603,0.0237
glam,920,0.4120810405202601,0.7210682492581603,0.0236
glam,921,0.4137068534267134,0.7210682492581603,0.0235
glam,922,0.4150825412706353,0.7210682492581603,0.0234
glam,923,0.4158329164582291,0.7210682492581603,0.0233
glam,924,0.4173336668334167,0.7210682492581603,0.0232
glam,925,0.41870935467733866,0.7210682492581603,0.0231
glam,926,0.4195847923961981,0.7210682492581603,0.023
glam,927,0.4210855427713857,0.7210682492581603,0.0229
glam,928,0.4225862931465733,0.7240356083086054,0.0228
glam,929,0.42433716858429216,0.7240356083086054,0.0227
glam,930,0.4275887943971986,0.7240356083086054,0.0225
glam,931,0.42896448224112055,0.7240356083086054,0.0224
glam,932,0.4305902951475738,0.7240356083086054,0.0223
glam,933,0.4318409204602301,0.7240356083086054,0.0222
glam,934,0.4325912956478239,0.7240356083086054,0.0221
glam,935,0.43421710855427714,0.7240356083086054,0.022
glam,936,0.4355927963981991,0.7240356083086054,0.0219
glam,937,0.43659329664832414,0.7240356083086054,0.0218
glam,938,0.4378439219609805,0.7240356083086054,0.0217
glam,939,0.43959479739869933,0.7240356083086054,0.0216
glam,940,0.44097048524262134,0.7240356083086054,0.0215
glam,941,0.4427213606803402,0.7270029673590505,0.0214
glam,942,0.4435967983991996,0.7299703264094956,0.0213
glam,943,0.4445972986493247,0.7329376854599406,0.0212
glam,944,0.4465982991495748,0.7329376854599406,0.0211
glam,945,0.4475987993996999,0.7329376854599406,0.021
glam,946,0.4501000500250125,0.7329376854599406,0.0209
glam,947,0.4513506753376688,0.7329376854599406,0.0208
glam,948,0.4527263631815908,0.7329376854599406,0.0207
glam,949,0.4542271135567784,0.7359050445103857,0.0206
glam,950,0.4554777388694347,0.7359050445103857,0.0205
glam,951,0.45747873936968486,0.7359050445103857,0.0204
glam,952,0.45972986493246626,0.7359050445103857,0.0203
glam,953,0.46135567783891945,0.7359050445103857,0.0202
glam,954,0.46360680340170085,0.7359050445103857,0.0201
glam,955,0.465607803901951,0.7359050445103857,0.02
glam,956,0.46710855427713854,0.7359050445103857,0.0199
glam,957,0.46823411705852924,0.7359050445103857,0.0198
glam,958,0.4691095547773887,0.7359050445103857,0.0197
glam,959,0.4733616808404202,0.7359050445103857,0.0195
glam,960,0.4744872436218109,0.7359050445103857,0.0194
glam,961,0.4762381190595298,0.7359050445103857,0.0193
glam,962,0.4789894947473737,0.7359050445103857,0.0192
glam,963,0.4803651825912956,0.7359050445103857,0.0191
glam,964,0.4819909954977489,0.7359050445103857,0.019
glam,965,0.4842421210605303,0.7359050445103857,0.0189
glam,966,0.486368184092046,0.7359050445103857,0.0188
glam,967,0.4882441220610305,0.7359050445103857,0.0187
glam,968,0.4913706853426713,0.7359050445103857,0.0186
glam,969,0.4931215607803902,0.7359050445103857,0.0185
glam,970,0.4947473736868434,0.7359050445103857,0.0184
glam,971,0.4968734367183592,0.7359050445103857,0.0183
glam,972,0.4988744372186093,0.7359050445103857,0.0182
glam,973,0.5003751875937968,0.7359050445103857,0.0181
glam,974,0.501375687843922,0.7359050445103857,0.018
glam,975,0.5028764382191095,0.7359050445103857,0.0179
glam,976,0.5053776888444222,0.7359050445103857,0.0178
glam,977,0.5070035017508754,0.7359050445103857,0.0177
glam,978,0.5087543771885943,0.7359050445103857,0.0176
glam,979,0.5117558779389695,0.7359050445103857,0.0174
glam,980,0.5138819409704852,0.7359050445103857,0.0173
glam,981,0.5158829414707353,0.7359050445103857,0.0172
glam,982,0.5176338169084542,0.7359050445103857,0.0171
glam,983,0.5196348174087043,0.7388724035608308,0.017
glam,984,0.5210105052526263,0.7388724035608308,0.0169
glam,985,0.5226363181590795,0.7388724035608308,0.0168
glam,986,0.5246373186593296,0.7388724035608308,0.0167
glam,987,0.5271385692846423,0.7388724035608308,0.0166
glam,988,0.5318909454727364,0.7388724035608308,0.0164
glam,989,0.5335167583791895,0.7388724035608308,0.0163
glam,990,0.5361430715357679,0.7388724035608308,0.0162
glam,991,0.5378939469734867,0.7388724035608308,0.0161
glam,992,0.5400200100050025,0.7388724035608308,0.016
glam,993,0.5431465732866433,0.7388724035608308,0.0159
glam,994,0.5453976988494247,0.7388724035608308,0.0158
glam,995,0.5471485742871436,0.7388724035608308,0.0157
glam,996,0.5500250125062531,0.7388724035608308,0.0156
glam,997,0.5524012006003002,0.7388724035608308,0.0155
glam,998,0.554152076038019,0.7388724035608308,0.0154
glam,999,0.5560280140070035,0.7418397626112759,0.0153
glam,1000,0.5574037018509255,0.7477744807121661,0.0152
glam,1001,0.5601550775387694,0.7477744807121661,0.0151
glam,1002,0.561655827913957,0.7477744807121661,0.015
glam,1003,0.5664082041020511,0.7477744807121661,0.0148
glam,1004,0.5684092046023012,0.7477744807121661,0.0147
glam,1005,0.5707853926963482,0.7477744807121661,0.0146
glam,1006,0.5730365182591296,0.7477744807121661,0.0145
glam,1007,0.5780390195097549,0.7477744807121661,0.0143
glam,1008,0.5799149574787393,0.7477744807121661,0.0142
glam,1009,0.5821660830415207,0.7477744807121661,0.0141
glam,1010,0.5851675837918959,0.7477744807121661,0.014
glam,1011,0.5874187093546773,0.7507418397626113,0.0139
glam,1012,0.5910455227613807,0.7507418397626113,0.0138
glam,1013,0.5962981490745373,0.7507418397626113,0.0136
glam,1014,0.5977988994497249,0.7507418397626113,0.0135
glam,1015,0.6003001500750376,0.7537091988130564,0.0134
glam,1016,0.6026763381690845,0.7537091988130564,0.0133
glam,1017,0.6045522761380691,0.7537091988130564,0.0132
glam,1018,0.6065532766383191,0.7537091988130564,0.0131
glam,1019,0.6084292146073037,0.7537091988130564,0.013
glam,1020,0.6105552776388194,0.7537091988130564,0.0129
glam,1021,0.6160580290145072,0.7537091988130564,0.0127
glam,1022,0.6178089044522261,0.7537091988130564,0.0126
glam,1023,0.6190595297648824,0.7537091988130564,0.0125
glam,1024,0.6230615307653827,0.7537091988130564,0.0123
glam,1025,0.6251875937968985,0.7566765578635015,0.0122
glam,1026,0.6269384692346173,0.7566765578635015,0.0121
glam,1027,0.6299399699849925,0.7566765578635015,0.012
glam,1028,0.632816408204102,0.7596439169139466,0.0119
glam,1029,0.635567783891946,0.7596439169139466,0.0118
glam,1030,0.6381940970485243,0.7596439169139466,0.0117
glam,1031,0.6429464732366184,0.7596439169139466,0.0115
glam,1032,0.6445722861430715,0.7596439169139466,0.0114
glam,1033,0.6475737868934467,0.7596439169139466,0.0113
glam,1034,0.6490745372686343,0.7596439169139466,0.0112
glam,1035,0.6513256628314157,0.7596439169139466,0.0111
glam,1036,0.6534517258629314,0.7596439169139466,0.011
glam,1037,0.655327663831916,0.7596439169139466,0.0109
glam,1038,0.6569534767383692,0.7596439169139466,0.0108
glam,1039,0.6595797898949475,0.7596439169139466,0.0107
glam,1040,0.6612056028014007,0.7596439169139466,0.0106
glam,1041,0.6629564782391195,0.7596439169139466,0.0105
glam,1042,0.6644572286143071,0.7655786350148368,0.0104
glam,1043,0.6674587293646823,0.7655786350148368,0.0103
glam,1044,0.6698349174587294,0.7655786350148368,0.0102
glam,1045,0.6718359179589795,0.7655786350148368,0.0101
glam,1046,0.6745872936468235,0.7655786350148368,0.01
glam,1047,0.6763381690845423,0.7655786350148368,0.0099
glam,1048,0.6783391695847923,0.7655786350148368,0.0098
glam,1049,0.6809654827413707,0.7655786350148368,0.0097
glam,1050,0.682216108054027,0.7655786350148368,0.0096
glam,1051,0.6837168584292146,0.7655786350148368,0.0095
glam,1052,0.6860930465232616,0.7685459940652819,0.0094
glam,1053,0.6878439219609805,0.7685459940652819,0.0093
glam,1054,0.6903451725862931,0.7685459940652819,0.0092
glam,1055,0.693096548274137,0.771513353115727,0.0091
glam,1056,0.6988494247123562,0.7774480712166172,0.009
glam,1057,0.7052276138069035,0.7863501483679525,0.0089
glam,1058,0.7089794897448725,0.7952522255192879,0.0088
glam,1059,0.7127313656828415,0.798219584569733,0.0087
glam,1060,0.7181090545272636,0.798219584569733,0.0086
glam,1061,0.7214857428714357,0.8011869436201781,0.0085
glam,1062,0.7228614307153577,0.8011869436201781,0.0084
glam,1063,0.7246123061530766,0.8041543026706232,0.0083
glam,1064,0.7261130565282641,0.8071216617210683,0.0082
glam,1065,0.7279889944972486,0.8100890207715133,0.0081
glam,1066,0.7292396198099049,0.8100890207715133,0.008
glam,1067,0.7307403701850925,0.8100890207715133,0.0079
glam,1068,0.7324912456228114,0.8100890207715133,0.0078
glam,1069,0.7338669334667334,0.8100890207715133,0.0077
glam,1070,0.7373686843421711,0.8160237388724035,0.0076
glam,1071,0.7388694347173587,0.8160237388724035,0.0075
glam,1072,0.7404952476238119,0.8160237388724035,0.0074
glam,1073,0.742871435717859,0.8189910979228486,0.0073
glam,1074,0.7453726863431716,0.8189910979228486,0.0072
glam,1075,0.7461230615307654,0.8189910979228486,0.0071
glam,1076,0.7477488744372186,0.8219584569732937,0.007
glam,1077,0.7494997498749375,0.8219584569732937,0.0069
glam,1078,0.7510005002501251,0.8249258160237388,0.0068
glam,1079,0.7530015007503752,0.8249258160237388,0.0067
glam,1080,0.7552526263131566,0.827893175074184,0.0066
glam,1081,0.757128564282141,0.8308605341246291,0.0065
glam,1082,0.7591295647823912,0.8308605341246291,0.0064
glam,1083,0.7610055027513757,0.8338278931750742,0.0063
glam,1084,0.7633816908454227,0.8367952522255193,0.0062
glam,1085,0.7653826913456728,0.8397626112759644,0.0061
glam,1086,0.7675087543771886,0.8427299703264095,0.006
glam,1087,0.773511755877939,0.8427299703264095,0.0058
glam,1088,0.7763881940970485,0.8427299703264095,0.0057
glam,1089,0.7790145072536269,0.8486646884272997,0.0056
glam,1090,0.7842671335667833,0.8486646884272997,0.0054
glam,1091,0.7877688844422212,0.8486646884272997,0.0053
glam,1092,0.7907703851925963,0.8545994065281899,0.0052
glam,1093,0.7940220110055027,0.8545994065281899,0.0051
glam,1094,0.7972736368184092,0.857566765578635,0.005
glam,1095,0.7998999499749875,0.857566765578635,0.0049
glam,1096,0.8021510755377689,0.8635014836795252,0.0048
glam,1097,0.806528264132066,0.8635014836795252,0.0047
glam,1098,0.8121560780390195,0.8694362017804155,0.0046
glam,1099,0.8169084542271136,0.8694362017804155,0.0045
glam,1100,0.8231615807903953,0.8813056379821959,0.0044
glam,1101,0.8281640820410205,0.8813056379821959,0.0043
glam,1102,0.8349174587293647,0.8813056379821959,0.0042
glam,1103,0.841295647823912,0.887240356083086,0.0041
glam,1104,0.8462981490745373,0.887240356083086,0.004
glam,1105,0.8540520260130064,0.8931750741839762,0.0039
glam,1106,0.858304152076038,0.8961424332344213,0.0038
glam,1107,0.8613056528264132,0.8991097922848664,0.0037
glam,1108,0.8646823411705853,0.8991097922848664,0.0036
glam,1109,0.867183591795898,0.8991097922848664,0.0035
glam,1110,0.8680590295147573,0.8991097922848664,0.0034
glam,1111,0.8685592796398199,0.8991097922848664,0.0033
glam,1112,0.8686843421710856,0.8991097922848664,0.0032
glam,1113,0.8690595297648824,0.8991097922848664,0.0031
glam,1114,0.8693096548274137,0.8991097922848664,0.003
glam,1115,1.0,1.0,0.0
baseline_ensemble,0,0.0,0.0,
baseline_ensemble,1,0.0,0.002967359050445104,0.9344999041000001
baseline_ensemble,2,0.0,0.020771513353115726,0.8148333258
baseline_ensemble,3,0.0001250625312656328,0.020771513353115726,0.8100664866
baseline_ensemble,4,0.0001250625312656328,0.02373887240356083,0.7982997537000001
baseline_ensemble,5,0.0002501250625312656,0.02373887240356083,0.7956666894
baseline_ensemble,6,0.0002501250625312656,0.032640949554896145,0.7481663632
baseline_ensemble,7,0.00037518759379689845,0.032640949554896145,0.7421001519
baseline_ensemble,8,0.00037518759379689845,0.04451038575667656,0.7375332341999999
baseline_ensemble,9,0.0005002501250625312,0.04451038575667656,0.7331002507
baseline_ensemble,10,0.0005002501250625312,0.04747774480712166,0.7317331671
baseline_ensemble,11,0.0010005002501250625,0.04747774480712166,0.7151001269
baseline_ensemble,12,0.0010005002501250625,0.050445103857566766,0.71113319
baseline_ensemble,13,0.0011255627813906953,0.050445103857566766,0.6885999944000001
baseline_ensemble,14,0.0011255627813906953,0.05637982195845697,0.6853666077
baseline_ensemble,15,0.0012506253126563281,0.05637982195845697,0.6849332673999999
baseline_ensemble,16,0.0012506253126563281,0.05934718100890208,0.6768662847999999
baseline_ensemble,17,0.001375687843921961,0.05934718100890208,0.6702002127
baseline_ensemble,18,0.001375687843921961,0.06231454005934718,0.6668666057000001
baseline_ensemble,19,0.0016258129064532266,0.06231454005934718,0.6647666414
baseline_ensemble,20,0.0016258129064532266,0.06528189910979229,0.6638330579
baseline_ensemble,21,0.002001000500250125,0.06528189910979229,0.6472997379000001
baseline_ensemble,22,0.002001000500250125,0.06824925816023739,0.6465330359
baseline_ensemble,23,0.002126063031515758,0.06824925816023739,0.6386666535
baseline_ensemble,24,0.002126063031515758,0.0712166172106825,0.6362330919000001
baseline_ensemble,25,0.002751375687843922,0.0712166172106825,0.6216334511
baseline_ensemble,26,0.002751375687843922,0.0771513353115727,0.6199664156
baseline_ensemble,27,0.002876438219109555,0.0771513353115727,0.6141665918000001
baseline_ensemble,28,0.002876438219109555,0.08011869436201781,0.6077999963
baseline_ensemble,29,0.0032516258129064533,0.08011869436201781,0.5844663689999999
baseline_ensemble,30,0.0032516258129064533,0.0830860534124629,0.5805663891
baseline_ensemble,31,0.003376688344172086,0.0830860534124629,0.5788335078
baseline_ensemble,32,0.003376688344172086,0.08605341246290801,0.5725332254
baseline_ensemble,33,0.003501750875437719,0.08605341246290801,0.5690000617
baseline_ensemble,34,0.003501750875437719,0.08902077151335312,0.5688332275
baseline_ensemble,35,0.0036268134067033516,0.08902077151335312,0.5684664294999999
baseline_ensemble,36,0.0036268134067033516,0.10089020771513353,0.5633999508
baseline_ensemble,37,0.0038769384692346172,0.10089020771513353,0.5562998257
baseline_ensemble,38,0.0038769384692346172,0.10385756676557864,0.5560998629999999
baseline_ensemble,39,0.004502251125562781,0.10385756676557864,0.5501330842
baseline_ensemble,40,0.004502251125562781,0.11275964391691394,0.5453996365
baseline_ensemble,41,0.005502751375687844,0.11275964391691394,0.5394996804000001
baseline_ensemble,42,0.005502751375687844,0.12462908011869436,0.5318666881
baseline_ensemble,43,0.0056278139069534765,0.12462908011869436,0.5314334537000001
baseline_ensemble,44,0.0056278139069534765,0.12759643916913946,0.5310331923
baseline_ensemble,45,0.006128064032016008,0.12759643916913946,0.5244663943
baseline_ensemble,46,0.006128064032016008,0.13353115727002968,0.5220331448000001
baseline_ensemble,47,0.009004502251125562,0.13353115727002968,0.5030995062
baseline_ensemble,48,0.009504752376188095,0.13353115727002968,0.5030328394
baseline_ensemble,49,0.010505252626313157,0.13649851632047477,0.502999506
baseline_ensemble,50,0.011755877938969485,0.1394658753709199,0.5029661726
baseline_ensemble,51,0.012256128064032016,0.1394658753709199,0.5029328392
baseline_ensemble,52,0.013256628314157078,0.1394658753709199,0.5028995058
baseline_ensemble,53,0.01375687843921961,0.1394658753709199,0.5028661724
baseline_ensemble,54,0.014132066033016508,0.1394658753709199,0.5026328386
baseline_ensemble,55,0.014507253626813406,0.1394658753709199,0.5025328384
baseline_ensemble,56,0.014882441220610306,0.1394658753709199,0.5022670856
baseline_ensemble,57,0.014882441220610306,0.142433234421365,0.49999981480000005
baseline_ensemble,58,0.060655327663831915,0.17804154302670624,0.4999995
baseline_ensemble,59,0.060905452726363184,0.17804154302670624,0.4962670672
baseline_ensemble,60,0.060905452726363184,0.18100890207715134,0.4958330265
baseline_ensemble,61,0.061530765382691345,0.18100890207715134,0.48989983350000005
baseline_ensemble,62,0.061530765382691345,0.18397626112759644,0.48893351279999997
baseline_ensemble,63,0.062031015507753876,0.18397626112759644,0.48536649339999993
baseline_ensemble,64,0.062031015507753876,0.18694362017804153,0.4832664967
baseline_ensemble,65,0.062281140570285144,0.18694362017804153,0.47936704640000005
baseline_ensemble,66,0.062281140570285144,0.19287833827893175,0.4782665168
baseline_ensemble,67,0.062406203101550775,0.19287833827893175,0.4778664976
baseline_ensemble,68,0.062406203101550775,0.19584569732937684,0.4776664566
baseline_ensemble,69,0.06253126563281641,0.19584569732937684,0.4766331706
baseline_ensemble,70,0.06253126563281641,0.19881305637982197,0.47606669209999997
baseline_ensemble,71,0.06265632816408204,0.19881305637982197,0.4755664293
baseline_ensemble,72,0.06265632816408204,0.20178041543026706,0.4740000499
baseline_ensemble,73,0.06303151575787894,0.20178041543026706,0.4711328795
baseline_ensemble,74,0.06303151575787894,0.20474777448071216,0.4702998995
baseline_ensemble,75,0.06340670335167584,0.20474777448071216,0.46783319560000003
baseline_ensemble,76,0.06340670335167584,0.21068249258160238,0.4629997936
baseline_ensemble,77,0.06353176588294147,0.21068249258160238,0.4584665525
baseline_ensemble,78,0.06353176588294147,0.21364985163204747,0.457233112
baseline_ensemble,79,0.06415707853926964,0.21364985163204747,0.45246674680000004
baseline_ensemble,80,0.06415707853926964,0.2166172106824926,0.44986652979999997
baseline_ensemble,81,0.06428214107053527,0.2166172106824926,0.4477997538
baseline_ensemble,82,0.06428214107053527,0.22551928783382788,0.44419979499999995
baseline_ensemble,83,0.0644072036018009,0.22551928783382788,0.4440665306
baseline_ensemble,84,0.0644072036018009,0.228486646884273,0.44319987189999993
baseline_ensemble,85,0.06453226613306653,0.228486646884273,0.4421667255
baseline_ensemble,86,0.06453226613306653,0.2314540059347181,0.4395331656
baseline_ensemble,87,0.0647823911955978,0.2314540059347181,0.436666687
baseline_ensemble,88,0.0647823911955978,0.2344213649851632,0.4365997833
baseline_ensemble,89,0.06503251625812906,0.2344213649851632,0.43486644779999994
baseline_ensemble,90,0.06503251625812906,0.2433234421364985,0.431166482
baseline_ensemble,91,0.0655327663831916,0.2433234421364985,0.4276997045
baseline_ensemble,92,0.0655327663831916,0.24629080118694363,0.4256665817
baseline_ensemble,93,0.06615807903951976,0.24629080118694363,0.42123340750000005
baseline_ensemble,94,0.06615807903951976,0.2522255192878338,0.41876651239999996
baseline_ensemble,95,0.0666583291645823,0.2522255192878338,0.41449973489999997
baseline_ensemble,96,0.0666583291645823,0.2551928783382789,0.4141664331
baseline_ensemble,97,0.06753376688344172,0.2551928783382789,0.4087331146
baseline_ensemble,98,0.06753376688344172,0.26409495548961426,0.4074663996
baseline_ensemble,99,0.06803401700850426,0.26409495548961426,0.4039997687
baseline_ensemble,100,0.06803401700850426,0.26706231454005935,0.40289984879999996
baseline_ensemble,101,0.06865932966483242,0.26706231454005935,0.40033313169999996
baseline_ensemble,102,0.06865932966483242,0.27002967359050445,0.39789990030000005
baseline_ensemble,103,0.06903451725862932,0.27002967359050445,0.3967330225
baseline_ensemble,104,0.06903451725862932,0.27299703264094954,0.3961665076
baseline_ensemble,105,0.06940970485242622,0.27299703264094954,0.3917001752
baseline_ensemble,106,0.06940970485242622,0.27596439169139464,0.3909665107
baseline_ensemble,107,0.06953476738369184,0.27596439169139464,0.3906331375
baseline_ensemble,108,0.06953476738369184,0.2789317507418398,0.39059974350000004
baseline_ensemble,109,0.06965982991495748,0.2789317507418398,0.3899666158
baseline_ensemble,110,0.06965982991495748,0.2818991097922849,0.3898331256
baseline_ensemble,111,0.07178589294647324,0.2818991097922849,0.3793664065
baseline_ensemble,112,0.07178589294647324,0.2878338278931751,0.37906666969999997
baseline_ensemble,113,0.0720360180090045,0.2878338278931751,0.37856673080000003
baseline_ensemble,114,0.0720360180090045,0.29080118694362017,0.3774664442999999
baseline_ensemble,115,0.07366183091545773,0.29080118694362017,0.3693999562
baseline_ensemble,116,0.07366183091545773,0.29673590504451036,0.3687998394
baseline_ensemble,117,0.07628814407203602,0.29673590504451036,0.36009984279999996
baseline_ensemble,118,0.07628814407203602,0.2997032640949555,0.3591998489
baseline_ensemble,119,0.07666333166583292,0.2997032640949555,0.3580996509
baseline_ensemble,120,0.07666333166583292,0.3026706231454006,0.3577663409
baseline_ensemble,121,0.07678839419709856,0.3026706231454006,0.3564663257
baseline_ensemble,122,0.07678839419709856,0.3056379821958457,0.3561333058
baseline_ensemble,123,0.07791395697848924,0.3056379821958457,0.35289985570000004
baseline_ensemble,124,0.07791395697848924,0.3086053412462908,0.3526998539
baseline_ensemble,125,0.0785392696348174,0.3086053412462908,0.35103323080000004
baseline_ensemble,126,0.0785392696348174,0.3115727002967359,0.35059985689999995
baseline_ensemble,127,0.0789144572286143,0.3115727002967359,0.3503332472
baseline_ensemble,128,0.0789144572286143,0.314540059347181,0.35013311739999997
baseline_ensemble,129,0.080040020010005,0.314540059347181,0.347632997
baseline_ensemble,130,0.080040020010005,0.31750741839762614,0.3474329963
baseline_ensemble,131,0.08029014507253626,0.31750741839762614,0.3470663295
baseline_ensemble,132,0.08029014507253626,0.32047477744807124,0.3468996618
baseline_ensemble,133,0.08179089544772386,0.32047477744807124,0.34470002580000003
baseline_ensemble,134,0.08179089544772386,0.32344213649851633,0.344632997
baseline_ensemble,135,0.08216608304152076,0.32344213649851633,0.34416633069999997
baseline_ensemble,136,0.08216608304152076,0.3264094955489614,0.3441332572
baseline_ensemble,137,0.08404202101050526,0.3264094955489614,0.3419996666
baseline_ensemble,138,0.08404202101050526,0.3293768545994065,0.3419664639
baseline_ensemble,139,0.08541770885442722,0.3293768545994065,0.3409663347
baseline_ensemble,140,0.08541770885442722,0.3323442136498516,0.3406330009
baseline_ensemble,141,0.08566783391695848,0.3323442136498516,0.33999967999999997
baseline_ensemble,142,0.08566783391695848,0.3353115727002967,0.3399330024
baseline_ensemble,143,0.08604302151075538,0.3353115727002967,0.3392663364
baseline_ensemble,144,0.08629314657328664,0.3353115727002967,0.3392330118
baseline_ensemble,145,0.08629314657328664,0.33827893175074186,0.3391333373
baseline_ensemble,146,0.08666833416708354,0.33827893175074186,0.3389663413
baseline_ensemble,147,0.08666833416708354,0.34421364985163205,0.3382996698
baseline_ensemble,148,0.08679339669834918,0.34421364985163205,0.3380996709
baseline_ensemble,149,0.08679339669834918,0.34718100890207715,0.33779973649999995
baseline_ensemble,150,0.08716858429214608,0.34718100890207715,0.3373996748
baseline_ensemble,151,0.08716858429214608,0.35014836795252224,0.337133005
baseline_ensemble,152,0.0876688344172086,0.35014836795252224,0.3365996703
baseline_ensemble,153,0.08929464732366182,0.35014836795252224,0.336333006
baseline_ensemble,154,0.09079539769884942,0.35014836795252224,0.3362996726
baseline_ensemble,155,0.09154577288644322,0.35311572700296734,0.3362663392
baseline_ensemble,156,0.09192096048024012,0.35311572700296734,0.3362330058
baseline_ensemble,157,0.09279639819909954,0.35311572700296734,0.3361996724
baseline_ensemble,158,0.09304652326163082,0.35311572700296734,0.336166339
baseline_ensemble,159,0.09304652326163082,0.3560830860534125,0.3361332267
baseline_ensemble,160,0.09329664832416208,0.3560830860534125,0.3361330056
baseline_ensemble,161,0.09367183591795898,0.3560830860534125,0.3360996722
baseline_ensemble,162,0.09392196098049024,0.3560830860534125,0.3360330054
baseline_ensemble,163,0.0941720860430215,0.3560830860534125,0.33599967199999997
baseline_ensemble,164,0.0945472736368184,0.3560830860534125,0.33589967179999997
baseline_ensemble,165,0.09629814907453726,0.3620178041543027,0.33586633839999996
baseline_ensemble,166,0.09629814907453726,0.3649851632047478,0.3355665821
baseline_ensemble,167,0.0971735867933967,0.3649851632047478,0.3343663354
baseline_ensemble,168,0.09742371185592796,0.3649851632047478,0.334333002
baseline_ensemble,169,0.0975487743871936,0.3649851632047478,0.33393317800000005
baseline_ensemble,170,0.18246623311655827,0.43026706231454004,0.333333
baseline_ensemble,171,0.18246623311655827,0.4332344213649852,0.3326664765
baseline_ensemble,172,0.18346673336668334,0.4332344213649852,0.32919987749999996
baseline_ensemble,173,0.18346673336668334,0.4362017804154303,0.3286331238
baseline_ensemble,174,0.18609304652326164,0.4362017804154303,0.3157998146
baseline_ensemble,175,0.18609304652326164,0.4391691394658754,0.3150664273
baseline_ensemble,176,0.1867183591795898,0.4391691394658754,0.31379973969999997
baseline_ensemble,177,0.1867183591795898,0.4421364985163205,0.3132664669
baseline_ensemble,178,0.18696848424212106,0.4421364985163205,0.31236654059999996
baseline_ensemble,179,0.18696848424212106,0.44510385756676557,0.31033341200000003
baseline_ensemble,180,0.1870935467733867,0.44510385756676557,0.3098332854
baseline_ensemble,181,0.1870935467733867,0.44807121661721067,0.3096998513
baseline_ensemble,182,0.188344172086043,0.44807121661721067,0.3043997822
baseline_ensemble,183,0.188344172086043,0.4540059347181009,0.3035332836
baseline_ensemble,184,0.18846923461730866,0.4540059347181009,0.30296641059999996
baseline_ensemble,185,0.18846923461730866,0.456973293768546,0.30256648369999994
baseline_ensemble,186,0.18971985992996498,0.456973293768546,0.2996665426
baseline_ensemble,187,0.18971985992996498,0.4599406528189911,0.2995665608
baseline_ensemble,188,0.19072036018009003,0.4599406528189911,0.2961999183
baseline_ensemble,189,0.19072036018009003,0.4658753709198813,0.2956666473
baseline_ensemble,190,0.19122061030515258,0.4658753709198813,0.2924997717
baseline_ensemble,191,0.19122061030515258,0.4688427299703264,0.2914999125
baseline_ensemble,192,0.19222111055527763,0.4688427299703264,0.2891666167
baseline_ensemble,193,0.19222111055527763,0.47181008902077154,0.2890333158
baseline_ensemble,194,0.19372186093046523,0.47181008902077154,0.2842666465
baseline_ensemble,195,0.19372186093046523,0.47477744807121663,0.28363337310000003
baseline_ensemble,196,0.19384692346173085,0.47477744807121663,0.28363316439999997
baseline_ensemble,197,0.19384692346173085,0.4807121661721068,0.2832665082
baseline_ensemble,198,0.1939719859929965,0.4807121661721068,0.2832332736
baseline_ensemble,199,0.1939719859929965,0.4836795252225519,0.2829000038
baseline_ensemble,200,0.19409704852426213,0.4836795252225519,0.28223327730000003
baseline_ensemble,201,0.19409704852426213,0.486646884272997,0.2819332598
baseline_ensemble,202,0.1950975487743872,0.486646884272997,0.2780664738
baseline_ensemble,203,0.1950975487743872,0.4896142433234421,0.2775998342
baseline_ensemble,204,0.19534767383691845,0.4896142433234421,0.2774000185
baseline_ensemble,205,0.19534767383691845,0.49258160237388726,0.27689975809999995
baseline_ensemble,206,0.19797398699349675,0.49258160237388726,0.2690331653
baseline_ensemble,207,0.19797398699349675,0.49554896142433236,0.2688665655
baseline_ensemble,208,0.19809904952476237,0.49554896142433236,0.2684332142
baseline_ensemble,209,0.19809904952476237,0.5014836795252225,0.2681331723
baseline_ensemble,210,0.19834917458729365,0.5014836795252225,0.26719993729999997
baseline_ensemble,211,0.19834917458729365,0.5044510385756676,0.2670666304
baseline_ensemble,212,0.19947473736868435,0.5044510385756676,0.2658332455
baseline_ensemble,213,0.19947473736868435,0.5074183976261127,0.2658331243
baseline_ensemble,214,0.20135067533766884,0.5074183976261127,0.2596999004
baseline_ensemble,215,0.20135067533766884,0.5103857566765578,0.2594665448
baseline_ensemble,216,0.2023511755877939,0.5103857566765578,0.2565666293
baseline_ensemble,217,0.2023511755877939,0.5133531157270029,0.2563999087
baseline_ensemble,218,0.20297648824412207,0.5133531157270029,0.2559332232
baseline_ensemble,219,0.20297648824412207,0.516320474777448,0.2557999308
baseline_ensemble,220,0.2039769884942471,0.516320474777448,0.2518664842
baseline_ensemble,221,0.2039769884942471,0.5192878338278932,0.2517332437
baseline_ensemble,222,0.20672836418209103,0.5192878338278932,0.2476666039
baseline_ensemble,223,0.20672836418209103,0.5222551928783383,0.24699986200000001
baseline_ensemble,224,0.20710355177588793,0.5222551928783383,0.24509986479999998
baseline_ensemble,225,0.20710355177588793,0.5252225519287834,0.2450331966
baseline_ensemble,226,0.20972986493246623,0.5252225519287834,0.23803322859999998
baseline_ensemble,227,0.20972986493246623,0.5311572700296736,0.2378332585
baseline_ensemble,228,0.21048024012006003,0.5311572700296736,0.2369000335
baseline_ensemble,229,0.21048024012006003,0.5341246290801187,0.23576653009999998
baseline_ensemble,230,0.21235617808904453,0.5341246290801187,0.2323665401
baseline_ensemble,231,0.21235617808904453,0.5370919881305638,0.231033375
baseline_ensemble,232,0.21398199099549775,0.5370919881305638,0.2276332673
baseline_ensemble,233,0.21398199099549775,0.5400593471810089,0.2276332667
baseline_ensemble,234,0.2191095547773887,0.5400593471810089,0.2205331796
baseline_ensemble,235,0.2191095547773887,0.543026706231454,0.2202666321
baseline_ensemble,236,0.22048524262131067,0.543026706231454,0.21826673479999997
baseline_ensemble,237,0.22048524262131067,0.5459940652818991,0.2180665152
baseline_ensemble,238,0.22161080540270134,0.5459940652818991,0.21620021320000002
baseline_ensemble,239,0.22161080540270134,0.5519287833827893,0.216133311
baseline_ensemble,240,0.2226113056528264,0.5519287833827893,0.2143999941
baseline_ensemble,241,0.2226113056528264,0.5548961424332344,0.2142998427
baseline_ensemble,242,0.2237368684342171,0.5548961424332344,0.21299994100000003
baseline_ensemble,243,0.2237368684342171,0.5578635014836796,0.2121334447
baseline_ensemble,244,0.2239869934967484,0.5578635014836796,0.21113317239999999
baseline_ensemble,245,0.2239869934967484,0.5608308605341247,0.2110332516
baseline_ensemble,246,0.2244872436218109,0.5608308605341247,0.21066688490000002
baseline_ensemble,247,0.2244872436218109,0.5637982195845698,0.21009998359999998
baseline_ensemble,248,0.22461230615307654,0.5637982195845698,0.2100665774
baseline_ensemble,249,0.22461230615307654,0.5667655786350149,0.2099665805
baseline_ensemble,250,0.22511255627813906,0.5667655786350149,0.20913347
baseline_ensemble,251,0.22511255627813906,0.56973293768546,0.2088332436
baseline_ensemble,252,0.22811405702851426,0.56973293768546,0.20506651660000003
baseline_ensemble,253,0.22811405702851426,0.5727002967359051,0.2049664955
baseline_ensemble,254,0.22873936968484243,0.5727002967359051,0.204033181
baseline_ensemble,255,0.22873936968484243,0.5756676557863502,0.2040331545
baseline_ensemble,256,0.2317408704352176,0.5756676557863502,0.2004999344
baseline_ensemble,257,0.2317408704352176,0.5786350148367952,0.2001999213
baseline_ensemble,258,0.23536768384192097,0.5786350148367952,0.1954333663
baseline_ensemble,259,0.23536768384192097,0.5816023738872403,0.195433215
baseline_ensemble,260,0.2362431215607804,0.5816023738872403,0.1946998454
baseline_ensemble,261,0.2362431215607804,0.5845697329376854,0.19443321139999997
baseline_ensemble,262,0.237743871935968,0.5845697329376854,0.1925333279
baseline_ensemble,263,0.237743871935968,0.5875370919881305,0.1921999294
baseline_ensemble,264,0.23824412206103052,0.5875370919881305,0.1916665477
baseline_ensemble,265,0.23824412206103052,0.5905044510385756,0.19163319680000002
baseline_ensemble,266,0.23999499749874936,0.5905044510385756,0.18949985549999998
baseline_ensemble,267,0.23999499749874936,0.5934718100890207,0.1893665541
baseline_ensemble,268,0.24049524762381191,0.5934718100890207,0.18899992339999996
baseline_ensemble,269,0.24049524762381191,0.599406528189911,0.188933229
baseline_ensemble,270,0.24062031015507754,0.599406528189911,0.1888332855
baseline_ensemble,271,0.24062031015507754,0.6023738872403561,0.1886332304
baseline_ensemble,272,0.24074537268634316,0.6023738872403561,0.18839986439999998
baseline_ensemble,273,0.24074537268634316,0.6083086053412463,0.18823315399999999
baseline_ensemble,274,0.24149574787393696,0.6083086053412463,0.1872000271
baseline_ensemble,275,0.24149574787393696,0.6142433234421365,0.18636651489999997
baseline_ensemble,276,0.24337168584292146,0.6142433234421365,0.18396661749999998
baseline_ensemble,277,0.24337168584292146,0.6172106824925816,0.18373322039999998
baseline_ensemble,278,0.24537268634317158,0.6172106824925816,0.18129989900000001
baseline_ensemble,279,0.24537268634317158,0.6201780415430267,0.18106660079999998
baseline_ensemble,280,0.24637318659329666,0.6201780415430267,0.1796999233
baseline_ensemble,281,0.24637318659329666,0.6231454005934718,0.1795666122
baseline_ensemble,282,0.25025012506253125,0.6231454005934718,0.1760332878
baseline_ensemble,283,0.25025012506253125,0.6261127596439169,0.1757998952
baseline_ensemble,284,0.25062531265632815,0.6261127596439169,0.17529992419999998
baseline_ensemble,285,0.25062531265632815,0.629080118694362,0.1752998705
baseline_ensemble,286,0.2507503751875938,0.629080118694362,0.17526663879999999
baseline_ensemble,287,0.2507503751875938,0.6320474777448071,0.1752666318
baseline_ensemble,288,0.25137568784392195,0.6320474777448071,0.1747666402
baseline_ensemble,289,0.25137568784392195,0.6350148367952523,0.1746666806
baseline_ensemble,290,0.25200100050025015,0.6350148367952523,0.17359999329999998
baseline_ensemble,291,0.25200100050025015,0.6379821958456974,0.17333324349999998
baseline_ensemble,292,0.2538769384692346,0.6379821958456974,0.1721332041
baseline_ensemble,293,0.2538769384692346,0.6409495548961425,0.17199988489999998
baseline_ensemble,294,0.2541270635317659,0.6409495548961425,0.1718332777
baseline_ensemble,295,0.2541270635317659,0.6439169139465876,0.1717666838
baseline_ensemble,296,0.2545022511255628,0.6439169139465876,0.1716002376
baseline_ensemble,297,0.2545022511255628,0.6468842729970327,0.17159987649999997
baseline_ensemble,298,0.25512756378189094,0.6468842729970327,0.17069989770000002
baseline_ensemble,299,0.25512756378189094,0.6498516320474778,0.1706331833
baseline_ensemble,300,0.25700350175087544,0.6498516320474778,0.16870003090000002
baseline_ensemble,301,0.25700350175087544,0.6528189910979229,0.16853319719999998
baseline_ensemble,302,0.25975487743871933,0.6528189910979229,0.1651666248
baseline_ensemble,303,0.25975487743871933,0.655786350148368,0.1651333076
baseline_ensemble,304,0.26113056528264134,0.655786350148368,0.16436686500000003
baseline_ensemble,305,0.26113056528264134,0.658753709198813,0.1641333451
baseline_ensemble,306,0.26150575287643824,0.658753709198813,0.1637332677
baseline_ensemble,307,0.26150575287643824,0.6617210682492581,0.1633665429
baseline_ensemble,308,0.2632566283141571,0.6617210682492581,0.1611333092
baseline_ensemble,309,0.2632566283141571,0.6646884272997032,0.1610665808
baseline_ensemble,310,0.26450725362681343,0.6646884272997032,0.1593000061
baseline_ensemble,311,0.26450725362681343,0.6676557863501483,0.15929994260000002
baseline_ensemble,312,0.26938469234617307,0.6676557863501483,0.15560002290000002
baseline_ensemble,313,0.26938469234617307,0.6706231454005934,0.1555665958
baseline_ensemble,314,0.27926463231615806,0.6706231454005934,0.1466332813
baseline_ensemble,315,0.27926463231615806,0.6735905044510386,0.14629992009999998
baseline_ensemble,316,0.27963981990995496,0.6735905044510386,0.1460999885
baseline_ensemble,317,0.27963981990995496,0.6765578635014837,0.1457999387
baseline_ensemble,318,0.28226613306653325,0.6765578635014837,0.14333325759999999
baseline_ensemble,319,0.28226613306653325,0.6795252225519288,0.1432000021
baseline_ensemble,320,0.28376688344172085,0.6795252225519288,0.1423999916
baseline_ensemble,321,0.28376688344172085,0.6824925816023739,0.1422332638
baseline_ensemble,322,0.28951975987994,0.6824925816023739,0.1371332444
baseline_ensemble,323,0.28951975987994,0.685459940652819,0.13703326829999998
baseline_ensemble,324,0.29052026013006504,0.685459940652819,0.1365666422
baseline_ensemble,325,0.29052026013006504,0.6913946587537092,0.1363333168
baseline_ensemble,326,0.29139569784892444,0.6913946587537092,0.1356665866
baseline_ensemble,327,0.29139569784892444,0.6943620178041543,0.13563322889999999
baseline_ensemble,328,0.29314657328664334,0.6943620178041543,0.1342999588
baseline_ensemble,329,0.29314657328664334,0.6973293768545994,0.1338666
baseline_ensemble,330,0.29427213606803404,0.6973293768545994,0.13333324889999998
baseline_ensemble,331,0.29427213606803404,0.7002967359050445,0.1330999062
baseline_ensemble,332,0.29477238619309654,0.7002967359050445,0.1324999261
baseline_ensemble,333,0.29477238619309654,0.7032640949554896,0.1324332926
baseline_ensemble,334,0.3035267633816908,0.7032640949554896,0.126499943
baseline_ensemble,335,0.3035267633816908,0.7062314540059347,0.12626663840000002
baseline_ensemble,336,0.3047773886943472,0.7062314540059347,0.1253332599
baseline_ensemble,337,0.3047773886943472,0.7091988130563798,0.1252999922
baseline_ensemble,338,0.3052776388194097,0.7091988130563798,0.12513325449999999
baseline_ensemble,339,0.3052776388194097,0.712166172106825,0.1249999255
baseline_ensemble,340,0.30627813906953477,0.712166172106825,0.1242665895
baseline_ensemble,341,0.30627813906953477,0.7151335311572701,0.12419991520000001
baseline_ensemble,342,0.30865432716358177,0.7151335311572701,0.1228666145
baseline_ensemble,343,0.30865432716358177,0.7181008902077152,0.12283324809999999
baseline_ensemble,344,0.30927963981990997,0.7181008902077152,0.12263324969999999
baseline_ensemble,345,0.30927963981990997,0.7210682492581603,0.1225332734
baseline_ensemble,346,0.3106553276638319,0.7210682492581603,0.1216999825
baseline_ensemble,347,0.3106553276638319,0.7240356083086054,0.1216999178
baseline_ensemble,348,0.31390695347673836,0.7240356083086054,0.12006658760000001
baseline_ensemble,349,0.31390695347673836,0.7270029673590505,0.1199999206
baseline_ensemble,350,0.3155327663831916,0.7270029673590505,0.1188000397
baseline_ensemble,351,0.3155327663831916,0.7299703264094956,0.1186999429
baseline_ensemble,352,0.31578289144572286,0.7299703264094956,0.1185666723
baseline_ensemble,353,0.31578289144572286,0.7329376854599406,0.1185666394
baseline_ensemble,354,0.32341170585292645,0.7329376854599406,0.1140999304
baseline_ensemble,355,0.32341170585292645,0.7359050445103857,0.1140666189
baseline_ensemble,356,0.3254127063531766,0.7359050445103857,0.1131000646
baseline_ensemble,357,0.3254127063531766,0.7388724035608308,0.113099986
baseline_ensemble,358,0.32753876938469234,0.7388724035608308,0.11203324899999999
baseline_ensemble,359,0.32753876938469234,0.7418397626112759,0.1118333582
baseline_ensemble,360,0.33316658329164583,0.7418397626112759,0.10849997380000001
baseline_ensemble,361,0.33316658329164583,0.744807121661721,0.1084332989
baseline_ensemble,362,0.3382941470735368,0.744807121661721,0.105933253
baseline_ensemble,363,0.3382941470735368,0.7477744807121661,0.1059332408
baseline_ensemble,364,0.3437968984492246,0.7477744807121661,0.1027665946
baseline_ensemble,365,0.3437968984492246,0.7507418397626113,0.1026999693
baseline_ensemble,366,0.34629814907453726,0.7507418397626113,0.1016999879
baseline_ensemble,367,0.34629814907453726,0.7537091988130564,0.10166663719999999
baseline_ensemble,368,0.3487993996998499,0.7537091988130564,0.1008999729
baseline_ensemble,369,0.3487993996998499,0.7566765578635015,0.1008666
baseline_ensemble,370,0.35005002501250626,0.7566765578635015,0.1001666381
baseline_ensemble,371,0.35005002501250626,0.7596439169139466,0.1001666054
baseline_ensemble,372,0.3503001500750375,0.7596439169139466,0.1000999895
baseline_ensemble,373,0.3503001500750375,0.7626112759643917,0.1000332761
baseline_ensemble,374,0.35192596298149076,0.7626112759643917,0.099199991
baseline_ensemble,375,0.35192596298149076,0.7655786350148368,0.09919995399999999
baseline_ensemble,376,0.35230115057528766,0.7655786350148368,0.0990999608
baseline_ensemble,377,0.35230115057528766,0.7685459940652819,0.0990333135
baseline_ensemble,378,0.362056028014007,0.7685459940652819,0.09456665900000001
baseline_ensemble,379,0.362056028014007,0.771513353115727,0.09453329299999999
baseline_ensemble,380,0.36330665332666334,0.771513353115727,0.0936999623
baseline_ensemble,381,0.36330665332666334,0.7744807121661721,0.09360001009999999
baseline_ensemble,382,0.36405702851425714,0.7744807121661721,0.09316662650000002
baseline_ensemble,383,0.36405702851425714,0.7774480712166172,0.0931666039
baseline_ensemble,384,0.36630815407703854,0.7774480712166172,0.092033326
baseline_ensemble,385,0.36630815407703854,0.7804154302670623,0.09203326969999999
baseline_ensemble,386,0.36743371685842924,0.7804154302670623,0.0916999577
baseline_ensemble,387,0.36743371685842924,0.7833827893175074,0.0916000112
baseline_ensemble,388,0.36830915457728863,0.7833827893175074,0.0912666424
baseline_ensemble,389,0.36830915457728863,0.7863501483679525,0.0912666289
baseline_ensemble,390,0.36943471735867933,0.7863501483679525,0.09093339010000001
baseline_ensemble,391,0.36943471735867933,0.7893175074183977,0.09086663
baseline_ensemble,392,0.3714357178589295,0.7893175074183977,0.090266641
baseline_ensemble,393,0.3714357178589295,0.7922848664688428,0.0902332954
baseline_ensemble,394,0.3754377188594297,0.7922848664688428,0.08873331289999999
baseline_ensemble,395,0.3754377188594297,0.7952522255192879,0.0887332756
baseline_ensemble,396,0.38056528264132067,0.7952522255192879,0.0872999342
baseline_ensemble,397,0.38056528264132067,0.798219584569733,0.087133285
baseline_ensemble,398,0.3811905952976488,0.798219584569733,0.0869999981
baseline_ensemble,399,0.3811905952976488,0.8011869436201781,0.0869666551
baseline_ensemble,400,0.3838169084542271,0.8011869436201781,0.08616663919999999
baseline_ensemble,401,0.3838169084542271,0.8071216617210683,0.0860999949
baseline_ensemble,402,0.38506753376688346,0.8071216617210683,0.08539994829999999
baseline_ensemble,403,0.38506753376688346,0.8100890207715133,0.0853333022
baseline_ensemble,404,0.3933216608304152,0.8100890207715133,0.0826666344
baseline_ensemble,405,0.3933216608304152,0.8130563798219584,0.0826332764
baseline_ensemble,406,0.39644822411205605,0.8130563798219584,0.0816332716
baseline_ensemble,407,0.39644822411205605,0.8160237388724035,0.081600017
baseline_ensemble,408,0.39832416208104054,0.8160237388724035,0.08113328689999999
baseline_ensemble,409,0.39832416208104054,0.8189910979228486,0.08099995310000001
baseline_ensemble,410,0.40407703851925963,0.8189910979228486,0.0795999759
baseline_ensemble,411,0.40407703851925963,0.8219584569732937,0.0795666084
baseline_ensemble,412,0.4042021010505253,0.8219584569732937,0.07949996109999999
baseline_ensemble,413,0.4042021010505253,0.8249258160237388,0.07949994169999999
baseline_ensemble,414,0.40645322661330663,0.8249258160237388,0.0791999904
baseline_ensemble,415,0.40645322661330663,0.827893175074184,0.079199975
baseline_ensemble,416,0.40932966483241623,0.827893175074184,0.0782666164
baseline_ensemble,417,0.40932966483241623,0.8308605341246291,0.07823327790000001
baseline_ensemble,418,0.4154577288644322,0.8308605341246291,0.0764332983
baseline_ensemble,419,0.4154577288644322,0.8338278931750742,0.076433293
baseline_ensemble,420,0.42446223111555775,0.8338278931750742,0.0737999387
baseline_ensemble,421,0.42446223111555775,0.8367952522255193,0.07379993119999999
baseline_ensemble,422,0.4324662331165583,0.8367952522255193,0.0715999607
baseline_ensemble,423,0.4324662331165583,0.8397626112759644,0.0715999564
baseline_ensemble,424,0.4457228614307154,0.8397626112759644,0.06849997869999999
baseline_ensemble,425,0.4457228614307154,0.8427299703264095,0.0684666557
baseline_ensemble,426,0.454352176088044,0.8427299703264095,0.0666332829
baseline_ensemble,427,0.454352176088044,0.8456973293768546,0.06656664059999999
baseline_ensemble,428,0.4566033016508254,0.8456973293768546,0.0660333209
baseline_ensemble,429,0.4566033016508254,0.8486646884272997,0.06603329969999999
baseline_ensemble,430,0.46398199099549775,0.8486646884272997,0.0644666244
baseline_ensemble,431,0.464232116058029,0.8486646884272997,0.06446662360000001
baseline_ensemble,432,0.4672336168084042,0.8486646884272997,0.0639666368
baseline_ensemble,433,0.4672336168084042,0.8516320474777448,0.0639666092
baseline_ensemble,434,0.4763631815907954,0.8516320474777448,0.0621333009
baseline_ensemble,435,0.4763631815907954,0.8545994065281899,0.0619999799
baseline_ensemble,436,0.48061530765382693,0.8545994065281899,0.0614666486
baseline_ensemble,437,0.48061530765382693,0.857566765578635,0.0614666372
baseline_ensemble,438,0.4871185592796398,0.857566765578635,0.0602666257
baseline_ensemble,439,0.4871185592796398,0.8605341246290801,0.060233307300000004
baseline_ensemble,440,0.48811905952976486,0.8605341246290801,0.06006663129999999
baseline_ensemble,441,0.48811905952976486,0.8635014836795252,0.0600333171
baseline_ensemble,442,0.5207603801900951,0.8635014836795252,0.0546666394
baseline_ensemble,443,0.5207603801900951,0.8664688427299704,0.0546666334
baseline_ensemble,444,0.523511755877939,0.8664688427299704,0.0540999696
baseline_ensemble,445,0.523511755877939,0.8694362017804155,0.0540666425
baseline_ensemble,446,0.5251375687843922,0.8694362017804155,0.0538666483
baseline_ensemble,447,0.5251375687843922,0.8724035608308606,0.0538333359
baseline_ensemble,448,0.5285142571285643,0.8724035608308606,0.053266643700000005
baseline_ensemble,449,0.5285142571285643,0.8753709198813057,0.0532666379
baseline_ensemble,450,0.5582791395697849,0.8753709198813057,0.048866648400000004
baseline_ensemble,451,0.5582791395697849,0.8783382789317508,0.0488333428
baseline_ensemble,452,0.5746623311655827,0.8783382789317508,0.0465999722
baseline_ensemble,453,0.5746623311655827,0.8813056379821959,0.0465667009
baseline_ensemble,454,0.6216858429214608,0.8813056379821959,0.040266643000000005
baseline_ensemble,455,0.6216858429214608,0.884272997032641,0.0402666403
baseline_ensemble,456,0.6238119059529765,0.884272997032641,0.039899995699999996
baseline_ensemble,457,0.6240620310155077,0.884272997032641,0.0398999779
baseline_ensemble,458,0.6404452226113057,0.884272997032641,0.03803330679999999
baseline_ensemble,459,0.6404452226113057,0.887240356083086,0.03803330419999999
baseline_ensemble,460,0.652576288144072,0.887240356083086,0.0369333107
baseline_ensemble,461,0.652576288144072,0.8902077151335311,0.0368999887
baseline_ensemble,462,0.6562031015507754,0.8902077151335311,0.036466650600000004
baseline_ensemble,463,0.6562031015507754,0.8931750741839762,0.036466642400000006
baseline_ensemble,464,0.6703351675837919,0.8931750741839762,0.035033331200000004
baseline_ensemble,465,0.6705852926463232,0.8931750741839762,0.0350333138
baseline_ensemble,466,0.6815907953976988,0.8931750741839762,0.0339999846
baseline_ensemble,467,0.6815907953976988,0.8961424332344213,0.033999981299999996
baseline_ensemble,468,0.6832166083041521,0.8961424332344213,0.0338999768
baseline_ensemble,469,0.6832166083041521,0.8991097922848664,0.0338999752
baseline_ensemble,470,0.6867183591795898,0.8991097922848664,0.0335666514
baseline_ensemble,471,0.6867183591795898,0.9020771513353115,0.0335666501
baseline_ensemble,472,0.6885942971485743,0.9020771513353115,0.0333999844
baseline_ensemble,473,0.6888444222111055,0.9020771513353115,0.0333999825
baseline_ensemble,474,0.6942221110555278,0.9020771513353115,0.032866645699999995
baseline_ensemble,475,0.6942221110555278,0.9050445103857567,0.032866640399999994
baseline_ensemble,476,0.709479739869935,0.9050445103857567,0.031566646
baseline_ensemble,477,0.7097298649324663,0.9050445103857567,0.0315666443
baseline_ensemble,478,0.7122311155577788,0.9050445103857567,0.0313666553
baseline_ensemble,479,0.7122311155577788,0.9080118694362018,0.0313666505
baseline_ensemble,480,0.7243621810905453,0.9080118694362018,0.0301666497
baseline_ensemble,481,0.7246123061530766,0.9080118694362018,0.0301666492
baseline_ensemble,482,0.7369934967483742,0.9080118694362018,0.0289333206
baseline_ensemble,483,0.7372436218109054,0.9080118694362018,0.0289333193
baseline_ensemble,484,0.7467483741870935,0.9080118694362018,0.0280333138
baseline_ensemble,485,0.7467483741870935,0.9109792284866469,0.0280333115
baseline_ensemble,486,0.7602551275637819,0.9109792284866469,0.0267999861
baseline_ensemble,487,0.7602551275637819,0.913946587537092,0.026799985100000003
baseline_ensemble,488,0.7633816908454227,0.913946587537092,0.0265666544
baseline_ensemble,489,0.7636318159079539,0.913946587537092,0.0265666519
baseline_ensemble,490,0.7718859429714857,0.913946587537092,0.025733319100000002
baseline_ensemble,491,0.7718859429714857,0.9169139465875371,0.025733311999999998
baseline_ensemble,492,0.7855177588794398,0.9169139465875371,0.0243999905
baseline_ensemble,493,0.785767883941971,0.9169139465875371,0.024399987300000002
baseline_ensemble,494,0.7936468234117059,0.9169139465875371,0.023733325
baseline_ensemble,495,0.7938969484742371,0.9169139465875371,0.0237333196
baseline_ensemble,496,0.7943971985992997,0.9169139465875371,0.023666654699999998
baseline_ensemble,497,0.7946473236618309,0.9169139465875371,0.0236333236
baseline_ensemble,498,0.8036518259129565,0.9169139465875371,0.022766655
baseline_ensemble,499,0.8039019509754878,0.9169139465875371,0.0227666524
baseline_ensemble,500,0.8109054527263632,0.9169139465875371,0.0220999976
baseline_ensemble,501,0.8111555777888945,0.9169139465875371,0.0220999926
baseline_ensemble,502,0.8121560780390195,0.9169139465875371,0.022033330700000003
baseline_ensemble,503,0.8124062031015508,0.9169139465875371,0.022033316999999997
baseline_ensemble,504,0.8127813906953477,0.9169139465875371,0.0219666605
baseline_ensemble,505,0.8127813906953477,0.9198813056379822,0.0219333266
baseline_ensemble,506,0.8219109554777388,0.9198813056379822,0.0211333212
baseline_ensemble,507,0.8219109554777388,0.9228486646884273,0.0211333207
baseline_ensemble,508,0.8347923961980991,0.9228486646884273,0.0200333271
baseline_ensemble,509,0.8350425212606303,0.9228486646884273,0.0200333252
baseline_ensemble,510,0.8365432716358179,0.9228486646884273,0.0199333242
baseline_ensemble,511,0.8367933966983492,0.9228486646884273,0.019933323099999997
baseline_ensemble,512,0.837543771885943,0.9228486646884273,0.0198666575
baseline_ensemble,513,0.837543771885943,0.9258160237388724,0.0198666562
baseline_ensemble,514,0.8401700850425212,0.9258160237388724,0.0196666543
baseline_ensemble,515,0.8401700850425212,0.9287833827893175,0.0196666516
baseline_ensemble,516,0.8551775887943972,0.9287833827893175,0.0183333221
baseline_ensemble,517,0.8554277138569285,0.9287833827893175,0.0183333217
baseline_ensemble,518,0.8600550275137568,0.9287833827893175,0.017999986600000004
baseline_ensemble,519,0.8603051525762881,0.9287833827893175,0.0179666605
baseline_ensemble,520,0.8615557778889444,0.9287833827893175,0.017899992
baseline_ensemble,521,0.8615557778889444,0.9317507418397626,0.0178999889
baseline_ensemble,522,0.8675587793896948,0.9317507418397626,0.0173666581
baseline_ensemble,523,0.8675587793896948,0.9347181008902077,0.0173666556
baseline_ensemble,524,0.8683091545772886,0.9347181008902077,0.0172666624
baseline_ensemble,525,0.8685592796398199,0.9347181008902077,0.0172666566
baseline_ensemble,526,0.8691845922961481,0.9347181008902077,0.0172333235
baseline_ensemble,527,0.8691845922961481,0.9376854599406528,0.0172333222
baseline_ensemble,528,0.8696848424212106,0.9376854599406528,0.0171999894
baseline_ensemble,529,0.8699349674837419,0.9376854599406528,0.0171999889
baseline_ensemble,530,0.8706853426713357,0.9376854599406528,0.0171666547
baseline_ensemble,531,0.8706853426713357,0.9406528189910979,0.017166653900000002
baseline_ensemble,532,0.8738119059529765,0.9406528189910979,0.016966653199999997
baseline_ensemble,533,0.8738119059529765,0.9436201780415431,0.016933326800000002
baseline_ensemble,534,0.8748124062031015,0.9436201780415431,0.0168666554
baseline_ensemble,535,0.8750625312656328,0.9436201780415431,0.0168666551
baseline_ensemble,536,0.8776888444222111,0.9436201780415431,0.016733321399999997
baseline_ensemble,537,0.8776888444222111,0.9465875370919882,0.0167333205
baseline_ensemble,538,0.8788144072036018,0.9465875370919882,0.0166666555
baseline_ensemble,539,0.8789394697348675,0.9495548961424333,0.0166666544
baseline_ensemble,540,0.8804402201100551,0.9495548961424333,0.0165666633
baseline_ensemble,541,0.8806903451725863,0.9495548961424333,0.0165666561
baseline_ensemble,542,0.8816908454227114,0.9495548961424333,0.0165333226
baseline_ensemble,543,0.8816908454227114,0.9525222551928784,0.016533321599999998
baseline_ensemble,544,0.8851925962981491,0.9525222551928784,0.0163333234
baseline_ensemble,545,0.8851925962981491,0.9554896142433235,0.016333323
baseline_ensemble,546,0.8890695347673837,0.9554896142433235,0.0160999944
baseline_ensemble,547,0.8890695347673837,0.9584569732937686,0.0160999912
baseline_ensemble,548,0.8900700350175088,0.9584569732937686,0.016066655699999998
baseline_ensemble,549,0.8900700350175088,0.9614243323442137,0.0160666545
baseline_ensemble,550,0.8931965982991495,0.9614243323442137,0.015833322099999998
baseline_ensemble,551,0.8931965982991495,0.9643916913946587,0.0158333216
baseline_ensemble,552,0.8936968484242122,0.9643916913946587,0.0157666584
baseline_ensemble,553,0.8936968484242122,0.9673590504451038,0.0157666579
baseline_ensemble,554,0.8948224112056028,0.9673590504451038,0.0156999899
baseline_ensemble,555,0.8950725362681341,0.9673590504451038,0.015699989
baseline_ensemble,556,0.8981990995497748,0.9673590504451038,0.015499990200000001
baseline_ensemble,557,0.8985742871435718,0.9673590504451038,0.015499989099999998
baseline_ensemble,558,0.8988244122061031,0.9673590504451038,0.0154999889
baseline_ensemble,559,0.9008254127063532,0.9673590504451038,0.0153666565
baseline_ensemble,560,0.9010755377688845,0.9673590504451038,0.015366656
baseline_ensemble,561,0.9028264132066033,0.9673590504451038,0.0152666584
baseline_ensemble,562,0.9030765382691346,0.9673590504451038,0.015266657299999998
baseline_ensemble,563,0.906328164082041,0.9673590504451038,0.015133322299999998
baseline_ensemble,564,0.906328164082041,0.9703264094955489,0.015099990499999997
baseline_ensemble,565,0.908704352176088,0.9703264094955489,0.0149666563
baseline_ensemble,566,0.908704352176088,0.973293768545994,0.014966656299999997
baseline_ensemble,567,0.9093296648324162,0.973293768545994,0.0149333224
baseline_ensemble,568,0.9095797898949475,0.973293768545994,0.0148999902
baseline_ensemble,569,0.9099549774887443,0.973293768545994,0.014866658599999999
baseline_ensemble,570,0.9102051025512756,0.973293768545994,0.014866657899999998
baseline_ensemble,571,0.9107053526763381,0.973293768545994,0.014866656399999999
baseline_ensemble,572,0.9109554777388694,0.973293768545994,0.0148666563
baseline_ensemble,573,0.9110805402701351,0.973293768545994,0.0148666558
baseline_ensemble,574,0.9113306653326664,0.973293768545994,0.014866655699999998
baseline_ensemble,575,0.9113306653326664,0.9762611275964391,0.0148333273
baseline_ensemble,576,0.9134567283641821,0.9762611275964391,0.0147333241
baseline_ensemble,577,0.9135817908954478,0.9792284866468842,0.014733323799999998
baseline_ensemble,578,0.9160830415207604,0.9792284866468842,0.014633324100000001
baseline_ensemble,579,0.9163331665832917,0.9792284866468842,0.014633324000000001
baseline_ensemble,580,0.917583791895948,0.9792284866468842,0.0145999902
baseline_ensemble,581,0.9178339169584793,0.9792284866468842,0.0145999897
baseline_ensemble,582,0.921335667833917,0.9792284866468842,0.0144333232
baseline_ensemble,583,0.9215857928964483,0.9792284866468842,0.014433322999999998
baseline_ensemble,584,0.923711855927964,0.9792284866468842,0.014333323000000002
baseline_ensemble,585,0.9239619809904952,0.9792284866468842,0.0143333229
baseline_ensemble,586,0.9253376688344173,0.9792284866468842,0.014233325299999999
baseline_ensemble,587,0.9257128564282141,0.9792284866468842,0.014233325
baseline_ensemble,588,0.9280890445222612,0.9792284866468842,0.014133323699999999
baseline_ensemble,589,0.9283391695847923,0.9792284866468842,0.0141333235
baseline_ensemble,590,0.9307153576788394,0.9792284866468842,0.0140666578
baseline_ensemble,591,0.9309654827413707,0.9792284866468842,0.0140666572
baseline_ensemble,592,0.9334667333666833,0.9792284866468842,0.0139666572
baseline_ensemble,593,0.9337168584292146,0.9792284866468842,0.0139666571
baseline_ensemble,594,0.9339669834917459,0.9792284866468842,0.013966656599999999
baseline_ensemble,595,0.9342171085542771,0.9792284866468842,0.0139666565
baseline_ensemble,596,0.939344672336168,0.9792284866468842,0.0137666567
baseline_ensemble,597,0.939344672336168,0.9821958456973294,0.013733324
baseline_ensemble,598,0.9398449224612306,0.9821958456973294,0.0136999911
baseline_ensemble,599,0.9400950475237618,0.9821958456973294,0.0136999904
baseline_ensemble,600,0.9442221110555278,0.9821958456973294,0.0135333244
baseline_ensemble,601,0.9444722361180591,0.9821958456973294,0.0135333243
baseline_ensemble,602,0.9473486743371686,0.9821958456973294,0.013399993600000002
baseline_ensemble,603,0.9475987993996998,0.9821958456973294,0.013399992000000001
baseline_ensemble,604,0.9504752376188094,0.9821958456973294,0.0132999931
baseline_ensemble,605,0.9507253626813407,0.9821958456973294,0.013299991399999999
baseline_ensemble,606,0.9512256128064032,0.9821958456973294,0.0132999909
baseline_ensemble,607,0.9514757378689345,0.9821958456973294,0.013299990599999999
baseline_ensemble,608,0.9564782391195598,0.9821958456973294,0.0130999911
baseline_ensemble,609,0.9567283641820911,0.9821958456973294,0.013099991099999998
baseline_ensemble,610,0.957728864432216,0.9821958456973294,0.0130333254
baseline_ensemble,611,0.9579789894947474,0.9821958456973294,0.0130333251
baseline_ensemble,612,0.958104052026013,0.9821958456973294,0.013033324999999998
baseline_ensemble,613,0.9583541770885443,0.9821958456973294,0.013033324499999999
baseline_ensemble,614,0.9602301150575288,0.9821958456973294,0.0129333272
baseline_ensemble,615,0.9602301150575288,0.9851632047477745,0.0129333252
baseline_ensemble,616,0.9604802401200601,0.9851632047477745,0.0129333248
baseline_ensemble,617,0.9607303651825913,0.9851632047477745,0.012933324599999999
baseline_ensemble,618,0.9627313656828415,0.9851632047477745,0.0128333251
baseline_ensemble,619,0.9634817408704353,0.9851632047477745,0.0128333243
baseline_ensemble,620,0.9637318659329664,0.9851632047477745,0.0127999923
baseline_ensemble,621,0.9639819909954978,0.9851632047477745,0.012799991699999999
baseline_ensemble,622,0.9663581790895448,0.9851632047477745,0.0126666584
baseline_ensemble,623,0.9668584292146073,0.9851632047477745,0.012666658099999999
baseline_ensemble,624,0.9672336168084043,0.9851632047477745,0.0126333252
baseline_ensemble,625,0.9674837418709354,0.9851632047477745,0.012633324999999999
baseline_ensemble,626,0.9677338669334667,0.9851632047477745,0.012633324799999998
baseline_ensemble,627,0.967983991995998,0.9851632047477745,0.0126333244
baseline_ensemble,628,0.9686093046523262,0.9851632047477745,0.0125666589
baseline_ensemble,629,0.9688594297148574,0.9851632047477745,0.0125666582
baseline_ensemble,630,0.9709854927463731,0.9851632047477745,0.0124666633
baseline_ensemble,631,0.9709854927463731,0.9881305637982196,0.012466659400000002
baseline_ensemble,632,0.9724862431215607,0.9881305637982196,0.012399991999999999
baseline_ensemble,633,0.972736368184092,0.9881305637982196,0.0123999916
baseline_ensemble,634,0.9737368684342171,0.9881305637982196,0.0123666588
baseline_ensemble,635,0.9739869934967483,0.9881305637982196,0.0123666587
baseline_ensemble,636,0.9742371185592796,0.9881305637982196,0.012366658400000001
baseline_ensemble,637,0.9744872436218109,0.9881305637982196,0.0123333254
baseline_ensemble,638,0.9757378689344672,0.9881305637982196,0.0122666579
baseline_ensemble,639,0.9759879939969985,0.9881305637982196,0.012233325299999999
baseline_ensemble,640,0.9761130565282641,0.9881305637982196,0.012233325100000001
baseline_ensemble,641,0.9763631815907954,0.9881305637982196,0.012233325
baseline_ensemble,642,0.9821160580290145,0.9881305637982196,0.0118999923
baseline_ensemble,643,0.9823661830915458,0.9881305637982196,0.0118999919
baseline_ensemble,644,0.9847423711855928,0.9881305637982196,0.0117333266
baseline_ensemble,645,0.984992496248124,0.9881305637982196,0.0117333256
baseline_ensemble,646,0.9861180590295148,0.9881305637982196,0.0116666591
baseline_ensemble,647,0.9863681840920461,0.9881305637982196,0.0116666584
baseline_ensemble,648,0.9866183091545773,0.9881305637982196,0.0116333268
baseline_ensemble,649,0.9869934967483742,0.9881305637982196,0.0116333267
baseline_ensemble,650,0.9872436218109054,0.9881305637982196,0.011633326099999999
baseline_ensemble,651,0.987743871935968,0.9881305637982196,0.0115666589
baseline_ensemble,652,0.9879939969984992,0.9881305637982196,0.0115666587
baseline_ensemble,653,0.9881190595297649,0.9881305637982196,0.0115333255
baseline_ensemble,654,0.9886193096548274,0.9881305637982196,0.0114999925
baseline_ensemble,655,0.9899949974987494,0.9881305637982196,0.0113999921
baseline_ensemble,656,0.9902451225612806,0.9881305637982196,0.0113666594
baseline_ensemble,657,0.9911205602801401,0.9881305637982196,0.0112666603
baseline_ensemble,658,0.9913706853426714,0.9881305637982196,0.0112666598
baseline_ensemble,659,0.992496248124062,0.9881305637982196,0.011099993399999999
baseline_ensemble,660,0.9927463731865933,0.9881305637982196,0.011099992899999998
baseline_ensemble,661,0.9927463731865933,0.9910979228486647,0.0110666593
baseline_ensemble,662,0.9931215607803902,0.9910979228486647,0.011033326199999999
baseline_ensemble,663,0.9931215607803902,0.9940652818991098,0.0109999946
baseline_ensemble,664,0.9939969984992496,0.9940652818991098,0.0108999951
baseline_ensemble,665,0.9942471235617809,0.9940652818991098,0.0108333272
baseline_ensemble,666,0.9953726863431716,0.9940652818991098,0.010699993199999997
baseline_ensemble,667,0.9953726863431716,0.9970326409495549,0.0106999931
baseline_ensemble,668,0.996623311655828,0.9970326409495549,0.010333327199999999
baseline_ensemble,669,0.9968734367183592,0.9970326409495549,0.010333326899999998
baseline_ensemble,670,0.9979989994997499,0.9970326409495549,0.0099666606
baseline_ensemble,671,0.9979989994997499,1.0,0.009933327499999998
baseline_ensemble,672,1.0,1.0,0.0079000007
