model,point,precision,recall,threshold
gmic,0,0.04044161766470659,1.0,0.0036
gmic,1,0.04044647143542967,1.0,0.0044
gmic,2,0.04045132637138399,1.0,0.0046
gmic,3,0.0404561824729892,1.0,0.0048
gmic,4,0.040461039740665145,1.0,0.0051
gmic,5,0.04046589817483189,1.0,0.0054
gmic,6,0.040470757775909694,1.0,0.0055
gmic,7,0.040475618544319,1.0,0.0056
gmic,8,0.04048048048048048,1.0,0.0057
gmic,9,0.040485343584814995,1.0,0.0058
gmic,10,0.04049507329968757,1.0,0.0059
gmic,11,0.040524290524290525,1.0,0.006
gmic,12,0.04040889957907396,0.9970326409495549,0.0061
gmic,13,0.040418621436304585,0.9970326409495549,0.0062
gmic,14,0.040428347972566475,0.9970326409495549,0.0063
gmic,15,0.040438079191238416,0.9970326409495549,0.0064
gmic,16,0.04044294655753491,0.9970326409495549,0.0065
gmic,17,0.04047217537942664,0.9970326409495549,0.0066
gmic,18,0.040486805639233646,0.9970326409495549,0.0067
gmic,19,0.040516097913903294,0.9970326409495549,0.0068
gmic,20,0.04052587142684839,0.9970326409495549,0.0069
gmic,21,0.04055032585083273,0.9970326409495549,0.007
gmic,22,0.04056501267656646,0.9970326409495549,0.0071
gmic,23,0.04059441826748822,0.9970326409495549,0.0072
gmic,24,0.040604229607250755,0.9970326409495549,0.0073
gmic,25,0.040638606676342524,0.9970326409495549,0.0074
gmic,26,0.04068289139120959,0.9970326409495549,0.0075
gmic,27,0.04072727272727273,0.9970326409495549,0.0076
gmic,28,0.0407717510010921,0.9970326409495549,0.0077
gmic,29,0.04082128538452193,0.9970326409495549,0.0078
gmic,30,0.040744344441741666,0.9940652818991098,0.0079
gmic,31,0.04079892826695896,0.9940652818991098,0.008
gmic,32,0.04083871754236255,0.9940652818991098,0.0081
gmic,33,0.040786420808401516,0.9910979228486647,0.0082
gmic,34,0.040831295843520785,0.9910979228486647,0.0083
gmic,35,0.040856269113149844,0.9910979228486647,0.0084
gmic,36,0.04089128305582762,0.9910979228486647,0.0085
gmic,37,0.04092134280813526,0.9910979228486647,0.0086
gmic,38,0.04101178781925344,0.9910979228486647,0.0087
gmic,39,0.04108746463279616,0.9910979228486647,0.0088
gmic,40,0.04113300492610837,0.9910979228486647,0.0089
gmic,41,0.041188802565051176,0.9910979228486647,0.009
gmic,42,0.04126513466765505,0.9910979228486647,0.0091
gmic,43,0.04133151837643856,0.9910979228486647,0.0092
gmic,44,0.04141351518908865,0.9910979228486647,0.0093
gmic,45,0.04150615136075556,0.9910979228486647,0.0094
gmic,46,0.04156296665007466,0.9910979228486647,0.0095
gmic,47,0.04164588528678304,0.9910979228486647,0.0096
gmic,48,0.04173956510872282,0.9910979228486647,0.0097
gmic,49,0.04184939230672848,0.9910979228486647,0.0098
gmic,50,0.04189663823381837,0.9910979228486647,0.0099
gmic,51,0.04197034430761498,0.9910979228486647,0.01
gmic,52,0.041939546599496225,0.9881305637982196,0.0101
gmic,53,0.042045454545454546,0.9881305637982196,0.0102
gmic,54,0.04213056680161943,0.9881305637982196,0.0103
gmic,55,0.04222137694941042,0.9881305637982196,0.0104
gmic,56,0.042164084328168656,0.9851632047477745,0.0105
gmic,57,0.04229299363057325,0.9851632047477745,0.0106
gmic,58,0.042363149164221,0.9851632047477745,0.0107
gmic,59,0.04244438762464843,0.9851632047477745,0.0108
gmic,60,0.0425531914893617,0.9851632047477745,0.0109
gmic,61,0.04262421363461292,0.9851632047477745,0.011
gmic,62,0.04246557714579848,0.9792284866468842,0.0111
gmic,63,0.042418772563176894,0.9762611275964391,0.0112
gmic,64,0.04253393665158371,0.9762611275964391,0.0113
gmic,65,0.04248704663212435,0.973293768545994,0.0114
gmic,66,0.042569759896171316,0.973293768545994,0.0115
gmic,67,0.04255596043727226,0.9703264094955489,0.0116
gmic,68,0.04262807978099335,0.9703264094955489,0.0117
gmic,69,0.04273392577104025,0.9703264094955489,0.0118
gmic,70,0.04284029870300013,0.9703264094955489,0.0119
gmic,71,0.04279900223184981,0.9673590504451038,0.012
gmic,72,0.04264841384757141,0.9614243323442137,0.0121
gmic,73,0.042623383478490366,0.9584569732937686,0.0122
gmic,74,0.04271356783919598,0.9584569732937686,0.0123
gmic,75,0.04267161410018553,0.9554896142433235,0.0124
gmic,76,0.04280207364083477,0.9554896142433235,0.0125
gmic,77,0.04295051353874883,0.9554896142433235,0.0126
gmic,78,0.043048128342245986,0.9554896142433235,0.0127
gmic,79,0.04314040728831726,0.9554896142433235,0.0128
gmic,80,0.043233082706766915,0.9554896142433235,0.0129
gmic,81,0.04332032826584152,0.9554896142433235,0.013
gmic,82,0.04339622641509434,0.9554896142433235,0.0131
gmic,83,0.04347239098150398,0.9554896142433235,0.0132
gmic,84,0.043431200108239754,0.9525222551928784,0.0133
gmic,85,0.04350182951619461,0.9525222551928784,0.0134
gmic,86,0.04359043997827268,0.9525222551928784,0.0135
gmic,87,0.04366752822745205,0.9525222551928784,0.0136
gmic,88,0.04373892900940183,0.9525222551928784,0.0137
gmic,89,0.043858450608006555,0.9525222551928784,0.0138
gmic,90,0.04395453923045324,0.9525222551928784,0.0139
gmic,91,0.043931905546403076,0.9495548961424333,0.014
gmic,92,0.04400440044004401,0.9495548961424333,0.0141
gmic,93,0.04410751206064783,0.9495548961424333,0.0142
gmic,94,0.044156202566579275,0.9495548961424333,0.0143
gmic,95,0.04427227448810182,0.9495548961424333,0.0144
gmic,96,0.044382801664355064,0.9495548961424333,0.0145
gmic,97,0.04446297068222871,0.9495548961424333,0.0146
gmic,98,0.04450625869262865,0.9495548961424333,0.0147
gmic,99,0.04456824512534819,0.9495548961424333,0.0148
gmic,100,0.044515768908735695,0.9465875370919882,0.0149
gmic,101,0.04456552109527801,0.9465875370919882,0.015
gmic,102,0.044475524475524476,0.9436201780415431,0.0151
gmic,103,0.04453157821033469,0.9436201780415431,0.0152
gmic,104,0.04458152250105145,0.9436201780415431,0.0153
gmic,105,0.04461905430054722,0.9436201780415431,0.0154
gmic,106,0.04464411062754457,0.9436201780415431,0.0155
gmic,107,0.044706874736398144,0.9436201780415431,0.0156
gmic,108,0.04465417664459783,0.9406528189910979,0.0157
gmic,109,0.044748729531338224,0.9406528189910979,0.0158
gmic,110,0.044792991380528474,0.9406528189910979,0.0159
gmic,111,0.044862722898386644,0.9406528189910979,0.016
gmic,112,0.04494541329930526,0.9406528189910979,0.0161
gmic,113,0.0450092290217237,0.9406528189910979,0.0162
gmic,114,0.04504760551371323,0.9406528189910979,0.0163
gmic,115,0.04496300512236767,0.9376854599406528,0.0164
gmic,116,0.04491658348780836,0.9347181008902077,0.0165
gmic,117,0.04497430039977156,0.9347181008902077,0.0166
gmic,118,0.04503860451815842,0.9347181008902077,0.0167
gmic,119,0.0450837269214255,0.9347181008902077,0.0168
gmic,120,0.045180722891566265,0.9347181008902077,0.0169
gmic,121,0.045297670405522,0.9347181008902077,0.017
gmic,122,0.045271049596309114,0.9317507418397626,0.0171
gmic,123,0.04533641351429397,0.9317507418397626,0.0172
gmic,124,0.04541509979751229,0.9317507418397626,0.0173
gmic,125,0.045480880648899186,0.9317507418397626,0.0174
gmic,126,0.04556006964596634,0.9317507418397626,0.0175
gmic,127,0.04544794540438507,0.9287833827893175,0.0176
gmic,128,0.04547435711172454,0.9287833827893175,0.0177
gmic,129,0.04552727272727273,0.9287833827893175,0.0178
gmic,130,0.04559359067734887,0.9287833827893175,0.0179
gmic,131,0.045507584597432905,0.9258160237388724,0.018
gmic,132,0.04557405784399649,0.9258160237388724,0.0181
gmic,133,0.04549444119368051,0.9228486646884273,0.0182
gmic,134,0.04538134972917582,0.9198813056379822,0.0183
gmic,135,0.04542124542124542,0.9198813056379822,0.0184
gmic,136,0.045454545454545456,0.9198813056379822,0.0185
gmic,137,0.04548122065727699,0.9198813056379822,0.0186
gmic,138,0.045568131706600026,0.9198813056379822,0.0187
gmic,139,0.04560835662792408,0.9198813056379822,0.0188
gmic,140,0.045662100456621,0.9198813056379822,0.0189
gmic,141,0.04561558901682905,0.9169139465875371,0.019
gmic,142,0.045669524091043454,0.9169139465875371,0.0191
gmic,143,0.04573712255772647,0.9169139465875371,0.0192
gmic,144,0.04579813250333482,0.9169139465875371,0.0193
gmic,145,0.04585250037097492,0.9169139465875371,0.0194
gmic,146,0.04590699747437231,0.9169139465875371,0.0195
gmic,147,0.04596162427487729,0.9169139465875371,0.0196
gmic,148,0.04601638123603872,0.9169139465875371,0.0197
gmic,149,0.046091885441527446,0.9169139465875371,0.0198
gmic,150,0.04614006271464835,0.9169139465875371,0.0199
gmic,151,0.046174536760310816,0.9169139465875371,0.02
gmic,152,0.04621597367633862,0.9169139465875371,0.0201
gmic,153,0.046271338724168914,0.9169139465875371,0.0202
gmic,154,0.046176911544227886,0.913946587537092,0.0203
gmic,155,0.046218487394957986,0.913946587537092,0.0204
gmic,156,0.046267087276550996,0.913946587537092,0.0205
gmic,157,0.046322755301549105,0.913946587537092,0.0206
gmic,158,0.04635063957863055,0.913946587537092,0.0207
gmic,159,0.046413502109704644,0.913946587537092,0.0208
gmic,160,0.046476535385543985,0.913946587537092,0.0209
gmic,161,0.046567886301784094,0.913946587537092,0.021
gmic,162,0.04658197217180883,0.913946587537092,0.0211
gmic,163,0.046680812367384056,0.913946587537092,0.0212
gmic,164,0.046723300970873786,0.913946587537092,0.0213
gmic,165,0.04676586699058609,0.913946587537092,0.0214
gmic,166,0.04684410646387833,0.913946587537092,0.0215
gmic,167,0.04692260816575259,0.913946587537092,0.0216
gmic,168,0.046944063404968754,0.913946587537092,0.0217
gmic,169,0.04696553827386398,0.913946587537092,0.0218
gmic,170,0.047037263286499695,0.913946587537092,0.0219
gmic,171,0.04710200336442881,0.913946587537092,0.022
gmic,172,0.04719583205638982,0.913946587537092,0.0221
gmic,173,0.04723201962889127,0.913946587537092,0.0222
gmic,174,0.04728277556033159,0.913946587537092,0.0223
gmic,175,0.04734091607746695,0.913946587537092,0.0224
gmic,176,0.04736275565123789,0.913946587537092,0.0225
gmic,177,0.047406495305525626,0.913946587537092,0.0226
gmic,178,0.04747957453368275,0.913946587537092,0.0227
gmic,179,0.04754553874652671,0.913946587537092,0.0228
gmic,180,0.047619047619047616,0.913946587537092,0.0229
gmic,181,0.04767801857585139,0.913946587537092,0.023
gmic,182,0.047714949651433,0.913946587537092,0.0231
gmic,183,0.04775934253372616,0.913946587537092,0.0232
gmic,184,0.04782608695652174,0.913946587537092,0.0233
gmic,185,0.04775980087118855,0.9109792284866469,0.0234
gmic,186,0.04781186731038779,0.9109792284866469,0.0235
gmic,187,0.04788644517236001,0.9109792284866469,0.0236
gmic,188,0.047931303669008586,0.9109792284866469,0.0237
gmic,189,0.04799124589651399,0.9109792284866469,0.0238
gmic,190,0.048088972431077695,0.9109792284866469,0.0239
gmic,191,0.04817197552173231,0.9109792284866469,0.024
gmic,192,0.04825526563973593,0.9109792284866469,0.0241
gmic,193,0.04833123425692695,0.9109792284866469,0.0242
gmic,194,0.04846093133385951,0.9109792284866469,0.0243
gmic,195,0.048499210110584515,0.9109792284866469,0.0244
gmic,196,0.04856058209427396,0.9109792284866469,0.0245
gmic,197,0.04861441013460016,0.9109792284866469,0.0246
gmic,198,0.04865293185419968,0.9109792284866469,0.0247
gmic,199,0.0486992385786802,0.9109792284866469,0.0248
gmic,200,0.04874563353445538,0.9109792284866469,0.0249
gmic,201,0.048784363578579376,0.9109792284866469,0.025
gmic,202,0.048815391954205756,0.9109792284866469,0.0251
gmic,203,0.04886978669213626,0.9109792284866469,0.0252
gmic,204,0.04889313584965759,0.9109792284866469,0.0253
gmic,205,0.048924302788844624,0.9109792284866469,0.0254
gmic,206,0.04899457389083945,0.9109792284866469,0.0255
gmic,207,0.04906504714719514,0.9109792284866469,0.0256
gmic,208,0.04911214205727084,0.9109792284866469,0.0257
gmic,209,0.049167200512491994,0.9109792284866469,0.0258
gmic,210,0.049093534413605006,0.9080118694362018,0.0259
gmic,211,0.049125060202279656,0.9080118694362018,0.026
gmic,212,0.04914873112752972,0.9080118694362018,0.0261
gmic,213,0.04921988097152968,0.9080118694362018,0.0262
gmic,214,0.0492436433859028,0.9080118694362018,0.0263
gmic,215,0.04928329843775165,0.9080118694362018,0.0264
gmic,216,0.04933892292808771,0.9080118694362018,0.0265
gmic,217,0.0494345718901454,0.9080118694362018,0.0266
gmic,218,0.04948253557567917,0.9080118694362018,0.0267
gmic,219,0.04952257646868425,0.9080118694362018,0.0268
gmic,220,0.04959481361426256,0.9080118694362018,0.0269
gmic,221,0.04964308890330954,0.9080118694362018,0.027
gmic,222,0.04971567831031681,0.9080118694362018,0.0271
gmic,223,0.04978038067349927,0.9080118694362018,0.0272
gmic,224,0.04979658258746949,0.9080118694362018,0.0273
gmic,225,0.04985337243401759,0.9080118694362018,0.0274
gmic,226,0.049885881969351155,0.9080118694362018,0.0275
gmic,227,0.04995918367346939,0.9080118694362018,0.0276
gmic,228,0.05002452182442374,0.9080118694362018,0.0277
gmic,229,0.05005725503026337,0.9080118694362018,0.0278
gmic,230,0.050155712178331424,0.9080118694362018,0.0279
gmic,231,0.05005744296733957,0.9050445103857567,0.028
gmic,232,0.05012325390304026,0.9050445103857567,0.0281
gmic,233,0.05018098058571899,0.9050445103857567,0.0282
gmic,234,0.05021402700032927,0.9050445103857567,0.0283
gmic,235,0.05025539627615752,0.9050445103857567,0.0284
gmic,236,0.050305129473857825,0.9050445103857567,0.0285
gmic,237,0.05035496120191514,0.9050445103857567,0.0286
gmic,238,0.050454921422663356,0.9050445103857567,0.0287
gmic,239,0.050505050505050504,0.9050445103857567,0.0288
gmic,240,0.050513415038092084,0.9050445103857567,0.0289
gmic,241,0.05043968807035009,0.9020771513353115,0.029
gmic,242,0.0504983388704319,0.9020771513353115,0.0291
gmic,243,0.05060762443815549,0.9020771513353115,0.0292
gmic,244,0.05064134599366983,0.9020771513353115,0.0293
gmic,245,0.05070892410341952,0.9020771513353115,0.0294
gmic,246,0.05077668281276098,0.9020771513353115,0.0295
gmic,247,0.05081912403878302,0.9020771513353115,0.0296
gmic,248,0.05086163627237745,0.9020771513353115,0.0297
gmic,249,0.05093833780160858,0.9020771513353115,0.0298
gmic,250,0.05101527101862729,0.9020771513353115,0.0299
gmic,251,0.051049538203190595,0.9020771513353115,0.03
gmic,252,0.05110102538241721,0.9020771513353115,0.0301
gmic,253,0.051169836727823596,0.9020771513353115,0.0302
gmic,254,0.05123883364233946,0.9020771513353115,0.0303
gmic,255,0.05129070355997976,0.9020771513353115,0.0304
gmic,256,0.05136870564379858,0.9020771513353115,0.0305
gmic,257,0.05142953814921333,0.9020771513353115,0.0306
gmic,258,0.05146436431352632,0.9020771513353115,0.0307
gmic,259,0.05150796340223653,0.9020771513353115,0.0308
gmic,260,0.05158662820295266,0.9020771513353115,0.0309
gmic,261,0.05167431582525922,0.9020771513353115,0.031
gmic,262,0.05170947440040823,0.9020771513353115,0.0311
gmic,263,0.05175348995573715,0.9020771513353115,0.0312
gmic,264,0.051771117166212535,0.9020771513353115,0.0313
gmic,265,0.05181523777058122,0.9020771513353115,0.0314
gmic,266,0.05187713310580205,0.9020771513353115,0.0315
gmic,267,0.051965811965811966,0.9020771513353115,0.0316
gmic,268,0.05201916495550993,0.9020771513353115,0.0317
gmic,269,0.05206370953930468,0.9020771513353115,0.0318
gmic,270,0.0520904729266621,0.9020771513353115,0.0319
gmic,271,0.05214408233276158,0.9020771513353115,0.032
gmic,272,0.052251632863526985,0.9020771513353115,0.0321
gmic,273,0.05229657663856872,0.9020771513353115,0.0322
gmic,274,0.052350611331152055,0.9020771513353115,0.0323
gmic,275,0.052404757800379245,0.9020771513353115,0.0324
gmic,276,0.05247712756775419,0.9020771513353115,0.0325
gmic,277,0.0525678713470517,0.9020771513353115,0.0326
gmic,278,0.05263157894736842,0.9020771513353115,0.0327
gmic,279,0.052704576976421634,0.9020771513353115,0.0328
gmic,280,0.05275030366128752,0.9020771513353115,0.0329
gmic,281,0.052805280528052806,0.9020771513353115,0.033
gmic,282,0.05286956521739131,0.9020771513353115,0.0331
gmic,283,0.05290636964845109,0.9020771513353115,0.0332
gmic,284,0.05294322535701846,0.9020771513353115,0.0333
gmic,285,0.053017091035926056,0.9020771513353115,0.0334
gmic,286,0.05307262569832402,0.9020771513353115,0.0335
gmic,287,0.053128276826284515,0.9020771513353115,0.0336
gmic,288,0.05316544246239944,0.9020771513353115,0.0337
gmic,289,0.053193350831146104,0.9020771513353115,0.0338
gmic,290,0.053211972693856115,0.9020771513353115,0.0339
gmic,291,0.05327725201542236,0.9020771513353115,0.034
gmic,292,0.05333333333333334,0.9020771513353115,0.0341
gmic,293,0.053389532841587636,0.9020771513353115,0.0342
gmic,294,0.053417677033913195,0.9020771513353115,0.0343
gmic,295,0.05349287348231568,0.9020771513353115,0.0344
gmic,296,0.053530551153372075,0.9020771513353115,0.0345
gmic,297,0.05361552028218695,0.9020771513353115,0.0346
gmic,298,0.053653370984821744,0.9020771513353115,0.0347
gmic,299,0.05375773651635721,0.9020771513353115,0.0348
gmic,300,0.0537862703467799,0.9020771513353115,0.0349
gmic,301,0.05383389410306357,0.9020771513353115,0.035
gmic,302,0.05387205387205387,0.9020771513353115,0.0351
gmic,303,0.053958111466098684,0.9020771513353115,0.0352
gmic,304,0.05398685846208489,0.9020771513353115,0.0353
gmic,305,0.054063667081629026,0.9020771513353115,0.0354
gmic,306,0.05409252669039146,0.9020771513353115,0.0355
gmic,307,0.05415998574737217,0.9020771513353115,0.0356
gmic,308,0.05424696645253391,0.9020771513353115,0.0357
gmic,309,0.05429540989462404,0.9020771513353115,0.0358
gmic,310,0.05437309962439635,0.9020771513353115,0.0359
gmic,311,0.054431512981199644,0.9020771513353115,0.036
gmic,312,0.05449005198064169,0.9020771513353115,0.0361
gmic,313,0.05454871702853042,0.9020771513353115,0.0362
gmic,314,0.05457809694793537,0.9020771513353115,0.0363
gmic,315,0.05459770114942529,0.9020771513353115,0.0364
gmic,316,0.05464677332374618,0.9020771513353115,0.0365
gmic,317,0.05470577649811049,0.9020771513353115,0.0366
gmic,318,0.05481428056256762,0.9020771513353115,0.0367
gmic,319,0.054873646209386284,0.9020771513353115,0.0368
gmic,320,0.05493314058547163,0.9020771513353115,0.0369
gmic,321,0.05501266739051755,0.9020771513353115,0.037
gmic,322,0.05508244247146222,0.9020771513353115,0.0371
gmic,323,0.055152394775036286,0.9020771513353115,0.0372
gmic,324,0.05517241379310345,0.9020771513353115,0.0373
gmic,325,0.055282778687034004,0.9020771513353115,0.0374
gmic,326,0.055343164026943385,0.9020771513353115,0.0375
gmic,327,0.055403681428831786,0.9020771513353115,0.0376
gmic,328,0.05544409994528543,0.9020771513353115,0.0377
gmic,329,0.055484577477641905,0.9020771513353115,0.0378
gmic,330,0.055565710107841344,0.9020771513353115,0.0379
gmic,331,0.05561653860226857,0.9020771513353115,0.038
gmic,332,0.055657268399853535,0.9020771513353115,0.0381
gmic,333,0.055738907224055737,0.9020771513353115,0.0382
gmic,334,0.055800293685756244,0.9020771513353115,0.0383
gmic,335,0.05586181550900404,0.9020771513353115,0.0384
gmic,336,0.055944055944055944,0.9020771513353115,0.0385
gmic,337,0.05597495857116553,0.9020771513353115,0.0386
gmic,338,0.05599557929637134,0.9020771513353115,0.0387
gmic,339,0.056036866359447005,0.9020771513353115,0.0388
gmic,340,0.05608856088560885,0.9020771513353115,0.0389
gmic,341,0.05618185178340418,0.9020771513353115,0.039
gmic,342,0.05619223659889094,0.9020771513353115,0.0391
gmic,343,0.056223414092842615,0.9020771513353115,0.0392
gmic,344,0.05626503794188414,0.9020771513353115,0.0393
gmic,345,0.056338028169014086,0.9020771513353115,0.0394
gmic,346,0.056348470806302134,0.9020771513353115,0.0395
gmic,347,0.05642167780252413,0.9020771513353115,0.0396
gmic,348,0.056484578223708656,0.9020771513353115,0.0397
gmic,349,0.05654761904761905,0.9020771513353115,0.0398
gmic,350,0.05661080074487896,0.9020771513353115,0.0399
gmic,351,0.05668469140406489,0.9020771513353115,0.04
gmic,352,0.056716417910447764,0.9020771513353115,0.0401
gmic,353,0.05677997758685095,0.9020771513353115,0.0402
gmic,354,0.056833052907085437,0.9020771513353115,0.0403
gmic,355,0.05667789001122334,0.8991097922848664,0.0404
gmic,356,0.056741573033707866,0.8991097922848664,0.0405
gmic,357,0.056784107946026986,0.8991097922848664,0.0406
gmic,358,0.056837366347777155,0.8991097922848664,0.0407
gmic,359,0.056890724746526476,0.8991097922848664,0.0408
gmic,360,0.056976306882286575,0.8991097922848664,0.0409
gmic,361,0.057029926595143984,0.8991097922848664,0.041
gmic,362,0.05714824594492644,0.8991097922848664,0.0411
gmic,363,0.057223796033994336,0.8991097922848664,0.0412
gmic,364,0.057245418477234085,0.8991097922848664,0.0413
gmic,365,0.05728871242200794,0.8991097922848664,0.0414
gmic,366,0.05733207190160833,0.8991097922848664,0.0415
gmic,367,0.05736463460810299,0.8991097922848664,0.0416
gmic,368,0.05738636363636364,0.8991097922848664,0.0417
gmic,369,0.057473444613050075,0.8991097922848664,0.0418
gmic,370,0.05753892897835169,0.8991097922848664,0.0419
gmic,371,0.05759361338148641,0.8991097922848664,0.042
gmic,372,0.057615516257843696,0.8991097922848664,0.0421
gmic,373,0.05770329461055037,0.8991097922848664,0.0422
gmic,374,0.05776930409914204,0.8991097922848664,0.0423
gmic,375,0.05780236550934758,0.8991097922848664,0.0424
gmic,376,0.0578354647833556,0.8991097922848664,0.0425
gmic,377,0.05790177718326008,0.8991097922848664,0.0426
gmic,378,0.05797933409873708,0.8991097922848664,0.0427
gmic,379,0.05803485922237119,0.8991097922848664,0.0428
gmic,380,0.0580682253737064,0.8991097922848664,0.0429
gmic,381,0.058179723502304145,0.8991097922848664,0.043
gmic,382,0.058246828143021914,0.8991097922848664,0.0431
gmic,383,0.05830286703867616,0.8991097922848664,0.0432
gmic,384,0.05833654216403542,0.8991097922848664,0.0433
gmic,385,0.058404009252120276,0.8991097922848664,0.0434
gmic,386,0.05843780135004822,0.8991097922848664,0.0435
gmic,387,0.058516801853997685,0.8991097922848664,0.0436
gmic,388,0.058562040974101275,0.8991097922848664,0.0437
gmic,389,0.05859601624444015,0.8991097922848664,0.0438
gmic,390,0.05861868833430064,0.8991097922848664,0.0439
gmic,391,0.05864137797561448,0.8991097922848664,0.044
gmic,392,0.058686809994189425,0.8991097922848664,0.0441
gmic,393,0.05874369910818147,0.8991097922848664,0.0442
gmic,394,0.05878928987194412,0.8991097922848664,0.0443
gmic,395,0.05881211180124224,0.8991097922848664,0.0444
gmic,396,0.05870917573872473,0.8961424332344213,0.0445
gmic,397,0.0588006230529595,0.8961424332344213,0.0446
gmic,398,0.05885792243227441,0.8961424332344213,0.0447
gmic,399,0.058903842402964694,0.8961424332344213,0.0448
gmic,400,0.05891533359344518,0.8961424332344213,0.0449
gmic,401,0.058961343225302616,0.8961424332344213,0.045
gmic,402,0.05899589763625708,0.8961424332344213,0.0451
gmic,403,0.05900742477530285,0.8961424332344213,0.0452
gmic,404,0.059053578412201796,0.8961424332344213,0.0453
gmic,405,0.059099804305283755,0.8961424332344213,0.0454
gmic,406,0.05914610262436349,0.8961424332344213,0.0455
gmic,407,0.05918087399568881,0.8961424332344213,0.0456
gmic,408,0.05927379784102061,0.8961424332344213,0.0457
gmic,409,0.05929707441586491,0.8961424332344213,0.0458
gmic,410,0.0593436824523482,0.8961424332344213,0.0459
gmic,411,0.05940204563335956,0.8961424332344213,0.046
gmic,412,0.059460523725142746,0.8961424332344213,0.0461
gmic,413,0.05954258675078864,0.8961424332344213,0.0462
gmic,414,0.059589581689029204,0.8961424332344213,0.0463
gmic,415,0.059648429784712624,0.8961424332344213,0.0464
gmic,416,0.05969559201423206,0.8961424332344213,0.0465
gmic,417,0.05973101265822785,0.8961424332344213,0.0466
gmic,418,0.05976647536117158,0.8961424332344213,0.0467
gmic,419,0.05983752724390727,0.8961424332344213,0.0468
gmic,420,0.059896866322887744,0.8961424332344213,0.0469
gmic,421,0.05992063492063492,0.8961424332344213,0.047
gmic,422,0.06003976143141153,0.8961424332344213,0.0471
gmic,423,0.06011146496815287,0.8961424332344213,0.0472
gmic,424,0.06013540422142573,0.8961424332344213,0.0473
gmic,425,0.06018333997608609,0.8961424332344213,0.0474
gmic,426,0.06001994017946161,0.8931750741839762,0.0475
gmic,427,0.060031910650179494,0.8931750741839762,0.0476
gmic,428,0.06004388589666866,0.8931750741839762,0.0477
gmic,429,0.060079840319361276,0.8931750741839762,0.0478
gmic,430,0.06011583782704214,0.8931750741839762,0.0479
gmic,431,0.0601639016590046,0.8931750741839762,0.048
gmic,432,0.060236141685011006,0.8931750741839762,0.0481
gmic,433,0.06029647435897436,0.8931750741839762,0.0482
gmic,434,0.06033273201042293,0.8931750741839762,0.0483
gmic,435,0.06036903329322102,0.8931750741839762,0.0484
gmic,436,0.06040537828617299,0.8931750741839762,0.0485
gmic,437,0.06025306286402892,0.8902077151335311,0.0486
gmic,438,0.06028938906752412,0.8902077151335311,0.0487
gmic,439,0.060362173038229376,0.8902077151335311,0.0488
gmic,440,0.06042296072507553,0.8902077151335311,0.0489
gmic,441,0.060447310094700786,0.8902077151335311,0.049
gmic,442,0.060343087790111,0.887240356083086,0.0491
gmic,443,0.060379644588045234,0.887240356083086,0.0492
gmic,444,0.06046511627906977,0.887240356083086,0.0493
gmic,445,0.060514065978546853,0.887240356083086,0.0494
gmic,446,0.06055083029566626,0.887240356083086,0.0495
gmic,447,0.060587639311043565,0.887240356083086,0.0496
gmic,448,0.060673701298701296,0.887240356083086,0.0497
gmic,449,0.060722989439480096,0.887240356083086,0.0498
gmic,450,0.06080943664836282,0.887240356083086,0.0499
gmic,451,0.06082180634662327,0.887240356083086,0.05
gmic,452,0.06084656084656084,0.887240356083086,0.0501
gmic,453,0.060704827867182724,0.884272997032641,0.0502
gmic,454,0.0608039175678433,0.884272997032641,0.0503
gmic,455,0.06084115965700286,0.884272997032641,0.0504
gmic,456,0.06089088680016347,0.884272997032641,0.0505
gmic,457,0.06095316015545101,0.884272997032641,0.0506
gmic,458,0.06099058534588621,0.884272997032641,0.0507
gmic,459,0.06105306289694735,0.884272997032641,0.0508
gmic,460,0.06116584564860427,0.884272997032641,0.0509
gmic,461,0.0612035325528856,0.884272997032641,0.051
gmic,462,0.0612790458564672,0.884272997032641,0.0511
gmic,463,0.06113627006998765,0.8813056379821959,0.0512
gmic,464,0.06126237623762376,0.8813056379821959,0.0513
gmic,465,0.06132562461284328,0.8813056379821959,0.0514
gmic,466,0.06141439205955335,0.8813056379821959,0.0515
gmic,467,0.061490683229813665,0.8813056379821959,0.0516
gmic,468,0.06151615575807788,0.8813056379821959,0.0517
gmic,469,0.061669435215946845,0.8813056379821959,0.0518
gmic,470,0.06172069825436409,0.8813056379821959,0.0519
gmic,471,0.061759201497192766,0.8813056379821959,0.052
gmic,472,0.06181061394380853,0.8813056379821959,0.0521
gmic,473,0.06167951656595124,0.8783382789317508,0.0522
gmic,474,0.06173096976016684,0.8783382789317508,0.0523
gmic,475,0.06176961602671119,0.8783382789317508,0.0524
gmic,476,0.06184705390722942,0.8783382789317508,0.0525
gmic,477,0.06192468619246862,0.8783382789317508,0.0526
gmic,478,0.06193764385854782,0.8783382789317508,0.0527
gmic,479,0.06197654941373534,0.8783382789317508,0.0528
gmic,480,0.06202849958088852,0.8783382789317508,0.0529
gmic,481,0.061935754776401425,0.8753709198813057,0.053
gmic,482,0.06200084068936528,0.8753709198813057,0.0531
gmic,483,0.062066063538817585,0.8753709198813057,0.0532
gmic,484,0.062131423757371525,0.8753709198813057,0.0533
gmic,485,0.06223628691983123,0.8753709198813057,0.0534
gmic,486,0.06228885135135135,0.8753709198813057,0.0535
gmic,487,0.06232833298119586,0.8753709198813057,0.0536
gmic,488,0.06234150464919696,0.8753709198813057,0.0537
gmic,489,0.06242065171392298,0.8753709198813057,0.0538
gmic,490,0.06246030065636248,0.8753709198813057,0.0539
gmic,491,0.06257955027577429,0.8753709198813057,0.054
gmic,492,0.06265930331350893,0.8753709198813057,0.0541
gmic,493,0.06273925988940876,0.8753709198813057,0.0542
gmic,494,0.06277931474781868,0.8753709198813057,0.0543
gmic,495,0.06281942078364565,0.8753709198813057,0.0544
gmic,496,0.06287297527706735,0.8753709198813057,0.0545
gmic,497,0.0629803586678053,0.8753709198813057,0.0546
gmic,498,0.0630207220679342,0.8753709198813057,0.0547
gmic,499,0.06307462048321574,0.8753709198813057,0.0548
gmic,500,0.0632097707306621,0.8753709198813057,0.0549
gmic,501,0.06329113924050633,0.8753709198813057,0.055
gmic,502,0.06337271750805586,0.8753709198813057,0.0551
gmic,503,0.06342721995269834,0.8753709198813057,0.0552
gmic,504,0.06346815834767643,0.8753709198813057,0.0553
gmic,505,0.06356388709329885,0.8753709198813057,0.0554
gmic,506,0.06363244176013805,0.8753709198813057,0.0555
gmic,507,0.0636873920552677,0.8753709198813057,0.0556
gmic,508,0.06374243733794295,0.8753709198813057,0.0557
gmic,509,0.06382518390307226,0.8753709198813057,0.0558
gmic,510,0.06389430366038554,0.8753709198813057,0.0559
gmic,511,0.06393584742089294,0.8753709198813057,0.056
gmic,512,0.0640052072032979,0.8753709198813057,0.0561
gmic,513,0.06404689535388623,0.8753709198813057,0.0562
gmic,514,0.06411649641382308,0.8753709198813057,0.0563
gmic,515,0.06422817330720662,0.8753709198813057,0.0564
gmic,516,0.06425615334349814,0.8753709198813057,0.0565
gmic,517,0.06428415776857703,0.8753709198813057,0.0566
gmic,518,0.064340239912759,0.8753709198813057,0.0567
gmic,519,0.06439641999563414,0.8753709198813057,0.0568
gmic,520,0.06446678321678322,0.8753709198813057,0.0569
gmic,521,0.0644949715784871,0.8753709198813057,0.057
gmic,522,0.06453730037190987,0.8753709198813057,0.0571
gmic,523,0.06465044926583388,0.8753709198813057,0.0572
gmic,524,0.06472136902150066,0.8753709198813057,0.0573
gmic,525,0.06482091847945506,0.8753709198813057,0.0574
gmic,526,0.06483516483516484,0.8753709198813057,0.0575
gmic,527,0.06490649064906491,0.8753709198813057,0.0576
gmic,528,0.06497797356828194,0.8753709198813057,0.0577
gmic,529,0.0650352733686067,0.8753709198813057,0.0579
gmic,530,0.06504961411245866,0.8753709198813057,0.058
gmic,531,0.06509267431597529,0.8753709198813057,0.0581
gmic,532,0.0651789659743703,0.8753709198813057,0.0583
gmic,533,0.06497237569060774,0.8724035608308606,0.0584
gmic,534,0.0650298606502986,0.8724035608308606,0.0585
gmic,535,0.0650730411686587,0.8724035608308606,0.0586
gmic,536,0.06511627906976744,0.8724035608308606,0.0587
gmic,537,0.06520292747837658,0.8724035608308606,0.0588
gmic,538,0.06528980679546968,0.8724035608308606,0.0589
gmic,539,0.06537691794529686,0.8724035608308606,0.059
gmic,540,0.0653914590747331,0.8724035608308606,0.0591
gmic,541,0.06524159429971053,0.8694362017804155,0.0592
gmic,542,0.06528520499108735,0.8694362017804155,0.0593
gmic,543,0.06531431119037004,0.8694362017804155,0.0594
gmic,544,0.06534344335414809,0.8694362017804155,0.0595
gmic,545,0.06540178571428572,0.8694362017804155,0.0596
gmic,546,0.06547486033519553,0.8694362017804155,0.0597
gmic,547,0.06554809843400447,0.8694362017804155,0.0598
gmic,548,0.06562150055991041,0.8694362017804155,0.0599
gmic,549,0.06548553487328998,0.8664688427299704,0.06
gmic,550,0.06551492035001122,0.8664688427299704,0.0601
gmic,551,0.06557377049180328,0.8664688427299704,0.0602
gmic,552,0.06563272645538323,0.8664688427299704,0.0603
gmic,553,0.06572135944181859,0.8664688427299704,0.0604
gmic,554,0.06576576576576576,0.8664688427299704,0.0605
gmic,555,0.06583990980834273,0.8664688427299704,0.0606
gmic,556,0.06571815718157181,0.8635014836795252,0.0607
gmic,557,0.06573300203297945,0.8635014836795252,0.0608
gmic,558,0.06579244856432286,0.8635014836795252,0.0609
gmic,559,0.0658520027155465,0.8635014836795252,0.061
gmic,560,0.06586690810321412,0.8635014836795252,0.0611
gmic,561,0.06594153636981645,0.8635014836795252,0.0612
gmic,562,0.06600136085280109,0.8635014836795252,0.0613
gmic,563,0.06609130138541904,0.8635014836795252,0.0614
gmic,564,0.06615139804501023,0.8635014836795252,0.0615
gmic,565,0.06618148737775756,0.8635014836795252,0.0616
gmic,566,0.06622667273554847,0.8635014836795252,0.0617
gmic,567,0.06627191983602825,0.8635014836795252,0.0618
gmic,568,0.06628701594533029,0.8635014836795252,0.0619
gmic,569,0.06639288158795345,0.8635014836795252,0.062
gmic,570,0.06648389307745031,0.8635014836795252,0.0621
gmic,571,0.06636155606407322,0.8605341246290801,0.0622
gmic,572,0.06639194139194139,0.8605341246290801,0.0623
gmic,573,0.06643757159221077,0.8605341246290801,0.0624
gmic,574,0.06645279560036664,0.8605341246290801,0.0625
gmic,575,0.06648326455754242,0.8605341246290801,0.0626
gmic,576,0.06651376146788991,0.8605341246290801,0.0627
gmic,577,0.0665595593298141,0.8605341246290801,0.0628
gmic,578,0.0666054203031695,0.8605341246290801,0.0629
gmic,579,0.0666819958611175,0.8605341246290801,0.063
gmic,580,0.0667433831990794,0.8605341246290801,0.0631
gmic,581,0.06678949792722248,0.8605341246290801,0.0632
gmic,582,0.06685108344859382,0.8605341246290801,0.0633
gmic,583,0.06689734717416378,0.8605341246290801,0.0634
gmic,584,0.06695913184022166,0.8605341246290801,0.0635
gmic,585,0.06703652334720296,0.8605341246290801,0.0636
gmic,586,0.06705202312138728,0.8605341246290801,0.0637
gmic,587,0.06709856547894494,0.8605341246290801,0.0638
gmic,588,0.06716072255673923,0.8605341246290801,0.0639
gmic,589,0.06720741599073002,0.8605341246290801,0.064
gmic,590,0.06728538283062645,0.8605341246290801,0.0641
gmic,591,0.06731662024141133,0.8605341246290801,0.0642
gmic,592,0.06736353077816493,0.8605341246290801,0.0643
gmic,593,0.06745754826703884,0.8605341246290801,0.0644
gmic,594,0.06750465549348231,0.8605341246290801,0.0645
gmic,595,0.0675990675990676,0.8605341246290801,0.0646
gmic,596,0.0676779463243874,0.8605341246290801,0.0647
gmic,597,0.06780453588964228,0.8605341246290801,0.0648
gmic,598,0.06786800842499414,0.8605341246290801,0.065
gmic,599,0.06793159990630124,0.8605341246290801,0.0651
gmic,600,0.06799531066822978,0.8605341246290801,0.0652
gmic,601,0.06801125703564728,0.8605341246290801,0.0653
gmic,602,0.0680431722196152,0.8605341246290801,0.0654
gmic,603,0.06805914104670265,0.8605341246290801,0.0655
gmic,604,0.0681551116333725,0.8605341246290801,0.0656
gmic,605,0.06820319849482596,0.8605341246290801,0.0657
gmic,606,0.06826741996233522,0.8605341246290801,0.0658
gmic,607,0.06834786707518266,0.8605341246290801,0.0659
gmic,608,0.06839622641509434,0.8605341246290801,0.066
gmic,609,0.06841236140599198,0.8605341246290801,0.0661
gmic,610,0.0684608120868744,0.8605341246290801,0.0662
gmic,611,0.0685417159064051,0.8605341246290801,0.0663
gmic,612,0.06837000236574403,0.857566765578635,0.0664
gmic,613,0.0684509711037423,0.857566765578635,0.0665
gmic,614,0.06851588430535799,0.857566765578635,0.0666
gmic,615,0.06858092074038918,0.857566765578635,0.0667
gmic,616,0.0686623901164172,0.857566765578635,0.0668
gmic,617,0.06871136471707086,0.857566765578635,0.0669
gmic,618,0.06874405328258801,0.857566765578635,0.067
gmic,619,0.06877677296525464,0.857566765578635,0.0671
gmic,620,0.0688095238095238,0.857566765578635,0.0672
gmic,621,0.06885870860138193,0.857566765578635,0.0673
gmic,622,0.06890796375774917,0.857566765578635,0.0674
gmic,623,0.06895728942973038,0.857566765578635,0.0675
gmic,624,0.0690231669453069,0.857566765578635,0.0676
gmic,625,0.06907265774378585,0.857566765578635,0.0678
gmic,626,0.06912221956469744,0.857566765578635,0.0679
gmic,627,0.06893250359023456,0.8545994065281899,0.0681
gmic,628,0.06894900646396936,0.8545994065281899,0.0682
gmic,629,0.06901509705248023,0.8545994065281899,0.0683
gmic,630,0.06904818988252218,0.8545994065281899,0.0684
gmic,631,0.06908131446390021,0.8545994065281899,0.0685
gmic,632,0.06913106096975516,0.8545994065281899,0.0686
gmic,633,0.069164265129683,0.8545994065281899,0.0687
gmic,634,0.0692141312184571,0.8545994065281899,0.0688
gmic,635,0.06926406926406926,0.8545994065281899,0.0689
gmic,636,0.0693307655272027,0.8545994065281899,0.069
gmic,637,0.06910666987719721,0.8516320474777448,0.0691
gmic,638,0.06913996627318718,0.8516320474777448,0.0692
gmic,639,0.06920665541355196,0.8516320474777448,0.0693
gmic,640,0.06934042039139889,0.8516320474777448,0.0694
gmic,641,0.06937394247038917,0.8516320474777448,0.0695
gmic,642,0.06944108395838373,0.8516320474777448,0.0696
gmic,643,0.06949152542372881,0.8516320474777448,0.0697
gmic,644,0.06955889481337857,0.8516320474777448,0.0698
gmic,645,0.06960950764006792,0.8516320474777448,0.0699
gmic,646,0.06966019417475729,0.8516320474777448,0.0701
gmic,647,0.06967710609371207,0.8516320474777448,0.0702
gmic,648,0.06969402622632345,0.8516320474777448,0.0703
gmic,649,0.06976178901312591,0.8516320474777448,0.0704
gmic,650,0.06979571984435798,0.8516320474777448,0.0705
gmic,651,0.06982968369829684,0.8516320474777448,0.0706
gmic,652,0.06984667802385008,0.8516320474777448,0.0707
gmic,653,0.06991473812423873,0.8516320474777448,0.0708
gmic,654,0.06994881793809407,0.8516320474777448,0.0709
gmic,655,0.06977311539399854,0.8486646884272997,0.071
gmic,656,0.06966511855292104,0.8456973293768546,0.0711
gmic,657,0.06971624266144814,0.8456973293768546,0.0712
gmic,658,0.06980161645848641,0.8456973293768546,0.0713
gmic,659,0.06985294117647059,0.8456973293768546,0.0714
gmic,660,0.06987006619269429,0.8456973293768546,0.0715
gmic,661,0.06992149165848871,0.8456973293768546,0.0717
gmic,662,0.06995581737849779,0.8456973293768546,0.0718
gmic,663,0.06972747360667812,0.8427299703264095,0.0719
gmic,664,0.0697617293048391,0.8427299703264095,0.072
gmic,665,0.06977886977886978,0.8427299703264095,0.0721
gmic,666,0.06981317600786627,0.8427299703264095,0.0722
gmic,667,0.06984751598622725,0.8427299703264095,0.0723
gmic,668,0.06989908934285011,0.8427299703264095,0.0724
gmic,669,0.06995073891625615,0.8427299703264095,0.0725
gmic,670,0.06975597732314519,0.8397626112759644,0.0726
gmic,671,0.06977317554240631,0.8397626112759644,0.0727
gmic,672,0.06985929400148111,0.8397626112759644,0.0728
gmic,673,0.06991106719367589,0.8397626112759644,0.0729
gmic,674,0.0699456253089471,0.8397626112759644,0.073
gmic,675,0.07001484413656606,0.8397626112759644,0.0731
gmic,676,0.07006684822975984,0.8397626112759644,0.0732
gmic,677,0.0701363073110285,0.8397626112759644,0.0734
gmic,678,0.07022332506203474,0.8397626112759644,0.0735
gmic,679,0.07029309488325881,0.8397626112759644,0.0736
gmic,680,0.07031055900621118,0.8397626112759644,0.0737
gmic,681,0.0703630034808553,0.8397626112759644,0.0738
gmic,682,0.0704330512692882,0.8397626112759644,0.0739
gmic,683,0.07045058501369181,0.8397626112759644,0.074
gmic,684,0.07046812749003985,0.8397626112759644,0.0741
gmic,685,0.07052080737602791,0.8397626112759644,0.0742
gmic,686,0.07053838484546361,0.8397626112759644,0.0743
gmic,687,0.07060878243512975,0.8397626112759644,0.0744
gmic,688,0.07064403394907638,0.8397626112759644,0.0745
gmic,689,0.07071464267866066,0.8397626112759644,0.0746
gmic,690,0.07076769192298074,0.8397626112759644,0.0747
gmic,691,0.07082082082082082,0.8397626112759644,0.0748
gmic,692,0.07083854818523154,0.8397626112759644,0.0749
gmic,693,0.07085628442663996,0.8397626112759644,0.075
gmic,694,0.0708740295517155,0.8397626112759644,0.0751
gmic,695,0.07090954647957905,0.8397626112759644,0.0752
gmic,696,0.07094509902231136,0.8397626112759644,0.0753
gmic,697,0.0710876664154735,0.8397626112759644,0.0754
gmic,698,0.07112339783865293,0.8397626112759644,0.0755
gmic,699,0.07115916519989943,0.8397626112759644,0.0756
gmic,700,0.07117706237424547,0.8397626112759644,0.0757
gmic,701,0.0712666834550491,0.8397626112759644,0.0758
gmic,702,0.07130259511211892,0.8397626112759644,0.076
gmic,703,0.07133854297958155,0.8397626112759644,0.0762
gmic,704,0.07115821347464042,0.8367952522255193,0.0763
gmic,705,0.07117617364967188,0.8367952522255193,0.0764
gmic,706,0.07095959595959596,0.8338278931750742,0.0765
gmic,707,0.07099545224861041,0.8338278931750742,0.0766
gmic,708,0.07104930467762326,0.8338278931750742,0.0767
gmic,709,0.07108525170756387,0.8338278931750742,0.0768
gmic,710,0.07115725500126614,0.8338278931750742,0.0769
gmic,711,0.0711933113757284,0.8338278931750742,0.0772
gmic,712,0.07126553385746894,0.8338278931750742,0.0773
gmic,713,0.07131979695431472,0.8338278931750742,0.0775
gmic,714,0.07146490335707019,0.8338278931750742,0.0776
gmic,715,0.07151947060320692,0.8338278931750742,0.0777
gmic,716,0.07133757961783439,0.8308605341246291,0.0778
gmic,717,0.07137394850879429,0.8308605341246291,0.0779
gmic,718,0.07139214686384497,0.8308605341246291,0.078
gmic,719,0.07144679765246237,0.8308605341246291,0.0781
gmic,720,0.07148327801889201,0.8308605341246291,0.0782
gmic,721,0.07150153217568948,0.8308605341246291,0.0783
gmic,722,0.07157464212678936,0.8308605341246291,0.0785
gmic,723,0.07164790174002048,0.8308605341246291,0.0786
gmic,724,0.07173968741993339,0.8308605341246291,0.0787
gmic,725,0.0718132854578097,0.8308605341246291,0.0789
gmic,726,0.07186858316221766,0.8308605341246291,0.079
gmic,727,0.07197943444730077,0.8308605341246291,0.0792
gmic,728,0.07199794291591669,0.8308605341246291,0.0793
gmic,729,0.07177772060715204,0.827893175074184,0.0794
gmic,730,0.07183316168898043,0.827893175074184,0.0795
gmic,731,0.07187017001545595,0.827893175074184,0.0797
gmic,732,0.07196285787980397,0.827893175074184,0.0798
gmic,733,0.07201858544140423,0.827893175074184,0.08
gmic,734,0.07205578512396695,0.827893175074184,0.0801
gmic,735,0.07211165675885242,0.827893175074184,0.0802
gmic,736,0.07216761510605277,0.827893175074184,0.0803
gmic,737,0.07224236147074055,0.827893175074184,0.0804
gmic,738,0.07229852293340244,0.827893175074184,0.0805
gmic,739,0.07233601244490537,0.827893175074184,0.0806
gmic,740,0.07237354085603113,0.827893175074184,0.0807
gmic,741,0.0724111082273553,0.827893175074184,0.0808
gmic,742,0.07244871461957933,0.827893175074184,0.0809
gmic,743,0.0725051975051975,0.827893175074184,0.081
gmic,744,0.07256176853055916,0.827893175074184,0.0811
gmic,745,0.07259953161592506,0.827893175074184,0.0812
gmic,746,0.07263733402759698,0.827893175074184,0.0813
gmic,747,0.0726751758270383,0.827893175074184,0.0814
gmic,748,0.0727130570758405,0.827893175074184,0.0815
gmic,749,0.0727320125130344,0.827893175074184,0.0816
gmic,750,0.07282693813625685,0.827893175074184,0.0817
gmic,751,0.07286497780099242,0.827893175074184,0.0818
gmic,752,0.07292211186617878,0.827893175074184,0.0819
gmic,753,0.0729602510460251,0.827893175074184,0.0821
gmic,754,0.07299843014128729,0.827893175074184,0.0822
gmic,755,0.07303664921465969,0.827893175074184,0.0823
gmic,756,0.07285115303983228,0.8249258160237388,0.0824
gmic,757,0.07288935500786575,0.8249258160237388,0.0825
gmic,758,0.07292759706190975,0.8249258160237388,0.0826
gmic,759,0.07298503544237332,0.8249258160237388,0.0827
gmic,760,0.07306176084099869,0.8249258160237388,0.0828
gmic,761,0.07289473684210526,0.8219584569732937,0.0829
gmic,762,0.0729139247170308,0.8219584569732937,0.083
gmic,763,0.07295233078746378,0.8219584569732937,0.0831
gmic,764,0.07299077733860343,0.8219584569732937,0.0832
gmic,765,0.07302926443448458,0.8219584569732937,0.0833
gmic,766,0.07308707124010554,0.8219584569732937,0.0834
gmic,767,0.07314496963295485,0.8219584569732937,0.0835
gmic,768,0.07316428948758584,0.8219584569732937,0.0836
gmic,769,0.0732223103357124,0.8219584569732937,0.0837
gmic,770,0.0732610420523671,0.8219584569732937,0.0838
gmic,771,0.07329981476581106,0.8219584569732937,0.0839
gmic,772,0.07331921651667549,0.8219584569732937,0.084
gmic,773,0.07335805084745763,0.8219584569732937,0.0841
gmic,774,0.07339692633810281,0.8219584569732937,0.0842
gmic,775,0.07347480106100795,0.8219584569732937,0.0843
gmic,776,0.07351380042462845,0.8219584569732937,0.0844
gmic,777,0.07357237715803452,0.8219584569732937,0.0845
gmic,778,0.07363104731525784,0.8219584569732937,0.0846
gmic,779,0.073729039126963,0.8219584569732937,0.0847
gmic,780,0.07376830892143808,0.8219584569732937,0.0849
gmic,781,0.0738863696985863,0.8219584569732937,0.085
gmic,782,0.07390608324439701,0.8219584569732937,0.0851
gmic,783,0.07392580731251668,0.8219584569732937,0.0852
gmic,784,0.07394554191137213,0.8219584569732937,0.0853
gmic,785,0.0739652870493992,0.8219584569732937,0.0854
gmic,786,0.07400480897675661,0.8219584569732937,0.0855
gmic,787,0.07404437316225608,0.8219584569732937,0.0856
gmic,788,0.07408397967370955,0.8219584569732937,0.0857
gmic,789,0.07410379882289994,0.8219584569732937,0.0858
gmic,790,0.07416331994645248,0.8219584569732937,0.0859
gmic,791,0.0741831815747188,0.8219584569732937,0.086
gmic,792,0.07420305384409322,0.8219584569732937,0.0861
gmic,793,0.07424283034039132,0.8219584569732937,0.0862
gmic,794,0.0742627345844504,0.8219584569732937,0.0864
gmic,795,0.07434245840042941,0.8219584569732937,0.0865
gmic,796,0.0744023636852001,0.8219584569732937,0.0866
gmic,797,0.0745024206562668,0.8219584569732937,0.0867
gmic,798,0.07452246435297283,0.8219584569732937,0.0868
gmic,799,0.07454251883745963,0.8219584569732937,0.0869
gmic,800,0.0746228448275862,0.8219584569732937,0.087
gmic,801,0.07466307277628033,0.8219584569732937,0.0871
gmic,802,0.07468320301968186,0.8219584569732937,0.0872
gmic,803,0.07470334412081985,0.8219584569732937,0.0873
gmic,804,0.0747840172786177,0.8219584569732937,0.0874
gmic,805,0.0748244192328471,0.8219584569732937,0.0875
gmic,806,0.07490535424553812,0.8219584569732937,0.0876
gmic,807,0.0749256153638085,0.8219584569732937,0.0877
gmic,808,0.07498646453708717,0.8219584569732937,0.0878
gmic,809,0.07502708559046588,0.8219584569732937,0.0879
gmic,810,0.07506775067750678,0.8219584569732937,0.088
gmic,811,0.075128831027936,0.8219584569732937,0.0881
gmic,812,0.07516960651289009,0.8219584569732937,0.0882
gmic,813,0.07525129041021461,0.8219584569732937,0.0883
gmic,814,0.07527173913043478,0.8219584569732937,0.0884
gmic,815,0.07535364526659412,0.8219584569732937,0.0886
gmic,816,0.0753946652150245,0.8219584569732937,0.0887
gmic,817,0.07543572984749455,0.8219584569732937,0.0888
gmic,818,0.07549741073862087,0.8219584569732937,0.0889
gmic,819,0.07551799345692475,0.8219584569732937,0.089
gmic,820,0.07553858740114536,0.8219584569732937,0.0891
gmic,821,0.07555919258046917,0.8219584569732937,0.0892
gmic,822,0.0756417258328782,0.8219584569732937,0.0893
gmic,823,0.07568306010928962,0.8219584569732937,0.0894
gmic,824,0.07570374419240229,0.8219584569732937,0.0895
gmic,825,0.07572443958447239,0.8219584569732937,0.0896
gmic,826,0.07576586433260393,0.8219584569732937,0.0898
gmic,827,0.07580733442802408,0.8219584569732937,0.0899
gmic,828,0.0758280865042431,0.8219584569732937,0.09
gmic,829,0.07595283794899918,0.8219584569732937,0.0902
gmic,830,0.075973669775096,0.8219584569732937,0.0903
gmic,831,0.07605711147721032,0.8219584569732937,0.0904
gmic,832,0.07609890109890109,0.8219584569732937,0.0905
gmic,833,0.0761616717074512,0.8219584569732937,0.0906
gmic,834,0.07618261826182618,0.8219584569732937,0.0907
gmic,835,0.07597027250206441,0.8189910979228486,0.0908
gmic,836,0.07603305785123966,0.8189910979228486,0.0909
gmic,837,0.07607497243660419,0.8189910979228486,0.0911
gmic,838,0.076095947063689,0.8189910979228486,0.0912
gmic,839,0.07620099392600774,0.8189910979228486,0.0913
gmic,840,0.07624309392265194,0.8189910979228486,0.0914
gmic,841,0.07630633121371302,0.8189910979228486,0.0915
gmic,842,0.07634854771784233,0.8189910979228486,0.0916
gmic,843,0.0763908109604207,0.8189910979228486,0.0917
gmic,844,0.07647547797173733,0.8189910979228486,0.0918
gmic,845,0.07653910149750416,0.8189910979228486,0.0919
gmic,846,0.07660283097418817,0.8189910979228486,0.092
gmic,847,0.07668796888024451,0.8189910979228486,0.0921
gmic,848,0.07673060884070058,0.8189910979228486,0.0923
gmic,849,0.07677329624478442,0.8189910979228486,0.0924
gmic,850,0.07679465776293823,0.8189910979228486,0.0925
gmic,851,0.07688022284122563,0.8189910979228486,0.0927
gmic,852,0.07692307692307693,0.8189910979228486,0.0928
gmic,853,0.07694452188458321,0.8189910979228486,0.0929
gmic,854,0.07698744769874477,0.8189910979228486,0.0931
gmic,855,0.07700892857142858,0.8189910979228486,0.0932
gmic,856,0.07705192629815745,0.8189910979228486,0.0933
gmic,857,0.07709497206703911,0.8189910979228486,0.0934
gmic,858,0.07722439843312814,0.8189910979228486,0.0936
gmic,859,0.07724601175482787,0.8189910979228486,0.0937
gmic,860,0.0773109243697479,0.8189910979228486,0.0938
gmic,861,0.07737594617325484,0.8189910979228486,0.0939
gmic,862,0.07739764441951767,0.8189910979228486,0.0941
gmic,863,0.07744107744107744,0.8189910979228486,0.0942
gmic,864,0.07746281223687904,0.8189910979228486,0.0943
gmic,865,0.07752808988764046,0.8189910979228486,0.0944
gmic,866,0.0775716694772344,0.8189910979228486,0.0945
gmic,867,0.07761529808773904,0.8189910979228486,0.0946
gmic,868,0.07768083309878976,0.8189910979228486,0.0947
gmic,869,0.0777027027027027,0.8189910979228486,0.0948
gmic,870,0.07772458462404956,0.8189910979228486,0.0949
gmic,871,0.077834179357022,0.8189910979228486,0.095
gmic,872,0.07794408359220559,0.8189910979228486,0.0952
gmic,873,0.07803223070398643,0.8189910979228486,0.0954
gmic,874,0.07779349363507779,0.8160237388724035,0.0955
gmic,875,0.07783753184262666,0.8160237388724035,0.0956
gmic,876,0.07762039660056658,0.8130563798219584,0.0957
gmic,877,0.07768641905301957,0.8130563798219584,0.0958
gmic,878,0.07770845150311968,0.8130563798219584,0.0959
gmic,879,0.07775255391600454,0.8130563798219584,0.096
gmic,880,0.07779670641680864,0.8130563798219584,0.0961
gmic,881,0.07781880147685316,0.8130563798219584,0.0962
gmic,882,0.0778851620238772,0.8130563798219584,0.0963
gmic,883,0.07790730736423088,0.8130563798219584,0.0964
gmic,884,0.07792946530147896,0.8130563798219584,0.0965
gmic,885,0.07795163584637269,0.8130563798219584,0.0966
gmic,886,0.0779960148021634,0.8130563798219584,0.0967
gmic,887,0.07806267806267807,0.8130563798219584,0.0968
gmic,888,0.07808492447990881,0.8130563798219584,0.0969
gmic,889,0.07812945537496435,0.8130563798219584,0.097
gmic,890,0.07817403708987161,0.8130563798219584,0.0971
gmic,891,0.07821866971167571,0.8130563798219584,0.0972
gmic,892,0.07830808802515005,0.8130563798219584,0.0973
gmic,893,0.07835287389190734,0.8130563798219584,0.0974
gmic,894,0.07842014882655982,0.8130563798219584,0.0975
gmic,895,0.07846506300114547,0.8130563798219584,0.0976
gmic,896,0.07822349570200574,0.8100890207715133,0.0977
gmic,897,0.07824591573516768,0.8100890207715133,0.0978
gmic,898,0.07829079437912245,0.8100890207715133,0.0979
gmic,899,0.07807118254879448,0.8071216617210683,0.0981
gmic,900,0.07816091954022988,0.8071216617210683,0.0982
gmic,901,0.078205865439908,0.8071216617210683,0.0983
gmic,902,0.07822835777969514,0.8071216617210683,0.0984
gmic,903,0.07829591249280368,0.8071216617210683,0.0985
gmic,904,0.07836358398156151,0.8071216617210683,0.0987
gmic,905,0.07838616714697406,0.8071216617210683,0.0989
gmic,906,0.07847663012117714,0.8071216617210683,0.0991
gmic,907,0.0784992784992785,0.8071216617210683,0.0992
gmic,908,0.07854461449610164,0.8071216617210683,0.0993
gmic,909,0.07863544376987569,0.8071216617210683,0.0995
gmic,910,0.0786809372288111,0.8071216617210683,0.0997
gmic,911,0.0787037037037037,0.8071216617210683,0.0999
gmic,912,0.0787492762015055,0.8071216617210683,0.1
gmic,913,0.07881773399014778,0.8071216617210683,0.1001
gmic,914,0.07888631090487239,0.8071216617210683,0.1002
gmic,915,0.07893209518282066,0.8071216617210683,0.1003
gmic,916,0.07902382335851249,0.8071216617210683,0.1005
gmic,917,0.07906976744186046,0.8071216617210683,0.1007
gmic,918,0.07909275952311719,0.8071216617210683,0.1009
gmic,919,0.07920792079207921,0.8071216617210683,0.101
gmic,920,0.07932341790609507,0.8071216617210683,0.1011
gmic,921,0.07934655775962661,0.8071216617210683,0.1012
gmic,922,0.07936971111759557,0.8071216617210683,0.1013
gmic,923,0.07941605839416059,0.8071216617210683,0.1014
gmic,924,0.07919345412039742,0.8041543026706232,0.1015
gmic,925,0.07928613224107665,0.8041543026706232,0.1016
gmic,926,0.07937902753368482,0.8041543026706232,0.1017
gmic,927,0.07940228537943159,0.8041543026706232,0.1018
gmic,928,0.07944884198182352,0.8041543026706232,0.1019
gmic,929,0.0795654726952437,0.8041543026706232,0.102
gmic,930,0.07965902410346855,0.8041543026706232,0.1021
gmic,931,0.07970588235294118,0.8041543026706232,0.1022
gmic,932,0.07972933215651662,0.8041543026706232,0.1023
gmic,933,0.07975279576221307,0.8041543026706232,0.1024
gmic,934,0.07977627318221961,0.8041543026706232,0.1025
gmic,935,0.07982326951399116,0.8041543026706232,0.1026
gmic,936,0.0798703212496316,0.8041543026706232,0.1027
gmic,937,0.0799645913248746,0.8041543026706232,0.1028
gmic,938,0.08001180986123413,0.8041543026706232,0.1029
gmic,939,0.0800354400472534,0.8041543026706232,0.103
gmic,940,0.08013010053222945,0.8041543026706232,0.1032
gmic,941,0.0801775147928994,0.8041543026706232,0.1034
gmic,942,0.08027251184834124,0.8041543026706232,0.1036
gmic,943,0.08032009484291643,0.8041543026706232,0.1037
gmic,944,0.08034390750074118,0.8041543026706232,0.1038
gmic,945,0.08041543026706231,0.8041543026706232,0.1039
gmic,946,0.08046318289786224,0.8041543026706232,0.104
gmic,947,0.0802615933412604,0.8011869436201781,0.1041
gmic,948,0.08028545941123996,0.8011869436201781,0.1043
gmic,949,0.08033323415650104,0.8011869436201781,0.1044
gmic,950,0.08035714285714286,0.8011869436201781,0.1045
gmic,951,0.0803810657933909,0.8011869436201781,0.1046
gmic,952,0.08040500297796307,0.8011869436201781,0.1047
gmic,953,0.08045292014302742,0.8011869436201781,0.105
gmic,954,0.08052490307187593,0.8011869436201781,0.1051
gmic,955,0.0805489260143198,0.8011869436201781,0.1052
gmic,956,0.08059701492537313,0.8011869436201781,0.1054
gmic,957,0.08062108091967751,0.8011869436201781,0.1055
gmic,958,0.08071748878923767,0.8011869436201781,0.1056
gmic,959,0.0807899461400359,0.8011869436201781,0.1058
gmic,960,0.08086253369272237,0.8011869436201781,0.1059
gmic,961,0.08088675853804674,0.8011869436201781,0.106
gmic,962,0.08091099790230746,0.8011869436201781,0.1061
gmic,963,0.08093525179856115,0.8011869436201781,0.1062
gmic,964,0.08095952023988005,0.8011869436201781,0.1063
gmic,965,0.08105673971780246,0.8011869436201781,0.1065
gmic,966,0.08108108108108109,0.8011869436201781,0.1066
gmic,967,0.08110543706818865,0.8011869436201781,0.1068
gmic,968,0.08117859290438965,0.8011869436201781,0.1069
gmic,969,0.08095094793860969,0.798219584569733,0.107
gmic,970,0.08104850858692378,0.798219584569733,0.1071
gmic,971,0.08119529127678841,0.798219584569733,0.1072
gmic,972,0.08121980676328502,0.798219584569733,0.1074
gmic,973,0.08129344212753098,0.798219584569733,0.1075
gmic,974,0.0813180169286578,0.798219584569733,0.1076
gmic,975,0.08134260659207741,0.798219584569733,0.1077
gmic,976,0.08106473079249849,0.7952522255192879,0.1078
gmic,977,0.0811138014527845,0.7952522255192879,0.1079
gmic,978,0.08113835906751438,0.7952522255192879,0.108
gmic,979,0.08116293155663235,0.7952522255192879,0.1081
gmic,980,0.08121212121212121,0.7952522255192879,0.1082
gmic,981,0.08128601759175008,0.7952522255192879,0.1083
gmic,982,0.08131067961165049,0.7952522255192879,0.1084
gmic,983,0.08133535660091047,0.7952522255192879,0.1085
gmic,984,0.08138475554205891,0.7952522255192879,0.1086
gmic,985,0.08140947752126367,0.7952522255192879,0.1087
gmic,986,0.08145896656534954,0.7952522255192879,0.1088
gmic,987,0.0814837336576467,0.7952522255192879,0.1089
gmic,988,0.0815581253804017,0.7952522255192879,0.109
gmic,989,0.08160779537149818,0.7952522255192879,0.1091
gmic,990,0.08163265306122448,0.7952522255192879,0.1093
gmic,991,0.08173223543763343,0.7952522255192879,0.1094
gmic,992,0.08178211779066219,0.7952522255192879,0.1096
gmic,993,0.08180708180708181,0.7952522255192879,0.1098
gmic,994,0.08183206106870229,0.7952522255192879,0.1099
gmic,995,0.08185705558949298,0.7952522255192879,0.11
gmic,996,0.08190709046454768,0.7952522255192879,0.1101
gmic,997,0.08198225757112267,0.7952522255192879,0.1102
gmic,998,0.08177641653905053,0.7922848664688428,0.1104
gmic,999,0.0818014705882353,0.7922848664688428,0.1105
gmic,1000,0.08182653999387067,0.7922848664688428,0.1106
gmic,1001,0.08187672493100276,0.7922848664688428,0.1107
gmic,1002,0.0816201288738877,0.7893175074183977,0.1108
gmic,1003,0.08169533169533169,0.7893175074183977,0.1109
gmic,1004,0.08172043010752689,0.7893175074183977,0.111
gmic,1005,0.08184615384615385,0.7893175074183977,0.1111
gmic,1006,0.08189655172413793,0.7893175074183977,0.1112
gmic,1007,0.08194701170671596,0.7893175074183977,0.1113
gmic,1008,0.08199753390875462,0.7893175074183977,0.1114
gmic,1009,0.08202281837804502,0.7893175074183977,0.1115
gmic,1010,0.08207343412526998,0.7893175074183977,0.1116
gmic,1011,0.0821748532591906,0.7893175074183977,0.1117
gmic,1012,0.08220024721878863,0.7893175074183977,0.1118
gmic,1013,0.08222565687789798,0.7893175074183977,0.1119
gmic,1014,0.08225108225108226,0.7893175074183977,0.112
gmic,1015,0.0823019801980198,0.7893175074183977,0.1121
gmic,1016,0.08235294117647059,0.7893175074183977,0.1122
gmic,1017,0.08245505269683819,0.7893175074183977,0.1123
gmic,1018,0.08248062015503876,0.7893175074183977,0.1124
gmic,1019,0.08253180266832144,0.7893175074183977,0.1126
gmic,1020,0.08255741775294848,0.7893175074183977,0.1128
gmic,1021,0.08234928527035426,0.7863501483679525,0.1129
gmic,1022,0.08242612752721618,0.7863501483679525,0.113
gmic,1023,0.08247743541861188,0.7863501483679525,0.1131
gmic,1024,0.08250311332503113,0.7863501483679525,0.1132
gmic,1025,0.0825288072251635,0.7863501483679525,0.1133
gmic,1026,0.08258024306637582,0.7863501483679525,0.1134
gmic,1027,0.08260598503740649,0.7863501483679525,0.1135
gmic,1028,0.08263174306205176,0.7863501483679525,0.1137
gmic,1029,0.08265751715533375,0.7863501483679525,0.1139
gmic,1030,0.08268330733229329,0.7863501483679525,0.1142
gmic,1031,0.08273493599750234,0.7863501483679525,0.1143
gmic,1032,0.0828125,0.7863501483679525,0.1145
gmic,1033,0.08294209702660407,0.7863501483679525,0.1146
gmic,1034,0.0829940494832446,0.7863501483679525,0.1147
gmic,1035,0.08302005012531329,0.7863501483679525,0.1148
gmic,1036,0.08307210031347963,0.7863501483679525,0.1149
gmic,1037,0.08315029808597427,0.7863501483679525,0.115
gmic,1038,0.08320251177394035,0.7863501483679525,0.1151
gmic,1039,0.08322864321608041,0.7863501483679525,0.1153
gmic,1040,0.08330713612071676,0.7863501483679525,0.1154
gmic,1041,0.08333333333333333,0.7863501483679525,0.1156
gmic,1042,0.08338577721837634,0.7863501483679525,0.1158
gmic,1043,0.08341202392193893,0.7863501483679525,0.1159
gmic,1044,0.08349086326402017,0.7863501483679525,0.1161
gmic,1045,0.08351717617396785,0.7863501483679525,0.1162
gmic,1046,0.08356985178177231,0.7863501483679525,0.1163
gmic,1047,0.0836489898989899,0.7863501483679525,0.1164
gmic,1048,0.08370183196462413,0.7863501483679525,0.1165
gmic,1049,0.08378122036041732,0.7863501483679525,0.1166
gmic,1050,0.08380771663504111,0.7863501483679525,0.1167
gmic,1051,0.08383422967415374,0.7863501483679525,0.1169
gmic,1052,0.08362369337979095,0.7833827893175074,0.117
gmic,1053,0.08367670364500793,0.7833827893175074,0.1171
gmic,1054,0.08372978116079924,0.7833827893175074,0.1172
gmic,1055,0.0838361384566529,0.7833827893175074,0.1173
gmic,1056,0.0835451080050826,0.7804154302670623,0.1174
gmic,1057,0.08330683624801272,0.7774480712166172,0.1175
gmic,1058,0.08341292581980261,0.7774480712166172,0.1177
gmic,1059,0.08343949044585987,0.7774480712166172,0.1178
gmic,1060,0.08346607199745142,0.7774480712166172,0.118
gmic,1061,0.08349267049075844,0.7774480712166172,0.1181
gmic,1062,0.08325358851674641,0.7744807121661721,0.1182
gmic,1063,0.08328015315890236,0.7744807121661721,0.1183
gmic,1064,0.08333333333333333,0.7744807121661721,0.1184
gmic,1065,0.08338658146964856,0.7744807121661721,0.1185
gmic,1066,0.08346658138791174,0.7744807121661721,0.1187
gmic,1067,0.08352,0.7744807121661721,0.1188
gmic,1068,0.08368066688041038,0.7744807121661721,0.1189
gmic,1069,0.08373435996150144,0.7744807121661721,0.119
gmic,1070,0.0838150289017341,0.7744807121661721,0.1192
gmic,1071,0.08384195309990362,0.7744807121661721,0.1196
gmic,1072,0.08392282958199357,0.7744807121661721,0.1197
gmic,1073,0.08394982309424252,0.7744807121661721,0.1201
gmic,1074,0.08400386224654006,0.7744807121661721,0.1202
gmic,1075,0.08403090792015454,0.7744807121661721,0.1203
gmic,1076,0.08405797101449275,0.7744807121661721,0.1204
gmic,1077,0.08408505154639176,0.7744807121661721,0.1206
gmic,1078,0.08411214953271028,0.7744807121661721,0.1207
gmic,1079,0.08413926499032882,0.7744807121661721,0.1209
gmic,1080,0.08416639793614963,0.7744807121661721,0.121
gmic,1081,0.08422071636011616,0.7744807121661721,0.1212
gmic,1082,0.08427510494026477,0.7744807121661721,0.1214
gmic,1083,0.08438409311348205,0.7744807121661721,0.1215
gmic,1084,0.08441138421733506,0.7744807121661721,0.1216
gmic,1085,0.08446601941747572,0.7744807121661721,0.1217
gmic,1086,0.08452072538860103,0.7744807121661721,0.1219
gmic,1087,0.08457550226830848,0.7744807121661721,0.122
gmic,1088,0.08471275559883155,0.7744807121661721,0.1221
gmic,1089,0.08474025974025974,0.7744807121661721,0.1224
gmic,1090,0.0847953216374269,0.7744807121661721,0.1225
gmic,1091,0.08485045513654096,0.7744807121661721,0.1226
gmic,1092,0.08487804878048781,0.7744807121661721,0.1228
gmic,1093,0.08493328994467947,0.7744807121661721,0.1229
gmic,1094,0.08498860306089222,0.7744807121661721,0.123
gmic,1095,0.08471814923427827,0.771513353115727,0.1234
gmic,1096,0.08477339419628302,0.771513353115727,0.1235
gmic,1097,0.08491182233834095,0.771513353115727,0.1236
gmic,1098,0.08499509643674404,0.771513353115727,0.1237
gmic,1099,0.0851063829787234,0.771513353115727,0.1239
gmic,1100,0.08513425016371971,0.771513353115727,0.1241
gmic,1101,0.08521796132415602,0.771513353115727,0.1242
gmic,1102,0.08524590163934426,0.771513353115727,0.1244
gmic,1103,0.08527386028205969,0.771513353115727,0.1246
gmic,1104,0.08538587848932677,0.771513353115727,0.1247
gmic,1105,0.08541392904073587,0.771513353115727,0.1248
gmic,1106,0.08547008547008547,0.771513353115727,0.1249
gmic,1107,0.08489634748272458,0.7655786350148368,0.125
gmic,1108,0.08492429229756418,0.7655786350148368,0.1251
gmic,1109,0.08498023715415019,0.7655786350148368,0.1252
gmic,1110,0.08500823723228995,0.7655786350148368,0.1253
gmic,1111,0.08503625576796309,0.7655786350148368,0.1255
gmic,1112,0.08506429277942631,0.7655786350148368,0.1256
gmic,1113,0.08512042230287034,0.7655786350148368,0.1257
gmic,1114,0.08514851485148515,0.7655786350148368,0.1258
gmic,1115,0.08517662594915813,0.7655786350148368,0.1261
gmic,1116,0.08523290386521308,0.7655786350148368,0.1262
gmic,1117,0.08528925619834711,0.7655786350148368,0.1263
gmic,1118,0.08501488587495865,0.7626112759643917,0.1265
gmic,1119,0.08504301786896096,0.7626112759643917,0.1266
gmic,1120,0.08507116848725588,0.7626112759643917,0.1267
gmic,1121,0.08509933774834437,0.7626112759643917,0.1269
gmic,1122,0.08518395757374876,0.7626112759643917,0.127
gmic,1123,0.08524046434494195,0.7626112759643917,0.1271
gmic,1124,0.08526874585268746,0.7626112759643917,0.1272
gmic,1125,0.08532536520584329,0.7626112759643917,0.1273
gmic,1126,0.0851063829787234,0.7596439169139466,0.1274
gmic,1127,0.08513468573328899,0.7596439169139466,0.1275
gmic,1128,0.085219707057257,0.7596439169139466,0.1276
gmic,1129,0.08527648234510327,0.7596439169139466,0.1277
gmic,1130,0.08502834278092697,0.7566765578635015,0.1279
gmic,1131,0.08505670446964643,0.7566765578635015,0.128
gmic,1132,0.08508508508508508,0.7566765578635015,0.1281
gmic,1133,0.08511348464619492,0.7566765578635015,0.1283
gmic,1134,0.08514190317195326,0.7566765578635015,0.1286
gmic,1135,0.08517034068136273,0.7566765578635015,0.1287
gmic,1136,0.08519879719345139,0.7566765578635015,0.1288
gmic,1137,0.08525576730190572,0.7566765578635015,0.129
gmic,1138,0.0853413654618474,0.7566765578635015,0.1292
gmic,1139,0.08536993639102779,0.7566765578635015,0.1293
gmic,1140,0.08512064343163539,0.7537091988130564,0.1294
gmic,1141,0.08514917867918204,0.7537091988130564,0.1295
gmic,1142,0.085177733065057,0.7537091988130564,0.1296
gmic,1143,0.08523489932885905,0.7537091988130564,0.1298
gmic,1144,0.08529214237743452,0.7537091988130564,0.13
gmic,1145,0.08532079274437353,0.7537091988130564,0.1302
gmic,1146,0.0853781512605042,0.7537091988130564,0.1303
gmic,1147,0.08543558694920955,0.7537091988130564,0.1304
gmic,1148,0.08546433378196501,0.7537091988130564,0.1306
gmic,1149,0.0855506904681711,0.7537091988130564,0.1307
gmic,1150,0.08566610455311972,0.7537091988130564,0.1309
gmic,1151,0.08575286968264687,0.7537091988130564,0.131
gmic,1152,0.08578183046268152,0.7537091988130564,0.1311
gmic,1153,0.08586883029073698,0.7537091988130564,0.1312
gmic,1154,0.08592692828146144,0.7537091988130564,0.1313
gmic,1155,0.08601422282424653,0.7537091988130564,0.1315
gmic,1156,0.08604336043360433,0.7537091988130564,0.1317
gmic,1157,0.08607251779057946,0.7537091988130564,0.1319
gmic,1158,0.08610169491525424,0.7537091988130564,0.1323
gmic,1159,0.08613089182773821,0.7537091988130564,0.1324
gmic,1160,0.08616010854816825,0.7537091988130564,0.1325
gmic,1161,0.08621860149355058,0.7537091988130564,0.1327
gmic,1162,0.08627717391304347,0.7537091988130564,0.1328
gmic,1163,0.08636518191091465,0.7537091988130564,0.1329
gmic,1164,0.08642395372575706,0.7537091988130564,0.1331
gmic,1165,0.08645336963921035,0.7537091988130564,0.1332
gmic,1166,0.08651226158038147,0.7537091988130564,0.1333
gmic,1167,0.08660075008523696,0.7537091988130564,0.1337
gmic,1168,0.08665984305697715,0.7537091988130564,0.1338
gmic,1169,0.08674863387978142,0.7537091988130564,0.134
gmic,1170,0.0867782712675094,0.7537091988130564,0.1341
gmic,1171,0.08692676249144421,0.7537091988130564,0.1342
gmic,1172,0.08695652173913043,0.7537091988130564,0.1344
gmic,1173,0.08698630136986302,0.7537091988130564,0.1345
gmic,1174,0.08704592186429061,0.7537091988130564,0.1347
gmic,1175,0.08707576276996914,0.7537091988130564,0.1349
gmic,1176,0.08679245283018867,0.7507418397626113,0.135
gmic,1177,0.08682223747426218,0.7507418397626113,0.1351
gmic,1178,0.08691171418756441,0.7507418397626113,0.1352
gmic,1179,0.08697146785837058,0.7507418397626113,0.1353
gmic,1180,0.08700137551581844,0.7507418397626113,0.1358
gmic,1181,0.08706125258086717,0.7507418397626113,0.1359
gmic,1182,0.08712121212121213,0.7507418397626113,0.136
gmic,1183,0.08680675163623837,0.7477744807121661,0.1363
gmic,1184,0.08683666436940041,0.7477744807121661,0.1364
gmic,1185,0.08686659772492245,0.7477744807121661,0.1366
gmic,1186,0.08689655172413793,0.7477744807121661,0.1368
gmic,1187,0.0869265263884098,0.7477744807121661,0.1369
gmic,1188,0.08695652173913043,0.7477744807121661,0.137
gmic,1189,0.08701657458563536,0.7477744807121661,0.1371
gmic,1190,0.08713692946058091,0.7477744807121661,0.1373
gmic,1191,0.08716707021791767,0.7477744807121661,0.1376
gmic,1192,0.08719723183391004,0.7477744807121661,0.138
gmic,1193,0.08722741433021806,0.7477744807121661,0.1382
gmic,1194,0.08725761772853186,0.7477744807121661,0.1384
gmic,1195,0.08728784205057152,0.7477744807121661,0.1385
gmic,1196,0.08731808731808732,0.7477744807121661,0.1393
gmic,1197,0.08737864077669903,0.7477744807121661,0.1395
gmic,1198,0.08746962860118014,0.7477744807121661,0.1396
gmic,1199,0.08753039249739493,0.7477744807121661,0.1397
gmic,1200,0.08756080611535788,0.7477744807121661,0.1398
gmic,1201,0.08759124087591241,0.7477744807121661,0.14
gmic,1202,0.08765217391304347,0.7477744807121661,0.1401
gmic,1203,0.08771319178558998,0.7477744807121661,0.1402
gmic,1204,0.08774373259052924,0.7477744807121661,0.1403
gmic,1205,0.0877742946708464,0.7477744807121661,0.1405
gmic,1206,0.08780487804878048,0.7477744807121661,0.1406
gmic,1207,0.0878354827466016,0.7477744807121661,0.141
gmic,1208,0.08789675619114057,0.7477744807121661,0.1412
gmic,1209,0.08801955990220049,0.7477744807121661,0.1413
gmic,1210,0.0880503144654088,0.7477744807121661,0.1414
gmic,1211,0.08808109052778748,0.7477744807121661,0.1416
gmic,1212,0.08814270724029381,0.7477744807121661,0.1417
gmic,1213,0.08820441022051102,0.7477744807121661,0.1418
gmic,1214,0.08823529411764706,0.7477744807121661,0.1419
gmic,1215,0.08826619964973731,0.7477744807121661,0.1421
gmic,1216,0.08829712683952348,0.7477744807121661,0.1423
gmic,1217,0.08832807570977919,0.7477744807121661,0.1424
gmic,1218,0.08835904628330996,0.7477744807121661,0.1425
gmic,1219,0.08839003858295336,0.7477744807121661,0.1426
gmic,1220,0.08842105263157894,0.7477744807121661,0.1427
gmic,1221,0.08851422550052687,0.7477744807121661,0.1429
gmic,1222,0.08857644991212654,0.7477744807121661,0.1431
gmic,1223,0.08860759493670886,0.7477744807121661,0.1433
gmic,1224,0.08866995073891626,0.7477744807121661,0.1434
gmic,1225,0.08870116156282999,0.7477744807121661,0.1436
gmic,1226,0.08873239436619719,0.7477744807121661,0.1438
gmic,1227,0.08876364917224375,0.7477744807121661,0.1441
gmic,1228,0.08882622488544237,0.7477744807121661,0.1443
gmic,1229,0.08885754583921016,0.7477744807121661,0.1444
gmic,1230,0.08888888888888889,0.7477744807121661,0.1447
gmic,1231,0.08892025405786874,0.7477744807121661,0.1448
gmic,1232,0.0886612504415401,0.744807121661721,0.145
gmic,1233,0.08869257950530035,0.744807121661721,0.1451
gmic,1234,0.08872393071756804,0.744807121661721,0.1453
gmic,1235,0.08875530410183875,0.744807121661721,0.1454
gmic,1236,0.08878669968164131,0.744807121661721,0.1455
gmic,1237,0.0888495575221239,0.744807121661721,0.1456
gmic,1238,0.08888101983002833,0.744807121661721,0.146
gmic,1239,0.08891250442791357,0.744807121661721,0.1461
gmic,1240,0.08894401133947555,0.744807121661721,0.1462
gmic,1241,0.08897554058844381,0.744807121661721,0.1463
gmic,1242,0.08900709219858156,0.744807121661721,0.1466
gmic,1243,0.08903866619368571,0.744807121661721,0.1469
gmic,1244,0.08907026259758694,0.744807121661721,0.147
gmic,1245,0.08910188143414981,0.744807121661721,0.1472
gmic,1246,0.0891651865008881,0.744807121661721,0.1474
gmic,1247,0.08919687277896234,0.744807121661721,0.1475
gmic,1248,0.08922858158549592,0.744807121661721,0.1476
gmic,1249,0.08929206688011383,0.744807121661721,0.1477
gmic,1250,0.0893874643874644,0.744807121661721,0.1481
gmic,1251,0.08945117605131861,0.744807121661721,0.1482
gmic,1252,0.08948306595365418,0.744807121661721,0.1485
gmic,1253,0.08954691402069212,0.744807121661721,0.1486
gmic,1254,0.08957887223411849,0.744807121661721,0.1487
gmic,1255,0.08964285714285715,0.744807121661721,0.1488
gmic,1256,0.08967488388710254,0.744807121661721,0.1489
gmic,1257,0.08977110157367668,0.744807121661721,0.1493
gmic,1258,0.08980322003577818,0.744807121661721,0.1494
gmic,1259,0.0898353614889048,0.744807121661721,0.1495
gmic,1260,0.08986752595775152,0.744807121661721,0.1496
gmic,1261,0.08989971346704871,0.744807121661721,0.1497
gmic,1262,0.08993192404156217,0.744807121661721,0.1498
gmic,1263,0.08996415770609319,0.744807121661721,0.1499
gmic,1264,0.0900286944045911,0.744807121661721,0.15
gmic,1265,0.09006099748833872,0.744807121661721,0.1502
gmic,1266,0.09019044196909809,0.744807121661721,0.1503
gmic,1267,0.09025530384753686,0.744807121661721,0.1504
gmic,1268,0.09028776978417266,0.744807121661721,0.1505
gmic,1269,0.09032025908600216,0.744807121661721,0.1506
gmic,1270,0.09038530788620813,0.744807121661721,0.1507
gmic,1271,0.09048305695746214,0.744807121661721,0.1509
gmic,1272,0.09051568698160836,0.744807121661721,0.1512
gmic,1273,0.09054834054834054,0.744807121661721,0.1514
gmic,1274,0.09058101768314687,0.744807121661721,0.1515
gmic,1275,0.09061371841155234,0.744807121661721,0.1516
gmic,1276,0.09071196241416697,0.744807121661721,0.1518
gmic,1277,0.09074475777295733,0.744807121661721,0.152
gmic,1278,0.09077757685352622,0.744807121661721,0.1523
gmic,1279,0.09081041968162083,0.744807121661721,0.1524
gmic,1280,0.0908432862830257,0.744807121661721,0.1525
gmic,1281,0.09094202898550724,0.744807121661721,0.1526
gmic,1282,0.09097499093874592,0.744807121661721,0.1527
gmic,1283,0.09100797679477883,0.744807121661721,0.1528
gmic,1284,0.09104098657961553,0.744807121661721,0.1529
gmic,1285,0.09074410163339383,0.7418397626112759,0.153
gmic,1286,0.09077705156136529,0.7418397626112759,0.1531
gmic,1287,0.09084302325581395,0.7418397626112759,0.1532
gmic,1288,0.09051254089422028,0.7388724035608308,0.1534
gmic,1289,0.09054545454545454,0.7388724035608308,0.1536
gmic,1290,0.0905783921425973,0.7388724035608308,0.1538
gmic,1291,0.0906113537117904,0.7388724035608308,0.154
gmic,1292,0.09064433927921368,0.7388724035608308,0.1545
gmic,1293,0.09067734887108521,0.7388724035608308,0.1546
gmic,1294,0.0907103825136612,0.7388724035608308,0.1548
gmic,1295,0.09041195771053591,0.7359050445103857,0.155
gmic,1296,0.09047792776358993,0.7359050445103857,0.1553
gmic,1297,0.0905109489051095,0.7359050445103857,0.1554
gmic,1298,0.09054399415845199,0.7359050445103857,0.1555
gmic,1299,0.09057706355003653,0.7359050445103857,0.1557
gmic,1300,0.09064327485380116,0.7359050445103857,0.156
gmic,1301,0.0906764168190128,0.7359050445103857,0.1561
gmic,1302,0.09074277350896451,0.7359050445103857,0.1562
gmic,1303,0.0908092273892347,0.7359050445103857,0.1565
gmic,1304,0.09090909090909091,0.7359050445103857,0.1566
gmic,1305,0.09094242757609095,0.7359050445103857,0.1567
gmic,1306,0.09097578870139399,0.7359050445103857,0.1568
gmic,1307,0.09064220183486238,0.7329376854599406,0.1569
gmic,1308,0.09074210139603232,0.7329376854599406,0.1572
gmic,1309,0.09077545020213157,0.7329376854599406,0.1573
gmic,1310,0.09044117647058823,0.7299703264094956,0.1574
gmic,1311,0.09047443913203383,0.7299703264094956,0.1575
gmic,1312,0.09054103790945896,0.7299703264094956,0.1576
gmic,1313,0.09057437407952872,0.7299703264094956,0.1578
gmic,1314,0.09060773480662983,0.7299703264094956,0.1581
gmic,1315,0.09067453004054553,0.7299703264094956,0.1582
gmic,1316,0.09074142382884544,0.7299703264094956,0.1583
gmic,1317,0.0907749077490775,0.7299703264094956,0.1584
gmic,1318,0.09080841638981174,0.7299703264094956,0.1586
gmic,1319,0.09090909090909091,0.7299703264094956,0.1591
gmic,1320,0.09097633136094675,0.7299703264094956,0.1595
gmic,1321,0.09104367135455219,0.7299703264094956,0.1596
gmic,1322,0.09111111111111111,0.7299703264094956,0.1597
gmic,1323,0.09117865085248332,0.7299703264094956,0.1601
gmic,1324,0.09084167593622544,0.7270029673590505,0.1604
gmic,1325,0.09087537091988131,0.7270029673590505,0.1605
gmic,1326,0.09090909090909091,0.7270029673590505,0.1606
gmic,1327,0.09094283593170008,0.7270029673590505,0.1607
gmic,1328,0.09097660601559598,0.7270029673590505,0.1608
gmic,1329,0.09101040118870728,0.7270029673590505,0.161
gmic,1330,0.09107806691449814,0.7270029673590505,0.1611
gmic,1331,0.09111193752324284,0.7270029673590505,0.1614
gmic,1332,0.09117975437290658,0.7270029673590505,0.1615
gmic,1333,0.09121370067014148,0.7270029673590505,0.1621
gmic,1334,0.0912816691505216,0.7270029673590505,0.1623
gmic,1335,0.09134973900074571,0.7270029673590505,0.1624
gmic,1336,0.0914179104477612,0.7270029673590505,0.1625
gmic,1337,0.09145203434117208,0.7270029673590505,0.1626
gmic,1338,0.09148618371919343,0.7270029673590505,0.1629
gmic,1339,0.09152035861038475,0.7270029673590505,0.1631
gmic,1340,0.09158878504672897,0.7270029673590505,0.1632
gmic,1341,0.0916573138795361,0.7270029673590505,0.1635
gmic,1342,0.09135155372519656,0.7240356083086054,0.1636
gmic,1343,0.09138576779026217,0.7240356083086054,0.1637
gmic,1344,0.09142000749344324,0.7240356083086054,0.1638
gmic,1345,0.09145427286356822,0.7240356083086054,0.1639
gmic,1346,0.09152288072018004,0.7240356083086054,0.1642
gmic,1347,0.09155722326454034,0.7240356083086054,0.1644
gmic,1348,0.0915915915915916,0.7240356083086054,0.1645
gmic,1349,0.09166040570999248,0.7240356083086054,0.1647
gmic,1350,0.09172932330827067,0.7240356083086054,0.1649
gmic,1351,0.09176382098533283,0.7240356083086054,0.165
gmic,1352,0.0918328942416259,0.7240356083086054,0.1652
gmic,1353,0.09186746987951808,0.7240356083086054,0.1653
gmic,1354,0.0919713531850735,0.7240356083086054,0.1655
gmic,1355,0.09207547169811321,0.7240356083086054,0.1656
gmic,1356,0.09214501510574018,0.7240356083086054,0.1657
gmic,1357,0.0921798262183604,0.7240356083086054,0.1659
gmic,1358,0.09221466364323508,0.7240356083086054,0.166
gmic,1359,0.09224952741020793,0.7240356083086054,0.1662
gmic,1360,0.09228441754916793,0.7240356083086054,0.1664
gmic,1361,0.0923193340900492,0.7240356083086054,0.1667
gmic,1362,0.09238924649753881,0.7240356083086054,0.1669
gmic,1363,0.09249431387414708,0.7240356083086054,0.167
gmic,1364,0.0925293894577171,0.7240356083086054,0.1671
gmic,1365,0.09256449165402124,0.7240356083086054,0.1675
gmic,1366,0.0926347760060744,0.7240356083086054,0.1676
gmic,1367,0.09270516717325228,0.7240356083086054,0.1677
gmic,1368,0.0927404028886355,0.7240356083086054,0.1679
gmic,1369,0.09239543726235741,0.7210682492581603,0.168
gmic,1370,0.09243058197033092,0.7210682492581603,0.1681
gmic,1371,0.09208523592085235,0.7181008902077152,0.1683
gmic,1372,0.09212028930338789,0.7181008902077152,0.1684
gmic,1373,0.09215536938309216,0.7181008902077152,0.1688
gmic,1374,0.09222560975609756,0.7181008902077152,0.1689
gmic,1375,0.09233117130866082,0.7181008902077152,0.1693
gmic,1376,0.09243697478991597,0.7181008902077152,0.1694
gmic,1377,0.09247229652273596,0.7181008902077152,0.1695
gmic,1378,0.09250764525993883,0.7181008902077152,0.1696
gmic,1379,0.09254302103250478,0.7181008902077152,0.1699
gmic,1380,0.09261385380788366,0.7181008902077152,0.1703
gmic,1381,0.09264931087289434,0.7181008902077152,0.1704
gmic,1382,0.09272030651340996,0.7181008902077152,0.1706
gmic,1383,0.09275584515139901,0.7181008902077152,0.1707
gmic,1384,0.09286262471220261,0.7181008902077152,0.1709
gmic,1385,0.09289827255278311,0.7181008902077152,0.1713
gmic,1386,0.09293394777265745,0.7181008902077152,0.1714
gmic,1387,0.09296965040338072,0.7181008902077152,0.1719
gmic,1388,0.0930053804765565,0.7181008902077152,0.172
gmic,1389,0.09304113802383698,0.7181008902077152,0.1726
gmic,1390,0.09307692307692307,0.7181008902077152,0.1731
gmic,1391,0.09318444358875626,0.7181008902077152,0.1732
gmic,1392,0.09322033898305085,0.7181008902077152,0.1736
gmic,1393,0.09325626204238921,0.7181008902077152,0.1737
gmic,1394,0.0929425376012341,0.7151335311572701,0.1739
gmic,1395,0.09305019305019305,0.7151335311572701,0.174
gmic,1396,0.09308613364233295,0.7151335311572701,0.1741
gmic,1397,0.09312210200927357,0.7151335311572701,0.1742
gmic,1398,0.0931580981832238,0.7151335311572701,0.1745
gmic,1399,0.09319412219644238,0.7151335311572701,0.1746
gmic,1400,0.0932301740812379,0.7151335311572701,0.1747
gmic,1401,0.09326625386996903,0.7151335311572701,0.1748
gmic,1402,0.09330236159504453,0.7151335311572701,0.1749
gmic,1403,0.09333849728892331,0.7151335311572701,0.1753
gmic,1404,0.09337466098411469,0.7151335311572701,0.1755
gmic,1405,0.0934108527131783,0.7151335311572701,0.1757
gmic,1406,0.0934470725087243,0.7151335311572701,0.1758
gmic,1407,0.0934833204034135,0.7151335311572701,0.1759
gmic,1408,0.09351959642995732,0.7151335311572701,0.176
gmic,1409,0.09359223300970874,0.7151335311572701,0.1763
gmic,1410,0.09366498251068792,0.7151335311572701,0.1766
gmic,1411,0.093701399688958,0.7151335311572701,0.1768
gmic,1412,0.09373784519642163,0.7151335311572701,0.1769
gmic,1413,0.09377431906614786,0.7151335311572701,0.1772
gmic,1414,0.0938108213312573,0.7151335311572701,0.1773
gmic,1415,0.09388391118036618,0.7151335311572701,0.1777
gmic,1416,0.09392049883086516,0.7151335311572701,0.1778
gmic,1417,0.09395711500974659,0.7151335311572701,0.1781
gmic,1418,0.09399375975039001,0.7151335311572701,0.1782
gmic,1419,0.0940671350507416,0.7151335311572701,0.1783
gmic,1420,0.09410386567746974,0.7151335311572701,0.1784
gmic,1421,0.094140625,0.7151335311572701,0.1785
gmic,1422,0.09432485322896282,0.7151335311572701,0.1786
gmic,1423,0.09436178543461238,0.7151335311572701,0.1787
gmic,1424,0.09443573667711598,0.7151335311572701,0.1789
gmic,1425,0.09376225970969007,0.7091988130563798,0.179
gmic,1426,0.09383588535531999,0.7091988130563798,0.1791
gmic,1427,0.09387274155538099,0.7091988130563798,0.1792
gmic,1428,0.09394654088050315,0.7091988130563798,0.1793
gmic,1429,0.09359024773889107,0.7062314540059347,0.1796
gmic,1430,0.09370078740157481,0.7062314540059347,0.1797
gmic,1431,0.09373769200472627,0.7062314540059347,0.1798
gmic,1432,0.09381158849034292,0.7062314540059347,0.1801
gmic,1433,0.09388560157790928,0.7062314540059347,0.1804
gmic,1434,0.09392265193370165,0.7062314540059347,0.1808
gmic,1435,0.09395973154362416,0.7062314540059347,0.1812
gmic,1436,0.09360189573459715,0.7032640949554896,0.1813
gmic,1437,0.09363887791386803,0.7032640949554896,0.1815
gmic,1438,0.0937129300118624,0.7032640949554896,0.1817
gmic,1439,0.09375,0.7032640949554896,0.1819
gmic,1440,0.09339137316976652,0.7002967359050445,0.1821
gmic,1441,0.0934283452098179,0.7002967359050445,0.1823
gmic,1442,0.09346534653465347,0.7002967359050445,0.1824
gmic,1443,0.09350237717908082,0.7002967359050445,0.1828
gmic,1444,0.09318001586042823,0.6973293768545994,0.1829
gmic,1445,0.09321697738992463,0.6973293768545994,0.183
gmic,1446,0.09325396825396826,0.6973293768545994,0.1832
gmic,1447,0.09329098848749504,0.6973293768545994,0.1833
gmic,1448,0.09332803812549642,0.6973293768545994,0.1834
gmic,1449,0.09336511720301947,0.6973293768545994,0.1835
gmic,1450,0.09340222575516693,0.6973293768545994,0.1839
gmic,1451,0.09343936381709742,0.6973293768545994,0.184
gmic,1452,0.09347653142402546,0.6973293768545994,0.1841
gmic,1453,0.09351372861122165,0.6973293768545994,0.1843
gmic,1454,0.09355095541401273,0.6973293768545994,0.1844
gmic,1455,0.09358821186778175,0.6973293768545994,0.1846
gmic,1456,0.09366281387006775,0.6973293768545994,0.1849
gmic,1457,0.09373753490227363,0.6973293768545994,0.185
gmic,1458,0.09377494014365523,0.6973293768545994,0.1853
gmic,1459,0.09384984025559105,0.6973293768545994,0.1855
gmic,1460,0.09392486011191047,0.6973293768545994,0.1856
gmic,1461,0.094,0.6973293768545994,0.1857
gmic,1462,0.0940376150460184,0.6973293768545994,0.1859
gmic,1463,0.09407526020816653,0.6973293768545994,0.186
gmic,1464,0.09415064102564102,0.6973293768545994,0.1862
gmic,1465,0.09418837675350701,0.6973293768545994,0.1865
gmic,1466,0.0942261427425822,0.6973293768545994,0.1866
gmic,1467,0.09430176565008026,0.6973293768545994,0.187
gmic,1468,0.09433962264150944,0.6973293768545994,0.1872
gmic,1469,0.09437751004016064,0.6973293768545994,0.1873
gmic,1470,0.09441542788268381,0.6973293768545994,0.1874
gmic,1471,0.09445337620578778,0.6973293768545994,0.1875
gmic,1472,0.09449135504624046,0.6973293768545994,0.188
gmic,1473,0.09452936444086886,0.6973293768545994,0.1881
gmic,1474,0.09456740442655935,0.6973293768545994,0.1882
gmic,1475,0.09420289855072464,0.6943620178041543,0.1883
gmic,1476,0.09424083769633508,0.6943620178041543,0.1884
gmic,1477,0.094316807738815,0.6943620178041543,0.1886
gmic,1478,0.09435483870967742,0.6943620178041543,0.1887
gmic,1479,0.09439290036304962,0.6943620178041543,0.1891
gmic,1480,0.09443099273607748,0.6943620178041543,0.1894
gmic,1481,0.0944691158659669,0.6943620178041543,0.19
gmic,1482,0.09454545454545454,0.6943620178041543,0.1901
gmic,1483,0.09458367016976556,0.6943620178041543,0.1903
gmic,1484,0.09466019417475728,0.6943620178041543,0.191
gmic,1485,0.09469850263051396,0.6943620178041543,0.1911
gmic,1486,0.09473684210526316,0.6943620178041543,0.1912
gmic,1487,0.09477521263669501,0.6943620178041543,0.1914
gmic,1488,0.09440842787682334,0.6913946587537092,0.1916
gmic,1489,0.0944466963923794,0.6913946587537092,0.1919
gmic,1490,0.09407948094079481,0.6884272997032641,0.1922
gmic,1491,0.09411764705882353,0.6884272997032641,0.1924
gmic,1492,0.09415584415584416,0.6884272997032641,0.1927
gmic,1493,0.09419407226958994,0.6884272997032641,0.193
gmic,1494,0.09423233143785541,0.6884272997032641,0.1931
gmic,1495,0.09427062169849655,0.6884272997032641,0.1932
gmic,1496,0.0943089430894309,0.6884272997032641,0.1935
gmic,1497,0.09434729564863766,0.6884272997032641,0.194
gmic,1498,0.09438567941415785,0.6884272997032641,0.1941
gmic,1499,0.09446254071661238,0.6884272997032641,0.1942
gmic,1500,0.0945010183299389,0.6884272997032641,0.1948
gmic,1501,0.0945395273023635,0.6884272997032641,0.1949
gmic,1502,0.09417040358744394,0.685459940652819,0.195
gmic,1503,0.09420880913539967,0.685459940652819,0.1951
gmic,1504,0.09424724602203183,0.685459940652819,0.1953
gmic,1505,0.09428571428571429,0.685459940652819,0.1954
gmic,1506,0.09436274509803921,0.685459940652819,0.1955
gmic,1507,0.09440130772374336,0.685459940652819,0.1957
gmic,1508,0.09447852760736196,0.685459940652819,0.1958
gmic,1509,0.09410801963993454,0.6824925816023739,0.1961
gmic,1510,0.09418509418509419,0.6824925816023739,0.1964
gmic,1511,0.09422367882015567,0.6824925816023739,0.1966
gmic,1512,0.0942622950819672,0.6824925816023739,0.197
gmic,1513,0.09433962264150944,0.6824925816023739,0.1971
gmic,1514,0.0943783340172343,0.6824925816023739,0.1972
gmic,1515,0.09441707717569786,0.6824925816023739,0.1973
gmic,1516,0.0944558521560575,0.6824925816023739,0.1974
gmic,1517,0.09449465899753492,0.6824925816023739,0.1975
gmic,1518,0.09457236842105263,0.6824925816023739,0.1976
gmic,1519,0.09461127108185932,0.6824925816023739,0.1978
gmic,1520,0.09465020576131687,0.6824925816023739,0.1979
gmic,1521,0.09468917249897077,0.6824925816023739,0.198
gmic,1522,0.09472817133443164,0.6824925816023739,0.1983
gmic,1523,0.09476720230737536,0.6824925816023739,0.1984
gmic,1524,0.09480626545754328,0.6824925816023739,0.1986
gmic,1525,0.09484536082474226,0.6824925816023739,0.1987
gmic,1526,0.09488448844884488,0.6824925816023739,0.1989
gmic,1527,0.09492364836978952,0.6824925816023739,0.1993
gmic,1528,0.09496284062758051,0.6824925816023739,0.1997
gmic,1529,0.09504132231404959,0.6824925816023739,0.1998
gmic,1530,0.09508061182306739,0.6824925816023739,0.1999
gmic,1531,0.09511993382961124,0.6824925816023739,0.2
gmic,1532,0.09515928837401738,0.6824925816023739,0.2002
gmic,1533,0.09519867549668874,0.6824925816023739,0.2003
gmic,1534,0.09523809523809523,0.6824925816023739,0.2005
gmic,1535,0.09527754763877382,0.6824925816023739,0.2006
gmic,1536,0.09531703273932864,0.6824925816023739,0.2007
gmic,1537,0.09539610120282041,0.6824925816023739,0.2008
gmic,1538,0.09547530095475301,0.6824925816023739,0.2012
gmic,1539,0.09551495016611296,0.6824925816023739,0.2013
gmic,1540,0.09513917739925218,0.6795252225519288,0.2014
gmic,1541,0.09476309226932668,0.6765578635014837,0.2015
gmic,1542,0.09480249480249481,0.6765578635014837,0.2016
gmic,1543,0.09484193011647254,0.6765578635014837,0.2017
gmic,1544,0.09488139825218476,0.6765578635014837,0.2019
gmic,1545,0.09496043315285298,0.6765578635014837,0.2021
gmic,1546,0.09458333333333334,0.6735905044510386,0.2026
gmic,1547,0.09462275948311796,0.6735905044510386,0.2028
gmic,1548,0.09470171047142262,0.6735905044510386,0.2029
gmic,1549,0.09478079331941545,0.6735905044510386,0.2032
gmic,1550,0.0948203842940685,0.6735905044510386,0.2034
gmic,1551,0.09486000835770998,0.6735905044510386,0.2036
gmic,1552,0.09493935591802594,0.6735905044510386,0.2037
gmic,1553,0.09497907949790795,0.6735905044510386,0.2039
gmic,1554,0.09505862646566164,0.6735905044510386,0.2046
gmic,1555,0.09509844993715962,0.6735905044510386,0.2047
gmic,1556,0.09513830678960604,0.6735905044510386,0.2048
gmic,1557,0.09517819706498952,0.6735905044510386,0.2049
gmic,1558,0.09521812080536912,0.6735905044510386,0.205
gmic,1559,0.09529806884970612,0.6735905044510386,0.2051
gmic,1560,0.0953781512605042,0.6735905044510386,0.2052
gmic,1561,0.09541824295922656,0.6735905044510386,0.2055
gmic,1562,0.09545836837678721,0.6735905044510386,0.2058
gmic,1563,0.09549852755574254,0.6735905044510386,0.2059
gmic,1564,0.09553872053872053,0.6735905044510386,0.2062
gmic,1565,0.09557894736842105,0.6735905044510386,0.2063
gmic,1566,0.09561920808761584,0.6735905044510386,0.2073
gmic,1567,0.09565950273914876,0.6735905044510386,0.2076
gmic,1568,0.09569983136593592,0.6735905044510386,0.2083
gmic,1569,0.09574019401096584,0.6735905044510386,0.2085
gmic,1570,0.09535864978902954,0.6706231454005934,0.2087
gmic,1571,0.09539890249050233,0.6706231454005934,0.2088
gmic,1572,0.09543918918918919,0.6706231454005934,0.2089
gmic,1573,0.09547950992817913,0.6706231454005934,0.209
gmic,1574,0.09551986475063398,0.6706231454005934,0.2091
gmic,1575,0.09556025369978859,0.6706231454005934,0.2092
gmic,1576,0.09564113415150233,0.6706231454005934,0.2093
gmic,1577,0.09572215163066497,0.6706231454005934,0.2094
gmic,1578,0.09576271186440678,0.6706231454005934,0.2096
gmic,1579,0.09580330648579907,0.6706231454005934,0.2099
gmic,1580,0.0958845990666101,0.6706231454005934,0.21
gmic,1581,0.09596602972399151,0.6706231454005934,0.2102
gmic,1582,0.09562260943476412,0.6676557863501483,0.2103
gmic,1583,0.09566326530612244,0.6676557863501483,0.2105
gmic,1584,0.09570395576350489,0.6676557863501483,0.2108
gmic,1585,0.09582623509369677,0.6676557863501483,0.212
gmic,1586,0.0959079283887468,0.6676557863501483,0.2122
gmic,1587,0.09594882729211088,0.6676557863501483,0.2123
gmic,1588,0.09598976109215017,0.6676557863501483,0.2125
gmic,1589,0.09603072983354674,0.6676557863501483,0.2126
gmic,1590,0.09607173356105893,0.6676557863501483,0.2127
gmic,1591,0.09615384615384616,0.6676557863501483,0.2129
gmic,1592,0.09580838323353294,0.6646884272997032,0.2133
gmic,1593,0.09584937954642704,0.6646884272997032,0.2136
gmic,1594,0.0958904109589041,0.6646884272997032,0.2139
gmic,1595,0.09593147751605996,0.6646884272997032,0.2141
gmic,1596,0.09554413024850043,0.6617210682492581,0.2142
gmic,1597,0.09519725557461406,0.658753709198813,0.2143
gmic,1598,0.09523809523809523,0.658753709198813,0.2144
gmic,1599,0.0953198797767282,0.658753709198813,0.2147
gmic,1600,0.09536082474226804,0.658753709198813,0.2148
gmic,1601,0.09540180489901161,0.658753709198813,0.2149
gmic,1602,0.09501289767841789,0.655786350148368,0.2151
gmic,1603,0.09505376344086021,0.655786350148368,0.2156
gmic,1604,0.0951356005165734,0.655786350148368,0.2157
gmic,1605,0.0952175786299009,0.655786350148368,0.2159
gmic,1606,0.09525862068965517,0.655786350148368,0.2161
gmic,1607,0.09529969814575248,0.655786350148368,0.2164
gmic,1608,0.0953819594302978,0.655786350148368,0.2169
gmic,1609,0.09542314335060449,0.655786350148368,0.217
gmic,1610,0.09546436285097193,0.655786350148368,0.2171
gmic,1611,0.09554690877648075,0.655786350148368,0.2172
gmic,1612,0.09558823529411764,0.655786350148368,0.2173
gmic,1613,0.09562959757680657,0.655786350148368,0.2176
gmic,1614,0.09567099567099567,0.655786350148368,0.2177
gmic,1615,0.09575389948006932,0.655786350148368,0.2181
gmic,1616,0.09579540528825314,0.655786350148368,0.2182
gmic,1617,0.095836947094536,0.655786350148368,0.2186
gmic,1618,0.0959201388888889,0.655786350148368,0.219
gmic,1619,0.09596178897090751,0.655786350148368,0.2194
gmic,1620,0.09600347523892268,0.655786350148368,0.2198
gmic,1621,0.096045197740113,0.655786350148368,0.2199
gmic,1622,0.09608695652173913,0.655786350148368,0.22
gmic,1623,0.09612875163114397,0.655786350148368,0.2204
gmic,1624,0.09617058311575283,0.655786350148368,0.2206
gmic,1625,0.09621245102307358,0.655786350148368,0.2207
gmic,1626,0.0962962962962963,0.655786350148368,0.2208
gmic,1627,0.0963382737576286,0.655786350148368,0.221
gmic,1628,0.09646442601484068,0.655786350148368,0.2215
gmic,1629,0.0965065502183406,0.655786350148368,0.2216
gmic,1630,0.09654871122761031,0.655786350148368,0.2218
gmic,1631,0.09659090909090909,0.655786350148368,0.2219
gmic,1632,0.09667541557305337,0.655786350148368,0.2221
gmic,1633,0.09671772428884026,0.655786350148368,0.2222
gmic,1634,0.09676007005253941,0.655786350148368,0.2224
gmic,1635,0.09680245291283399,0.655786350148368,0.223
gmic,1636,0.09640666082383874,0.6528189910979229,0.2233
gmic,1637,0.09644892590968873,0.6528189910979229,0.2234
gmic,1638,0.09649122807017543,0.6528189910979229,0.2237
gmic,1639,0.09657594381035997,0.6528189910979229,0.2243
gmic,1640,0.0966183574879227,0.6528189910979229,0.2244
gmic,1641,0.09666080843585237,0.6528189910979229,0.2246
gmic,1642,0.0967032967032967,0.6528189910979229,0.2249
gmic,1643,0.09674582233948989,0.6528189910979229,0.225
gmic,1644,0.09678838539375274,0.6528189910979229,0.2252
gmic,1645,0.09683098591549295,0.6528189910979229,0.2253
gmic,1646,0.09687362395420519,0.6528189910979229,0.2254
gmic,1647,0.09691629955947137,0.6528189910979229,0.2255
gmic,1648,0.09700176366843033,0.6528189910979229,0.2268
gmic,1649,0.09704455227172475,0.6528189910979229,0.2271
gmic,1650,0.09713024282560706,0.6528189910979229,0.2272
gmic,1651,0.09717314487632508,0.6528189910979229,0.2273
gmic,1652,0.09721608484312859,0.6528189910979229,0.2275
gmic,1653,0.09725906277630415,0.6528189910979229,0.2276
gmic,1654,0.09730207872622733,0.6528189910979229,0.2281
gmic,1655,0.09738822487826472,0.6528189910979229,0.2282
gmic,1656,0.09743135518157661,0.6528189910979229,0.2284
gmic,1657,0.0974745237040319,0.6528189910979229,0.2286
gmic,1658,0.0975177304964539,0.6528189910979229,0.2288
gmic,1659,0.0975609756097561,0.6528189910979229,0.2289
gmic,1660,0.09760425909494233,0.6528189910979229,0.2291
gmic,1661,0.09764758100310697,0.6528189910979229,0.2293
gmic,1662,0.09769094138543517,0.6528189910979229,0.2294
gmic,1663,0.09773434029320302,0.6528189910979229,0.2299
gmic,1664,0.09782125389061805,0.6528189910979229,0.23
gmic,1665,0.09786476868327403,0.6528189910979229,0.2301
gmic,1666,0.09790832220738763,0.6528189910979229,0.2305
gmic,1667,0.09795191451469279,0.6528189910979229,0.2307
gmic,1668,0.09799554565701558,0.6528189910979229,0.231
gmic,1669,0.09803921568627451,0.6528189910979229,0.2311
gmic,1670,0.09808292465448061,0.6528189910979229,0.2314
gmic,1671,0.09812667261373774,0.6528189910979229,0.2315
gmic,1672,0.09821428571428571,0.6528189910979229,0.2316
gmic,1673,0.09825815096025012,0.6528189910979229,0.2318
gmic,1674,0.09830205540661305,0.6528189910979229,0.2321
gmic,1675,0.09834599910594546,0.6528189910979229,0.2329
gmic,1676,0.09838998211091235,0.6528189910979229,0.233
gmic,1677,0.09798657718120805,0.6498516320474778,0.2332
gmic,1678,0.09803043867502238,0.6498516320474778,0.2333
gmic,1679,0.0980743394536498,0.6498516320474778,0.2335
gmic,1680,0.09816225907664725,0.6498516320474778,0.2336
gmic,1681,0.09820627802690583,0.6498516320474778,0.2337
gmic,1682,0.09825033647375504,0.6498516320474778,0.2338
gmic,1683,0.09829443447037702,0.6498516320474778,0.234
gmic,1684,0.0983385720700494,0.6498516320474778,0.2342
gmic,1685,0.09838274932614555,0.6498516320474778,0.2343
gmic,1686,0.09842696629213483,0.6498516320474778,0.2344
gmic,1687,0.09847122302158273,0.6498516320474778,0.2348
gmic,1688,0.09851551956815115,0.6498516320474778,0.235
gmic,1689,0.09855985598559856,0.6498516320474778,0.2352
gmic,1690,0.09860423232778028,0.6498516320474778,0.2353
gmic,1691,0.09864864864864865,0.6498516320474778,0.2354
gmic,1692,0.09869310500225327,0.6498516320474778,0.236
gmic,1693,0.09882671480144405,0.6498516320474778,0.2361
gmic,1694,0.09887133182844243,0.6498516320474778,0.2362
gmic,1695,0.0989159891598916,0.6498516320474778,0.2364
gmic,1696,0.09896068685042927,0.6498516320474778,0.2367
gmic,1697,0.09900542495479205,0.6498516320474778,0.2369
gmic,1698,0.09905020352781546,0.6498516320474778,0.2371
gmic,1699,0.09913988229968311,0.6498516320474778,0.2376
gmic,1700,0.09918478260869565,0.6498516320474778,0.2379
gmic,1701,0.09922972360670594,0.6498516320474778,0.2383
gmic,1702,0.09927470534904805,0.6498516320474778,0.2386
gmic,1703,0.09931972789115646,0.6498516320474778,0.2396
gmic,1704,0.09936479128856625,0.6498516320474778,0.2399
gmic,1705,0.0994098955969133,0.6498516320474778,0.2403
gmic,1706,0.0994550408719346,0.6498516320474778,0.2405
gmic,1707,0.09950022716946842,0.6498516320474778,0.2413
gmic,1708,0.09959072305593451,0.6498516320474778,0.2414
gmic,1709,0.09922621756941284,0.6468842729970327,0.2417
gmic,1710,0.09927140255009108,0.6468842729970327,0.2423
gmic,1711,0.0988610478359909,0.6439169139465876,0.2425
gmic,1712,0.09895120839033288,0.6439169139465876,0.2427
gmic,1713,0.09904153354632587,0.6439169139465876,0.243
gmic,1714,0.09908675799086758,0.6439169139465876,0.2438
gmic,1715,0.09917733089579525,0.6439169139465876,0.2441
gmic,1716,0.0988558352402746,0.6409495548961425,0.2448
gmic,1717,0.0989010989010989,0.6409495548961425,0.2449
gmic,1718,0.09899175068744272,0.6409495548961425,0.2458
gmic,1719,0.09908256880733946,0.6409495548961425,0.246
gmic,1720,0.09912804038549794,0.6409495548961425,0.2463
gmic,1721,0.09917355371900827,0.6409495548961425,0.2473
gmic,1722,0.09926470588235294,0.6409495548961425,0.2474
gmic,1723,0.0993103448275862,0.6409495548961425,0.2478
gmic,1724,0.09935602575896964,0.6409495548961425,0.2483
gmic,1725,0.09940174873446847,0.6409495548961425,0.2492
gmic,1726,0.09944751381215469,0.6409495548961425,0.2494
gmic,1727,0.09953917050691244,0.6409495548961425,0.2496
gmic,1728,0.0995850622406639,0.6409495548961425,0.2499
gmic,1729,0.09967697277341947,0.6409495548961425,0.2503
gmic,1730,0.0997229916897507,0.6409495548961425,0.2505
gmic,1731,0.09981515711645102,0.6409495548961425,0.2506
gmic,1732,0.09986130374479889,0.6409495548961425,0.2507
gmic,1733,0.09990749306197964,0.6409495548961425,0.2508
gmic,1734,0.0999537251272559,0.6409495548961425,0.2513
gmic,1735,0.1,0.6409495548961425,0.2514
gmic,1736,0.1000463177396943,0.6409495548961425,0.2516
gmic,1737,0.09962928637627433,0.6379821958456974,0.2518
gmic,1738,0.09967547519703292,0.6379821958456974,0.252
gmic,1739,0.09972170686456401,0.6379821958456974,0.2523
gmic,1740,0.09976798143851508,0.6379821958456974,0.2525
gmic,1741,0.09981429897864438,0.6379821958456974,0.2526
gmic,1742,0.09986065954482118,0.6379821958456974,0.2529
gmic,1743,0.09990706319702602,0.6379821958456974,0.2531
gmic,1744,0.099953509995351,0.6379821958456974,0.2532
gmic,1745,0.1,0.6379821958456974,0.2533
gmic,1746,0.10004653327128897,0.6379821958456974,0.2536
gmic,1747,0.10018639328984157,0.6379821958456974,0.254
gmic,1748,0.10027985074626866,0.6379821958456974,0.2544
gmic,1749,0.10032664489034064,0.6379821958456974,0.2548
gmic,1750,0.10037348272642391,0.6379821958456974,0.2549
gmic,1751,0.10042036431574031,0.6379821958456974,0.255
gmic,1752,0.10046728971962617,0.6379821958456974,0.2553
gmic,1753,0.1005142589995325,0.6379821958456974,0.2554
gmic,1754,0.10056127221702525,0.6379821958456974,0.2557
gmic,1755,0.100140383715489,0.6350148367952523,0.256
gmic,1756,0.10018726591760299,0.6350148367952523,0.2561
gmic,1757,0.10023419203747072,0.6350148367952523,0.2563
gmic,1758,0.10028116213683223,0.6350148367952523,0.2566
gmic,1759,0.10032817627754337,0.6350148367952523,0.2567
gmic,1760,0.10037523452157598,0.6350148367952523,0.2572
gmic,1761,0.10046948356807511,0.6350148367952523,0.258
gmic,1762,0.10051667449506811,0.6350148367952523,0.2581
gmic,1763,0.10056390977443609,0.6350148367952523,0.2584
gmic,1764,0.1006585136406397,0.6350148367952523,0.2588
gmic,1765,0.1007532956685499,0.6350148367952523,0.259
gmic,1766,0.10080075365049458,0.6350148367952523,0.2591
gmic,1767,0.10089580386610089,0.6350148367952523,0.2599
gmic,1768,0.1009433962264151,0.6350148367952523,0.2602
gmic,1769,0.10099103350637093,0.6350148367952523,0.2603
gmic,1770,0.10103871576959396,0.6350148367952523,0.2605
gmic,1771,0.10108644307982995,0.6350148367952523,0.2606
gmic,1772,0.10113421550094517,0.6350148367952523,0.2608
gmic,1773,0.10070921985815603,0.6320474777448071,0.2612
gmic,1774,0.10075685903500473,0.6320474777448071,0.2618
gmic,1775,0.10080454330336015,0.6320474777448071,0.262
gmic,1776,0.1004263382283278,0.629080118694362,0.2623
gmic,1777,0.10052157420578474,0.629080118694362,0.2624
gmic,1778,0.10056925996204934,0.629080118694362,0.2626
gmic,1779,0.1006169909824395,0.629080118694362,0.2627
gmic,1780,0.10018993352326686,0.6261127596439169,0.2632
gmic,1781,0.1002375296912114,0.6261127596439169,0.2638
gmic,1782,0.1002851711026616,0.6261127596439169,0.2639
gmic,1783,0.10033285782215882,0.6261127596439169,0.264
gmic,1784,0.10038058991436727,0.6261127596439169,0.2642
gmic,1785,0.10042836744407425,0.6261127596439169,0.2643
gmic,1786,0.10047619047619048,0.6261127596439169,0.2644
gmic,1787,0.10052405907575036,0.6261127596439169,0.2646
gmic,1788,0.1005719733079123,0.6261127596439169,0.2647
gmic,1789,0.1006679389312977,0.6261127596439169,0.2648
gmic,1790,0.10071599045346062,0.6261127596439169,0.265
gmic,1791,0.10076408787010506,0.6261127596439169,0.2652
gmic,1792,0.10033444816053512,0.6231454005934718,0.2653
gmic,1793,0.10038240917782026,0.6231454005934718,0.2655
gmic,1794,0.10043041606886657,0.6231454005934718,0.2657
gmic,1795,0.10047846889952153,0.6231454005934718,0.2664
gmic,1796,0.10052656773575874,0.6231454005934718,0.2665
gmic,1797,0.10057471264367816,0.6231454005934718,0.2668
gmic,1798,0.10062290368950647,0.6231454005934718,0.2672
gmic,1799,0.10076775431861804,0.6231454005934718,0.2674
gmic,1800,0.10081613058089295,0.6231454005934718,0.2678
gmic,1801,0.10086455331412104,0.6231454005934718,0.268
gmic,1802,0.10043248438250842,0.6201780415430267,0.2681
gmic,1803,0.10048076923076923,0.6201780415430267,0.2685
gmic,1804,0.10052910052910052,0.6201780415430267,0.2686
gmic,1805,0.1006259027443428,0.6201780415430267,0.2688
gmic,1806,0.10072289156626506,0.6201780415430267,0.2689
gmic,1807,0.10028929604628736,0.6172106824925816,0.269
gmic,1808,0.10033767486734202,0.6172106824925816,0.2693
gmic,1809,0.10038610038610038,0.6172106824925816,0.2694
gmic,1810,0.10043457267020763,0.6172106824925816,0.2696
gmic,1811,0.10048309178743961,0.6172106824925816,0.27
gmic,1812,0.10058027079303675,0.6172106824925816,0.2703
gmic,1813,0.10062893081761007,0.6172106824925816,0.2706
gmic,1814,0.10067763794772508,0.6172106824925816,0.2707
gmic,1815,0.10072639225181598,0.6172106824925816,0.2711
gmic,1816,0.10077519379844961,0.6172106824925816,0.2712
gmic,1817,0.10033931168201649,0.6142433234421365,0.2715
gmic,1818,0.10038797284190107,0.6142433234421365,0.2716
gmic,1819,0.10043668122270742,0.6142433234421365,0.272
gmic,1820,0.10048543689320388,0.6142433234421365,0.2722
gmic,1821,0.10058309037900874,0.6142433234421365,0.2723
gmic,1822,0.1006319883325231,0.6142433234421365,0.2734
gmic,1823,0.10068093385214008,0.6142433234421365,0.2738
gmic,1824,0.10072992700729927,0.6142433234421365,0.2739
gmic,1825,0.10077896786757547,0.6142433234421365,0.2742
gmic,1826,0.10082805650267901,0.6142433234421365,0.2747
gmic,1827,0.10092637737688932,0.6142433234421365,0.275
gmic,1828,0.10097560975609757,0.6142433234421365,0.2751
gmic,1829,0.10102489019033675,0.6142433234421365,0.2754
gmic,1830,0.10107421875,0.6142433234421365,0.2765
gmic,1831,0.10112359550561797,0.6142433234421365,0.2766
gmic,1832,0.10122249388753056,0.6142433234421365,0.2767
gmic,1833,0.10078277886497064,0.6112759643916914,0.2769
gmic,1834,0.10083210964268233,0.6112759643916914,0.277
gmic,1835,0.10088148873653281,0.6112759643916914,0.2771
gmic,1836,0.10093091621754043,0.6112759643916914,0.2774
gmic,1837,0.10098039215686275,0.6112759643916914,0.2781
gmic,1838,0.10058881256133465,0.6083086053412463,0.2782
gmic,1839,0.10063819342169858,0.6083086053412463,0.2789
gmic,1840,0.1006876227897839,0.6083086053412463,0.2792
gmic,1841,0.10029498525073746,0.6053412462908012,0.2795
gmic,1842,0.0999507631708518,0.6023738872403561,0.2797
gmic,1843,0.1,0.6023738872403561,0.2799
gmic,1844,0.10004928536224741,0.6023738872403561,0.2801
gmic,1845,0.09960552268244575,0.599406528189911,0.2811
gmic,1846,0.09916132215096202,0.5964391691394659,0.2821
gmic,1847,0.09921026653504442,0.5964391691394659,0.2822
gmic,1848,0.09930830039525691,0.5964391691394659,0.2823
gmic,1849,0.09935739001482946,0.5964391691394659,0.2824
gmic,1850,0.09945571499257794,0.5964391691394659,0.2833
gmic,1851,0.09955423476968796,0.5964391691394659,0.2836
gmic,1852,0.099603567888999,0.5964391691394659,0.2838
gmic,1853,0.09965294992563213,0.5964391691394659,0.2839
gmic,1854,0.09970238095238096,0.5964391691394659,0.284
gmic,1855,0.09975186104218363,0.5964391691394659,0.2841
gmic,1856,0.09930486593843098,0.5934718100890207,0.2843
gmic,1857,0.09885742672627919,0.5905044510385756,0.2858
gmic,1858,0.0989065606361829,0.5905044510385756,0.2859
gmic,1859,0.0989557434112382,0.5905044510385756,0.2861
gmic,1860,0.09900497512437811,0.5905044510385756,0.2865
gmic,1861,0.09905425584868094,0.5905044510385756,0.2866
gmic,1862,0.09910358565737051,0.5905044510385756,0.2867
gmic,1863,0.09915296462381665,0.5905044510385756,0.2868
gmic,1864,0.0992023928215354,0.5905044510385756,0.2869
gmic,1865,0.09925187032418953,0.5905044510385756,0.2873
gmic,1866,0.09930139720558882,0.5905044510385756,0.2881
gmic,1867,0.09885172241637544,0.5875370919881305,0.2883
gmic,1868,0.0989010989010989,0.5875370919881305,0.2885
gmic,1869,0.09895052473763119,0.5875370919881305,0.2894
gmic,1870,0.099,0.5875370919881305,0.2905
gmic,1871,0.09904952476238119,0.5875370919881305,0.2909
gmic,1872,0.0990990990990991,0.5875370919881305,0.2918
gmic,1873,0.09914872308462694,0.5875370919881305,0.292
gmic,1874,0.09919839679358718,0.5875370919881305,0.2921
gmic,1875,0.09924812030075188,0.5875370919881305,0.2922
gmic,1876,0.09929789368104312,0.5875370919881305,0.2925
gmic,1877,0.09934771700953336,0.5875370919881305,0.2926
gmic,1878,0.09939759036144578,0.5875370919881305,0.2928
gmic,1879,0.09949748743718594,0.5875370919881305,0.2932
gmic,1880,0.09954751131221719,0.5875370919881305,0.2939
gmic,1881,0.09959758551307847,0.5875370919881305,0.2948
gmic,1882,0.0996477101157524,0.5875370919881305,0.2954
gmic,1883,0.09969788519637462,0.5875370919881305,0.2962
gmic,1884,0.09979838709677419,0.5875370919881305,0.2966
gmic,1885,0.09984871406959153,0.5875370919881305,0.2972
gmic,1886,0.09989909182643794,0.5875370919881305,0.2984
gmic,1887,0.09994952044422009,0.5875370919881305,0.2986
gmic,1888,0.10005053057099546,0.5875370919881305,0.2987
gmic,1889,0.10010111223458039,0.5875370919881305,0.2989
gmic,1890,0.10015174506828528,0.5875370919881305,0.2993
gmic,1891,0.09969635627530364,0.5845697329376854,0.2995
gmic,1892,0.09924050632911392,0.5816023738872403,0.2997
gmic,1893,0.09929078014184398,0.5816023738872403,0.3005
gmic,1894,0.09883426254434871,0.5786350148367952,0.3006
gmic,1895,0.09888438133874239,0.5786350148367952,0.3007
gmic,1896,0.0989345509893455,0.5786350148367952,0.3011
gmic,1897,0.09898477157360407,0.5786350148367952,0.3017
gmic,1898,0.09852717115286948,0.5756676557863502,0.302
gmic,1899,0.09857723577235772,0.5756676557863502,0.3024
gmic,1900,0.09862735129639044,0.5756676557863502,0.3025
gmic,1901,0.09867751780264497,0.5756676557863502,0.3026
gmic,1902,0.09877800407331976,0.5756676557863502,0.3027
gmic,1903,0.0983690112130479,0.5727002967359051,0.3029
gmic,1904,0.098419173890872,0.5727002967359051,0.3034
gmic,1905,0.09846938775510204,0.5727002967359051,0.3035
gmic,1906,0.09851965288412455,0.5727002967359051,0.3042
gmic,1907,0.09856996935648621,0.5727002967359051,0.3045
gmic,1908,0.09862033725089422,0.5727002967359051,0.3046
gmic,1909,0.09867075664621677,0.5727002967359051,0.3065
gmic,1910,0.09872122762148337,0.5727002967359051,0.3072
gmic,1911,0.09882232462877624,0.5727002967359051,0.3082
gmic,1912,0.09887295081967214,0.5727002967359051,0.3085
gmic,1913,0.09892362890825218,0.5727002967359051,0.309
gmic,1914,0.09897435897435898,0.5727002967359051,0.3091
gmic,1915,0.09902514109799897,0.5727002967359051,0.3093
gmic,1916,0.09907597535934291,0.5727002967359051,0.3095
gmic,1917,0.09912686183872625,0.5727002967359051,0.31
gmic,1918,0.09917780061664953,0.5727002967359051,0.3102
gmic,1919,0.09922879177377893,0.5727002967359051,0.3104
gmic,1920,0.09927983539094651,0.5727002967359051,0.3112
gmic,1921,0.09933093154915079,0.5727002967359051,0.3114
gmic,1922,0.09938208032955716,0.5727002967359051,0.3116
gmic,1923,0.0994332818134982,0.5727002967359051,0.3122
gmic,1924,0.09948453608247422,0.5727002967359051,0.3123
gmic,1925,0.09958720330237358,0.5727002967359051,0.3129
gmic,1926,0.0996386164171399,0.5727002967359051,0.3131
gmic,1927,0.09917355371900827,0.56973293768546,0.3133
gmic,1928,0.09922480620155039,0.56973293768546,0.3134
gmic,1929,0.09927611168562564,0.56973293768546,0.314
gmic,1930,0.09932747025349198,0.56973293768546,0.3144
gmic,1931,0.09937888198757763,0.56973293768546,0.3148
gmic,1932,0.09943034697048161,0.56973293768546,0.3153
gmic,1933,0.09948186528497409,0.56973293768546,0.3156
gmic,1934,0.09901503369621566,0.5667655786350149,0.3167
gmic,1935,0.09906639004149377,0.5667655786350149,0.317
gmic,1936,0.09859885832900882,0.5637982195845698,0.3173
gmic,1937,0.09865005192107996,0.5637982195845698,0.3175
gmic,1938,0.0987012987012987,0.5637982195845698,0.318
gmic,1939,0.09875259875259876,0.5637982195845698,0.3184
gmic,1940,0.09880395215808632,0.5637982195845698,0.3185
gmic,1941,0.09885535900104059,0.5637982195845698,0.319
gmic,1942,0.0989068193649141,0.5637982195845698,0.3192
gmic,1943,0.09895833333333333,0.5637982195845698,0.3194
gmic,1944,0.09900990099009901,0.5637982195845698,0.3195
gmic,1945,0.09906152241918666,0.5637982195845698,0.3198
gmic,1946,0.099113197704747,0.5637982195845698,0.3199
gmic,1947,0.09864300626304802,0.5608308605341247,0.3203
gmic,1948,0.09869451697127937,0.5608308605341247,0.3205
gmic,1949,0.0987460815047022,0.5608308605341247,0.3208
gmic,1950,0.09879769994772608,0.5608308605341247,0.3215
gmic,1951,0.0989010989010989,0.5608308605341247,0.3217
gmic,1952,0.09895287958115183,0.5608308605341247,0.322
gmic,1953,0.09900471451021477,0.5608308605341247,0.3222
gmic,1954,0.09905660377358491,0.5608308605341247,0.3226
gmic,1955,0.09910854745673833,0.5608308605341247,0.3227
gmic,1956,0.09921259842519685,0.5608308605341247,0.3229
gmic,1957,0.09926470588235294,0.5608308605341247,0.324
gmic,1958,0.09931686810299527,0.5608308605341247,0.3245
gmic,1959,0.09936908517350158,0.5608308605341247,0.3246
gmic,1960,0.09942135718043135,0.5608308605341247,0.3247
gmic,1961,0.09947368421052631,0.5608308605341247,0.3253
gmic,1962,0.0995260663507109,0.5608308605341247,0.3255
gmic,1963,0.09968354430379747,0.5608308605341247,0.3258
gmic,1964,0.09973614775725594,0.5608308605341247,0.3275
gmic,1965,0.09978880675818373,0.5608308605341247,0.3278
gmic,1966,0.09984152139461172,0.5608308605341247,0.328
gmic,1967,0.09989429175475686,0.5608308605341247,0.3281
gmic,1968,0.09994711792702274,0.5608308605341247,0.3283
gmic,1969,0.1,0.5608308605341247,0.3284
gmic,1970,0.09957627118644068,0.5578635014836796,0.3286
gmic,1971,0.0996290408055114,0.5578635014836796,0.3287
gmic,1972,0.09968186638388123,0.5578635014836796,0.329
gmic,1973,0.09973474801061008,0.5578635014836796,0.3295
gmic,1974,0.09978768577494693,0.5578635014836796,0.3296
gmic,1975,0.09984067976633032,0.5578635014836796,0.3304
gmic,1976,0.09936238044633369,0.5548961424332344,0.3308
gmic,1977,0.09941520467836257,0.5548961424332344,0.3313
gmic,1978,0.09946808510638298,0.5548961424332344,0.3316
gmic,1979,0.0989888238424694,0.5519287833827893,0.3318
gmic,1980,0.09904153354632587,0.5519287833827893,0.3324
gmic,1981,0.09909429941395845,0.5519287833827893,0.3325
gmic,1982,0.09914712153518124,0.5519287833827893,0.3328
gmic,1983,0.09925293489861259,0.5519287833827893,0.3329
gmic,1984,0.0993059263214095,0.5519287833827893,0.3332
gmic,1985,0.09935897435897435,0.5519287833827893,0.3337
gmic,1986,0.09887760555852486,0.5489614243323442,0.3339
gmic,1987,0.09898341359015517,0.5489614243323442,0.3341
gmic,1988,0.09903640256959315,0.5489614243323442,0.3342
gmic,1989,0.09908944831280128,0.5489614243323442,0.3346
gmic,1990,0.09914255091103966,0.5489614243323442,0.3355
gmic,1991,0.09865951742627346,0.5459940652818991,0.3359
gmic,1992,0.09871244635193133,0.5459940652818991,0.3364
gmic,1993,0.09876543209876543,0.5459940652818991,0.3369
gmic,1994,0.09828141783029001,0.543026706231454,0.3371
gmic,1995,0.09833422890918861,0.543026706231454,0.3377
gmic,1996,0.09838709677419355,0.543026706231454,0.3382
gmic,1997,0.0984400215169446,0.543026706231454,0.3385
gmic,1998,0.0984930032292788,0.543026706231454,0.3387
gmic,1999,0.09854604200323101,0.543026706231454,0.3398
gmic,2000,0.09859913793103449,0.543026706231454,0.3406
gmic,2001,0.09865229110512129,0.543026706231454,0.3407
gmic,2002,0.09870550161812297,0.543026706231454,0.3408
gmic,2003,0.09875876956287102,0.543026706231454,0.3415
gmic,2004,0.09891891891891892,0.543026706231454,0.3421
gmic,2005,0.0989724175229854,0.543026706231454,0.3422
gmic,2006,0.09902597402597403,0.543026706231454,0.3423
gmic,2007,0.09907958852192746,0.543026706231454,0.343
gmic,2008,0.09913326110509209,0.543026706231454,0.3432
gmic,2009,0.0991869918699187,0.543026706231454,0.344
gmic,2010,0.0992407809110629,0.543026706231454,0.3442
gmic,2011,0.09929462832338579,0.543026706231454,0.3444
gmic,2012,0.0993485342019544,0.543026706231454,0.3445
gmic,2013,0.09891304347826087,0.5400593471810089,0.3448
gmic,2014,0.0989668297988037,0.5400593471810089,0.3458
gmic,2015,0.09902067464635474,0.5400593471810089,0.346
gmic,2016,0.09907457811649428,0.5400593471810089,0.3464
gmic,2017,0.09912854030501089,0.5400593471810089,0.3469
gmic,2018,0.09863760217983651,0.5370919881305638,0.3475
gmic,2019,0.09869138495092694,0.5370919881305638,0.3481
gmic,2020,0.09874522640480088,0.5370919881305638,0.3484
gmic,2021,0.09879912663755458,0.5370919881305638,0.3487
gmic,2022,0.09885308574549427,0.5370919881305638,0.3489
gmic,2023,0.09890710382513661,0.5370919881305638,0.349
gmic,2024,0.09841443411700383,0.5341246290801187,0.3503
gmic,2025,0.09846827133479212,0.5341246290801187,0.3505
gmic,2026,0.09852216748768473,0.5341246290801187,0.3506
gmic,2027,0.09857612267250822,0.5341246290801187,0.3519
gmic,2028,0.09863013698630137,0.5341246290801187,0.352
gmic,2029,0.09868421052631579,0.5341246290801187,0.3525
gmic,2030,0.09879253567508232,0.5341246290801187,0.3526
gmic,2031,0.09884678747940692,0.5341246290801187,0.3528
gmic,2032,0.0989010989010989,0.5341246290801187,0.3529
gmic,2033,0.09895547003848268,0.5341246290801187,0.3532
gmic,2034,0.09900990099009901,0.5341246290801187,0.3536
gmic,2035,0.09906439185470556,0.5341246290801187,0.3537
gmic,2036,0.09911894273127753,0.5341246290801187,0.3542
gmic,2037,0.09917355371900827,0.5341246290801187,0.3545
gmic,2038,0.09922822491730982,0.5341246290801187,0.355
gmic,2039,0.09928295642581357,0.5341246290801187,0.3553
gmic,2040,0.09878587196467992,0.5311572700296736,0.3554
gmic,2041,0.09828823854224185,0.5281899109792285,0.3556
gmic,2042,0.09834254143646409,0.5281899109792285,0.3557
gmic,2043,0.09839690436705362,0.5281899109792285,0.3559
gmic,2044,0.09845132743362832,0.5281899109792285,0.3567
gmic,2045,0.09850581073602656,0.5281899109792285,0.357
gmic,2046,0.09856035437430787,0.5281899109792285,0.3571
gmic,2047,0.09861495844875347,0.5281899109792285,0.3579
gmic,2048,0.09866962305986696,0.5281899109792285,0.358
gmic,2049,0.09872434830837493,0.5281899109792285,0.3584
gmic,2050,0.09877913429522753,0.5281899109792285,0.3599
gmic,2051,0.0982787340366463,0.5252225519287834,0.3617
gmic,2052,0.09833333333333333,0.5252225519287834,0.3623
gmic,2053,0.09838799332962757,0.5252225519287834,0.3631
gmic,2054,0.09844271412680757,0.5252225519287834,0.3634
gmic,2055,0.09849749582637729,0.5252225519287834,0.3642
gmic,2056,0.09855233853006681,0.5252225519287834,0.3653
gmic,2057,0.09866220735785954,0.5252225519287834,0.3656
gmic,2058,0.09871723368655884,0.5252225519287834,0.3659
gmic,2059,0.09877232142857142,0.5252225519287834,0.367
gmic,2060,0.09882747068676717,0.5252225519287834,0.3672
gmic,2061,0.09888268156424582,0.5252225519287834,0.3682
gmic,2062,0.09893795416433762,0.5252225519287834,0.3684
gmic,2063,0.09899328859060402,0.5252225519287834,0.3688
gmic,2064,0.09904868494683827,0.5252225519287834,0.3691
gmic,2065,0.09910414333706608,0.5252225519287834,0.3692
gmic,2066,0.09915966386554621,0.5252225519287834,0.3694
gmic,2067,0.0992152466367713,0.5252225519287834,0.3696
gmic,2068,0.09927089175546831,0.5252225519287834,0.3699
gmic,2069,0.09932659932659933,0.5252225519287834,0.3703
gmic,2070,0.09938236945536216,0.5252225519287834,0.3708
gmic,2071,0.09943820224719101,0.5252225519287834,0.3716
gmic,2072,0.09949409780775717,0.5252225519287834,0.3718
gmic,2073,0.09955005624296963,0.5252225519287834,0.3719
gmic,2074,0.09904333145751266,0.5222551928783383,0.3729
gmic,2075,0.0990990990990991,0.5222551928783383,0.3744
gmic,2076,0.09859154929577464,0.5192878338278932,0.3752
gmic,2077,0.09864712514092447,0.5192878338278932,0.3755
gmic,2078,0.09870276367738297,0.5192878338278932,0.3756
gmic,2079,0.09881422924901186,0.5192878338278932,0.376
gmic,2080,0.09887005649717515,0.5192878338278932,0.3767
gmic,2081,0.09892594686263426,0.5192878338278932,0.3779
gmic,2082,0.09898190045248868,0.5192878338278932,0.378
gmic,2083,0.09903791737408037,0.5192878338278932,0.3784
gmic,2084,0.09909399773499433,0.5192878338278932,0.3806
gmic,2085,0.09915014164305949,0.5192878338278932,0.3807
gmic,2086,0.0992063492063492,0.5192878338278932,0.3815
gmic,2087,0.09926262053318208,0.5192878338278932,0.3816
gmic,2088,0.09931895573212259,0.5192878338278932,0.3822
gmic,2089,0.09937535491198182,0.5192878338278932,0.3823
gmic,2090,0.09943181818181818,0.5192878338278932,0.3834
gmic,2091,0.09948834565093803,0.5192878338278932,0.3839
gmic,2092,0.09954493742889647,0.5192878338278932,0.3841
gmic,2093,0.09965831435079726,0.5192878338278932,0.3843
gmic,2094,0.09971509971509972,0.5192878338278932,0.3847
gmic,2095,0.09977194982896237,0.5192878338278932,0.3853
gmic,2096,0.09982886480319453,0.5192878338278932,0.3859
gmic,2097,0.09988584474885845,0.5192878338278932,0.3863
gmic,2098,0.09994288977727013,0.5192878338278932,0.3868
gmic,2099,0.09942857142857142,0.516320474777448,0.387
gmic,2100,0.0989136649514008,0.5133531157270029,0.3874
gmic,2101,0.09897025171624714,0.5133531157270029,0.3888
gmic,2102,0.09902690326273612,0.5133531157270029,0.3892
gmic,2103,0.0990836197021764,0.5133531157270029,0.3895
gmic,2104,0.0991404011461318,0.5133531157270029,0.3898
gmic,2105,0.09925415949512335,0.5133531157270029,0.3902
gmic,2106,0.09931113662456946,0.5133531157270029,0.3906
gmic,2107,0.0993681792073521,0.5133531157270029,0.3912
gmic,2108,0.09942528735632183,0.5133531157270029,0.3919
gmic,2109,0.09948246118458884,0.5133531157270029,0.392
gmic,2110,0.09953970080552359,0.5133531157270029,0.3931
gmic,2111,0.09959700633275763,0.5133531157270029,0.3935
gmic,2112,0.09965437788018433,0.5133531157270029,0.3938
gmic,2113,0.09971181556195965,0.5133531157270029,0.3939
gmic,2114,0.09919261822376009,0.5103857566765578,0.394
gmic,2115,0.09924985574148874,0.5103857566765578,0.3946
gmic,2116,0.09936452917388792,0.5103857566765578,0.3949
gmic,2117,0.09942196531791908,0.5103857566765578,0.3955
gmic,2118,0.0989010989010989,0.5074183976261127,0.3964
gmic,2119,0.09895833333333333,0.5074183976261127,0.3973
gmic,2120,0.09843659525188188,0.5044510385756676,0.3976
gmic,2121,0.0984936268829664,0.5044510385756676,0.3978
gmic,2122,0.09855072463768116,0.5044510385756676,0.3987
gmic,2123,0.09860788863109049,0.5044510385756676,0.3989
gmic,2124,0.09866511897852583,0.5044510385756676,0.399
gmic,2125,0.09814169570267131,0.5014836795252225,0.3993
gmic,2126,0.09819872167344568,0.5014836795252225,0.3999
gmic,2127,0.09825581395348837,0.5014836795252225,0.4001
gmic,2128,0.0983129726585224,0.5014836795252225,0.4004
gmic,2129,0.09837019790454016,0.5014836795252225,0.4015
gmic,2130,0.09848484848484848,0.5014836795252225,0.4026
gmic,2131,0.09854227405247813,0.5014836795252225,0.4038
gmic,2132,0.0985997666277713,0.5014836795252225,0.4042
gmic,2133,0.09807355516637478,0.49851632047477745,0.4045
gmic,2134,0.09813084112149532,0.49851632047477745,0.4049
gmic,2135,0.09760374050263004,0.49554896142433236,0.4052
gmic,2136,0.0976608187134503,0.49554896142433236,0.4059
gmic,2137,0.09713282621416033,0.49258160237388726,0.4071
gmic,2138,0.09718969555035128,0.49258160237388726,0.4073
gmic,2139,0.09724663151728179,0.49258160237388726,0.4074
gmic,2140,0.09730363423212192,0.49258160237388726,0.4076
gmic,2141,0.09736070381231672,0.49258160237388726,0.408
gmic,2142,0.09741784037558686,0.49258160237388726,0.4083
gmic,2143,0.09747504403992954,0.49258160237388726,0.4095
gmic,2144,0.09753231492361927,0.49258160237388726,0.4099
gmic,2145,0.09700176366843033,0.4896142433234421,0.4101
gmic,2146,0.09705882352941177,0.4896142433234421,0.4104
gmic,2147,0.09652736904061213,0.486646884272997,0.4105
gmic,2148,0.09658421672555949,0.486646884272997,0.4106
gmic,2149,0.0966411314083677,0.486646884272997,0.4111
gmic,2150,0.09669811320754718,0.486646884272997,0.4117
gmic,2151,0.0967551622418879,0.486646884272997,0.4145
gmic,2152,0.09681227863046045,0.486646884272997,0.4156
gmic,2153,0.09627879503839339,0.4836795252225519,0.4164
gmic,2154,0.09633569739952719,0.4836795252225519,0.4183
gmic,2155,0.09639266706091071,0.4836795252225519,0.4206
gmic,2156,0.09644970414201183,0.4836795252225519,0.4207
gmic,2157,0.09591474245115453,0.4807121661721068,0.4215
gmic,2158,0.0954356846473029,0.47774480712166173,0.4219
gmic,2159,0.09489916963226572,0.47477744807121663,0.422
gmic,2160,0.09495548961424333,0.47477744807121663,0.4231
gmic,2161,0.09501187648456057,0.47477744807121663,0.4232
gmic,2162,0.09506833036244801,0.47477744807121663,0.4238
gmic,2163,0.09512485136741974,0.47477744807121663,0.424
gmic,2164,0.09518143961927424,0.47477744807121663,0.4246
gmic,2165,0.09523809523809523,0.47477744807121663,0.425
gmic,2166,0.09529481834425253,0.47477744807121663,0.4259
gmic,2167,0.09486873508353222,0.47181008902077154,0.4263
gmic,2168,0.09492537313432836,0.47181008902077154,0.4266
gmic,2169,0.09498207885304659,0.47181008902077154,0.4311
gmic,2170,0.09503885236102809,0.47181008902077154,0.4322
gmic,2171,0.0950956937799043,0.47181008902077154,0.4325
gmic,2172,0.09515260323159784,0.47181008902077154,0.433
gmic,2173,0.09461077844311377,0.4688427299703264,0.4338
gmic,2174,0.09466746554823248,0.4688427299703264,0.4342
gmic,2175,0.09472422062350119,0.4688427299703264,0.4345
gmic,2176,0.09483793517406963,0.4688427299703264,0.4346
gmic,2177,0.0948948948948949,0.4688427299703264,0.4368
gmic,2178,0.09495192307692307,0.4688427299703264,0.437
gmic,2179,0.09500901984365605,0.4688427299703264,0.4375
gmic,2180,0.0950661853188929,0.4688427299703264,0.4376
gmic,2181,0.09512341962673089,0.4688427299703264,0.4378
gmic,2182,0.09518072289156626,0.4688427299703264,0.4382
gmic,2183,0.09523809523809523,0.4688427299703264,0.4386
gmic,2184,0.09529553679131483,0.4688427299703264,0.4394
gmic,2185,0.09474954737477369,0.4658753709198813,0.4396
gmic,2186,0.09480676328502416,0.4658753709198813,0.4401
gmic,2187,0.09486404833836858,0.4658753709198813,0.4406
gmic,2188,0.09492140266021766,0.4658753709198813,0.4407
gmic,2189,0.09497882637628555,0.4658753709198813,0.4408
gmic,2190,0.0950363196125908,0.4658753709198813,0.4418
gmic,2191,0.0950938824954573,0.4658753709198813,0.4435
gmic,2192,0.09515151515151515,0.4658753709198813,0.4439
gmic,2193,0.09460278956943602,0.4629080118694362,0.4443
gmic,2194,0.09466019417475728,0.4629080118694362,0.4446
gmic,2195,0.0947176684881603,0.4629080118694362,0.4447
gmic,2196,0.09477521263669501,0.4629080118694362,0.4449
gmic,2197,0.09483282674772037,0.4629080118694362,0.4452
gmic,2198,0.09494826536822885,0.4629080118694362,0.4459
gmic,2199,0.09500609013398295,0.4629080118694362,0.4469
gmic,2200,0.09506398537477148,0.4629080118694362,0.447
gmic,2201,0.0951219512195122,0.4629080118694362,0.4473
gmic,2202,0.09517998779743746,0.4629080118694362,0.4477
gmic,2203,0.09523809523809523,0.4629080118694362,0.4496
gmic,2204,0.0946854001221747,0.4599406528189911,0.45
gmic,2205,0.09474327628361859,0.4599406528189911,0.4502
gmic,2206,0.09480122324159021,0.4599406528189911,0.4505
gmic,2207,0.094859241126071,0.4599406528189911,0.4512
gmic,2208,0.09491733006736068,0.4599406528189911,0.4515
gmic,2209,0.0950337216431637,0.4599406528189911,0.4525
gmic,2210,0.0950920245398773,0.4599406528189911,0.4537
gmic,2211,0.09515039901780234,0.4599406528189911,0.454
gmic,2212,0.0952088452088452,0.4599406528189911,0.4544
gmic,2213,0.09526736324523663,0.4599406528189911,0.4552
gmic,2214,0.0953259532595326,0.4599406528189911,0.456
gmic,2215,0.09538461538461539,0.4599406528189911,0.4561
gmic,2216,0.09544334975369458,0.4599406528189911,0.4579
gmic,2217,0.09550215650030808,0.4599406528189911,0.4595
gmic,2218,0.09556103575832306,0.4599406528189911,0.4598
gmic,2219,0.09561998766193708,0.4599406528189911,0.4601
gmic,2220,0.09567901234567901,0.4599406528189911,0.4602
gmic,2221,0.09573810994441014,0.4599406528189911,0.4609
gmic,2222,0.0957972805933251,0.4599406528189911,0.4623
gmic,2223,0.09591584158415842,0.4599406528189911,0.4625
gmic,2224,0.09597523219814241,0.4599406528189911,0.4634
gmic,2225,0.09603469640644362,0.4599406528189911,0.4639
gmic,2226,0.09609423434593925,0.4599406528189911,0.4649
gmic,2227,0.09553349875930521,0.456973293768546,0.4651
gmic,2228,0.09559279950341402,0.456973293768546,0.4655
gmic,2229,0.09565217391304348,0.456973293768546,0.4684
gmic,2230,0.09509011808576756,0.4540059347181009,0.4699
gmic,2231,0.09514925373134328,0.4540059347181009,0.4703
gmic,2232,0.09520846297448662,0.4540059347181009,0.4705
gmic,2233,0.09526774595267747,0.4540059347181009,0.4707
gmic,2234,0.09470404984423676,0.45103857566765576,0.4715
gmic,2235,0.09476309226932668,0.45103857566765576,0.4717
gmic,2236,0.09482220835932627,0.45103857566765576,0.4756
gmic,2237,0.09488139825218476,0.45103857566765576,0.4763
gmic,2238,0.09494066208619613,0.45103857566765576,0.4779
gmic,2239,0.095,0.45103857566765576,0.4784
gmic,2240,0.09505941213258287,0.45103857566765576,0.4798
gmic,2241,0.0951188986232791,0.45103857566765576,0.4802
gmic,2242,0.09455228553537884,0.44807121661721067,0.4832
gmic,2243,0.09461152882205513,0.44807121661721067,0.4854
gmic,2244,0.09404388714733543,0.44510385756676557,0.486
gmic,2245,0.09410288582183186,0.44510385756676557,0.4881
gmic,2246,0.09416195856873823,0.44510385756676557,0.4895
gmic,2247,0.0935929648241206,0.4421364985163205,0.4906
gmic,2248,0.09365179132620993,0.4421364985163205,0.4909
gmic,2249,0.09371069182389936,0.4421364985163205,0.4912
gmic,2250,0.09376966645689112,0.4421364985163205,0.4913
gmic,2251,0.09382871536523929,0.4421364985163205,0.492
gmic,2252,0.09388783868935098,0.4421364985163205,0.4927
gmic,2253,0.09331651954602774,0.4391691394658754,0.493
gmic,2254,0.09337539432176656,0.4391691394658754,0.4938
gmic,2255,0.09222994314592546,0.4332344213649852,0.4945
gmic,2256,0.09171410499683745,0.43026706231454004,0.4953
gmic,2257,0.09177215189873418,0.43026706231454004,0.4966
gmic,2258,0.09183027232425586,0.43026706231454004,0.4983
gmic,2259,0.09125475285171103,0.42729970326409494,0.4994
gmic,2260,0.09131261889663919,0.42729970326409494,0.5
gmic,2261,0.09137055837563451,0.42729970326409494,0.5013
gmic,2262,0.09079365079365079,0.42433234421364985,0.5041
gmic,2263,0.09085133418043202,0.42433234421364985,0.5043
gmic,2264,0.09090909090909091,0.42433234421364985,0.5047
gmic,2265,0.09033078880407125,0.42136498516320475,0.5048
gmic,2266,0.09038828771483132,0.42136498516320475,0.5067
gmic,2267,0.09044585987261146,0.42136498516320475,0.5068
gmic,2268,0.09056122448979592,0.42136498516320475,0.507
gmic,2269,0.09061901723037652,0.42136498516320475,0.5084
gmic,2270,0.09067688378033206,0.42136498516320475,0.5087
gmic,2271,0.09073482428115016,0.42136498516320475,0.5099
gmic,2272,0.0907928388746803,0.42136498516320475,0.51
gmic,2273,0.09085092770313499,0.42136498516320475,0.5109
gmic,2274,0.09090909090909091,0.42136498516320475,0.5124
gmic,2275,0.09102564102564102,0.42136498516320475,0.5131
gmic,2276,0.09114249037227215,0.42136498516320475,0.5134
gmic,2277,0.09120102761721259,0.42136498516320475,0.5141
gmic,2278,0.09125964010282776,0.42136498516320475,0.5156
gmic,2279,0.09137709137709138,0.42136498516320475,0.5165
gmic,2280,0.09149484536082474,0.42136498516320475,0.5202
gmic,2281,0.0915538362346873,0.42136498516320475,0.5206
gmic,2282,0.09096774193548388,0.41839762611275966,0.5213
gmic,2283,0.09102646868947709,0.41839762611275966,0.5223
gmic,2284,0.09108527131782945,0.41839762611275966,0.5232
gmic,2285,0.09114414996767937,0.41839762611275966,0.5236
gmic,2286,0.09120310478654592,0.41839762611275966,0.5245
gmic,2287,0.0912621359223301,0.41839762611275966,0.5248
gmic,2288,0.09132124352331607,0.41839762611275966,0.5255
gmic,2289,0.09138042773817238,0.41839762611275966,0.5261
gmic,2290,0.0914396887159533,0.41839762611275966,0.5285
gmic,2291,0.09149902660609993,0.41839762611275966,0.5287
gmic,2292,0.09161793372319688,0.41839762611275966,0.5291
gmic,2293,0.09167750325097529,0.41839762611275966,0.5297
gmic,2294,0.09173715029277814,0.41839762611275966,0.5322
gmic,2295,0.091796875,0.41839762611275966,0.5327
gmic,2296,0.09120521172638436,0.41543026706231456,0.5332
gmic,2297,0.09126466753585398,0.41543026706231456,0.5338
gmic,2298,0.091324200913242,0.41543026706231456,0.5367
gmic,2299,0.09138381201044386,0.41543026706231456,0.5404
gmic,2300,0.09144350097975179,0.41543026706231456,0.5407
gmic,2301,0.0915032679738562,0.41543026706231456,0.5433
gmic,2302,0.09156311314584696,0.41543026706231456,0.5447
gmic,2303,0.09102815979043877,0.4124629080118694,0.5477
gmic,2304,0.0910878112712975,0.4124629080118694,0.5479
gmic,2305,0.09114754098360656,0.4124629080118694,0.5512
gmic,2306,0.09120734908136482,0.4124629080118694,0.5548
gmic,2307,0.0912672357189757,0.4124629080118694,0.555
gmic,2308,0.09132720105124836,0.4124629080118694,0.5552
gmic,2309,0.09138724523339908,0.4124629080118694,0.5581
gmic,2310,0.09144736842105264,0.4124629080118694,0.5589
gmic,2311,0.09150757077024359,0.4124629080118694,0.5592
gmic,2312,0.09156785243741765,0.4124629080118694,0.5597
gmic,2313,0.09162821357943308,0.4124629080118694,0.5603
gmic,2314,0.09168865435356201,0.4124629080118694,0.5622
gmic,2315,0.09174917491749175,0.4124629080118694,0.5624
gmic,2316,0.09114927344782034,0.4094955489614243,0.5625
gmic,2317,0.09120951751487112,0.4094955489614243,0.5644
gmic,2318,0.09126984126984126,0.4094955489614243,0.5655
gmic,2319,0.09133024487094639,0.4094955489614243,0.5666
gmic,2320,0.0913907284768212,0.4094955489614243,0.5667
gmic,2321,0.09145129224652088,0.4094955489614243,0.5695
gmic,2322,0.09151193633952255,0.4094955489614243,0.5696
gmic,2323,0.0915726609157266,0.4094955489614243,0.57
gmic,2324,0.09096945551128818,0.4065281899109792,0.5702
gmic,2325,0.09102990033222591,0.4065281899109792,0.5704
gmic,2326,0.09109042553191489,0.4065281899109792,0.5706
gmic,2327,0.09115103127079174,0.4065281899109792,0.5707
gmic,2328,0.09121171770972038,0.4065281899109792,0.5713
gmic,2329,0.09127248500999334,0.4065281899109792,0.573
gmic,2330,0.09066666666666667,0.4035608308605341,0.5732
gmic,2331,0.09072715143428953,0.4035608308605341,0.574
gmic,2332,0.09018036072144289,0.40059347181008903,0.5754
gmic,2333,0.09024064171122995,0.40059347181008903,0.5778
gmic,2334,0.0903010033444816,0.40059347181008903,0.5832
gmic,2335,0.09036144578313253,0.40059347181008903,0.5833
gmic,2336,0.08975217682518419,0.39762611275964393,0.5871
gmic,2337,0.08914209115281502,0.39465875370919884,0.5882
gmic,2338,0.0892018779342723,0.39465875370919884,0.5894
gmic,2339,0.08926174496644296,0.39465875370919884,0.5909
gmic,2340,0.0893216924110141,0.39465875370919884,0.5914
gmic,2341,0.08938172043010753,0.39465875370919884,0.5925
gmic,2342,0.08876933422999328,0.3916913946587537,0.5931
gmic,2343,0.08882907133243607,0.3916913946587537,0.5999
gmic,2344,0.08888888888888889,0.3916913946587537,0.6036
gmic,2345,0.0889487870619946,0.3916913946587537,0.6049
gmic,2346,0.08900876601483479,0.3916913946587537,0.6068
gmic,2347,0.08906882591093117,0.3916913946587537,0.6077
gmic,2348,0.08912896691424713,0.3916913946587537,0.6097
gmic,2349,0.0891891891891892,0.3916913946587537,0.6108
gmic,2350,0.08924949290060852,0.3916913946587537,0.6109
gmic,2351,0.08930987821380243,0.3916913946587537,0.6114
gmic,2352,0.08937034529451592,0.3916913946587537,0.6163
gmic,2353,0.08943089430894309,0.3916913946587537,0.6173
gmic,2354,0.08949152542372882,0.3916913946587537,0.6181
gmic,2355,0.08955223880597014,0.3916913946587537,0.6188
gmic,2356,0.08961303462321792,0.3916913946587537,0.6218
gmic,2357,0.08967391304347826,0.3916913946587537,0.622
gmic,2358,0.08973487423521415,0.3916913946587537,0.6224
gmic,2359,0.0891156462585034,0.3887240356083086,0.6235
gmic,2360,0.08917631041524847,0.3887240356083086,0.6244
gmic,2361,0.08923705722070845,0.3887240356083086,0.6252
gmic,2362,0.08861622358554874,0.3857566765578635,0.6273
gmic,2363,0.08867667121418826,0.3857566765578635,0.6286
gmic,2364,0.08873720136518772,0.3857566765578635,0.6306
gmic,2365,0.08879781420765027,0.3857566765578635,0.6337
gmic,2366,0.08817498291182502,0.3827893175074184,0.6361
gmic,2367,0.08823529411764706,0.3827893175074184,0.6365
gmic,2368,0.08829568788501027,0.3827893175074184,0.6383
gmic,2369,0.08835616438356164,0.3827893175074184,0.639
gmic,2370,0.0884167237834133,0.3827893175074184,0.641
gmic,2371,0.08847736625514403,0.3827893175074184,0.6412
gmic,2372,0.08853809196980096,0.3827893175074184,0.647
gmic,2373,0.08791208791208792,0.3798219584569733,0.65
gmic,2374,0.0879725085910653,0.3798219584569733,0.6502
gmic,2375,0.08803301237964237,0.3798219584569733,0.6522
gmic,2376,0.088093599449415,0.3798219584569733,0.6541
gmic,2377,0.0881542699724518,0.3798219584569733,0.6565
gmic,2378,0.08821502412129566,0.3798219584569733,0.6584
gmic,2379,0.08827586206896551,0.3798219584569733,0.6624
gmic,2380,0.0883367839889579,0.3798219584569733,0.663
gmic,2381,0.08839779005524862,0.3798219584569733,0.6639
gmic,2382,0.0884588804422944,0.3798219584569733,0.6646
gmic,2383,0.08852005532503458,0.3798219584569733,0.6649
gmic,2384,0.08858131487889273,0.3798219584569733,0.6672
gmic,2385,0.0886426592797784,0.3798219584569733,0.6687
gmic,2386,0.088011088011088,0.3768545994065282,0.6689
gmic,2387,0.08807212205270458,0.3768545994065282,0.6694
gmic,2388,0.08743927827897294,0.37388724035608306,0.6722
gmic,2389,0.0875,0.37388724035608306,0.6728
gmic,2390,0.08686587908269632,0.37091988130563797,0.6761
gmic,2391,0.08692628650904033,0.37091988130563797,0.6764
gmic,2392,0.08698677800974251,0.37091988130563797,0.6775
gmic,2393,0.08704735376044569,0.37091988130563797,0.6779
gmic,2394,0.08710801393728224,0.37091988130563797,0.6789
gmic,2395,0.08647140864714087,0.36795252225519287,0.6796
gmic,2396,0.08653175157013258,0.36795252225519287,0.6804
gmic,2397,0.08589385474860335,0.3649851632047478,0.6806
gmic,2398,0.0859538784067086,0.3649851632047478,0.6826
gmic,2399,0.08601398601398601,0.3649851632047478,0.6828
gmic,2400,0.08537438768369489,0.3620178041543027,0.684
gmic,2401,0.08549404344779257,0.3620178041543027,0.6865
gmic,2402,0.08555399719495091,0.3620178041543027,0.6906
gmic,2403,0.08491228070175438,0.3590504451038576,0.6935
gmic,2404,0.08497191011235955,0.3590504451038576,0.6936
gmic,2405,0.08503162333099086,0.3590504451038576,0.7002
gmic,2406,0.0850914205344585,0.3590504451038576,0.7053
gmic,2407,0.08515130190007038,0.3590504451038576,0.7054
gmic,2408,0.08450704225352113,0.3560830860534125,0.7055
gmic,2409,0.08456659619450317,0.3560830860534125,0.7084
gmic,2410,0.0846262341325811,0.3560830860534125,0.7086
gmic,2411,0.08468595624558928,0.3560830860534125,0.7134
gmic,2412,0.0847457627118644,0.3560830860534125,0.7158
gmic,2413,0.08480565371024736,0.3560830860534125,0.7184
gmic,2414,0.08421797593772117,0.35311572700296734,0.7209
gmic,2415,0.08427762039660057,0.35311572700296734,0.7215
gmic,2416,0.08362863217576187,0.35014836795252224,0.7226
gmic,2417,0.08368794326241134,0.35014836795252224,0.7227
gmic,2418,0.08374733853797019,0.35014836795252224,0.7241
gmic,2419,0.08380681818181818,0.35014836795252224,0.7273
gmic,2420,0.08386638237384506,0.35014836795252224,0.7286
gmic,2421,0.08392603129445235,0.35014836795252224,0.7293
gmic,2422,0.08398576512455516,0.35014836795252224,0.7311
gmic,2423,0.08333333333333333,0.34718100890207715,0.7322
gmic,2424,0.08267997148966501,0.34421364985163205,0.7363
gmic,2425,0.08202567760342368,0.34124629080118696,0.7408
gmic,2426,0.08208422555317631,0.34124629080118696,0.7409
gmic,2427,0.08214285714285714,0.34124629080118696,0.7411
gmic,2428,0.08220157255182273,0.34124629080118696,0.7443
gmic,2429,0.0815450643776824,0.33827893175074186,0.7453
gmic,2430,0.0816034359341446,0.33827893175074186,0.7454
gmic,2431,0.08094555873925502,0.3353115727002967,0.7522
gmic,2432,0.08100358422939068,0.3353115727002967,0.7528
gmic,2433,0.08034433285509325,0.3323442136498516,0.7562
gmic,2434,0.07968413496051686,0.3293768545994065,0.7565
gmic,2435,0.07902298850574713,0.3264094955489614,0.7576
gmic,2436,0.07907979870596693,0.3264094955489614,0.7589
gmic,2437,0.07913669064748201,0.3264094955489614,0.7648
gmic,2438,0.07847372210223182,0.32344213649851633,0.7658
gmic,2439,0.07780979827089338,0.32047477744807124,0.7661
gmic,2440,0.07786589762076424,0.32047477744807124,0.7706
gmic,2441,0.07792207792207792,0.32047477744807124,0.7709
gmic,2442,0.0779783393501805,0.32047477744807124,0.7728
gmic,2443,0.07803468208092486,0.32047477744807124,0.7743
gmic,2444,0.07736804049168475,0.31750741839762614,0.7745
gmic,2445,0.07670043415340087,0.314540059347181,0.7766
gmic,2446,0.07603186097031137,0.3115727002967359,0.7767
gmic,2447,0.07608695652173914,0.3115727002967359,0.777
gmic,2448,0.07614213197969544,0.3115727002967359,0.7773
gmic,2449,0.07619738751814223,0.3115727002967359,0.7781
gmic,2450,0.07552650689905592,0.3086053412462908,0.7797
gmic,2451,0.0755813953488372,0.3086053412462908,0.78
gmic,2452,0.07563636363636364,0.3086053412462908,0.7802
gmic,2453,0.07569141193595343,0.3086053412462908,0.7813
gmic,2454,0.07574654042243263,0.3086053412462908,0.7816
gmic,2455,0.07580174927113703,0.3086053412462908,0.7855
gmic,2456,0.07512764405543398,0.3056379821958457,0.7884
gmic,2457,0.07518248175182482,0.3056379821958457,0.7905
gmic,2458,0.07523739956172389,0.3056379821958457,0.7939
gmic,2459,0.07456140350877193,0.3026706231454006,0.7951
gmic,2460,0.07388441843452817,0.2997032640949555,0.7958
gmic,2461,0.07320644216691069,0.29673590504451036,0.7966
gmic,2462,0.07252747252747253,0.29376854599406527,0.7977
gmic,2463,0.0718475073313783,0.29080118694362017,0.8014
gmic,2464,0.07121879588839941,0.2878338278931751,0.8015
gmic,2465,0.07127112417340191,0.2878338278931751,0.8048
gmic,2466,0.07058823529411765,0.28486646884273,0.8062
gmic,2467,0.0706401766004415,0.28486646884273,0.809
gmic,2468,0.07069219440353461,0.28486646884273,0.812
gmic,2469,0.0707442888725129,0.28486646884273,0.8137
gmic,2470,0.0700589970501475,0.2818991097922849,0.8149
gmic,2471,0.06937269372693727,0.2789317507418398,0.8151
gmic,2472,0.06942392909896603,0.2789317507418398,0.8201
gmic,2473,0.06947524020694752,0.2789317507418398,0.8239
gmic,2474,0.06878698224852071,0.27596439169139464,0.8242
gmic,2475,0.06809770540340489,0.27299703264094954,0.8259
gmic,2476,0.06814814814814815,0.27299703264094954,0.8299
gmic,2477,0.06745737583395107,0.27002967359050445,0.8357
gmic,2478,0.06750741839762611,0.27002967359050445,0.8363
gmic,2479,0.06755753526354863,0.27002967359050445,0.8398
gmic,2480,0.06686478454680535,0.26706231454005935,0.8399
gmic,2481,0.06617100371747212,0.26409495548961426,0.8414
gmic,2482,0.06547619047619048,0.26112759643916916,0.8433
gmic,2483,0.06552494415487714,0.26112759643916916,0.8456
gmic,2484,0.06482861400894188,0.258160237388724,0.847
gmic,2485,0.06413124533929904,0.2551928783382789,0.8501
gmic,2486,0.06343283582089553,0.2522255192878338,0.8507
gmic,2487,0.06273338312173264,0.24925816023738873,0.8526
gmic,2488,0.06203288490284006,0.24629080118694363,0.8536
gmic,2489,0.061331338818249814,0.2433234421364985,0.8553
gmic,2490,0.06062874251497006,0.2403560830860534,0.857
gmic,2491,0.0599250936329588,0.23738872403560832,0.8613
gmic,2492,0.05997001499250375,0.23738872403560832,0.8664
gmic,2493,0.06001500375093773,0.23738872403560832,0.868
gmic,2494,0.06006006006006006,0.23738872403560832,0.8707
gmic,2495,0.06010518407212622,0.23738872403560832,0.8737
gmic,2496,0.06015037593984962,0.23738872403560832,0.8741
gmic,2497,0.06019563581640331,0.23738872403560832,0.8769
gmic,2498,0.060240963855421686,0.23738872403560832,0.884
gmic,2499,0.06028636021100226,0.23738872403560832,0.8852
gmic,2500,0.05957767722473605,0.2344213649851632,0.8877
gmic,2501,0.05886792452830188,0.2314540059347181,0.8943
gmic,2502,0.05891238670694864,0.2314540059347181,0.8954
gmic,2503,0.0582010582010582,0.228486646884273,0.8961
gmic,2504,0.058245083207261725,0.228486646884273,0.9013
gmic,2505,0.056818181818181816,0.22255192878338279,0.9061
gmic,2506,0.05686125852918878,0.22255192878338279,0.91
gmic,2507,0.05690440060698027,0.22255192878338279,0.9122
gmic,2508,0.05618830675778284,0.2195845697329377,0.917
gmic,2509,0.05623100303951368,0.2195845697329377,0.9185
gmic,2510,0.05627376425855513,0.2195845697329377,0.919
gmic,2511,0.0563165905631659,0.2195845697329377,0.9214
gmic,2512,0.055597867479055596,0.2166172106824926,0.9217
gmic,2513,0.054878048780487805,0.21364985163204747,0.9233
gmic,2514,0.05415713196033562,0.21068249258160238,0.9246
gmic,2515,0.05419847328244275,0.21068249258160238,0.9314
gmic,2516,0.054239877769289534,0.21068249258160238,0.9316
gmic,2517,0.053516819571865444,0.20771513353115728,0.9323
gmic,2518,0.05279265493496557,0.20474777448071216,0.9343
gmic,2519,0.05206738131699847,0.20178041543026706,0.9368
gmic,2520,0.05134099616858238,0.19881305637982197,0.9388
gmic,2521,0.05061349693251534,0.19584569732937684,0.9421
gmic,2522,0.0498848810437452,0.19287833827893175,0.9424
gmic,2523,0.04915514592933948,0.18991097922848665,0.9506
gmic,2524,0.04842428900845504,0.18694362017804153,0.9548
gmic,2525,0.04846153846153846,0.18694362017804153,0.9558
gmic,2526,0.04772902232486528,0.18397626112759644,0.9607
gmic,2527,0.04699537750385208,0.18100890207715134,0.9632
gmic,2528,0.04626060138781804,0.17804154302670624,0.9637
gmic,2529,0.04552469135802469,0.17507418397626112,0.9662
gmic,2530,0.04555984555984556,0.17507418397626112,0.9668
gmic,2531,0.04482225656877898,0.17210682492581603,0.9706
gmic,2532,0.0448569218870843,0.17210682492581603,0.9718
gmic,2533,0.04411764705882353,0.16913946587537093,0.972
gmic,2534,0.043377226955848176,0.1661721068249258,0.9765
gmic,2535,0.04263565891472868,0.1632047477744807,0.9789
gmic,2536,0.04189294026377036,0.16023738872403562,0.9812
gmic,2537,0.04114906832298137,0.1572700296735905,0.9839
gmic,2538,0.04040404040404041,0.1543026706231454,0.9848
gmic,2539,0.03965785381026438,0.1513353115727003,0.9913
gmic,2540,0.038910505836575876,0.14836795252225518,0.9924
gmic,2541,0.0381619937694704,0.14540059347181009,0.9942
gmic,2542,0.037412314886983634,0.142433234421365,0.9944
gmic,2543,0.0374414976599064,0.142433234421365,0.9985
gmic,2544,0.03669008587041374,0.1394658753709199,1.0
gmic,2545,1.0,0.0,
nyu,0,0.04044161766470659,1.0,0.0
nyu,1,0.041379310344827586,0.9258160237388724,0.0026
nyu,2,0.04125215545828359,0.9228486646884273,0.0029
nyu,3,0.04125762801804192,0.9228486646884273,0.0033
nyu,4,0.041263102029985406,0.9228486646884273,0.0037
nyu,5,0.04126857749469214,0.9228486646884273,0.0039
nyu,6,0.04127405441274055,0.9228486646884273,0.004
nyu,7,0.04127953278470932,0.9228486646884273,0.0042
nyu,8,0.04129049389272438,0.9228486646884273,0.0043
nyu,9,0.04129597662992963,0.9228486646884273,0.0044
nyu,10,0.04130146082337317,0.9228486646884273,0.0045
nyu,11,0.041306946473635274,0.9228486646884273,0.0046
nyu,12,0.04131243358129649,0.9228486646884273,0.0047
nyu,13,0.04131792214693769,0.9228486646884273,0.0048
nyu,14,0.04120696530639373,0.9198813056379822,0.0049
nyu,15,0.04121792314851749,0.9198813056379822,0.005
nyu,16,0.041228886820055856,0.9198813056379822,0.0052
nyu,17,0.041234370843309394,0.9198813056379822,0.0053
nyu,18,0.041245343267695585,0.9198813056379822,0.0054
nyu,19,0.04125083166999335,0.9198813056379822,0.0056
nyu,20,0.0412618128577133,0.9198813056379822,0.0057
nyu,21,0.041289291422482687,0.9198813056379822,0.0058
nyu,22,0.041294791527907285,0.9198813056379822,0.0059
nyu,23,0.04130029309885425,0.9198813056379822,0.006
nyu,24,0.04131130063965885,0.9198813056379822,0.0061
nyu,25,0.04131680661068906,0.9198813056379822,0.0062
nyu,26,0.04132231404958678,0.9198813056379822,0.0064
nyu,27,0.041194507399013466,0.9169139465875371,0.0065
nyu,28,0.0412,0.9169139465875371,0.0068
nyu,29,0.04107214295239365,0.913946587537092,0.0069
nyu,30,0.041077620698853026,0.913946587537092,0.007
nyu,31,0.041094062708472316,0.913946587537092,0.0072
nyu,32,0.041099546303709635,0.913946587537092,0.0077
nyu,33,0.0411050313626051,0.913946587537092,0.0082
nyu,34,0.041110517885744796,0.913946587537092,0.0083
nyu,35,0.041116005873715125,0.913946587537092,0.0088
nyu,36,0.04112698624649486,0.913946587537092,0.01
nyu,37,0.04113247863247863,0.913946587537092,0.0101
nyu,38,0.04114346780657227,0.913946587537092,0.0103
nyu,39,0.04114896459585839,0.913946587537092,0.0108
nyu,40,0.04102632633970333,0.9109792284866469,0.0115
nyu,41,0.04103180967655707,0.9109792284866469,0.0117
nyu,42,0.04103729447934768,0.9109792284866469,0.0118
nyu,43,0.041042780748663105,0.9109792284866469,0.0119
nyu,44,0.04104826848509159,0.9109792284866469,0.0122
nyu,45,0.04105924836164237,0.9109792284866469,0.0123
nyu,46,0.04106474050294275,0.9109792284866469,0.0124
nyu,47,0.04107023411371238,0.9109792284866469,0.0127
nyu,48,0.041075729194541076,0.9109792284866469,0.013
nyu,49,0.04109772423025435,0.9109792284866469,0.0131
nyu,50,0.04110322667023698,0.9109792284866469,0.0133
nyu,51,0.04110873058382432,0.9109792284866469,0.0135
nyu,52,0.04111423597160841,0.9109792284866469,0.0136
nyu,53,0.04111974283418162,0.9109792284866469,0.0137
nyu,54,0.0409967845659164,0.9080118694362018,0.0138
nyu,55,0.04100777271508979,0.9080118694362018,0.0139
nyu,56,0.04101326899879373,0.9080118694362018,0.014
nyu,57,0.04102976669348351,0.9080118694362018,0.0141
nyu,58,0.04104077253218884,0.9080118694362018,0.0142
nyu,59,0.040923118207433246,0.9050445103857567,0.0143
nyu,60,0.04092860976918948,0.9050445103857567,0.0144
nyu,61,0.040950590762620837,0.9050445103857567,0.0146
nyu,62,0.040956089700550556,0.9050445103857567,0.0147
nyu,63,0.040961590115498256,0.9050445103857567,0.0148
nyu,64,0.04097259537882859,0.9050445103857567,0.0149
nyu,65,0.04098911436634861,0.9050445103857567,0.015
nyu,66,0.04100013442667025,0.9050445103857567,0.0151
nyu,67,0.041005646679214844,0.9050445103857567,0.0152
nyu,68,0.0410221923335575,0.9050445103857567,0.0153
nyu,69,0.04104427398735029,0.9050445103857567,0.0154
nyu,70,0.041066379426417124,0.9050445103857567,0.0155
nyu,71,0.04108850868920921,0.9050445103857567,0.0156
nyu,72,0.04110512129380054,0.9050445103857567,0.0157
nyu,73,0.04111066181426068,0.9050445103857567,0.0158
nyu,74,0.04111620382852521,0.9050445103857567,0.0159
nyu,75,0.04113838683571621,0.9050445103857567,0.0161
nyu,76,0.04114948731786292,0.9050445103857567,0.0162
nyu,77,0.041177264749561224,0.9050445103857567,0.0163
nyu,78,0.04119394921663965,0.9050445103857567,0.0164
nyu,79,0.04119951371065784,0.9050445103857567,0.0165
nyu,80,0.04120507970818698,0.9050445103857567,0.0166
nyu,81,0.04122178672793621,0.9050445103857567,0.0167
nyu,82,0.04124966188801731,0.9050445103857567,0.0168
nyu,83,0.04127757477331168,0.9050445103857567,0.0169
nyu,84,0.04132231404958678,0.9050445103857567,0.017
nyu,85,0.041333514026290825,0.9050445103857567,0.0171
nyu,86,0.041389605102456234,0.9050445103857567,0.0172
nyu,87,0.041423332880619314,0.9050445103857567,0.0173
nyu,88,0.04145148138081,0.9050445103857567,0.0174
nyu,89,0.04150224520342904,0.9050445103857567,0.0175
nyu,90,0.04150789330430049,0.9050445103857567,0.0176
nyu,91,0.04141689373297003,0.9020771513353115,0.0177
nyu,92,0.041428182065958025,0.9020771513353115,0.0178
nyu,93,0.041456429837719896,0.9020771513353115,0.0179
nyu,94,0.04137083560895685,0.8991097922848664,0.018
nyu,95,0.04141041410414104,0.8991097922848664,0.0181
nyu,96,0.041444398851046366,0.8991097922848664,0.0182
nyu,97,0.041484118291347204,0.8991097922848664,0.0183
nyu,98,0.04150684931506849,0.8991097922848664,0.0184
nyu,99,0.04155238617663193,0.8991097922848664,0.0185
nyu,100,0.04159231297185999,0.8991097922848664,0.0186
nyu,101,0.04162659706003572,0.8991097922848664,0.0187
nyu,102,0.04167812929848693,0.8991097922848664,0.0188
nyu,103,0.04170681348933242,0.8991097922848664,0.0189
nyu,104,0.04173553719008265,0.8991097922848664,0.019
nyu,105,0.041758544652701214,0.8991097922848664,0.0191
nyu,106,0.041810404305229754,0.8991097922848664,0.0192
nyu,107,0.04184504902637757,0.8991097922848664,0.0193
nyu,108,0.04188554050317943,0.8991097922848664,0.0194
nyu,109,0.04197257237844577,0.8991097922848664,0.0195
nyu,110,0.041863044080953704,0.8961424332344213,0.0196
nyu,111,0.04189789123196448,0.8961424332344213,0.0197
nyu,112,0.041932796445431825,0.8961424332344213,0.0198
nyu,113,0.04187534780189204,0.8931750741839762,0.0199
nyu,114,0.041898663697104675,0.8931750741839762,0.02
nyu,115,0.04193952905113557,0.8931750741839762,0.0201
nyu,116,0.041846840563537456,0.8902077151335311,0.0202
nyu,117,0.041922861934041364,0.8902077151335311,0.0203
nyu,118,0.041993281075028,0.8902077151335311,0.0204
nyu,119,0.04206393718452047,0.8902077151335311,0.0205
nyu,120,0.04212891447830361,0.8902077151335311,0.0206
nyu,121,0.04204161979752531,0.887240356083086,0.0207
nyu,122,0.042118608254683755,0.887240356083086,0.0208
nyu,123,0.04215423657126745,0.887240356083086,0.0209
nyu,124,0.04220183486238532,0.887240356083086,0.021
nyu,125,0.04229137199434229,0.887240356083086,0.0211
nyu,126,0.04235127478753541,0.887240356083086,0.0212
nyu,127,0.042435424354243544,0.887240356083086,0.0213
nyu,128,0.04250177683013504,0.887240356083086,0.0214
nyu,129,0.042538056622563665,0.887240356083086,0.0215
nyu,130,0.04259866077788859,0.887240356083086,0.0216
nyu,131,0.04264118653736452,0.887240356083086,0.0217
nyu,132,0.04270818454506499,0.887240356083086,0.0218
nyu,133,0.04266284896206156,0.884272997032641,0.0219
nyu,134,0.04272401433691756,0.884272997032641,0.022
nyu,135,0.04279764469337929,0.884272997032641,0.0221
nyu,136,0.04287152927636311,0.884272997032641,0.0222
nyu,137,0.042789223454833596,0.8813056379821959,0.0223
nyu,138,0.04283241995961927,0.8813056379821959,0.0224
nyu,139,0.04291287386215865,0.8813056379821959,0.0225
nyu,140,0.04301853997682503,0.8813056379821959,0.0226
nyu,141,0.043087189902799944,0.8813056379821959,0.0227
nyu,142,0.04304202413843246,0.8783382789317508,0.0228
nyu,143,0.04298411773276992,0.8753709198813057,0.0229
nyu,144,0.043065693430656936,0.8753709198813057,0.023
nyu,145,0.043179156908665105,0.8753709198813057,0.0231
nyu,146,0.0432487904999267,0.8753709198813057,0.0232
nyu,147,0.043228936921041024,0.8724035608308606,0.0233
nyu,148,0.043279846901221844,0.8724035608308606,0.0234
nyu,149,0.043420469649977846,0.8724035608308606,0.0235
nyu,150,0.043471832027206864,0.8724035608308606,0.0236
nyu,151,0.04352976014213799,0.8724035608308606,0.0237
nyu,152,0.04359430604982206,0.8724035608308606,0.0238
nyu,153,0.043704474505723206,0.8724035608308606,0.0239
nyu,154,0.043782576321667904,0.8724035608308606,0.024
nyu,155,0.043867502238137866,0.8724035608308606,0.0241
nyu,156,0.04390681003584229,0.8724035608308606,0.0242
nyu,157,0.04399880275366657,0.8724035608308606,0.0243
nyu,158,0.044058144762475646,0.8724035608308606,0.0244
nyu,159,0.04420387911592242,0.8724035608308606,0.0245
nyu,160,0.04433720404162268,0.8724035608308606,0.0246
nyu,161,0.044424297370806894,0.8724035608308606,0.0247
nyu,162,0.04450499545867393,0.8724035608308606,0.0248
nyu,163,0.044633368756641874,0.8724035608308606,0.0249
nyu,164,0.04473524041387705,0.8724035608308606,0.025
nyu,165,0.044823906083244394,0.8724035608308606,0.0251
nyu,166,0.04488549618320611,0.8724035608308606,0.0252
nyu,167,0.044981640146878825,0.8724035608308606,0.0253
nyu,168,0.04507128621799785,0.8724035608308606,0.0254
nyu,169,0.04500768049155146,0.8694362017804155,0.0255
nyu,170,0.04509773741726951,0.8694362017804155,0.0256
nyu,171,0.04499229583975347,0.8664688427299704,0.0257
nyu,172,0.044942084942084945,0.8635014836795252,0.0258
nyu,173,0.04501160092807425,0.8635014836795252,0.0259
nyu,174,0.045116279069767444,0.8635014836795252,0.026
nyu,175,0.04521441889372281,0.8635014836795252,0.0261
nyu,176,0.04532710280373832,0.8635014836795252,0.0262
nyu,177,0.04539073467477773,0.8635014836795252,0.0263
nyu,178,0.04534083802376485,0.8605341246290801,0.0264
nyu,179,0.04541895066562255,0.8605341246290801,0.0265
nyu,180,0.04551161330822348,0.8605341246290801,0.0266
nyu,181,0.045619002674217396,0.8605341246290801,0.0267
nyu,182,0.045705279747832936,0.8605341246290801,0.0268
nyu,183,0.04584255453683212,0.8605341246290801,0.0269
nyu,184,0.04594423320659062,0.8605341246290801,0.027
nyu,185,0.046031746031746035,0.8605341246290801,0.0271
nyu,186,0.04614894971355824,0.8605341246290801,0.0272
nyu,187,0.046266751754945754,0.8605341246290801,0.0273
nyu,188,0.0463703229932843,0.8605341246290801,0.0274
nyu,189,0.046474358974358976,0.8605341246290801,0.0275
nyu,190,0.04640333975594091,0.857566765578635,0.0276
nyu,191,0.04647049364849654,0.857566765578635,0.0277
nyu,192,0.046230670103092786,0.8516320474777448,0.0278
nyu,193,0.046173716499838556,0.8486646884272997,0.0279
nyu,194,0.04630079326533916,0.8486646884272997,0.028
nyu,195,0.046096412919980526,0.8427299703264095,0.0281
nyu,196,0.046171354251341244,0.8427299703264095,0.0282
nyu,197,0.04606869607683542,0.8397626112759644,0.0283
nyu,198,0.04600326264274062,0.8367952522255193,0.0284
nyu,199,0.04607843137254902,0.8367952522255193,0.0285
nyu,200,0.04616140121132755,0.8367952522255193,0.0286
nyu,201,0.04607312674208887,0.8338278931750742,0.0287
nyu,202,0.04618671926364234,0.8338278931750742,0.0288
nyu,203,0.04627799736495389,0.8338278931750742,0.0289
nyu,204,0.04642326119279696,0.8338278931750742,0.029
nyu,205,0.046349942062572425,0.8308605341246291,0.0291
nyu,206,0.04643449419568822,0.8308605341246291,0.0292
nyu,207,0.04652708541043536,0.8308605341246291,0.0293
nyu,208,0.04642262895174709,0.827893175074184,0.0294
nyu,209,0.046356511589127895,0.8249258160237388,0.0295
nyu,210,0.04633656741385079,0.8219584569732937,0.0296
nyu,211,0.04638312123241795,0.8219584569732937,0.0297
nyu,212,0.04646091915464609,0.8219584569732937,0.0298
nyu,213,0.046562447470163054,0.8219584569732937,0.0299
nyu,214,0.04665656055246758,0.8219584569732937,0.03
nyu,215,0.04675105485232067,0.8219584569732937,0.0301
nyu,216,0.046830092983939135,0.8219584569732937,0.0302
nyu,217,0.04693324296848526,0.8219584569732937,0.0303
nyu,218,0.046988973706530955,0.8219584569732937,0.0304
nyu,219,0.04707681849082257,0.8219584569732937,0.0305
nyu,220,0.04714893617021276,0.8219584569732937,0.0306
nyu,221,0.04722127514490283,0.8219584569732937,0.0307
nyu,222,0.04726962457337884,0.8219584569732937,0.0308
nyu,223,0.047415268743580964,0.8219584569732937,0.0309
nyu,224,0.04750471617218316,0.8219584569732937,0.031
nyu,225,0.04757815183785641,0.8219584569732937,0.0311
nyu,226,0.04764361885104919,0.8219584569732937,0.0312
nyu,227,0.047758620689655175,0.8219584569732937,0.0313
nyu,228,0.04767662808775264,0.8189910979228486,0.0314
nyu,229,0.04776739356178609,0.8189910979228486,0.0315
nyu,230,0.04784191367654706,0.8189910979228486,0.0316
nyu,231,0.04791666666666667,0.8189910979228486,0.0317
nyu,232,0.047991653625456446,0.8189910979228486,0.0318
nyu,233,0.04788438098554762,0.8160237388724035,0.0319
nyu,234,0.04774350932218156,0.8130563798219584,0.032
nyu,235,0.047685589519650656,0.8100890207715133,0.0321
nyu,236,0.04777738886944347,0.8100890207715133,0.0322
nyu,237,0.047702560505085936,0.8071216617210683,0.0323
nyu,238,0.04776958201615736,0.8071216617210683,0.0324
nyu,239,0.04784520668425682,0.8071216617210683,0.0325
nyu,240,0.047929515418502204,0.8071216617210683,0.0326
nyu,241,0.0480225988700565,0.8071216617210683,0.0327
nyu,242,0.04809902740937224,0.8071216617210683,0.0328
nyu,243,0.048209854661467565,0.8071216617210683,0.0329
nyu,244,0.0482611781405252,0.8071216617210683,0.033
nyu,245,0.048346960540348385,0.8071216617210683,0.0331
nyu,246,0.04843304843304843,0.8071216617210683,0.0332
nyu,247,0.048484848484848485,0.8071216617210683,0.0333
nyu,248,0.0485974629265678,0.8071216617210683,0.0334
nyu,249,0.04866702451243514,0.8071216617210683,0.0335
nyu,250,0.04863603732950467,0.8041543026706232,0.0336
nyu,251,0.04875854623965455,0.8041543026706232,0.0337
nyu,252,0.04880244912659824,0.8041543026706232,0.0338
nyu,253,0.048846431146359046,0.8041543026706232,0.0339
nyu,254,0.04871887405268856,0.8011869436201781,0.034
nyu,255,0.048771676300578035,0.8011869436201781,0.0341
nyu,256,0.048824593128390596,0.8011869436201781,0.0342
nyu,257,0.04891304347826087,0.8011869436201781,0.0343
nyu,258,0.048948513415518494,0.8011869436201781,0.0344
nyu,259,0.04903741373047584,0.8011869436201781,0.0345
nyu,260,0.049144521295959226,0.8011869436201781,0.0346
nyu,261,0.04923413566739606,0.8011869436201781,0.0347
nyu,262,0.04928806133625411,0.8011869436201781,0.0348
nyu,263,0.049414348462664716,0.8011869436201781,0.0349
nyu,264,0.049514028974876216,0.8011869436201781,0.035
nyu,265,0.049568569854966035,0.8011869436201781,0.0351
nyu,266,0.04969630038652678,0.8011869436201781,0.0352
nyu,267,0.049621840988747466,0.798219584569733,0.0353
nyu,268,0.04973192826770198,0.798219584569733,0.0354
nyu,269,0.04981481481481481,0.798219584569733,0.0355
nyu,270,0.04986098239110287,0.798219584569733,0.0356
nyu,271,0.0499535747446611,0.798219584569733,0.0357
nyu,272,0.05,0.798219584569733,0.0358
nyu,273,0.0500837832805809,0.798219584569733,0.0359
nyu,274,0.05013979496738118,0.798219584569733,0.036
nyu,275,0.05024280911468061,0.798219584569733,0.0361
nyu,276,0.05012156349354779,0.7952522255192879,0.0362
nyu,277,0.050253140821301334,0.7952522255192879,0.0363
nyu,278,0.05033809166040571,0.7952522255192879,0.0364
nyu,279,0.05046130672189795,0.7952522255192879,0.0365
nyu,280,0.050566037735849056,0.7952522255192879,0.0366
nyu,281,0.050652050652050654,0.7952522255192879,0.0367
nyu,282,0.050719152157456475,0.7952522255192879,0.0368
nyu,283,0.05078643168466932,0.7952522255192879,0.0369
nyu,284,0.05082495732979329,0.7952522255192879,0.037
nyu,285,0.05087319665907365,0.7952522255192879,0.0371
nyu,286,0.0509602586042974,0.7952522255192879,0.0372
nyu,287,0.05105734425604877,0.7952522255192879,0.0373
nyu,288,0.05117433645216727,0.7952522255192879,0.0374
nyu,289,0.05124282982791587,0.7952522255192879,0.0375
nyu,290,0.05131150679686004,0.7952522255192879,0.0376
nyu,291,0.05138036809815951,0.7952522255192879,0.0377
nyu,292,0.05153846153846154,0.7952522255192879,0.0378
nyu,293,0.05159799768964189,0.7952522255192879,0.0379
nyu,294,0.051677593521018125,0.7952522255192879,0.038
nyu,295,0.051767432876183114,0.7952522255192879,0.0381
nyu,296,0.05169409486931268,0.7922848664688428,0.0382
nyu,297,0.05176424970918961,0.7922848664688428,0.0383
nyu,298,0.05180442374854482,0.7922848664688428,0.0384
nyu,299,0.05191522457709508,0.7922848664688428,0.0385
nyu,300,0.05200623295675886,0.7922848664688428,0.0386
nyu,301,0.05211789966816319,0.7922848664688428,0.0387
nyu,302,0.052179011139339454,0.7922848664688428,0.0388
nyu,303,0.052250489236790605,0.7922848664688428,0.0389
nyu,304,0.05229142185663925,0.7922848664688428,0.039
nyu,305,0.05246610336018864,0.7922848664688428,0.0391
nyu,306,0.052569403425871235,0.7922848664688428,0.0392
nyu,307,0.05250690880378997,0.7893175074183977,0.0393
nyu,308,0.05263157894736842,0.7893175074183977,0.0394
nyu,309,0.05271502179944511,0.7893175074183977,0.0395
nyu,310,0.052809211832439945,0.7893175074183977,0.0396
nyu,311,0.05288270377733598,0.7893175074183977,0.0397
nyu,312,0.05300916699880431,0.7893175074183977,0.0398
nyu,313,0.053083216922769905,0.7893175074183977,0.0399
nyu,314,0.0531150159744409,0.7893175074183977,0.04
nyu,315,0.0532,0.7893175074183977,0.0401
nyu,316,0.053327987169206094,0.7893175074183977,0.0402
nyu,317,0.05342438240610564,0.7893175074183977,0.0403
nyu,318,0.05353189776615013,0.7893175074183977,0.0404
nyu,319,0.053661488803711924,0.7893175074183977,0.0405
nyu,320,0.053704825358368666,0.7893175074183977,0.0406
nyu,321,0.053791708796764405,0.7893175074183977,0.0407
nyu,322,0.053676321652825605,0.7863501483679525,0.0408
nyu,323,0.05380710659898477,0.7863501483679525,0.0409
nyu,324,0.05386178861788618,0.7863501483679525,0.041
nyu,325,0.0539714867617108,0.7863501483679525,0.0411
nyu,326,0.05407059783717608,0.7863501483679525,0.0412
nyu,327,0.053998772755164653,0.7833827893175074,0.0413
nyu,328,0.05388240114730588,0.7804154302670623,0.0414
nyu,329,0.05394871794871795,0.7804154302670623,0.0415
nyu,330,0.05403739469899322,0.7804154302670623,0.0416
nyu,331,0.05410409380785847,0.7804154302670623,0.0417
nyu,332,0.05414865143092444,0.7804154302670623,0.0418
nyu,333,0.05422680412371134,0.7804154302670623,0.0419
nyu,334,0.054316398182569184,0.7804154302670623,0.042
nyu,335,0.05439503619441572,0.7804154302670623,0.0421
nyu,336,0.05449647741400746,0.7804154302670623,0.0422
nyu,337,0.05451907131011609,0.7804154302670623,0.0423
nyu,338,0.054586965545869656,0.7804154302670623,0.0424
nyu,339,0.054757443264626275,0.7804154302670623,0.0425
nyu,340,0.054663050281660755,0.7774480712166172,0.0426
nyu,341,0.05470870745458342,0.7774480712166172,0.0427
nyu,342,0.05485762144053601,0.7774480712166172,0.0428
nyu,343,0.054961191525068176,0.7774480712166172,0.0429
nyu,344,0.05505358268543812,0.7774480712166172,0.043
nyu,345,0.05511148506520824,0.7774480712166172,0.0431
nyu,346,0.05520438263801096,0.7774480712166172,0.0432
nyu,347,0.05527426160337553,0.7774480712166172,0.0433
nyu,348,0.055379412386387654,0.7774480712166172,0.0434
nyu,349,0.05542627459276497,0.7774480712166172,0.0435
nyu,350,0.05549671679728871,0.7774480712166172,0.0436
nyu,351,0.05557912600763683,0.7774480712166172,0.0437
nyu,352,0.0556617803271723,0.7774480712166172,0.0438
nyu,353,0.05578028528848201,0.7774480712166172,0.0439
nyu,354,0.055827828681014276,0.7774480712166172,0.044
nyu,355,0.05585163078234918,0.7774480712166172,0.0441
nyu,356,0.055911224925309436,0.7774480712166172,0.0442
nyu,357,0.05599487069886728,0.7774480712166172,0.0443
nyu,358,0.056102783725910065,0.7774480712166172,0.0444
nyu,359,0.056283566058002145,0.7774480712166172,0.0445
nyu,360,0.056392595781317265,0.7774480712166172,0.0446
nyu,361,0.056347150259067356,0.7744807121661721,0.0447
nyu,362,0.05646906101254868,0.7744807121661721,0.0448
nyu,363,0.05659150043365135,0.7744807121661721,0.0449
nyu,364,0.05666521927920104,0.7744807121661721,0.045
nyu,365,0.056726798522060425,0.7744807121661721,0.0451
nyu,366,0.0569247546346783,0.7744807121661721,0.0452
nyu,367,0.05699934483511684,0.7744807121661721,0.0453
nyu,368,0.05707413076754866,0.7744807121661721,0.0454
nyu,369,0.05716162943495401,0.7744807121661721,0.0455
nyu,370,0.05729967069154775,0.7744807121661721,0.0456
nyu,371,0.05738786279683377,0.7744807121661721,0.0457
nyu,372,0.057590467784642545,0.7744807121661721,0.0458
nyu,373,0.057483970815830204,0.771513353115727,0.0459
nyu,374,0.05754758742806552,0.771513353115727,0.046
nyu,375,0.057649667405764965,0.771513353115727,0.0461
nyu,376,0.057777777777777775,0.771513353115727,0.0462
nyu,377,0.05789356490759296,0.771513353115727,0.0463
nyu,378,0.057958091841284,0.771513353115727,0.0464
nyu,379,0.058113544926240504,0.771513353115727,0.0465
nyu,380,0.057967770814682185,0.7685459940652819,0.0466
nyu,381,0.058071748878923767,0.7685459940652819,0.0467
nyu,382,0.05814997754827122,0.7685459940652819,0.0468
nyu,383,0.0581891709728151,0.7685459940652819,0.0469
nyu,384,0.058293945532298,0.7685459940652819,0.047
nyu,385,0.05845181674565561,0.7685459940652819,0.0471
nyu,386,0.05849141824751581,0.7685459940652819,0.0472
nyu,387,0.058557540131132714,0.7685459940652819,0.0473
nyu,388,0.05870353581142339,0.7685459940652819,0.0474
nyu,389,0.058810172570390555,0.7685459940652819,0.0475
nyu,390,0.05890379804412099,0.7685459940652819,0.0476
nyu,391,0.058957432278625085,0.7685459940652819,0.0477
nyu,392,0.05902461257976299,0.7685459940652819,0.0478
nyu,393,0.05917294950879598,0.7685459940652819,0.0479
nyu,394,0.05922707523439286,0.7685459940652819,0.048
nyu,395,0.059322033898305086,0.7685459940652819,0.0481
nyu,396,0.0593900481540931,0.7685459940652819,0.0482
nyu,397,0.0594855305466238,0.7685459940652819,0.0483
nyu,398,0.059595029912563276,0.7685459940652819,0.0484
nyu,399,0.059704933148916554,0.7685459940652819,0.0485
nyu,400,0.05962560665588167,0.7655786350148368,0.0486
nyu,401,0.0597775718257646,0.7655786350148368,0.0487
nyu,402,0.05962877030162413,0.7626112759643917,0.0488
nyu,403,0.059684161634928005,0.7626112759643917,0.0489
nyu,404,0.05979525360632852,0.7626112759643917,0.049
nyu,405,0.05990675990675991,0.7626112759643917,0.0491
nyu,406,0.06000466962409526,0.7626112759643917,0.0492
nyu,407,0.060187353629976584,0.7626112759643917,0.0493
nyu,408,0.06024378809188936,0.7626112759643917,0.0494
nyu,409,0.06034280347499413,0.7626112759643917,0.0495
nyu,410,0.06049905838041431,0.7626112759643917,0.0496
nyu,411,0.06061320754716981,0.7626112759643917,0.0497
nyu,412,0.06068476977567887,0.7626112759643917,0.0498
nyu,413,0.06074214133774521,0.7626112759643917,0.0499
nyu,414,0.060828402366863904,0.7626112759643917,0.05
nyu,415,0.060972716488730726,0.7626112759643917,0.0501
nyu,416,0.061001661523854736,0.7626112759643917,0.0502
nyu,417,0.06113225499524263,0.7626112759643917,0.0503
nyu,418,0.061219628394473556,0.7626112759643917,0.0504
nyu,419,0.06109785202863962,0.7596439169139466,0.0505
nyu,420,0.06122937096388424,0.7596439169139466,0.0506
nyu,421,0.06131736526946108,0.7596439169139466,0.0507
nyu,422,0.061449831973115696,0.7596439169139466,0.0508
nyu,423,0.061508889956751564,0.7596439169139466,0.0509
nyu,424,0.061582872263651674,0.7596439169139466,0.051
nyu,425,0.061642186371297855,0.7596439169139466,0.0511
nyu,426,0.061731372076199664,0.7596439169139466,0.0512
nyu,427,0.06188058979937153,0.7596439169139466,0.0513
nyu,428,0.06194047907089281,0.7596439169139466,0.0514
nyu,429,0.06180319922443044,0.7566765578635015,0.0515
nyu,430,0.0619383045907214,0.7566765578635015,0.0516
nyu,431,0.06199854121079504,0.7566765578635015,0.0517
nyu,432,0.06207400194741967,0.7566765578635015,0.0518
nyu,433,0.06217995610826628,0.7566765578635015,0.0519
nyu,434,0.06227106227106227,0.7566765578635015,0.052
nyu,435,0.06230149034937699,0.7566765578635015,0.0521
nyu,436,0.06239295326645461,0.7566765578635015,0.0522
nyu,437,0.0622854340362923,0.7537091988130564,0.0523
nyu,438,0.062407862407862405,0.7537091988130564,0.0524
nyu,439,0.06246925725528775,0.7537091988130564,0.0525
nyu,440,0.06256157635467981,0.7537091988130564,0.0526
nyu,441,0.06265416872224963,0.7537091988130564,0.0527
nyu,442,0.0627625401531999,0.7537091988130564,0.0528
nyu,443,0.06280909990108803,0.7537091988130564,0.0529
nyu,444,0.06287128712871287,0.7537091988130564,0.053
nyu,445,0.0629024269440317,0.7537091988130564,0.0531
nyu,446,0.06305858987090368,0.7537091988130564,0.0532
nyu,447,0.06312127236580517,0.7537091988130564,0.0533
nyu,448,0.06324701195219123,0.7537091988130564,0.0534
nyu,449,0.06332585390177013,0.7537091988130564,0.0535
nyu,450,0.06343656343656344,0.7537091988130564,0.0536
nyu,451,0.06354766074555918,0.7537091988130564,0.0537
nyu,452,0.06365914786967418,0.7537091988130564,0.0538
nyu,453,0.06378704168759418,0.7537091988130564,0.0539
nyu,454,0.06385118149824032,0.7537091988130564,0.054
nyu,455,0.06399596875787351,0.7537091988130564,0.0541
nyu,456,0.06410903584048461,0.7537091988130564,0.0542
nyu,457,0.06395348837209303,0.7507418397626113,0.0543
nyu,458,0.06411556006082109,0.7507418397626113,0.0544
nyu,459,0.06418061897513952,0.7507418397626113,0.0545
nyu,460,0.06424581005586592,0.7507418397626113,0.0546
nyu,461,0.06429479034307496,0.7507418397626113,0.0547
nyu,462,0.06442577030812324,0.7507418397626113,0.0548
nyu,463,0.06457376212353241,0.7507418397626113,0.0549
nyu,464,0.06445012787723785,0.7477744807121661,0.055
nyu,465,0.06456571867794005,0.7477744807121661,0.0551
nyu,466,0.06466512702078522,0.7477744807121661,0.0552
nyu,467,0.06479814862432502,0.7477744807121661,0.0553
nyu,468,0.06486486486486487,0.7477744807121661,0.0554
nyu,469,0.06498194945848375,0.7477744807121661,0.0555
nyu,470,0.06506584043377227,0.7477744807121661,0.0556
nyu,471,0.06489141675284385,0.744807121661721,0.0557
nyu,472,0.0647332988089073,0.7418397626112759,0.0558
nyu,473,0.0648508430609598,0.7418397626112759,0.0559
nyu,474,0.06490134994807892,0.7418397626112759,0.056
nyu,475,0.06474258970358815,0.7388724035608308,0.0561
nyu,476,0.06456651913564176,0.7359050445103857,0.0562
nyu,477,0.06442357850808555,0.7329376854599406,0.0563
nyu,478,0.06429691583899634,0.7299703264094956,0.0564
nyu,479,0.06439790575916231,0.7299703264094956,0.0565
nyu,480,0.06456692913385827,0.7299703264094956,0.0566
nyu,481,0.06465177398160316,0.7299703264094956,0.0567
nyu,482,0.06470278800631246,0.7299703264094956,0.0568
nyu,483,0.06478799051883066,0.7299703264094956,0.0569
nyu,484,0.06483921982076964,0.7299703264094956,0.057
nyu,485,0.06499339498018494,0.7299703264094956,0.0571
nyu,486,0.06507936507936508,0.7299703264094956,0.0572
nyu,487,0.06491785903550609,0.7270029673590505,0.0573
nyu,488,0.0650730411686587,0.7270029673590505,0.0574
nyu,489,0.06512493354598618,0.7270029673590505,0.0575
nyu,490,0.06522896698615549,0.7270029673590505,0.0576
nyu,491,0.06535076020272072,0.7270029673590505,0.0577
nyu,492,0.06547300908605024,0.7270029673590505,0.0578
nyu,493,0.06554307116104868,0.7270029673590505,0.0579
nyu,494,0.06568364611260054,0.7270029673590505,0.058
nyu,495,0.06582482536270823,0.7270029673590505,0.0581
nyu,496,0.06589564281871974,0.7270029673590505,0.0582
nyu,497,0.0660377358490566,0.7270029673590505,0.0583
nyu,498,0.06610901241230437,0.7270029673590505,0.0584
nyu,499,0.06619832477708727,0.7270029673590505,0.0585
nyu,500,0.06632376827287494,0.7270029673590505,0.0586
nyu,501,0.06648575305291723,0.7270029673590505,0.0587
nyu,502,0.06659418320195705,0.7270029673590505,0.0588
nyu,503,0.06668481219379423,0.7270029673590505,0.0589
nyu,504,0.06679389312977099,0.7270029673590505,0.059
nyu,505,0.06684856753069578,0.7270029673590505,0.0591
nyu,506,0.06692160611854685,0.7270029673590505,0.0592
nyu,507,0.06703146374829001,0.7270029673590505,0.0593
nyu,508,0.0670681631535724,0.7270029673590505,0.0594
nyu,509,0.06714168265278159,0.7270029673590505,0.0595
nyu,510,0.0672338090010977,0.7270029673590505,0.0596
nyu,511,0.06734469488730072,0.7270029673590505,0.0597
nyu,512,0.06754893851668045,0.7270029673590505,0.0598
nyu,513,0.06766086716376692,0.7270029673590505,0.0599
nyu,514,0.06769825918762089,0.7270029673590505,0.06
nyu,515,0.06786703601108034,0.7270029673590505,0.0601
nyu,516,0.06799888981404385,0.7270029673590505,0.0602
nyu,517,0.06816917084028937,0.7270029673590505,0.0603
nyu,518,0.06826414042908888,0.7270029673590505,0.0604
nyu,519,0.06832124930284439,0.7270029673590505,0.0605
nyu,520,0.06841664339569953,0.7270029673590505,0.0606
nyu,521,0.06843575418994413,0.7270029673590505,0.0607
nyu,522,0.06853146853146853,0.7270029673590505,0.0608
nyu,523,0.06860823298795855,0.7270029673590505,0.0609
nyu,524,0.06872370266479663,0.7270029673590505,0.061
nyu,525,0.06885890949971894,0.7270029673590505,0.0611
nyu,526,0.06893640967923466,0.7270029673590505,0.0612
nyu,527,0.06909193457416808,0.7270029673590505,0.0613
nyu,528,0.06913092550790068,0.7270029673590505,0.0614
nyu,529,0.06926774102346621,0.7270029673590505,0.0615
nyu,530,0.06934616473252193,0.7270029673590505,0.0616
nyu,531,0.06944444444444445,0.7270029673590505,0.0617
nyu,532,0.06950354609929078,0.7270029673590505,0.0618
nyu,533,0.06964184195565662,0.7270029673590505,0.0619
nyu,534,0.06978068926231842,0.7270029673590505,0.062
nyu,535,0.06998000571265353,0.7270029673590505,0.0621
nyu,536,0.07008009153318077,0.7270029673590505,0.0622
nyu,537,0.07018046405041535,0.7270029673590505,0.0623
nyu,538,0.07026096931459708,0.7270029673590505,0.0624
nyu,539,0.07034165948894631,0.7270029673590505,0.0625
nyu,540,0.07046304285303423,0.7270029673590505,0.0626
nyu,541,0.07052389176741508,0.7270029673590505,0.0627
nyu,542,0.07064590542099193,0.7270029673590505,0.0628
nyu,543,0.0707070707070707,0.7270029673590505,0.0629
nyu,544,0.0708092485549133,0.7270029673590505,0.063
nyu,545,0.07060185185185185,0.7240356083086054,0.0631
nyu,546,0.0707041437264561,0.7240356083086054,0.0632
nyu,547,0.07072463768115941,0.7240356083086054,0.0633
nyu,548,0.07078619089062953,0.7240356083086054,0.0634
nyu,549,0.07061900610287707,0.7210682492581603,0.0635
nyu,550,0.07070119290078557,0.7210682492581603,0.0636
nyu,551,0.07078357122050684,0.7210682492581603,0.0637
nyu,552,0.07080419580419581,0.7210682492581603,0.0638
nyu,553,0.0709696261682243,0.7210682492581603,0.0639
nyu,554,0.07107341327873647,0.7210682492581603,0.064
nyu,555,0.0712401055408971,0.7210682492581603,0.0641
nyu,556,0.07130281690140845,0.7210682492581603,0.0642
nyu,557,0.07136563876651983,0.7210682492581603,0.0643
nyu,558,0.07136537894426423,0.7181008902077152,0.0644
nyu,559,0.07121749408983452,0.7151335311572701,0.0645
nyu,560,0.07136511696772282,0.7151335311572701,0.0646
nyu,561,0.07138625592417061,0.7151335311572701,0.0647
nyu,562,0.071513353115727,0.7151335311572701,0.0649
nyu,563,0.0713436385255648,0.712166172106825,0.065
nyu,564,0.07136485280999108,0.712166172106825,0.0651
nyu,565,0.0714711137581894,0.712166172106825,0.0652
nyu,566,0.07153502235469449,0.712166172106825,0.0653
nyu,567,0.07166318303971335,0.712166172106825,0.0654
nyu,568,0.07172743574417215,0.712166172106825,0.0655
nyu,569,0.0717918037690697,0.712166172106825,0.0656
nyu,570,0.07189934092270821,0.712166172106825,0.0657
nyu,571,0.07196401799100449,0.712166172106825,0.0658
nyu,572,0.0720504353047133,0.712166172106825,0.0659
nyu,573,0.07211538461538461,0.712166172106825,0.066
nyu,574,0.07226738934056007,0.712166172106825,0.0661
nyu,575,0.07242003621001811,0.712166172106825,0.0662
nyu,576,0.07248565388100271,0.712166172106825,0.0663
nyu,577,0.07259528130671507,0.712166172106825,0.0664
nyu,578,0.07270524083611027,0.712166172106825,0.0665
nyu,579,0.07277137659187387,0.712166172106825,0.0666
nyu,580,0.07260024301336573,0.7091988130563798,0.0667
nyu,581,0.07266646397081179,0.7091988130563798,0.0668
nyu,582,0.07271067843017949,0.7091988130563798,0.0669
nyu,583,0.07284364523011277,0.7091988130563798,0.067
nyu,584,0.07271616254201038,0.7062314540059347,0.0671
nyu,585,0.07282741738066095,0.7062314540059347,0.0672
nyu,586,0.07291666666666667,0.7062314540059347,0.0673
nyu,587,0.07305095150399017,0.7062314540059347,0.0674
nyu,588,0.07318573185731857,0.7062314540059347,0.0675
nyu,589,0.07325330871037242,0.7062314540059347,0.0676
nyu,590,0.07334360554699537,0.7062314540059347,0.0677
nyu,591,0.07347946897190491,0.7062314540059347,0.0678
nyu,592,0.07361583668419425,0.7062314540059347,0.0679
nyu,593,0.07370703004026015,0.7062314540059347,0.068
nyu,594,0.07382133995037221,0.7062314540059347,0.0681
nyu,595,0.07391304347826087,0.7062314540059347,0.0682
nyu,596,0.07398197078023003,0.7062314540059347,0.0683
nyu,597,0.07354315986288563,0.7002967359050445,0.0684
nyu,598,0.07332293291731669,0.6973293768545994,0.0685
nyu,599,0.07339163023110556,0.6973293768545994,0.0686
nyu,600,0.07350641226149515,0.6973293768545994,0.0687
nyu,601,0.07366771159874608,0.6973293768545994,0.0688
nyu,602,0.07382972038956959,0.6973293768545994,0.0689
nyu,603,0.07392261717521233,0.6973293768545994,0.069
nyu,604,0.07415588513726727,0.6973293768545994,0.0691
nyu,605,0.07393364928909953,0.6943620178041543,0.0692
nyu,606,0.07407407407407407,0.6943620178041543,0.0693
nyu,607,0.0741444866920152,0.6943620178041543,0.0694
nyu,608,0.07421503330161751,0.6943620178041543,0.0695
nyu,609,0.07435653002859867,0.6943620178041543,0.0696
nyu,610,0.07449856733524356,0.6943620178041543,0.0697
nyu,611,0.07468879668049792,0.6943620178041543,0.0698
nyu,612,0.07485604606525911,0.6943620178041543,0.0699
nyu,613,0.07492795389048991,0.6943620178041543,0.07
nyu,614,0.075,0.6943620178041543,0.0701
nyu,615,0.07516864760681015,0.6943620178041543,0.0702
nyu,616,0.07494371180443872,0.6913946587537092,0.0703
nyu,617,0.07464607464607464,0.6884272997032641,0.0704
nyu,618,0.07471819645732689,0.6884272997032641,0.0705
nyu,619,0.07481457594324412,0.6884272997032641,0.0706
nyu,620,0.07468477206595538,0.685459940652819,0.0707
nyu,621,0.07470892626131953,0.685459940652819,0.0708
nyu,622,0.07480569948186529,0.685459940652819,0.0709
nyu,623,0.07495133030499676,0.685459940652819,0.071
nyu,624,0.07517084282460136,0.685459940652819,0.0711
nyu,625,0.07471451876019576,0.6795252225519288,0.0712
nyu,626,0.07481215289121203,0.6795252225519288,0.0713
nyu,627,0.07498362802881467,0.6795252225519288,0.0714
nyu,628,0.07475409836065573,0.6765578635014837,0.0715
nyu,629,0.07490144546649145,0.6765578635014837,0.0716
nyu,630,0.07502467917077986,0.6765578635014837,0.0717
nyu,631,0.0751730959446093,0.6765578635014837,0.0718
nyu,632,0.07529722589167767,0.6765578635014837,0.0719
nyu,633,0.07544672402382528,0.6765578635014837,0.072
nyu,634,0.07552169592580324,0.6765578635014837,0.0721
nyu,635,0.0756469807564698,0.6765578635014837,0.0722
nyu,636,0.07574750830564785,0.6765578635014837,0.0723
nyu,637,0.07587354409317804,0.6765578635014837,0.0724
nyu,638,0.0759493670886076,0.6765578635014837,0.0725
nyu,639,0.07605070046697798,0.6765578635014837,0.0726
nyu,640,0.07597054886211513,0.6735905044510386,0.0727
nyu,641,0.07602143335565975,0.6735905044510386,0.0728
nyu,642,0.07604690117252931,0.6735905044510386,0.0729
nyu,643,0.07614894330761489,0.6735905044510386,0.073
nyu,644,0.07588985896574882,0.6706231454005934,0.0731
nyu,645,0.07604306864064603,0.6706231454005934,0.0732
nyu,646,0.07611990569215224,0.6706231454005934,0.0733
nyu,647,0.07624831309041835,0.6706231454005934,0.0734
nyu,648,0.07603920243325447,0.6676557863501483,0.0735
nyu,649,0.07609063239770038,0.6676557863501483,0.0736
nyu,650,0.07616790792146243,0.6676557863501483,0.0737
nyu,651,0.07640067911714771,0.6676557863501483,0.0738
nyu,652,0.0764525993883792,0.6676557863501483,0.0739
nyu,653,0.07647858599592114,0.6676557863501483,0.074
nyu,654,0.07658270932607215,0.6676557863501483,0.0741
nyu,655,0.07666098807495741,0.6676557863501483,0.0742
nyu,656,0.0767656090071648,0.6676557863501483,0.0743
nyu,657,0.07689678742310321,0.6676557863501483,0.0744
nyu,658,0.07710760795065114,0.6676557863501483,0.0745
nyu,659,0.07713404182379156,0.6676557863501483,0.0746
nyu,660,0.0769495018893851,0.6646884272997032,0.0747
nyu,661,0.07708189951823813,0.6646884272997032,0.0748
nyu,662,0.0771881461061337,0.6646884272997032,0.0749
nyu,663,0.07697618225750777,0.6617210682492581,0.075
nyu,664,0.07705597788527989,0.6617210682492581,0.0751
nyu,665,0.07732316227461858,0.6617210682492581,0.0752
nyu,666,0.07740367927802846,0.6617210682492581,0.0753
nyu,667,0.07751129648939868,0.6617210682492581,0.0754
nyu,668,0.07759220598469033,0.6617210682492581,0.0755
nyu,669,0.07772743116068316,0.6617210682492581,0.0756
nyu,670,0.07786312849162011,0.6617210682492581,0.0757
nyu,671,0.07794477455435163,0.6617210682492581,0.0758
nyu,672,0.07797202797202797,0.6617210682492581,0.0759
nyu,673,0.07813594954449894,0.6617210682492581,0.076
nyu,674,0.0783280646294345,0.6617210682492581,0.0761
nyu,675,0.0784658691062632,0.6617210682492581,0.0762
nyu,676,0.07827926657263752,0.658753709198813,0.0763
nyu,677,0.07800917755030004,0.655786350148368,0.0764
nyu,678,0.07809187279151944,0.655786350148368,0.0765
nyu,679,0.07793127878143818,0.6528189910979229,0.0767
nyu,680,0.07809726659566915,0.6528189910979229,0.0768
nyu,681,0.0782083185211518,0.6528189910979229,0.0769
nyu,682,0.07826396300249022,0.6528189910979229,0.077
nyu,683,0.07837548984681154,0.6528189910979229,0.0771
nyu,684,0.07854337736522671,0.6528189910979229,0.0772
nyu,685,0.07835420393559929,0.6498516320474778,0.0773
nyu,686,0.07849462365591398,0.6498516320474778,0.0774
nyu,687,0.07863554757630162,0.6498516320474778,0.0775
nyu,688,0.07874865156418555,0.6498516320474778,0.0776
nyu,689,0.07886208138278718,0.6498516320474778,0.0777
nyu,690,0.07900432900432901,0.6498516320474778,0.0778
nyu,691,0.07878568847126852,0.6468842729970327,0.0779
nyu,692,0.07889974665218964,0.6468842729970327,0.078
nyu,693,0.0786231884057971,0.6439169139465876,0.0781
nyu,694,0.07868020304568528,0.6439169139465876,0.0782
nyu,695,0.07870874138556402,0.6439169139465876,0.0783
nyu,696,0.07854545454545454,0.6409495548961425,0.0784
nyu,697,0.07868852459016394,0.6409495548961425,0.0785
nyu,698,0.0787746170678337,0.6409495548961425,0.0786
nyu,699,0.07888970051132213,0.6409495548961425,0.0787
nyu,700,0.0789762340036563,0.6409495548961425,0.0788
nyu,701,0.07903402854006586,0.6409495548961425,0.079
nyu,702,0.07912087912087912,0.6409495548961425,0.0791
nyu,703,0.07932427469702534,0.6409495548961425,0.0792
nyu,704,0.07947019867549669,0.6409495548961425,0.0793
nyu,705,0.07955801104972375,0.6409495548961425,0.0794
nyu,706,0.07967539653264478,0.6409495548961425,0.0795
nyu,707,0.07942371629109715,0.6379821958456974,0.0796
nyu,708,0.07965913301222675,0.6379821958456974,0.0797
nyu,709,0.07977736549165121,0.6379821958456974,0.0798
nyu,710,0.07980697847067557,0.6379821958456974,0.0799
nyu,711,0.07992565055762081,0.6379821958456974,0.08
nyu,712,0.08004467609828742,0.6379821958456974,0.0801
nyu,713,0.08016405667412378,0.6379821958456974,0.0802
nyu,714,0.08022388059701492,0.6379821958456974,0.0803
nyu,715,0.08028379387602688,0.6379821958456974,0.0804
nyu,716,0.08,0.6350148367952523,0.0805
nyu,717,0.08011980531636091,0.6350148367952523,0.0806
nyu,718,0.08014981273408239,0.6350148367952523,0.0807
nyu,719,0.08023997000374954,0.6350148367952523,0.0808
nyu,720,0.08033033033033032,0.6350148367952523,0.0809
nyu,721,0.08048138397893945,0.6350148367952523,0.081
nyu,722,0.08054196462175386,0.6350148367952523,0.0811
nyu,723,0.08060263653483993,0.6350148367952523,0.0812
nyu,724,0.08078520196300491,0.6350148367952523,0.0813
nyu,725,0.08093797276853253,0.6350148367952523,0.0814
nyu,726,0.080999242997729,0.6350148367952523,0.0815
nyu,727,0.08121442125237191,0.6350148367952523,0.0816
nyu,728,0.08133789433675409,0.6350148367952523,0.0817
nyu,729,0.08146174343357442,0.6350148367952523,0.0818
nyu,730,0.08155487804878049,0.6350148367952523,0.0819
nyu,731,0.08161708619374523,0.6350148367952523,0.082
nyu,732,0.08132875143184422,0.6320474777448071,0.0821
nyu,733,0.08148431522570773,0.6320474777448071,0.0823
nyu,734,0.08160919540229886,0.6320474777448071,0.0824
nyu,735,0.08179723502304148,0.6320474777448071,0.0826
nyu,736,0.08186010760953114,0.6320474777448071,0.0827
nyu,737,0.08156983455175067,0.629080118694362,0.0828
nyu,738,0.0814357390968738,0.6261127596439169,0.0829
nyu,739,0.08149864812668985,0.6261127596439169,0.083
nyu,740,0.08156165442597603,0.6261127596439169,0.0831
nyu,741,0.0816247582205029,0.6261127596439169,0.0832
nyu,742,0.08139534883720931,0.6231454005934718,0.0834
nyu,743,0.08152173913043478,0.6231454005934718,0.0835
nyu,744,0.08171206225680934,0.6231454005934718,0.0836
nyu,745,0.0818394388152767,0.6231454005934718,0.0837
nyu,746,0.08193523214982443,0.6231454005934718,0.0838
nyu,747,0.08209538702111024,0.6231454005934718,0.0839
nyu,748,0.08212749315604223,0.6231454005934718,0.084
nyu,749,0.0821917808219178,0.6231454005934718,0.0841
nyu,750,0.08232065856526852,0.6231454005934718,0.0842
nyu,751,0.08241758241758242,0.6231454005934718,0.0843
nyu,752,0.08248232521602514,0.6231454005934718,0.0844
nyu,753,0.08264462809917356,0.6231454005934718,0.0845
nyu,754,0.08267716535433071,0.6231454005934718,0.0847
nyu,755,0.08284023668639054,0.6231454005934718,0.0848
nyu,756,0.08287292817679558,0.6231454005934718,0.0849
nyu,757,0.08300395256916997,0.6231454005934718,0.085
nyu,758,0.0831353919239905,0.6231454005934718,0.0851
nyu,759,0.08316831683168317,0.6231454005934718,0.0852
nyu,760,0.0832012678288431,0.6231454005934718,0.0853
nyu,761,0.08326724821570182,0.6231454005934718,0.0854
nyu,762,0.08293650793650793,0.6201780415430267,0.0855
nyu,763,0.08303535955502582,0.6201780415430267,0.0856
nyu,764,0.08273667462211615,0.6172106824925816,0.0857
nyu,765,0.08283552369573875,0.6172106824925816,0.0858
nyu,766,0.08293460925039872,0.6172106824925816,0.0859
nyu,767,0.08273381294964029,0.6142433234421365,0.086
nyu,768,0.08283313325330131,0.6142433234421365,0.0861
nyu,769,0.08296593186372746,0.6142433234421365,0.0862
nyu,770,0.08303249097472924,0.6142433234421365,0.0863
nyu,771,0.08306581059390049,0.6142433234421365,0.0864
nyu,772,0.0827641623141824,0.6112759643916914,0.0865
nyu,773,0.08279742765273312,0.6112759643916914,0.0866
nyu,774,0.08286403861625101,0.6112759643916914,0.0867
nyu,775,0.08299758259468171,0.6112759643916914,0.0868
nyu,776,0.08306451612903226,0.6112759643916914,0.0869
nyu,777,0.08319870759289176,0.6112759643916914,0.087
nyu,778,0.08326596604688763,0.6112759643916914,0.0871
nyu,779,0.08333333333333333,0.6112759643916914,0.0872
nyu,780,0.08343458890238963,0.6112759643916914,0.0873
nyu,781,0.08336722244814966,0.6083086053412463,0.0874
nyu,782,0.08343508343508343,0.6083086053412463,0.0875
nyu,783,0.0835030549898167,0.6083086053412463,0.0876
nyu,784,0.08357113738279658,0.6083086053412463,0.0877
nyu,785,0.08360522022838499,0.6083086053412463,0.0878
nyu,786,0.08363933088535291,0.6083086053412463,0.0879
nyu,787,0.08370763576970192,0.6083086053412463,0.088
nyu,788,0.08374183006535947,0.6083086053412463,0.0881
nyu,789,0.08387888707037643,0.6083086053412463,0.0882
nyu,790,0.08394758394758395,0.6083086053412463,0.0883
nyu,791,0.08401639344262295,0.6083086053412463,0.0884
nyu,792,0.0841543513957307,0.6083086053412463,0.0885
nyu,793,0.08425811755034936,0.6083086053412463,0.0886
nyu,794,0.08432743726861373,0.6083086053412463,0.0887
nyu,795,0.08443163097199341,0.6083086053412463,0.0888
nyu,796,0.08453608247422681,0.6083086053412463,0.0889
nyu,797,0.08457095709570957,0.6083086053412463,0.089
nyu,798,0.08464079273327828,0.6083086053412463,0.0891
nyu,799,0.0848158874637981,0.6083086053412463,0.0892
nyu,800,0.08461219411032767,0.6053412462908012,0.0893
nyu,801,0.08464730290456432,0.6053412462908012,0.0894
nyu,802,0.08471760797342193,0.6053412462908012,0.0895
nyu,803,0.08489388264669163,0.6053412462908012,0.0896
nyu,804,0.0849645980841316,0.6053412462908012,0.0897
nyu,805,0.0851063829787234,0.6053412462908012,0.09
nyu,806,0.08475991649269311,0.6023738872403561,0.0901
nyu,807,0.08493723849372385,0.6023738872403561,0.0902
nyu,808,0.08504398826979472,0.6023738872403561,0.0903
nyu,809,0.08515100671140939,0.6023738872403561,0.0904
nyu,810,0.08532997057587222,0.6023738872403561,0.0905
nyu,811,0.08540176693310896,0.6023738872403561,0.0906
nyu,812,0.08505263157894737,0.599406528189911,0.0907
nyu,813,0.08519611978068325,0.599406528189911,0.0908
nyu,814,0.08495350803043111,0.5964391691394659,0.0909
nyu,815,0.0850253807106599,0.5964391691394659,0.091
nyu,816,0.08520559559135227,0.5964391691394659,0.0911
nyu,817,0.08535031847133757,0.5964391691394659,0.0912
nyu,818,0.08542286442838928,0.5964391691394659,0.0913
nyu,819,0.0854955338153977,0.5964391691394659,0.0915
nyu,820,0.08556832694763729,0.5964391691394659,0.0916
nyu,821,0.08525149190110827,0.5934718100890207,0.0917
nyu,822,0.0848976109215017,0.5905044510385756,0.0918
nyu,823,0.08465156049593843,0.5875370919881305,0.0919
nyu,824,0.08468776732249786,0.5875370919881305,0.092
nyu,825,0.08483290488431877,0.5875370919881305,0.0921
nyu,826,0.08490566037735849,0.5875370919881305,0.0922
nyu,827,0.0850150279089738,0.5875370919881305,0.0923
nyu,828,0.08512467755803955,0.5875370919881305,0.0924
nyu,829,0.08527131782945736,0.5875370919881305,0.0925
nyu,830,0.08487720809995691,0.5845697329376854,0.0926
nyu,831,0.08498705780845557,0.5845697329376854,0.0927
nyu,832,0.08506044905008636,0.5845697329376854,0.0929
nyu,833,0.0851707738867272,0.5845697329376854,0.0931
nyu,834,0.0852076124567474,0.5845697329376854,0.0932
nyu,835,0.08531831961888263,0.5845697329376854,0.0933
nyu,836,0.08535528596187175,0.5845697329376854,0.0934
nyu,837,0.08546637744034707,0.5845697329376854,0.0935
nyu,838,0.08557775847089487,0.5845697329376854,0.0936
nyu,839,0.08561495002172968,0.5845697329376854,0.0937
nyu,840,0.08568943018703784,0.5845697329376854,0.0938
nyu,841,0.08576404005224206,0.5845697329376854,0.0939
nyu,842,0.08595113438045375,0.5845697329376854,0.094
nyu,843,0.08598865124399825,0.5845697329376854,0.0941
nyu,844,0.08606378331148973,0.5845697329376854,0.0942
nyu,845,0.0862144420131291,0.5845697329376854,0.0943
nyu,846,0.0862521891418564,0.5845697329376854,0.0944
nyu,847,0.08632778264680105,0.5845697329376854,0.0946
nyu,848,0.08640350877192983,0.5845697329376854,0.0947
nyu,849,0.08651734738691261,0.5845697329376854,0.0948
nyu,850,0.0865934065934066,0.5845697329376854,0.0949
nyu,851,0.08670774647887323,0.5845697329376854,0.095
nyu,852,0.08641975308641975,0.5816023738872403,0.0951
nyu,853,0.08561341571050309,0.5756676557863502,0.0952
nyu,854,0.08568904593639576,0.5756676557863502,0.0954
nyu,855,0.08532272325375774,0.5727002967359051,0.0955
nyu,856,0.08543603364320496,0.5727002967359051,0.0956
nyu,857,0.08558758314855876,0.5727002967359051,0.0957
nyu,858,0.08566355969818021,0.5727002967359051,0.0958
nyu,859,0.08573967125721901,0.5727002967359051,0.0959
nyu,860,0.08581591818586039,0.5727002967359051,0.096
nyu,861,0.08585409252669039,0.5727002967359051,0.0961
nyu,862,0.08589230084557187,0.5727002967359051,0.0962
nyu,863,0.08604547481052162,0.5727002967359051,0.0963
nyu,864,0.08612226684515842,0.5727002967359051,0.0964
nyu,865,0.08616071428571428,0.5727002967359051,0.0965
nyu,866,0.08627626285203398,0.5727002967359051,0.0967
nyu,867,0.08631484794275492,0.5727002967359051,0.0969
nyu,868,0.08635346756152125,0.5727002967359051,0.097
nyu,869,0.08646953405017921,0.5727002967359051,0.0971
nyu,870,0.08650829224562977,0.5727002967359051,0.0972
nyu,871,0.08617594254937164,0.56973293768546,0.0973
nyu,872,0.08580413297394429,0.5667655786350149,0.0974
nyu,873,0.08547008547008547,0.5637982195845698,0.0976
nyu,874,0.0855470508779829,0.5637982195845698,0.0977
nyu,875,0.08566275924256087,0.5637982195845698,0.0978
nyu,876,0.08570139828597204,0.5637982195845698,0.0979
nyu,877,0.08577878103837472,0.5637982195845698,0.098
nyu,878,0.08581752484191509,0.5637982195845698,0.0981
nyu,879,0.08597285067873303,0.5637982195845698,0.0982
nyu,880,0.08601177003168854,0.5637982195845698,0.0983
nyu,881,0.08612873980054397,0.5637982195845698,0.0985
nyu,882,0.08624602814344076,0.5637982195845698,0.0986
nyu,883,0.08583106267029973,0.5608308605341247,0.0987
nyu,884,0.08590909090909091,0.5608308605341247,0.0988
nyu,885,0.08549340609367895,0.5578635014836796,0.0989
nyu,886,0.08557123350022758,0.5578635014836796,0.099
nyu,887,0.08561020036429873,0.5578635014836796,0.0992
nyu,888,0.08572731418148655,0.5578635014836796,0.0993
nyu,889,0.08600182982616651,0.5578635014836796,0.0994
nyu,890,0.08623853211009175,0.5578635014836796,0.0995
nyu,891,0.08627810922441487,0.5578635014836796,0.0996
nyu,892,0.08635737253100598,0.5578635014836796,0.0997
nyu,893,0.08597701149425287,0.5548961424332344,0.0998
nyu,894,0.08609576427255985,0.5548961424332344,0.0999
nyu,895,0.08617511520737327,0.5548961424332344,0.1
nyu,896,0.08621484555094514,0.5548961424332344,0.1001
nyu,897,0.08625461254612546,0.5548961424332344,0.1002
nyu,898,0.08629441624365482,0.5548961424332344,0.1003
nyu,899,0.08641404805914972,0.5548961424332344,0.1004
nyu,900,0.08607126330402591,0.5519287833827893,0.1005
nyu,901,0.08619091751621873,0.5519287833827893,0.1006
nyu,902,0.0863109048723898,0.5519287833827893,0.1007
nyu,903,0.08635097493036212,0.5519287833827893,0.1008
nyu,904,0.08643122676579926,0.5519287833827893,0.1009
nyu,905,0.08604651162790698,0.5489614243323442,0.101
nyu,906,0.08608655188459749,0.5489614243323442,0.1011
nyu,907,0.08612662942271881,0.5489614243323442,0.1012
nyu,908,0.08620689655172414,0.5489614243323442,0.1013
nyu,909,0.0863275781614559,0.5489614243323442,0.1014
nyu,910,0.08640822045773003,0.5489614243323442,0.1015
nyu,911,0.08648901355773726,0.5489614243323442,0.1016
nyu,912,0.08661048689138577,0.5489614243323442,0.1017
nyu,913,0.08673230192217533,0.5489614243323442,0.1018
nyu,914,0.08677298311444653,0.5489614243323442,0.1019
nyu,915,0.08701787394167451,0.5489614243323442,0.102
nyu,916,0.08705882352941176,0.5489614243323442,0.1021
nyu,917,0.0873053327041057,0.5489614243323442,0.1023
nyu,918,0.08734655335221908,0.5489614243323442,0.1024
nyu,919,0.08738781294284365,0.5489614243323442,0.1025
nyu,920,0.0876361913784936,0.5489614243323442,0.1026
nyu,921,0.08767772511848342,0.5489614243323442,0.1027
nyu,922,0.08780256288561937,0.5489614243323442,0.1028
nyu,923,0.08784425451092118,0.5489614243323442,0.1029
nyu,924,0.0879277566539924,0.5489614243323442,0.103
nyu,925,0.0880952380952381,0.5489614243323442,0.1031
nyu,926,0.08817921830314586,0.5489614243323442,0.1032
nyu,927,0.0882212684787792,0.5489614243323442,0.1033
nyu,928,0.08838987099856666,0.5489614243323442,0.1034
nyu,929,0.08843212237093691,0.5489614243323442,0.1036
nyu,930,0.0880804212541886,0.5459940652818991,0.1037
nyu,931,0.0881648298993771,0.5459940652818991,0.1038
nyu,932,0.08824940047961631,0.5459940652818991,0.1039
nyu,933,0.08829174664107485,0.5459940652818991,0.104
nyu,934,0.08837656099903939,0.5459940652818991,0.1041
nyu,935,0.0885040885040885,0.5459940652818991,0.1042
nyu,936,0.08871745419479267,0.5459940652818991,0.1043
nyu,937,0.08876025084418716,0.5459940652818991,0.1044
nyu,938,0.0888030888030888,0.5459940652818991,0.1046
nyu,939,0.08884596813133752,0.5459940652818991,0.1047
nyu,940,0.08844852585790237,0.543026706231454,0.1048
nyu,941,0.08857696030977735,0.543026706231454,0.1049
nyu,942,0.08861985472154964,0.543026706231454,0.1051
nyu,943,0.08879184861717612,0.543026706231454,0.1052
nyu,944,0.08883495145631068,0.543026706231454,0.1054
nyu,945,0.08896451142440447,0.543026706231454,0.1055
nyu,946,0.08900778210116732,0.543026706231454,0.1056
nyu,947,0.08909444985394352,0.543026706231454,0.1057
nyu,948,0.08869395711500974,0.5400593471810089,0.1058
nyu,949,0.08878048780487804,0.5400593471810089,0.1059
nyu,950,0.08891060087933561,0.5400593471810089,0.1061
nyu,951,0.08899755501222494,0.5400593471810089,0.1062
nyu,952,0.089128305582762,0.5400593471810089,0.1063
nyu,953,0.0892156862745098,0.5400593471810089,0.1064
nyu,954,0.08930323846908735,0.5400593471810089,0.1065
nyu,955,0.08943488943488943,0.5400593471810089,0.1066
nyu,956,0.08952287260206591,0.5400593471810089,0.1067
nyu,957,0.0896110290497292,0.5400593471810089,0.1068
nyu,958,0.0892945239269857,0.5370919881305638,0.107
nyu,959,0.08893280632411067,0.5341246290801187,0.1071
nyu,960,0.0891089108910891,0.5341246290801187,0.1072
nyu,961,0.08924144769459594,0.5341246290801187,0.1073
nyu,962,0.08933002481389578,0.5341246290801187,0.1074
nyu,963,0.08937437934458789,0.5341246290801187,0.1076
nyu,964,0.08946322067594434,0.5341246290801187,0.1077
nyu,965,0.08950770760815514,0.5341246290801187,0.1078
nyu,966,0.08955223880597014,0.5341246290801187,0.1079
nyu,967,0.0897308075772682,0.5341246290801187,0.1081
nyu,968,0.08982035928143713,0.5341246290801187,0.1082
nyu,969,0.0895,0.5311572700296736,0.1083
nyu,970,0.08963445167751627,0.5311572700296736,0.1084
nyu,971,0.08981435022579026,0.5311572700296736,0.1085
nyu,972,0.08949220713926596,0.5281899109792285,0.1087
nyu,973,0.08953722334004025,0.5281899109792285,0.1088
nyu,974,0.08962739174219536,0.5281899109792285,0.1089
nyu,975,0.08971774193548387,0.5281899109792285,0.1092
nyu,976,0.0898989898989899,0.5281899109792285,0.1093
nyu,977,0.08998988877654196,0.5281899109792285,0.1094
nyu,978,0.09008097165991903,0.5281899109792285,0.1095
nyu,979,0.09017223910840932,0.5281899109792285,0.1096
nyu,980,0.08975659229208925,0.5252225519287834,0.1097
nyu,981,0.0899390243902439,0.5252225519287834,0.1099
nyu,982,0.0900763358778626,0.5252225519287834,0.11
nyu,983,0.09016811003565971,0.5252225519287834,0.1101
nyu,984,0.09021406727828746,0.5252225519287834,0.1102
nyu,985,0.0903522205206738,0.5252225519287834,0.1103
nyu,986,0.0898876404494382,0.5222551928783383,0.1104
nyu,987,0.08997955010224949,0.5222551928783383,0.1106
nyu,988,0.09011776753712238,0.5222551928783383,0.1107
nyu,989,0.09016393442622951,0.5222551928783383,0.1108
nyu,990,0.09025641025641026,0.5222551928783383,0.1109
nyu,991,0.0903954802259887,0.5222551928783383,0.111
nyu,992,0.09048843187660668,0.5222551928783383,0.1111
nyu,993,0.09062821833161688,0.5222551928783383,0.1114
nyu,994,0.09072164948453608,0.5222551928783383,0.1115
nyu,995,0.09090909090909091,0.5222551928783383,0.1116
nyu,996,0.09100310237849017,0.5222551928783383,0.1117
nyu,997,0.09105018106570098,0.5222551928783383,0.1118
nyu,998,0.09119170984455958,0.5222551928783383,0.1119
nyu,999,0.09123898392949716,0.5222551928783383,0.112
nyu,1000,0.09133367929423974,0.5222551928783383,0.1121
nyu,1001,0.09138110072689512,0.5222551928783383,0.1122
nyu,1002,0.09147609147609148,0.5222551928783383,0.1123
nyu,1003,0.09166666666666666,0.5222551928783383,0.1125
nyu,1004,0.0918580375782881,0.5222551928783383,0.1127
nyu,1005,0.09190600522193211,0.5222551928783383,0.1129
nyu,1006,0.09205020920502092,0.5222551928783383,0.113
nyu,1007,0.09219486642221059,0.5222551928783383,0.1131
nyu,1008,0.09224318658280922,0.5222551928783383,0.1132
nyu,1009,0.09243697478991597,0.5222551928783383,0.1133
nyu,1010,0.09253417455310199,0.5222551928783383,0.1134
nyu,1011,0.09258285113098369,0.5222551928783383,0.1135
nyu,1012,0.09263157894736843,0.5222551928783383,0.1137
nyu,1013,0.09272918861959958,0.5222551928783383,0.1138
nyu,1014,0.09287598944591029,0.5222551928783383,0.1139
nyu,1015,0.09292502639915523,0.5222551928783383,0.114
nyu,1016,0.09297411516111992,0.5222551928783383,0.1141
nyu,1017,0.09312169312169312,0.5222551928783383,0.1142
nyu,1018,0.09326974032856386,0.5222551928783383,0.1143
nyu,1019,0.09331919406150584,0.5222551928783383,0.1144
nyu,1020,0.09346787041954328,0.5222551928783383,0.1145
nyu,1021,0.09366684406599254,0.5222551928783383,0.1146
nyu,1022,0.09371671991480299,0.5222551928783383,0.1147
nyu,1023,0.09376664890783165,0.5222551928783383,0.1148
nyu,1024,0.09396689802455953,0.5222551928783383,0.1149
nyu,1025,0.09401709401709402,0.5222551928783383,0.115
nyu,1026,0.09363295880149813,0.5192878338278932,0.1152
nyu,1027,0.09373326191751473,0.5192878338278932,0.1153
nyu,1028,0.0938337801608579,0.5192878338278932,0.1154
nyu,1029,0.0939345142243693,0.5192878338278932,0.1155
nyu,1030,0.09408602150537634,0.5192878338278932,0.1157
nyu,1031,0.09418729817007535,0.5192878338278932,0.1159
nyu,1032,0.09428879310344827,0.5192878338278932,0.116
nyu,1033,0.09433962264150944,0.5192878338278932,0.1161
nyu,1034,0.09439050701186623,0.5192878338278932,0.1163
nyu,1035,0.09444144630329196,0.5192878338278932,0.1164
nyu,1036,0.09449244060475162,0.5192878338278932,0.1165
nyu,1037,0.09464575446187128,0.5192878338278932,0.1166
nyu,1038,0.09479956663055254,0.5192878338278932,0.1168
nyu,1039,0.09490238611713665,0.5192878338278932,0.1171
nyu,1040,0.09495387954422138,0.5192878338278932,0.1172
nyu,1041,0.09510869565217392,0.5192878338278932,0.1173
nyu,1042,0.09516041326808047,0.5192878338278932,0.1175
nyu,1043,0.09521218715995647,0.5192878338278932,0.1181
nyu,1044,0.09536784741144415,0.5192878338278932,0.1183
nyu,1045,0.09547190398254228,0.5192878338278932,0.1184
nyu,1046,0.09557618787547788,0.5192878338278932,0.1185
nyu,1047,0.09562841530054644,0.5192878338278932,0.1186
nyu,1048,0.09568069983597595,0.5192878338278932,0.1187
nyu,1049,0.09573304157549234,0.5192878338278932,0.1189
nyu,1050,0.09578544061302682,0.5192878338278932,0.119
nyu,1051,0.09599561162918267,0.5192878338278932,0.1191
nyu,1052,0.09604829857299671,0.5192878338278932,0.1192
nyu,1053,0.09610104338275673,0.5192878338278932,0.1193
nyu,1054,0.09625962596259625,0.5192878338278932,0.1195
nyu,1055,0.09636563876651982,0.5192878338278932,0.1196
nyu,1056,0.09652509652509653,0.5192878338278932,0.1197
nyu,1057,0.09673852957435047,0.5192878338278932,0.1198
nyu,1058,0.09679203539823009,0.5192878338278932,0.1199
nyu,1059,0.09689922480620156,0.5192878338278932,0.1201
nyu,1060,0.09706045479755962,0.5192878338278932,0.1203
nyu,1061,0.09722222222222222,0.5192878338278932,0.1204
nyu,1062,0.09733036707452725,0.5192878338278932,0.1205
nyu,1063,0.09743875278396437,0.5192878338278932,0.1206
nyu,1064,0.09749303621169916,0.5192878338278932,0.1207
nyu,1065,0.09754738015607581,0.5192878338278932,0.1208
nyu,1066,0.09760178471834914,0.5192878338278932,0.1209
nyu,1067,0.0977107761027359,0.5192878338278932,0.121
nyu,1068,0.09782001117942984,0.5192878338278932,0.1211
nyu,1069,0.09731543624161074,0.516320474777448,0.1212
nyu,1070,0.09736989367655288,0.516320474777448,0.1213
nyu,1071,0.0969187675070028,0.5133531157270029,0.1215
nyu,1072,0.09697309417040359,0.5133531157270029,0.1216
nyu,1073,0.09702748177229388,0.5133531157270029,0.1217
nyu,1074,0.09708193041526375,0.5133531157270029,0.1218
nyu,1075,0.09713644020213363,0.5133531157270029,0.1219
nyu,1076,0.09719101123595505,0.5133531157270029,0.122
nyu,1077,0.09730033745781777,0.5133531157270029,0.1221
nyu,1078,0.09740990990990991,0.5133531157270029,0.1222
nyu,1079,0.09746478873239436,0.5133531157270029,0.1223
nyu,1080,0.09757473209249859,0.5133531157270029,0.1227
nyu,1081,0.09762979683972912,0.5133531157270029,0.1229
nyu,1082,0.09768492377188029,0.5133531157270029,0.123
nyu,1083,0.09785067873303167,0.5133531157270029,0.1231
nyu,1084,0.09745042492917846,0.5103857566765578,0.1234
nyu,1085,0.09750566893424037,0.5103857566765578,0.1235
nyu,1086,0.0975609756097561,0.5103857566765578,0.1239
nyu,1087,0.09761634506242906,0.5103857566765578,0.124
nyu,1088,0.09772727272727273,0.5103857566765578,0.1241
nyu,1089,0.0977828311540648,0.5103857566765578,0.1244
nyu,1090,0.09783845278725825,0.5103857566765578,0.1245
nyu,1091,0.09789413773477519,0.5103857566765578,0.1247
nyu,1092,0.098005698005698,0.5103857566765578,0.1248
nyu,1093,0.09806157354618016,0.5103857566765578,0.1249
nyu,1094,0.09811751283513977,0.5103857566765578,0.125
nyu,1095,0.09822958309537407,0.5103857566765578,0.1251
nyu,1096,0.09828571428571428,0.5103857566765578,0.1253
nyu,1097,0.09834190966266437,0.5103857566765578,0.1254
nyu,1098,0.09788208357183743,0.5074183976261127,0.1256
nyu,1099,0.09799426934097422,0.5074183976261127,0.1257
nyu,1100,0.0981067125645439,0.5074183976261127,0.1258
nyu,1101,0.09816303099885189,0.5074183976261127,0.1259
nyu,1102,0.09821941412981046,0.5074183976261127,0.126
nyu,1103,0.09827586206896552,0.5074183976261127,0.1264
nyu,1104,0.09786989061600461,0.5044510385756676,0.1265
nyu,1105,0.09803921568627451,0.5044510385756676,0.1266
nyu,1106,0.09809578765147144,0.5044510385756676,0.1267
nyu,1107,0.09820912767186597,0.5044510385756676,0.1268
nyu,1108,0.09774436090225563,0.5014836795252225,0.1269
nyu,1109,0.09780092592592593,0.5014836795252225,0.127
nyu,1110,0.09791425260718424,0.5014836795252225,0.1271
nyu,1111,0.09802784222737819,0.5014836795252225,0.1272
nyu,1112,0.09808473592571097,0.5014836795252225,0.1273
nyu,1113,0.09814169570267131,0.5014836795252225,0.1274
nyu,1114,0.09819872167344568,0.5014836795252225,0.1275
nyu,1115,0.09773123909249563,0.49851632047477745,0.1277
nyu,1116,0.09795918367346938,0.49851632047477745,0.1278
nyu,1117,0.09807355516637478,0.49851632047477745,0.1279
nyu,1118,0.09813084112149532,0.49851632047477745,0.128
nyu,1119,0.09818819403857393,0.49851632047477745,0.1281
nyu,1120,0.09824561403508772,0.49851632047477745,0.1282
nyu,1121,0.09836065573770492,0.49851632047477745,0.1284
nyu,1122,0.0984759671746776,0.49851632047477745,0.1285
nyu,1123,0.09800469483568075,0.49554896142433236,0.1286
nyu,1124,0.09806224310041103,0.49554896142433236,0.1287
nyu,1125,0.09811985898942421,0.49554896142433236,0.1288
nyu,1126,0.0976470588235294,0.49258160237388726,0.1291
nyu,1127,0.09793510324483776,0.49258160237388726,0.1293
nyu,1128,0.09799291617473435,0.49258160237388726,0.1295
nyu,1129,0.09810874704491726,0.49258160237388726,0.1296
nyu,1130,0.09822485207100591,0.49258160237388726,0.1297
nyu,1131,0.09828300769686205,0.49258160237388726,0.13
nyu,1132,0.0978067575577949,0.4896142433234421,0.1302
nyu,1133,0.09792284866468842,0.4896142433234421,0.1303
nyu,1134,0.09798099762470308,0.4896142433234421,0.1304
nyu,1135,0.09803921568627451,0.4896142433234421,0.1305
nyu,1136,0.0980975029726516,0.4896142433234421,0.1306
nyu,1137,0.09815585960737656,0.4896142433234421,0.131
nyu,1138,0.09821428571428571,0.4896142433234421,0.1311
nyu,1139,0.09833134684147796,0.4896142433234421,0.1312
nyu,1140,0.09838998211091235,0.4896142433234421,0.1314
nyu,1141,0.09850746268656717,0.4896142433234421,0.1315
nyu,1142,0.0985663082437276,0.4896142433234421,0.1316
nyu,1143,0.09868421052631579,0.4896142433234421,0.1322
nyu,1144,0.09874326750448834,0.4896142433234421,0.1323
nyu,1145,0.09880239520958084,0.4896142433234421,0.1324
nyu,1146,0.09892086330935251,0.4896142433234421,0.1325
nyu,1147,0.09898020395920816,0.4896142433234421,0.1326
nyu,1148,0.0990990990990991,0.4896142433234421,0.1327
nyu,1149,0.09921828021647625,0.4896142433234421,0.1329
nyu,1150,0.09927797833935018,0.4896142433234421,0.133
nyu,1151,0.09933774834437085,0.4896142433234421,0.1331
nyu,1152,0.09939759036144578,0.4896142433234421,0.1332
nyu,1153,0.0995775497887749,0.4896142433234421,0.1333
nyu,1154,0.09975816203143893,0.4896142433234421,0.1334
nyu,1155,0.09987893462469734,0.4896142433234421,0.1335
nyu,1156,0.09993943064809206,0.4896142433234421,0.1338
nyu,1157,0.10006064281382657,0.4896142433234421,0.1339
nyu,1158,0.09969604863221884,0.486646884272997,0.134
nyu,1159,0.09981740718198417,0.486646884272997,0.1341
nyu,1160,0.09987819732034105,0.486646884272997,0.1342
nyu,1161,0.1,0.486646884272997,0.1344
nyu,1162,0.10012210012210013,0.486646884272997,0.1345
nyu,1163,0.10030581039755351,0.486646884272997,0.1348
nyu,1164,0.1003671970624235,0.486646884272997,0.1349
nyu,1165,0.10049019607843138,0.486646884272997,0.135
nyu,1166,0.10055180870631514,0.486646884272997,0.1351
nyu,1167,0.10061349693251534,0.486646884272997,0.1353
nyu,1168,0.10067526089625538,0.486646884272997,0.1355
nyu,1169,0.10073710073710074,0.486646884272997,0.1356
nyu,1170,0.1008610086100861,0.486646884272997,0.1357
nyu,1171,0.10098522167487685,0.486646884272997,0.1359
nyu,1172,0.10104744300677758,0.486646884272997,0.1361
nyu,1173,0.10110974106041924,0.486646884272997,0.1362
nyu,1174,0.1011721159777915,0.486646884272997,0.1363
nyu,1175,0.1012970969734404,0.486646884272997,0.1365
nyu,1176,0.10092879256965945,0.4836795252225519,0.1366
nyu,1177,0.10099132589838909,0.4836795252225519,0.1367
nyu,1178,0.1011166253101737,0.4836795252225519,0.1369
nyu,1179,0.10117939168218498,0.4836795252225519,0.1372
nyu,1180,0.10124223602484472,0.4836795252225519,0.1374
nyu,1181,0.10130515848353014,0.4836795252225519,0.1375
nyu,1182,0.10149439601494396,0.4836795252225519,0.1377
nyu,1183,0.10162094763092269,0.4836795252225519,0.138
nyu,1184,0.10168434185901434,0.4836795252225519,0.1381
nyu,1185,0.1017478152309613,0.4836795252225519,0.1383
nyu,1186,0.10118675827607745,0.4807121661721068,0.1385
nyu,1187,0.10125,0.4807121661721068,0.1386
nyu,1188,0.10144020037570445,0.4807121661721068,0.1389
nyu,1189,0.10150375939849623,0.4807121661721068,0.139
nyu,1190,0.10163111668757842,0.4807121661721068,0.1392
nyu,1191,0.1016949152542373,0.4807121661721068,0.1393
nyu,1192,0.10175879396984924,0.4807121661721068,0.1394
nyu,1193,0.10195091252359975,0.4807121661721068,0.1396
nyu,1194,0.10201511335012595,0.4807121661721068,0.1397
nyu,1195,0.10220820189274447,0.4807121661721068,0.1399
nyu,1196,0.10227272727272728,0.4807121661721068,0.1401
nyu,1197,0.10240202275600506,0.4807121661721068,0.1402
nyu,1198,0.10246679316888045,0.4807121661721068,0.1403
nyu,1199,0.1025965801139962,0.4807121661721068,0.1405
nyu,1200,0.10266159695817491,0.4807121661721068,0.1407
nyu,1201,0.10279187817258884,0.4807121661721068,0.1409
nyu,1202,0.10285714285714286,0.4807121661721068,0.1411
nyu,1203,0.10254777070063695,0.47774480712166173,0.1412
nyu,1204,0.10274409700063816,0.47774480712166173,0.1413
nyu,1205,0.10280970625798212,0.47774480712166173,0.1414
nyu,1206,0.10300703774792067,0.47774480712166173,0.1415
nyu,1207,0.10333761232349166,0.47774480712166173,0.1416
nyu,1208,0.10347043701799485,0.47774480712166173,0.1417
nyu,1209,0.10353697749196142,0.47774480712166173,0.1419
nyu,1210,0.10296010296010295,0.47477744807121663,0.142
nyu,1211,0.10309278350515463,0.47477744807121663,0.1421
nyu,1212,0.10258064516129033,0.47181008902077154,0.1422
nyu,1213,0.10264686894770819,0.47181008902077154,0.1423
nyu,1214,0.10213316095669037,0.4688427299703264,0.1425
nyu,1215,0.1022653721682848,0.4688427299703264,0.1428
nyu,1216,0.101749837977965,0.4658753709198813,0.1429
nyu,1217,0.10181582360570687,0.4658753709198813,0.143
nyu,1218,0.10188189487345879,0.4658753709198813,0.1431
nyu,1219,0.10201429499675113,0.4658753709198813,0.1432
nyu,1220,0.10208062418725618,0.4658753709198813,0.1433
nyu,1221,0.10221354166666667,0.4658753709198813,0.1434
nyu,1222,0.1022801302931596,0.4658753709198813,0.1435
nyu,1223,0.10176125244618395,0.4629080118694362,0.1436
nyu,1224,0.10189418680600915,0.4629080118694362,0.1437
nyu,1225,0.10196078431372549,0.4629080118694362,0.144
nyu,1226,0.10209424083769633,0.4629080118694362,0.1441
nyu,1227,0.10216110019646366,0.4629080118694362,0.1442
nyu,1228,0.10236220472440945,0.4629080118694362,0.1443
nyu,1229,0.10242941562705186,0.4629080118694362,0.1445
nyu,1230,0.10249671484888305,0.4629080118694362,0.145
nyu,1231,0.10263157894736842,0.4629080118694362,0.1452
nyu,1232,0.10276679841897234,0.4629080118694362,0.1454
nyu,1233,0.10283454185893211,0.4629080118694362,0.1455
nyu,1234,0.10290237467018469,0.4629080118694362,0.1459
nyu,1235,0.10297029702970296,0.4629080118694362,0.146
nyu,1236,0.10303830911492734,0.4629080118694362,0.1463
nyu,1237,0.10317460317460317,0.4629080118694362,0.1464
nyu,1238,0.10324288550628723,0.4629080118694362,0.1465
nyu,1239,0.10344827586206896,0.4629080118694362,0.1468
nyu,1240,0.10292164674634795,0.4599406528189911,0.1469
nyu,1241,0.10305851063829788,0.4599406528189911,0.1471
nyu,1242,0.10319573901464714,0.4599406528189911,0.1474
nyu,1243,0.10333333333333333,0.4599406528189911,0.1476
nyu,1244,0.10347129506008011,0.4599406528189911,0.1477
nyu,1245,0.10354041416165664,0.4599406528189911,0.1478
nyu,1246,0.1036096256684492,0.4599406528189911,0.148
nyu,1247,0.10367892976588629,0.4599406528189911,0.1481
nyu,1248,0.1037483266398929,0.4599406528189911,0.1482
nyu,1249,0.10381781647689216,0.4599406528189911,0.1485
nyu,1250,0.1032171581769437,0.456973293768546,0.1487
nyu,1251,0.10328638497652583,0.456973293768546,0.1488
nyu,1252,0.10275352585627938,0.4540059347181009,0.149
nyu,1253,0.1028225806451613,0.4540059347181009,0.1492
nyu,1254,0.10289172831203766,0.4540059347181009,0.1495
nyu,1255,0.10296096904441454,0.4540059347181009,0.1497
nyu,1256,0.10303030303030303,0.4540059347181009,0.1499
nyu,1257,0.10309973045822103,0.4540059347181009,0.1503
nyu,1258,0.10323886639676114,0.4540059347181009,0.1504
nyu,1259,0.10330857528696827,0.4540059347181009,0.1507
nyu,1260,0.10344827586206896,0.4540059347181009,0.1508
nyu,1261,0.10284167794316644,0.45103857566765576,0.151
nyu,1262,0.1029113067027759,0.45103857566765576,0.1511
nyu,1263,0.10305084745762712,0.45103857566765576,0.1512
nyu,1264,0.10312075983717775,0.45103857566765576,0.1513
nyu,1265,0.10319076714188731,0.45103857566765576,0.1514
nyu,1266,0.10326086956521739,0.45103857566765576,0.1515
nyu,1267,0.10333106730115568,0.45103857566765576,0.1516
nyu,1268,0.10279101429543908,0.44807121661721067,0.1517
nyu,1269,0.10286103542234333,0.44807121661721067,0.1519
nyu,1270,0.10252904989747096,0.44510385756676557,0.152
nyu,1271,0.10259917920656635,0.44510385756676557,0.1521
nyu,1272,0.1026694045174538,0.44510385756676557,0.1523
nyu,1273,0.10273972602739725,0.44510385756676557,0.1524
nyu,1274,0.10281014393420151,0.44510385756676557,0.1525
nyu,1275,0.102880658436214,0.44510385756676557,0.1529
nyu,1276,0.10309278350515463,0.44510385756676557,0.153
nyu,1277,0.1031636863823934,0.44510385756676557,0.1531
nyu,1278,0.10323468685478321,0.44510385756676557,0.1536
nyu,1279,0.10330578512396695,0.44510385756676557,0.1537
nyu,1280,0.10344827586206896,0.44510385756676557,0.154
nyu,1281,0.10351966873706005,0.44510385756676557,0.1542
nyu,1282,0.10359116022099447,0.44510385756676557,0.1546
nyu,1283,0.10366275051831375,0.44510385756676557,0.1548
nyu,1284,0.10380622837370242,0.44510385756676557,0.1553
nyu,1285,0.10395010395010396,0.44510385756676557,0.1555
nyu,1286,0.10402219140083217,0.44510385756676557,0.1556
nyu,1287,0.1040943789035392,0.44510385756676557,0.1557
nyu,1288,0.10416666666666667,0.44510385756676557,0.1558
nyu,1289,0.10423905489923559,0.44510385756676557,0.1559
nyu,1290,0.10438413361169102,0.44510385756676557,0.1561
nyu,1291,0.10405027932960893,0.4421364985163205,0.1562
nyu,1292,0.1041958041958042,0.4421364985163205,0.1563
nyu,1293,0.10426871938418475,0.4421364985163205,0.1565
nyu,1294,0.10441485634197617,0.4421364985163205,0.1566
nyu,1295,0.10448807854137447,0.4421364985163205,0.1567
nyu,1296,0.10456140350877192,0.4421364985163205,0.1568
nyu,1297,0.10463483146067416,0.4421364985163205,0.1571
nyu,1298,0.10478199718706048,0.4421364985163205,0.1572
nyu,1299,0.10492957746478873,0.4421364985163205,0.1574
nyu,1300,0.10500352360817478,0.4421364985163205,0.1575
nyu,1301,0.10507757404795487,0.4421364985163205,0.1576
nyu,1302,0.10522598870056497,0.4421364985163205,0.1579
nyu,1303,0.10537482319660538,0.4421364985163205,0.1581
nyu,1304,0.10544939844302902,0.4421364985163205,0.1585
nyu,1305,0.10552407932011332,0.4421364985163205,0.1586
nyu,1306,0.10559886605244508,0.4421364985163205,0.1587
nyu,1307,0.10574875798438609,0.4421364985163205,0.1588
nyu,1308,0.10589907604832978,0.4421364985163205,0.159
nyu,1309,0.10597439544807966,0.4421364985163205,0.1591
nyu,1310,0.10620099786172488,0.4421364985163205,0.1595
nyu,1311,0.10627674750356633,0.4421364985163205,0.1597
nyu,1312,0.10635260528194147,0.4421364985163205,0.1598
nyu,1313,0.10642857142857143,0.4421364985163205,0.1599
nyu,1314,0.10578984989278056,0.4391691394658754,0.16
nyu,1315,0.10515021459227468,0.4362017804154303,0.1601
nyu,1316,0.10530085959885387,0.4362017804154303,0.1602
nyu,1317,0.10473457675753228,0.4332344213649852,0.1603
nyu,1318,0.1048097631012204,0.4332344213649852,0.1606
nyu,1319,0.10488505747126436,0.4332344213649852,0.1607
nyu,1320,0.10503597122302158,0.4332344213649852,0.1608
nyu,1321,0.10518731988472622,0.4332344213649852,0.1609
nyu,1322,0.10526315789473684,0.4332344213649852,0.161
nyu,1323,0.10533910533910534,0.4332344213649852,0.1611
nyu,1324,0.10549132947976879,0.4332344213649852,0.1613
nyu,1325,0.10556760665220535,0.4332344213649852,0.1616
nyu,1326,0.10564399421128799,0.4332344213649852,0.1617
nyu,1327,0.10579710144927536,0.4332344213649852,0.1619
nyu,1328,0.10587382160986222,0.4332344213649852,0.162
nyu,1329,0.10595065312046444,0.4332344213649852,0.1622
nyu,1330,0.10610465116279069,0.4332344213649852,0.1624
nyu,1331,0.10545454545454545,0.43026706231454004,0.1625
nyu,1332,0.10553129548762737,0.43026706231454004,0.1626
nyu,1333,0.10568513119533528,0.43026706231454004,0.1627
nyu,1334,0.10576221735959154,0.43026706231454004,0.163
nyu,1335,0.10583941605839416,0.43026706231454004,0.1631
nyu,1336,0.10607168983174835,0.43026706231454004,0.1632
nyu,1337,0.10622710622710622,0.43026706231454004,0.1633
nyu,1338,0.1063049853372434,0.43026706231454004,0.1635
nyu,1339,0.10638297872340426,0.43026706231454004,0.1637
nyu,1340,0.10646108663729809,0.43026706231454004,0.1639
nyu,1341,0.10661764705882353,0.43026706231454004,0.164
nyu,1342,0.10669610007358352,0.43026706231454004,0.1642
nyu,1343,0.10677466863033873,0.43026706231454004,0.1645
nyu,1344,0.10619469026548672,0.42729970326409494,0.1646
nyu,1345,0.10627306273062731,0.42729970326409494,0.1647
nyu,1346,0.10658771280532939,0.42729970326409494,0.1649
nyu,1347,0.10666666666666667,0.42729970326409494,0.165
nyu,1348,0.10690423162583519,0.42729970326409494,0.1652
nyu,1349,0.10698365527488855,0.42729970326409494,0.1656
nyu,1350,0.10706319702602231,0.42729970326409494,0.1657
nyu,1351,0.10722263588979895,0.42729970326409494,0.1658
nyu,1352,0.10730253353204174,0.42729970326409494,0.1659
nyu,1353,0.10738255033557047,0.42729970326409494,0.1662
nyu,1354,0.10671641791044777,0.42433234421364985,0.1666
nyu,1355,0.10604929051530994,0.42136498516320475,0.1667
nyu,1356,0.10612855007473841,0.42136498516320475,0.1668
nyu,1357,0.10620792819745699,0.42136498516320475,0.1669
nyu,1358,0.10561797752808989,0.41839762611275966,0.167
nyu,1359,0.10510510510510511,0.41543026706231456,0.1671
nyu,1360,0.10518407212622088,0.41543026706231456,0.1672
nyu,1361,0.10458991723100075,0.4124629080118694,0.1675
nyu,1362,0.10466867469879518,0.4124629080118694,0.1676
nyu,1363,0.1048265460030166,0.4124629080118694,0.1678
nyu,1364,0.10490566037735849,0.4124629080118694,0.1679
nyu,1365,0.10498489425981873,0.4124629080118694,0.1681
nyu,1366,0.10506424792139078,0.4124629080118694,0.1683
nyu,1367,0.10522331566994701,0.4124629080118694,0.1685
nyu,1368,0.1053030303030303,0.4124629080118694,0.1686
nyu,1369,0.10538286580742987,0.4124629080118694,0.1687
nyu,1370,0.1054628224582701,0.4124629080118694,0.1689
nyu,1371,0.10570342205323194,0.4124629080118694,0.1691
nyu,1372,0.10578386605783865,0.4124629080118694,0.1692
nyu,1373,0.10586443259710586,0.4124629080118694,0.1693
nyu,1374,0.10602593440122045,0.4124629080118694,0.1696
nyu,1375,0.10618792971734148,0.4124629080118694,0.1699
nyu,1376,0.10626911314984709,0.4124629080118694,0.1701
nyu,1377,0.1063504208110176,0.4124629080118694,0.1709
nyu,1378,0.10651340996168582,0.4124629080118694,0.1711
nyu,1379,0.10667689946277821,0.4124629080118694,0.172
nyu,1380,0.10675883256528418,0.4124629080118694,0.1721
nyu,1381,0.10684089162182936,0.4124629080118694,0.1722
nyu,1382,0.10692307692307693,0.4124629080118694,0.1723
nyu,1383,0.10700538876058506,0.4124629080118694,0.1725
nyu,1384,0.10717039321511179,0.4124629080118694,0.1729
nyu,1385,0.10725308641975309,0.4124629080118694,0.173
nyu,1386,0.10733590733590734,0.4124629080118694,0.1733
nyu,1387,0.10741885625965997,0.4124629080118694,0.1737
nyu,1388,0.10681114551083591,0.4094955489614243,0.1739
nyu,1389,0.10689388071262587,0.4094955489614243,0.174
nyu,1390,0.1062015503875969,0.4065281899109792,0.1741
nyu,1391,0.10628394103956555,0.4065281899109792,0.1745
nyu,1392,0.1063664596273292,0.4065281899109792,0.1746
nyu,1393,0.10653188180404355,0.4065281899109792,0.1748
nyu,1394,0.1059190031152648,0.4035608308605341,0.175
nyu,1395,0.1060842433697348,0.4035608308605341,0.1752
nyu,1396,0.10546875,0.40059347181008903,0.1754
nyu,1397,0.1056338028169014,0.40059347181008903,0.1756
nyu,1398,0.105716523101018,0.40059347181008903,0.1758
nyu,1399,0.10596546310832025,0.40059347181008903,0.1762
nyu,1400,0.10613207547169812,0.40059347181008903,0.1765
nyu,1401,0.10621557828481511,0.40059347181008903,0.1766
nyu,1402,0.1062992125984252,0.40059347181008903,0.1767
nyu,1403,0.10559495665878645,0.39762611275964393,0.1771
nyu,1404,0.1056782334384858,0.39762611275964393,0.1773
nyu,1405,0.10576164167324388,0.39762611275964393,0.1774
nyu,1406,0.10584518167456557,0.39762611275964393,0.1778
nyu,1407,0.10513833992094862,0.39465875370919884,0.1779
nyu,1408,0.10530482977038796,0.39465875370919884,0.1782
nyu,1409,0.10538827258320127,0.39465875370919884,0.1783
nyu,1410,0.10547184773988898,0.39465875370919884,0.1785
nyu,1411,0.10555555555555556,0.39465875370919884,0.1786
nyu,1412,0.10572337042925278,0.39465875370919884,0.1787
nyu,1413,0.10580747812251393,0.39465875370919884,0.1789
nyu,1414,0.10606060606060606,0.39465875370919884,0.179
nyu,1415,0.10614525139664804,0.39465875370919884,0.1792
nyu,1416,0.1062300319488818,0.39465875370919884,0.1794
nyu,1417,0.10631494804156674,0.39465875370919884,0.1795
nyu,1418,0.10657051282051282,0.39465875370919884,0.1797
nyu,1419,0.10665597433841219,0.39465875370919884,0.1799
nyu,1420,0.10691318327974277,0.39465875370919884,0.18
nyu,1421,0.10699919549477072,0.39465875370919884,0.1803
nyu,1422,0.107085346215781,0.39465875370919884,0.1807
nyu,1423,0.10717163577759871,0.39465875370919884,0.1808
nyu,1424,0.10725806451612903,0.39465875370919884,0.1811
nyu,1425,0.10653753026634383,0.3916913946587537,0.1812
nyu,1426,0.10670978172999192,0.3916913946587537,0.1815
nyu,1427,0.10688259109311742,0.3916913946587537,0.1816
nyu,1428,0.10696920583468396,0.3916913946587537,0.1817
nyu,1429,0.10624493106244931,0.3887240356083086,0.1819
nyu,1430,0.10633116883116883,0.3887240356083086,0.1821
nyu,1431,0.10641754670999187,0.3887240356083086,0.1822
nyu,1432,0.10650406504065041,0.3887240356083086,0.1824
nyu,1433,0.10659072416598861,0.3887240356083086,0.1826
nyu,1434,0.1068515497553018,0.3887240356083086,0.1827
nyu,1435,0.10702614379084967,0.3887240356083086,0.1828
nyu,1436,0.107113654946852,0.3887240356083086,0.1831
nyu,1437,0.1072013093289689,0.3887240356083086,0.1832
nyu,1438,0.10737704918032787,0.3887240356083086,0.1835
nyu,1439,0.1066447908121411,0.3857566765578635,0.1836
nyu,1440,0.10682004930156122,0.3857566765578635,0.1837
nyu,1441,0.1069078947368421,0.3857566765578635,0.1838
nyu,1442,0.1070840197693575,0.3857566765578635,0.1846
nyu,1443,0.10726072607260725,0.3857566765578635,0.1847
nyu,1444,0.10752688172043011,0.3857566765578635,0.1851
nyu,1445,0.1076158940397351,0.3857566765578635,0.1852
nyu,1446,0.10770505385252693,0.3857566765578635,0.1853
nyu,1447,0.1077943615257048,0.3857566765578635,0.1857
nyu,1448,0.10705394190871369,0.3827893175074184,0.1858
nyu,1449,0.10714285714285714,0.3827893175074184,0.1859
nyu,1450,0.10723192019950124,0.3827893175074184,0.186
nyu,1451,0.10732113144758736,0.3827893175074184,0.1861
nyu,1452,0.10741049125728559,0.3827893175074184,0.1864
nyu,1453,0.1075,0.3827893175074184,0.1866
nyu,1454,0.10758965804837364,0.3827893175074184,0.1867
nyu,1455,0.10767946577629382,0.3827893175074184,0.1873
nyu,1456,0.10776942355889724,0.3827893175074184,0.1878
nyu,1457,0.10785953177257525,0.3827893175074184,0.188
nyu,1458,0.10794979079497909,0.3827893175074184,0.1881
nyu,1459,0.10804020100502512,0.3827893175074184,0.1882
nyu,1460,0.10822147651006711,0.3827893175074184,0.1884
nyu,1461,0.10831234256926953,0.3827893175074184,0.1885
nyu,1462,0.10840336134453782,0.3827893175074184,0.1886
nyu,1463,0.10849453322119428,0.3827893175074184,0.1887
nyu,1464,0.10858585858585859,0.3827893175074184,0.1891
nyu,1465,0.1087689713322091,0.3827893175074184,0.1892
nyu,1466,0.10886075949367088,0.3827893175074184,0.1893
nyu,1467,0.1089527027027027,0.3827893175074184,0.1894
nyu,1468,0.10913705583756345,0.3827893175074184,0.1897
nyu,1469,0.10922946655376799,0.3827893175074184,0.1902
nyu,1470,0.10932203389830508,0.3827893175074184,0.1905
nyu,1471,0.10950764006791172,0.3827893175074184,0.1907
nyu,1472,0.10960067969413764,0.3827893175074184,0.1908
nyu,1473,0.1096938775510204,0.3827893175074184,0.1911
nyu,1474,0.1097872340425532,0.3827893175074184,0.1913
nyu,1475,0.10997442455242967,0.3827893175074184,0.1914
nyu,1476,0.11016225448334757,0.3827893175074184,0.1917
nyu,1477,0.11044520547945205,0.3827893175074184,0.192
nyu,1478,0.11053984575835475,0.3827893175074184,0.1921
nyu,1479,0.11063464837049743,0.3827893175074184,0.1922
nyu,1480,0.11072961373390558,0.3827893175074184,0.1923
nyu,1481,0.11082474226804123,0.3827893175074184,0.1924
nyu,1482,0.11092003439380911,0.3827893175074184,0.1925
nyu,1483,0.1111111111111111,0.3827893175074184,0.1926
nyu,1484,0.1103448275862069,0.3798219584569733,0.1928
nyu,1485,0.11044003451251079,0.3798219584569733,0.193
nyu,1486,0.11053540587219343,0.3798219584569733,0.1931
nyu,1487,0.11063094209161625,0.3798219584569733,0.1932
nyu,1488,0.11072664359861592,0.3798219584569733,0.1934
nyu,1489,0.10995670995670996,0.3768545994065282,0.1936
nyu,1490,0.11014744145706852,0.3768545994065282,0.1938
nyu,1491,0.10860121633362294,0.37091988130563797,0.1939
nyu,1492,0.10869565217391304,0.37091988130563797,0.194
nyu,1493,0.10879025239338555,0.37091988130563797,0.1941
nyu,1494,0.10888501742160278,0.37091988130563797,0.1944
nyu,1495,0.10907504363001745,0.37091988130563797,0.1947
nyu,1496,0.1091703056768559,0.37091988130563797,0.1949
nyu,1497,0.10936132983377078,0.37091988130563797,0.195
nyu,1498,0.10945709281961472,0.37091988130563797,0.1951
nyu,1499,0.10955302366345311,0.37091988130563797,0.1954
nyu,1500,0.10974539069359086,0.37091988130563797,0.1955
nyu,1501,0.10984182776801406,0.37091988130563797,0.1956
nyu,1502,0.10993843447669305,0.37091988130563797,0.1959
nyu,1503,0.11003521126760564,0.37091988130563797,0.1963
nyu,1504,0.11013215859030837,0.37091988130563797,0.1968
nyu,1505,0.11022927689594356,0.37091988130563797,0.197
nyu,1506,0.10944395410414828,0.36795252225519287,0.1974
nyu,1507,0.10954063604240283,0.36795252225519287,0.1975
nyu,1508,0.10963748894783377,0.36795252225519287,0.1977
nyu,1509,0.1088495575221239,0.3649851632047478,0.1978
nyu,1510,0.10894596988485385,0.3649851632047478,0.198
nyu,1511,0.10904255319148937,0.3649851632047478,0.1981
nyu,1512,0.10923623445825932,0.3649851632047478,0.1983
nyu,1513,0.10933333333333334,0.3649851632047478,0.1984
nyu,1514,0.10854092526690391,0.3620178041543027,0.1996
nyu,1515,0.10863757791629564,0.3620178041543027,0.2001
nyu,1516,0.10813226094727435,0.3590504451038576,0.2003
nyu,1517,0.10832587287376902,0.3590504451038576,0.2009
nyu,1518,0.10842293906810035,0.3590504451038576,0.2014
nyu,1519,0.10762331838565023,0.3560830860534125,0.2019
nyu,1520,0.10771992818671454,0.3560830860534125,0.2021
nyu,1521,0.1078167115902965,0.3560830860534125,0.2024
nyu,1522,0.1079136690647482,0.3560830860534125,0.2027
nyu,1523,0.10810810810810811,0.3560830860534125,0.2029
nyu,1524,0.10820559062218214,0.3560830860534125,0.2031
nyu,1525,0.10830324909747292,0.3560830860534125,0.2032
nyu,1526,0.10840108401084012,0.3560830860534125,0.2034
nyu,1527,0.10849909584086799,0.3560830860534125,0.2037
nyu,1528,0.1076923076923077,0.35311572700296734,0.2038
nyu,1529,0.10778985507246377,0.35311572700296734,0.2042
nyu,1530,0.10788757932910245,0.35311572700296734,0.2048
nyu,1531,0.10798548094373865,0.35311572700296734,0.2049
nyu,1532,0.1080835603996367,0.35311572700296734,0.205
nyu,1533,0.10828025477707007,0.35311572700296734,0.2056
nyu,1534,0.10756608933454877,0.35014836795252224,0.2058
nyu,1535,0.10766423357664233,0.35014836795252224,0.2059
nyu,1536,0.10776255707762557,0.35014836795252224,0.2064
nyu,1537,0.10786106032906764,0.35014836795252224,0.2066
nyu,1538,0.10795974382433669,0.35014836795252224,0.2069
nyu,1539,0.10714285714285714,0.34718100890207715,0.2072
nyu,1540,0.10724106324472961,0.34718100890207715,0.2077
nyu,1541,0.10743801652892562,0.34718100890207715,0.2079
nyu,1542,0.10753676470588236,0.34718100890207715,0.2081
nyu,1543,0.10773480662983426,0.34718100890207715,0.2085
nyu,1544,0.10783410138248847,0.34718100890207715,0.2089
nyu,1545,0.1070110701107011,0.34421364985163205,0.2091
nyu,1546,0.1061865189289012,0.34124629080118696,0.2098
nyu,1547,0.10628465804066543,0.34124629080118696,0.21
nyu,1548,0.10648148148148148,0.34124629080118696,0.2101
nyu,1549,0.10667903525046382,0.34124629080118696,0.2102
nyu,1550,0.10677808727948004,0.34124629080118696,0.2107
nyu,1551,0.10687732342007435,0.34124629080118696,0.2112
nyu,1552,0.10697674418604651,0.34124629080118696,0.2113
nyu,1553,0.10717614165890028,0.34124629080118696,0.2115
nyu,1554,0.10727611940298508,0.34124629080118696,0.2116
nyu,1555,0.10737628384687208,0.34124629080118696,0.2118
nyu,1556,0.10747663551401869,0.34124629080118696,0.212
nyu,1557,0.10757717492984098,0.34124629080118696,0.2124
nyu,1558,0.10767790262172285,0.34124629080118696,0.2127
nyu,1559,0.1077788191190253,0.34124629080118696,0.2132
nyu,1560,0.10704225352112676,0.33827893175074186,0.2134
nyu,1561,0.10714285714285714,0.33827893175074186,0.2139
nyu,1562,0.10724365004703669,0.33827893175074186,0.2141
nyu,1563,0.10734463276836158,0.33827893175074186,0.2144
nyu,1564,0.10744580584354382,0.33827893175074186,0.2147
nyu,1565,0.10754716981132076,0.33827893175074186,0.2149
nyu,1566,0.10764872521246459,0.33827893175074186,0.2151
nyu,1567,0.10680529300567108,0.3353115727002967,0.2154
nyu,1568,0.10690633869441817,0.3353115727002967,0.2156
nyu,1569,0.10606060606060606,0.3323442136498516,0.2161
nyu,1570,0.1061611374407583,0.3323442136498516,0.2162
nyu,1571,0.10646387832699619,0.3323442136498516,0.2163
nyu,1572,0.10666666666666667,0.3323442136498516,0.2166
nyu,1573,0.10676835081029552,0.3323442136498516,0.2167
nyu,1574,0.10687022900763359,0.3323442136498516,0.2171
nyu,1575,0.1069723018147087,0.3323442136498516,0.2176
nyu,1576,0.10707456978967496,0.3323442136498516,0.2179
nyu,1577,0.10717703349282297,0.3323442136498516,0.2189
nyu,1578,0.10727969348659004,0.3323442136498516,0.2192
nyu,1579,0.10738255033557047,0.3323442136498516,0.2194
nyu,1580,0.10748560460652591,0.3323442136498516,0.2196
nyu,1581,0.10758885686839577,0.3323442136498516,0.2201
nyu,1582,0.10779595765158806,0.3323442136498516,0.2202
nyu,1583,0.10800385728061716,0.3323442136498516,0.2211
nyu,1584,0.10810810810810811,0.3323442136498516,0.2214
nyu,1585,0.10821256038647344,0.3323442136498516,0.2217
nyu,1586,0.10831721470019343,0.3323442136498516,0.2222
nyu,1587,0.10842207163601161,0.3323442136498516,0.2227
nyu,1588,0.10776699029126213,0.3293768545994065,0.223
nyu,1589,0.10787172011661808,0.3293768545994065,0.2234
nyu,1590,0.10797665369649806,0.3293768545994065,0.2236
nyu,1591,0.10808179162609542,0.3293768545994065,0.224
nyu,1592,0.10818713450292397,0.3293768545994065,0.2241
nyu,1593,0.10829268292682927,0.3293768545994065,0.2246
nyu,1594,0.1083984375,0.3293768545994065,0.2248
nyu,1595,0.10850439882697947,0.3293768545994065,0.2249
nyu,1596,0.1086105675146771,0.3293768545994065,0.225
nyu,1597,0.10871694417238002,0.3293768545994065,0.2251
nyu,1598,0.10882352941176471,0.3293768545994065,0.2253
nyu,1599,0.10893032384690873,0.3293768545994065,0.2257
nyu,1600,0.10903732809430255,0.3293768545994065,0.2259
nyu,1601,0.10914454277286136,0.3293768545994065,0.2263
nyu,1602,0.10925196850393701,0.3293768545994065,0.2265
nyu,1603,0.10935960591133005,0.3293768545994065,0.2267
nyu,1604,0.10946745562130178,0.3293768545994065,0.2269
nyu,1605,0.10957551826258638,0.3293768545994065,0.2279
nyu,1606,0.10968379446640317,0.3293768545994065,0.228
nyu,1607,0.10979228486646884,0.3293768545994065,0.2285
nyu,1608,0.1099009900990099,0.3293768545994065,0.2287
nyu,1609,0.11000991080277503,0.3293768545994065,0.2289
nyu,1610,0.11011904761904762,0.3293768545994065,0.229
nyu,1611,0.11022840119165839,0.3293768545994065,0.2292
nyu,1612,0.110337972166998,0.3293768545994065,0.2298
nyu,1613,0.11044776119402985,0.3293768545994065,0.2304
nyu,1614,0.11055776892430279,0.3293768545994065,0.2305
nyu,1615,0.1106679960119641,0.3293768545994065,0.2308
nyu,1616,0.11077844311377245,0.3293768545994065,0.2313
nyu,1617,0.1108891108891109,0.3293768545994065,0.2315
nyu,1618,0.111,0.3293768545994065,0.232
nyu,1619,0.11122244488977956,0.3293768545994065,0.2321
nyu,1620,0.11133400200601805,0.3293768545994065,0.2322
nyu,1621,0.11044176706827309,0.3264094955489614,0.2329
nyu,1622,0.1096579476861167,0.32344213649851633,0.2332
nyu,1623,0.10976837865055387,0.32344213649851633,0.2335
nyu,1624,0.10987903225806452,0.32344213649851633,0.234
nyu,1625,0.1099899091826438,0.32344213649851633,0.2346
nyu,1626,0.10920121334681497,0.32047477744807124,0.2352
nyu,1627,0.10840932117527863,0.31750741839762614,0.2355
nyu,1628,0.10851926977687627,0.31750741839762614,0.2359
nyu,1629,0.10862944162436548,0.31750741839762614,0.236
nyu,1630,0.10873983739837398,0.31750741839762614,0.2362
nyu,1631,0.10885045778229908,0.31750741839762614,0.2369
nyu,1632,0.10896130346232179,0.31750741839762614,0.2381
nyu,1633,0.10805300713557595,0.314540059347181,0.2382
nyu,1634,0.10816326530612246,0.314540059347181,0.2386
nyu,1635,0.10827374872318693,0.314540059347181,0.2388
nyu,1636,0.1083844580777096,0.314540059347181,0.2389
nyu,1637,0.10849539406345957,0.314540059347181,0.239
nyu,1638,0.10871794871794872,0.314540059347181,0.2391
nyu,1639,0.10882956878850103,0.314540059347181,0.2393
nyu,1640,0.10894141829393628,0.314540059347181,0.2398
nyu,1641,0.10802469135802469,0.3115727002967359,0.2399
nyu,1642,0.10813594232749743,0.3115727002967359,0.24
nyu,1643,0.10824742268041238,0.3115727002967359,0.2409
nyu,1644,0.10835913312693499,0.3115727002967359,0.2415
nyu,1645,0.10743801652892562,0.3086053412462908,0.2417
nyu,1646,0.10754912099276112,0.3086053412462908,0.2427
nyu,1647,0.10766045548654245,0.3086053412462908,0.243
nyu,1648,0.1077720207253886,0.3086053412462908,0.2431
nyu,1649,0.1078838174273859,0.3086053412462908,0.2436
nyu,1650,0.10799584631360332,0.3086053412462908,0.2438
nyu,1651,0.10810810810810811,0.3086053412462908,0.2443
nyu,1652,0.10740354535974973,0.3056379821958457,0.2455
nyu,1653,0.10762800417972831,0.3056379821958457,0.2456
nyu,1654,0.10774058577405858,0.3056379821958457,0.2465
nyu,1655,0.10785340314136126,0.3056379821958457,0.2468
nyu,1656,0.10796645702306079,0.3056379821958457,0.247
nyu,1657,0.1080797481636936,0.3056379821958457,0.2479
nyu,1658,0.10819327731092437,0.3056379821958457,0.2482
nyu,1659,0.10830704521556257,0.3056379821958457,0.2487
nyu,1660,0.10736842105263159,0.3026706231454006,0.249
nyu,1661,0.10748155953635406,0.3026706231454006,0.2497
nyu,1662,0.10759493670886076,0.3026706231454006,0.2508
nyu,1663,0.10782241014799154,0.3026706231454006,0.2511
nyu,1664,0.10793650793650794,0.3026706231454006,0.2513
nyu,1665,0.10805084745762712,0.3026706231454006,0.2515
nyu,1666,0.10816542948038176,0.3026706231454006,0.2518
nyu,1667,0.10828025477707007,0.3026706231454006,0.2525
nyu,1668,0.10839532412327312,0.3026706231454006,0.2526
nyu,1669,0.10756123535676251,0.2997032640949555,0.2531
nyu,1670,0.10767590618336886,0.2997032640949555,0.2537
nyu,1671,0.10672358591248667,0.29673590504451036,0.2538
nyu,1672,0.10683760683760683,0.29673590504451036,0.254
nyu,1673,0.10695187165775401,0.29673590504451036,0.2542
nyu,1674,0.10706638115631692,0.29673590504451036,0.2549
nyu,1675,0.10718113612004287,0.29673590504451036,0.2553
nyu,1676,0.1072961373390558,0.29673590504451036,0.2564
nyu,1677,0.10741138560687433,0.29673590504451036,0.2572
nyu,1678,0.10656620021528525,0.29376854599406527,0.2577
nyu,1679,0.10668103448275862,0.29376854599406527,0.2581
nyu,1680,0.10679611650485436,0.29376854599406527,0.2587
nyu,1681,0.10691144708423327,0.29376854599406527,0.2588
nyu,1682,0.10702702702702703,0.29376854599406527,0.259
nyu,1683,0.10714285714285714,0.29376854599406527,0.2595
nyu,1684,0.10725893824485373,0.29376854599406527,0.2597
nyu,1685,0.10737527114967461,0.29376854599406527,0.2599
nyu,1686,0.10760869565217392,0.29376854599406527,0.26
nyu,1687,0.10784313725490197,0.29376854599406527,0.2601
nyu,1688,0.1079607415485278,0.29376854599406527,0.2606
nyu,1689,0.10698689956331878,0.29080118694362017,0.2614
nyu,1690,0.10710382513661203,0.29080118694362017,0.2623
nyu,1691,0.10733844468784227,0.29080118694362017,0.2628
nyu,1692,0.10757409440175632,0.29080118694362017,0.2634
nyu,1693,0.1076923076923077,0.29080118694362017,0.264
nyu,1694,0.1078107810781078,0.29080118694362017,0.2642
nyu,1695,0.10694597574421169,0.2878338278931751,0.2643
nyu,1696,0.10718232044198896,0.2878338278931751,0.2644
nyu,1697,0.10730088495575221,0.2878338278931751,0.2662
nyu,1698,0.10741971207087486,0.2878338278931751,0.2665
nyu,1699,0.10753880266075388,0.2878338278931751,0.2666
nyu,1700,0.1076581576026637,0.2878338278931751,0.267
nyu,1701,0.10777777777777778,0.2878338278931751,0.2672
nyu,1702,0.10789766407119021,0.2878338278931751,0.2678
nyu,1703,0.10801781737193764,0.2878338278931751,0.269
nyu,1704,0.10813823857302118,0.2878338278931751,0.2692
nyu,1705,0.10714285714285714,0.28486646884273,0.2697
nyu,1706,0.10614525139664804,0.2818991097922849,0.2698
nyu,1707,0.10514541387024609,0.2789317507418398,0.2708
nyu,1708,0.10526315789473684,0.2789317507418398,0.2716
nyu,1709,0.10426008968609865,0.27596439169139464,0.2719
nyu,1710,0.10449438202247191,0.27596439169139464,0.272
nyu,1711,0.10472972972972973,0.27596439169139464,0.2744
nyu,1712,0.10496613995485328,0.27596439169139464,0.2749
nyu,1713,0.10508474576271186,0.27596439169139464,0.275
nyu,1714,0.10520361990950226,0.27596439169139464,0.2751
nyu,1715,0.10532276330690826,0.27596439169139464,0.2754
nyu,1716,0.10430839002267574,0.27299703264094954,0.2756
nyu,1717,0.10442678774120318,0.27299703264094954,0.2758
nyu,1718,0.10454545454545454,0.27299703264094954,0.276
nyu,1719,0.10466439135381114,0.27299703264094954,0.2764
nyu,1720,0.10478359908883828,0.27299703264094954,0.2769
nyu,1721,0.10490307867730901,0.27299703264094954,0.2771
nyu,1722,0.1050228310502283,0.27299703264094954,0.2779
nyu,1723,0.10514285714285715,0.27299703264094954,0.2781
nyu,1724,0.10411899313501144,0.27002967359050445,0.2791
nyu,1725,0.10423825887743414,0.27002967359050445,0.2803
nyu,1726,0.10435779816513761,0.27002967359050445,0.2809
nyu,1727,0.1044776119402985,0.27002967359050445,0.281
nyu,1728,0.10459770114942529,0.27002967359050445,0.2812
nyu,1729,0.1047180667433832,0.27002967359050445,0.2826
nyu,1730,0.10483870967741936,0.27002967359050445,0.2835
nyu,1731,0.104959630911188,0.27002967359050445,0.2837
nyu,1732,0.10508083140877598,0.27002967359050445,0.285
nyu,1733,0.10532407407407407,0.27002967359050445,0.2854
nyu,1734,0.10544611819235226,0.27002967359050445,0.2856
nyu,1735,0.10556844547563805,0.27002967359050445,0.2857
nyu,1736,0.10569105691056911,0.27002967359050445,0.2872
nyu,1737,0.1058139534883721,0.27002967359050445,0.2879
nyu,1738,0.10606060606060606,0.27002967359050445,0.2881
nyu,1739,0.10618436406067679,0.27002967359050445,0.2892
nyu,1740,0.10655737704918032,0.27002967359050445,0.29
nyu,1741,0.10668229777256741,0.27002967359050445,0.2912
nyu,1742,0.1056338028169014,0.26706231454005935,0.2917
nyu,1743,0.10575793184488837,0.26706231454005935,0.2924
nyu,1744,0.10588235294117647,0.26706231454005935,0.2926
nyu,1745,0.10600706713780919,0.26706231454005935,0.293
nyu,1746,0.10613207547169812,0.26706231454005935,0.2935
nyu,1747,0.10625737898465171,0.26706231454005935,0.2936
nyu,1748,0.10638297872340426,0.26706231454005935,0.2945
nyu,1749,0.10545023696682465,0.26409495548961426,0.2948
nyu,1750,0.1055753262158956,0.26409495548961426,0.295
nyu,1751,0.10570071258907364,0.26409495548961426,0.2951
nyu,1752,0.10463733650416171,0.26112759643916916,0.2971
nyu,1753,0.10476190476190476,0.26112759643916916,0.2974
nyu,1754,0.10488676996424315,0.26112759643916916,0.2976
nyu,1755,0.10501193317422435,0.26112759643916916,0.298
nyu,1756,0.10513739545997611,0.26112759643916916,0.2994
nyu,1757,0.10526315789473684,0.26112759643916916,0.2996
nyu,1758,0.10538922155688622,0.26112759643916916,0.2999
nyu,1759,0.10551558752997602,0.26112759643916916,0.3016
nyu,1760,0.1056422569027611,0.26112759643916916,0.3017
nyu,1761,0.10576923076923077,0.26112759643916916,0.302
nyu,1762,0.10589651022864019,0.26112759643916916,0.3021
nyu,1763,0.10602409638554217,0.26112759643916916,0.3024
nyu,1764,0.10615199034981906,0.26112759643916916,0.3027
nyu,1765,0.10628019323671498,0.26112759643916916,0.3036
nyu,1766,0.10640870616686819,0.26112759643916916,0.304
nyu,1767,0.10653753026634383,0.26112759643916916,0.3047
nyu,1768,0.10666666666666667,0.26112759643916916,0.3056
nyu,1769,0.10679611650485436,0.26112759643916916,0.3059
nyu,1770,0.10692588092345079,0.26112759643916916,0.306
nyu,1771,0.1070559610705596,0.26112759643916916,0.3068
nyu,1772,0.1071863580998782,0.26112759643916916,0.3078
nyu,1773,0.1073170731707317,0.26112759643916916,0.3083
nyu,1774,0.10744810744810745,0.26112759643916916,0.3084
nyu,1775,0.10757946210268948,0.26112759643916916,0.3085
nyu,1776,0.10771113831089352,0.26112759643916916,0.31
nyu,1777,0.10784313725490197,0.26112759643916916,0.3101
nyu,1778,0.10797546012269939,0.26112759643916916,0.3104
nyu,1779,0.10687960687960688,0.258160237388724,0.3108
nyu,1780,0.1070110701107011,0.258160237388724,0.3109
nyu,1781,0.10714285714285714,0.258160237388724,0.3125
nyu,1782,0.10727496917385944,0.258160237388724,0.313
nyu,1783,0.10740740740740741,0.258160237388724,0.3132
nyu,1784,0.10754017305315204,0.258160237388724,0.3135
nyu,1785,0.10767326732673267,0.258160237388724,0.3146
nyu,1786,0.10669975186104218,0.2551928783382789,0.3152
nyu,1787,0.10683229813664596,0.2551928783382789,0.3156
nyu,1788,0.10696517412935323,0.2551928783382789,0.316
nyu,1789,0.10709838107098381,0.2551928783382789,0.3161
nyu,1790,0.10723192019950124,0.2551928783382789,0.3164
nyu,1791,0.10736579275905118,0.2551928783382789,0.3166
nyu,1792,0.1075,0.2551928783382789,0.3172
nyu,1793,0.10763454317897372,0.2551928783382789,0.3176
nyu,1794,0.10776942355889724,0.2551928783382789,0.3181
nyu,1795,0.10790464240903387,0.2551928783382789,0.3183
nyu,1796,0.10804020100502512,0.2551928783382789,0.3185
nyu,1797,0.10831234256926953,0.2551928783382789,0.3194
nyu,1798,0.10844892812105927,0.2551928783382789,0.3195
nyu,1799,0.10732323232323232,0.2522255192878338,0.3197
nyu,1800,0.10619469026548672,0.24925816023738873,0.3205
nyu,1801,0.10506329113924051,0.24629080118694363,0.3214
nyu,1802,0.10519645120405577,0.24629080118694363,0.3215
nyu,1803,0.10406091370558376,0.2433234421364985,0.3224
nyu,1804,0.10419313850063533,0.2433234421364985,0.323
nyu,1805,0.10432569974554708,0.2433234421364985,0.3239
nyu,1806,0.10331632653061225,0.2403560830860534,0.3244
nyu,1807,0.10217113665389528,0.23738872403560832,0.3255
nyu,1808,0.10230179028132992,0.23738872403560832,0.3258
nyu,1809,0.10256410256410256,0.23738872403560832,0.3262
nyu,1810,0.10269576379974327,0.23738872403560832,0.3271
nyu,1811,0.10282776349614396,0.23738872403560832,0.328
nyu,1812,0.10296010296010295,0.23738872403560832,0.3281
nyu,1813,0.10309278350515463,0.23738872403560832,0.329
nyu,1814,0.1032258064516129,0.23738872403560832,0.3293
nyu,1815,0.10335917312661498,0.23738872403560832,0.3297
nyu,1816,0.1034928848641656,0.23738872403560832,0.3299
nyu,1817,0.10246433203631647,0.2344213649851632,0.3307
nyu,1818,0.1025974025974026,0.2344213649851632,0.3308
nyu,1819,0.10273081924577374,0.2344213649851632,0.3312
nyu,1820,0.1016949152542373,0.2314540059347181,0.3318
nyu,1821,0.10196078431372549,0.2314540059347181,0.3331
nyu,1822,0.10209424083769633,0.2314540059347181,0.3333
nyu,1823,0.10222804718217562,0.2314540059347181,0.3334
nyu,1824,0.10236220472440945,0.2314540059347181,0.3338
nyu,1825,0.10249671484888305,0.2314540059347181,0.3341
nyu,1826,0.10263157894736842,0.2314540059347181,0.3367
nyu,1827,0.10276679841897234,0.2314540059347181,0.3386
nyu,1828,0.10290237467018469,0.2314540059347181,0.3389
nyu,1829,0.10303830911492734,0.2314540059347181,0.3405
nyu,1830,0.10317460317460317,0.2314540059347181,0.3411
nyu,1831,0.10331125827814569,0.2314540059347181,0.342
nyu,1832,0.10344827586206896,0.2314540059347181,0.3425
nyu,1833,0.10358565737051793,0.2314540059347181,0.3426
nyu,1834,0.10252996005326231,0.228486646884273,0.3429
nyu,1835,0.102803738317757,0.228486646884273,0.343
nyu,1836,0.10307898259705489,0.228486646884273,0.3435
nyu,1837,0.1032171581769437,0.228486646884273,0.3446
nyu,1838,0.10335570469798658,0.228486646884273,0.3448
nyu,1839,0.10349462365591398,0.228486646884273,0.3451
nyu,1840,0.10363391655450875,0.228486646884273,0.3454
nyu,1841,0.10377358490566038,0.228486646884273,0.3457
nyu,1842,0.1039136302294197,0.228486646884273,0.3459
nyu,1843,0.10405405405405406,0.228486646884273,0.3468
nyu,1844,0.10419485791610285,0.228486646884273,0.3473
nyu,1845,0.1043360433604336,0.228486646884273,0.3474
nyu,1846,0.1044776119402985,0.228486646884273,0.348
nyu,1847,0.10461956521739131,0.228486646884273,0.3485
nyu,1848,0.10476190476190476,0.228486646884273,0.3511
nyu,1849,0.10490463215258855,0.228486646884273,0.3512
nyu,1850,0.10504774897680765,0.228486646884273,0.352
nyu,1851,0.1051912568306011,0.228486646884273,0.3539
nyu,1852,0.10533515731874145,0.228486646884273,0.3544
nyu,1853,0.10410958904109589,0.22551928783382788,0.3546
nyu,1854,0.10425240054869685,0.22551928783382788,0.3548
nyu,1855,0.1043956043956044,0.22551928783382788,0.3552
nyu,1856,0.10453920220082531,0.22551928783382788,0.3555
nyu,1857,0.1046831955922865,0.22551928783382788,0.3556
nyu,1858,0.10344827586206896,0.22255192878338279,0.358
nyu,1859,0.10359116022099447,0.22255192878338279,0.3603
nyu,1860,0.1037344398340249,0.22255192878338279,0.3609
nyu,1861,0.1038781163434903,0.22255192878338279,0.3626
nyu,1862,0.10402219140083217,0.22255192878338279,0.3633
nyu,1863,0.10277777777777777,0.2195845697329377,0.3634
nyu,1864,0.10306406685236769,0.2195845697329377,0.3637
nyu,1865,0.10320781032078104,0.2195845697329377,0.3638
nyu,1866,0.1034965034965035,0.2195845697329377,0.3653
nyu,1867,0.10224089635854341,0.2166172106824926,0.3661
nyu,1868,0.10238429172510519,0.2166172106824926,0.3665
nyu,1869,0.10252808988764045,0.2166172106824926,0.3668
nyu,1870,0.10267229254571027,0.2166172106824926,0.3669
nyu,1871,0.1028169014084507,0.2166172106824926,0.3687
nyu,1872,0.10296191819464035,0.2166172106824926,0.3696
nyu,1873,0.10310734463276836,0.2166172106824926,0.37
nyu,1874,0.10325318246110325,0.2166172106824926,0.3705
nyu,1875,0.10339943342776203,0.2166172106824926,0.3708
nyu,1876,0.10354609929078014,0.2166172106824926,0.3712
nyu,1877,0.10369318181818182,0.2166172106824926,0.3719
nyu,1878,0.10241820768136557,0.21364985163204747,0.3721
nyu,1879,0.10256410256410256,0.21364985163204747,0.3742
nyu,1880,0.10128388017118402,0.21068249258160238,0.3764
nyu,1881,0.10142857142857142,0.21068249258160238,0.3766
nyu,1882,0.10157367668097282,0.21068249258160238,0.3783
nyu,1883,0.1017191977077364,0.21068249258160238,0.3794
nyu,1884,0.10186513629842181,0.21068249258160238,0.3796
nyu,1885,0.10201149425287356,0.21068249258160238,0.3798
nyu,1886,0.10215827338129496,0.21068249258160238,0.38
nyu,1887,0.10230547550432277,0.21068249258160238,0.3806
nyu,1888,0.10245310245310245,0.21068249258160238,0.3819
nyu,1889,0.10260115606936417,0.21068249258160238,0.382
nyu,1890,0.10274963820549927,0.21068249258160238,0.3824
nyu,1891,0.10289855072463767,0.21068249258160238,0.3858
nyu,1892,0.10304789550072568,0.21068249258160238,0.3862
nyu,1893,0.10319767441860465,0.21068249258160238,0.3867
nyu,1894,0.10334788937409024,0.21068249258160238,0.3871
nyu,1895,0.10349854227405247,0.21068249258160238,0.3873
nyu,1896,0.10364963503649635,0.21068249258160238,0.3877
nyu,1897,0.10380116959064327,0.21068249258160238,0.3881
nyu,1898,0.10395314787701318,0.21068249258160238,0.3887
nyu,1899,0.10425844346549193,0.21068249258160238,0.39
nyu,1900,0.10441176470588236,0.21068249258160238,0.3906
nyu,1901,0.10309278350515463,0.20771513353115728,0.3908
nyu,1902,0.103397341211226,0.20771513353115728,0.3916
nyu,1903,0.10355029585798817,0.20771513353115728,0.3919
nyu,1904,0.1037037037037037,0.20771513353115728,0.3921
nyu,1905,0.10237388724035608,0.20474777448071216,0.3924
nyu,1906,0.1025260029717682,0.20474777448071216,0.3944
nyu,1907,0.10267857142857142,0.20474777448071216,0.3955
nyu,1908,0.10283159463487332,0.20474777448071216,0.3965
nyu,1909,0.10298507462686567,0.20474777448071216,0.3974
nyu,1910,0.1031390134529148,0.20474777448071216,0.3977
nyu,1911,0.10329341317365269,0.20474777448071216,0.3984
nyu,1912,0.10344827586206896,0.20474777448071216,0.3993
nyu,1913,0.1036036036036036,0.20474777448071216,0.4015
nyu,1914,0.10225563909774436,0.20178041543026706,0.4027
nyu,1915,0.10105580693815988,0.19881305637982197,0.4037
nyu,1916,0.10120845921450151,0.19881305637982197,0.4038
nyu,1917,0.10136157337367625,0.19881305637982197,0.4042
nyu,1918,0.1,0.19584569732937684,0.4058
nyu,1919,0.10015174506828528,0.19584569732937684,0.4065
nyu,1920,0.10030395136778116,0.19584569732937684,0.4066
nyu,1921,0.1004566210045662,0.19584569732937684,0.4067
nyu,1922,0.10060975609756098,0.19584569732937684,0.4076
nyu,1923,0.10076335877862595,0.19584569732937684,0.4078
nyu,1924,0.10091743119266056,0.19584569732937684,0.4097
nyu,1925,0.10107197549770292,0.19584569732937684,0.4107
nyu,1926,0.09969325153374232,0.19287833827893175,0.4114
nyu,1927,0.09984639016897082,0.19287833827893175,0.4118
nyu,1928,0.1,0.19287833827893175,0.4123
nyu,1929,0.10015408320493066,0.19287833827893175,0.4125
nyu,1930,0.10030864197530864,0.19287833827893175,0.4134
nyu,1931,0.10046367851622875,0.19287833827893175,0.4163
nyu,1932,0.10061919504643962,0.19287833827893175,0.4175
nyu,1933,0.10077519379844961,0.19287833827893175,0.4187
nyu,1934,0.10093167701863354,0.19287833827893175,0.4188
nyu,1935,0.10108864696734059,0.19287833827893175,0.419
nyu,1936,0.10124610591900311,0.19287833827893175,0.4193
nyu,1937,0.10140405616224649,0.19287833827893175,0.4205
nyu,1938,0.1015625,0.19287833827893175,0.4217
nyu,1939,0.10015649452269171,0.18991097922848665,0.4222
nyu,1940,0.10031347962382445,0.18991097922848665,0.4225
nyu,1941,0.10047095761381476,0.18991097922848665,0.4249
nyu,1942,0.10062893081761007,0.18991097922848665,0.4251
nyu,1943,0.10078740157480315,0.18991097922848665,0.4261
nyu,1944,0.10094637223974763,0.18991097922848665,0.4276
nyu,1945,0.10110584518167456,0.18991097922848665,0.4279
nyu,1946,0.10126582278481013,0.18991097922848665,0.4289
nyu,1947,0.10158730158730159,0.18991097922848665,0.4329
nyu,1948,0.10174880763116058,0.18991097922848665,0.4338
nyu,1949,0.10031847133757962,0.18694362017804153,0.4347
nyu,1950,0.10047846889952153,0.18694362017804153,0.4349
nyu,1951,0.1008,0.18694362017804153,0.4355
nyu,1952,0.10096153846153846,0.18694362017804153,0.4364
nyu,1953,0.10112359550561797,0.18694362017804153,0.4376
nyu,1954,0.10128617363344052,0.18694362017804153,0.439
nyu,1955,0.10144927536231885,0.18694362017804153,0.4411
nyu,1956,0.10161290322580645,0.18694362017804153,0.4435
nyu,1957,0.10177705977382875,0.18694362017804153,0.4439
nyu,1958,0.10194174757281553,0.18694362017804153,0.4462
nyu,1959,0.10210696920583469,0.18694362017804153,0.4467
nyu,1960,0.10227272727272728,0.18694362017804153,0.448
nyu,1961,0.1008130081300813,0.18397626112759644,0.4495
nyu,1962,0.10097719869706841,0.18397626112759644,0.4504
nyu,1963,0.10114192495921696,0.18397626112759644,0.4516
nyu,1964,0.10130718954248366,0.18397626112759644,0.4536
nyu,1965,0.10147299509001637,0.18397626112759644,0.4548
nyu,1966,0.1,0.18100890207715134,0.4565
nyu,1967,0.10016420361247948,0.18100890207715134,0.4568
nyu,1968,0.09868421052631579,0.17804154302670624,0.4597
nyu,1969,0.09719934102141681,0.17507418397626112,0.4621
nyu,1970,0.09735973597359736,0.17507418397626112,0.4624
nyu,1971,0.09586776859504133,0.17210682492581603,0.4627
nyu,1972,0.09602649006622517,0.17210682492581603,0.4637
nyu,1973,0.0945273631840796,0.16913946587537093,0.4641
nyu,1974,0.0946843853820598,0.16913946587537093,0.4645
nyu,1975,0.09484193011647254,0.16913946587537093,0.465
nyu,1976,0.09333333333333334,0.1661721068249258,0.4658
nyu,1977,0.09348914858096828,0.1661721068249258,0.4659
nyu,1978,0.09197324414715718,0.1632047477744807,0.4662
nyu,1979,0.09212730318257957,0.1632047477744807,0.467
nyu,1980,0.09228187919463088,0.1632047477744807,0.47
nyu,1981,0.0907563025210084,0.16023738872403562,0.4711
nyu,1982,0.09090909090909091,0.16023738872403562,0.4747
nyu,1983,0.09106239460370995,0.16023738872403562,0.4748
nyu,1984,0.08967851099830795,0.1572700296735905,0.4763
nyu,1985,0.08983050847457627,0.1572700296735905,0.4765
nyu,1986,0.0899830220713073,0.1572700296735905,0.4788
nyu,1987,0.09013605442176871,0.1572700296735905,0.4791
nyu,1988,0.09028960817717206,0.1572700296735905,0.4816
nyu,1989,0.09044368600682594,0.1572700296735905,0.4817
nyu,1990,0.09075342465753425,0.1572700296735905,0.484
nyu,1991,0.09090909090909091,0.1572700296735905,0.4846
nyu,1992,0.09106529209621993,0.1572700296735905,0.4848
nyu,1993,0.08950086058519793,0.1543026706231454,0.4852
nyu,1994,0.0896551724137931,0.1543026706231454,0.4853
nyu,1995,0.08981001727115717,0.1543026706231454,0.4881
nyu,1996,0.09012131715771231,0.1543026706231454,0.4886
nyu,1997,0.09027777777777778,0.1543026706231454,0.4901
nyu,1998,0.09043478260869565,0.1543026706231454,0.4922
nyu,1999,0.09059233449477352,0.1543026706231454,0.4943
nyu,2000,0.08900523560209424,0.1513353115727003,0.4948
nyu,2001,0.08756567425569177,0.14836795252225518,0.4956
nyu,2002,0.08771929824561403,0.14836795252225518,0.4992
nyu,2003,0.08787346221441125,0.14836795252225518,0.5
nyu,2004,0.26277372262773724,0.10682492581602374,0.502
nyu,2005,0.2647058823529412,0.10682492581602374,0.5029
nyu,2006,0.26666666666666666,0.10682492581602374,0.5031
nyu,2007,0.26865671641791045,0.10682492581602374,0.5047
nyu,2008,0.2706766917293233,0.10682492581602374,0.5052
nyu,2009,0.2727272727272727,0.10682492581602374,0.5054
nyu,2010,0.2748091603053435,0.10682492581602374,0.5059
nyu,2011,0.27692307692307694,0.10682492581602374,0.5062
nyu,2012,0.27906976744186046,0.10682492581602374,0.5065
nyu,2013,0.28125,0.10682492581602374,0.5082
nyu,2014,0.28346456692913385,0.10682492581602374,0.5099
nyu,2015,0.2857142857142857,0.10682492581602374,0.5102
nyu,2016,0.288,0.10682492581602374,0.5114
nyu,2017,0.28225806451612906,0.10385756676557864,0.5135
nyu,2018,0.2845528455284553,0.10385756676557864,0.517
nyu,2019,0.28688524590163933,0.10385756676557864,0.5181
nyu,2020,0.2892561983471074,0.10385756676557864,0.5187
nyu,2021,0.2916666666666667,0.10385756676557864,0.5191
nyu,2022,0.29411764705882354,0.10385756676557864,0.5193
nyu,2023,0.2966101694915254,0.10385756676557864,0.5197
nyu,2024,0.3017241379310345,0.10385756676557864,0.5206
nyu,2025,0.30434782608695654,0.10385756676557864,0.5237
nyu,2026,0.30701754385964913,0.10385756676557864,0.5258
nyu,2027,0.30973451327433627,0.10385756676557864,0.5281
nyu,2028,0.3125,0.10385756676557864,0.5293
nyu,2029,0.3153153153153153,0.10385756676557864,0.533
nyu,2030,0.3181818181818182,0.10385756676557864,0.5344
nyu,2031,0.3211009174311927,0.10385756676557864,0.5366
nyu,2032,0.32407407407407407,0.10385756676557864,0.5368
nyu,2033,0.32710280373831774,0.10385756676557864,0.5372
nyu,2034,0.330188679245283,0.10385756676557864,0.5373
nyu,2035,0.3333333333333333,0.10385756676557864,0.542
nyu,2036,0.33653846153846156,0.10385756676557864,0.5422
nyu,2037,0.33980582524271846,0.10385756676557864,0.5473
nyu,2038,0.3333333333333333,0.10089020771513353,0.55
nyu,2039,0.33663366336633666,0.10089020771513353,0.5515
nyu,2040,0.34,0.10089020771513353,0.5554
nyu,2041,0.3434343434343434,0.10089020771513353,0.5565
nyu,2042,0.3469387755102041,0.10089020771513353,0.5566
nyu,2043,0.35051546391752575,0.10089020771513353,0.5571
nyu,2044,0.3541666666666667,0.10089020771513353,0.5581
nyu,2045,0.35789473684210527,0.10089020771513353,0.5594
nyu,2046,0.3617021276595745,0.10089020771513353,0.5595
nyu,2047,0.3548387096774194,0.09792284866468842,0.5612
nyu,2048,0.358695652173913,0.09792284866468842,0.5637
nyu,2049,0.3626373626373626,0.09792284866468842,0.5654
nyu,2050,0.35555555555555557,0.09495548961424333,0.567
nyu,2051,0.3595505617977528,0.09495548961424333,0.5759
nyu,2052,0.36363636363636365,0.09495548961424333,0.5808
nyu,2053,0.367816091954023,0.09495548961424333,0.5816
nyu,2054,0.37209302325581395,0.09495548961424333,0.5834
nyu,2055,0.36470588235294116,0.09198813056379822,0.589
nyu,2056,0.36904761904761907,0.09198813056379822,0.5892
nyu,2057,0.3614457831325301,0.08902077151335312,0.5898
nyu,2058,0.36585365853658536,0.08902077151335312,0.5909
nyu,2059,0.37037037037037035,0.08902077151335312,0.5949
nyu,2060,0.375,0.08902077151335312,0.5956
nyu,2061,0.3670886075949367,0.08605341246290801,0.5962
nyu,2062,0.3717948717948718,0.08605341246290801,0.5965
nyu,2063,0.37662337662337664,0.08605341246290801,0.5971
nyu,2064,0.3815789473684211,0.08605341246290801,0.5991
nyu,2065,0.38666666666666666,0.08605341246290801,0.6087
nyu,2066,0.3918918918918919,0.08605341246290801,0.6103
nyu,2067,0.3972602739726027,0.08605341246290801,0.6111
nyu,2068,0.4027777777777778,0.08605341246290801,0.6139
nyu,2069,0.4142857142857143,0.08605341246290801,0.6144
nyu,2070,0.42028985507246375,0.08605341246290801,0.6174
nyu,2071,0.4264705882352941,0.08605341246290801,0.628
nyu,2072,0.43283582089552236,0.08605341246290801,0.6331
nyu,2073,0.42424242424242425,0.0830860534124629,0.6333
nyu,2074,0.4307692307692308,0.0830860534124629,0.6351
nyu,2075,0.421875,0.08011869436201781,0.6395
nyu,2076,0.42857142857142855,0.08011869436201781,0.6399
nyu,2077,0.43548387096774194,0.08011869436201781,0.6421
nyu,2078,0.4426229508196721,0.08011869436201781,0.6447
nyu,2079,0.45,0.08011869436201781,0.6467
nyu,2080,0.4576271186440678,0.08011869436201781,0.6555
nyu,2081,0.4482758620689655,0.0771513353115727,0.6556
nyu,2082,0.45614035087719296,0.0771513353115727,0.6604
nyu,2083,0.44642857142857145,0.07418397626112759,0.6622
nyu,2084,0.45454545454545453,0.07418397626112759,0.6637
nyu,2085,0.4444444444444444,0.0712166172106825,0.6761
nyu,2086,0.4528301886792453,0.0712166172106825,0.6783
nyu,2087,0.4423076923076923,0.06824925816023739,0.6788
nyu,2088,0.45098039215686275,0.06824925816023739,0.6791
nyu,2089,0.46,0.06824925816023739,0.681
nyu,2090,0.46938775510204084,0.06824925816023739,0.6813
nyu,2091,0.4791666666666667,0.06824925816023739,0.6951
nyu,2092,0.46808510638297873,0.06528189910979229,0.6954
nyu,2093,0.45652173913043476,0.06231454005934718,0.6967
nyu,2094,0.4666666666666667,0.06231454005934718,0.6971
nyu,2095,0.4772727272727273,0.06231454005934718,0.7097
nyu,2096,0.4883720930232558,0.06231454005934718,0.7132
nyu,2097,0.5,0.06231454005934718,0.7202
nyu,2098,0.5121951219512195,0.06231454005934718,0.7241
nyu,2099,0.5,0.05934718100890208,0.7302
nyu,2100,0.5128205128205128,0.05934718100890208,0.7394
nyu,2101,0.5263157894736842,0.05934718100890208,0.7414
nyu,2102,0.5135135135135135,0.05637982195845697,0.7422
nyu,2103,0.5,0.05341246290801187,0.7461
nyu,2104,0.5142857142857142,0.05341246290801187,0.7538
nyu,2105,0.5294117647058824,0.05341246290801187,0.7577
nyu,2106,0.5151515151515151,0.050445103857566766,0.7587
nyu,2107,0.53125,0.050445103857566766,0.7604
nyu,2108,0.5,0.04451038575667656,0.7608
nyu,2109,0.4827586206896552,0.04154302670623145,0.765
nyu,2110,0.5,0.04154302670623145,0.7671
nyu,2111,0.5185185185185185,0.04154302670623145,0.7695
nyu,2112,0.5,0.03857566765578635,0.7876
nyu,2113,0.48,0.03560830860534125,0.791
nyu,2114,0.5,0.03560830860534125,0.7913
nyu,2115,0.5217391304347826,0.03560830860534125,0.7923
nyu,2116,0.5454545454545454,0.03560830860534125,0.8018
nyu,2117,0.5714285714285714,0.03560830860534125,0.8026
nyu,2118,0.55,0.032640949554896145,0.8094
nyu,2119,0.5263157894736842,0.02967359050445104,0.8113
nyu,2120,0.5555555555555556,0.02967359050445104,0.8195
nyu,2121,0.5294117647058824,0.026706231454005934,0.8233
nyu,2122,0.5,0.02373887240356083,0.8236
nyu,2123,0.5333333333333333,0.02373887240356083,0.8266
nyu,2124,0.5,0.020771513353115726,0.8345
nyu,2125,0.5384615384615384,0.020771513353115726,0.8373
nyu,2126,0.5,0.017804154302670624,0.8506
nyu,2127,0.5454545454545454,0.017804154302670624,0.8594
nyu,2128,0.6,0.017804154302670624,0.8935
nyu,2129,0.6666666666666666,0.017804154302670624,0.9057
nyu,2130,0.625,0.01483679525222552,0.9207
nyu,2131,0.7142857142857143,0.01483679525222552,0.9212
nyu,2132,0.6666666666666666,0.011869436201780416,0.9338
nyu,2133,0.8,0.011869436201780416,0.9377
nyu,2134,0.75,0.008902077151335312,0.9582
nyu,2135,1.0,0.008902077151335312,0.9632
nyu,2136,1.0,0.005934718100890208,0.9801
nyu,2137,1.0,0.002967359050445104,0.9971
nyu,2138,1.0,0.0,
glam,0,0.04044161766470659,1.0,0.0
glam,1,0.041770057899090156,0.8991097922848664,0.003
glam,2,0.04178157749586321,0.8991097922848664,0.0031
glam,3,0.04179886880949096,0.8991097922848664,0.0032
glam,4,0.0418046357615894,0.8991097922848664,0.0033
glam,5,0.041827719491993376,0.8991097922848664,0.0034
glam,6,0.04186817742158353,0.8991097922848664,0.0035
glam,7,0.04198420396286546,0.8991097922848664,0.0036
glam,8,0.042141863699582754,0.8991097922848664,0.0037
glam,9,0.0421493370551291,0.8961424332344213,0.0038
glam,10,0.04221598877980365,0.8931750741839762,0.0039
glam,11,0.042315312765355224,0.887240356083086,0.004
glam,12,0.04255621975519499,0.887240356083086,0.0041
glam,13,0.042592858167216405,0.8813056379821959,0.0042
glam,14,0.04292527821939587,0.8813056379821959,0.0043
glam,15,0.043174880069777585,0.8813056379821959,0.0044
glam,16,0.04293040293040293,0.8694362017804155,0.0045
glam,17,0.043170767644025346,0.8694362017804155,0.0046
glam,18,0.04317507418397626,0.8635014836795252,0.0047
glam,19,0.043400447427293064,0.8635014836795252,0.0048
glam,20,0.04323111443530292,0.857566765578635,0.0049
glam,21,0.04336734693877551,0.857566765578635,0.005
glam,22,0.04339309929184873,0.8545994065281899,0.0051
glam,23,0.04356375737407352,0.8545994065281899,0.0052
glam,24,0.04343204252088079,0.8486646884272997,0.0053
glam,25,0.04361750800671039,0.8486646884272997,0.0054
glam,26,0.04375764993880049,0.8486646884272997,0.0055
glam,27,0.04389869531849578,0.8486646884272997,0.0056
glam,28,0.04374614910659273,0.8427299703264095,0.0057
glam,29,0.0439016849590354,0.8427299703264095,0.0058
glam,30,0.044065166795965865,0.8427299703264095,0.0059
glam,31,0.04422987073664538,0.8427299703264095,0.006
glam,32,0.04419803217241918,0.8397626112759644,0.0061
glam,33,0.04415909802693392,0.8367952522255193,0.0062
glam,34,0.04414074772227458,0.8338278931750742,0.0063
glam,35,0.04409448818897638,0.8308605341246291,0.0064
glam,36,0.04420587306599305,0.8308605341246291,0.0065
glam,37,0.04415954415954416,0.827893175074184,0.0066
glam,38,0.04413398952214637,0.8249258160237388,0.0067
glam,39,0.04424637911825561,0.8249258160237388,0.0068
glam,40,0.044178628389154706,0.8219584569732937,0.0069
glam,41,0.044277493606138106,0.8219584569732937,0.007
glam,42,0.044216597244472924,0.8189910979228486,0.0071
glam,43,0.04425914047466325,0.8189910979228486,0.0072
glam,44,0.0444015444015444,0.8189910979228486,0.0073
glam,45,0.04438347320852163,0.8160237388724035,0.0074
glam,46,0.044476791201682034,0.8160237388724035,0.0075
glam,47,0.044563279857397504,0.8160237388724035,0.0076
glam,48,0.044455300439667805,0.8100890207715133,0.0077
glam,49,0.04453507340946167,0.8100890207715133,0.0078
glam,50,0.04463701765860039,0.8100890207715133,0.0079
glam,51,0.04472477064220184,0.8100890207715133,0.008
glam,52,0.04479816212668198,0.8100890207715133,0.0081
glam,53,0.04475156301414939,0.8071216617210683,0.0082
glam,54,0.044682605111294314,0.8041543026706232,0.0083
glam,55,0.04462809917355372,0.8011869436201781,0.0084
glam,56,0.044709388971684055,0.8011869436201781,0.0085
glam,57,0.0447512893029446,0.798219584569733,0.0086
glam,58,0.04507372654155496,0.798219584569733,0.0087
glam,59,0.04514064342260401,0.7952522255192879,0.0088
glam,60,0.044884823848238484,0.7863501483679525,0.0089
glam,61,0.044786324786324785,0.7774480712166172,0.009
glam,62,0.0448121337469838,0.771513353115727,0.0091
glam,63,0.04481744246409414,0.7685459940652819,0.0092
glam,64,0.04497308560513978,0.7685459940652819,0.0093
glam,65,0.045082680591818976,0.7685459940652819,0.0094
glam,66,0.04506550218340611,0.7655786350148368,0.0095
glam,67,0.04516016103623315,0.7655786350148368,0.0096
glam,68,0.04523934771173067,0.7655786350148368,0.0097
glam,69,0.0454065469904963,0.7655786350148368,0.0098
glam,70,0.04553476879632898,0.7655786350148368,0.0099
glam,71,0.045647558386411886,0.7655786350148368,0.01
glam,72,0.045825932504440496,0.7655786350148368,0.0101
glam,73,0.04595653722835768,0.7655786350148368,0.0102
glam,74,0.04611260053619303,0.7655786350148368,0.0103
glam,75,0.046311254711900916,0.7655786350148368,0.0104
glam,76,0.046068022314198306,0.7596439169139466,0.0105
glam,77,0.04618437669132239,0.7596439169139466,0.0106
glam,78,0.04629294755877034,0.7596439169139466,0.0107
glam,79,0.0464694136866945,0.7596439169139466,0.0108
glam,80,0.046579330422125184,0.7596439169139466,0.0109
glam,81,0.04670680532749498,0.7596439169139466,0.011
glam,82,0.04685212298682284,0.7596439169139466,0.0111
glam,83,0.047006977598237236,0.7596439169139466,0.0112
glam,84,0.047110783952889215,0.7596439169139466,0.0113
glam,85,0.04731977818853974,0.7596439169139466,0.0114
glam,86,0.0474337594960163,0.7596439169139466,0.0115
glam,87,0.0476013387876534,0.7596439169139466,0.0116
glam,88,0.04777010636312745,0.7596439169139466,0.0117
glam,89,0.04795803671787186,0.7596439169139466,0.0118
glam,90,0.04815650865312265,0.7596439169139466,0.0119
glam,91,0.0481859410430839,0.7566765578635015,0.012
glam,92,0.048405466970387244,0.7566765578635015,0.0121
glam,93,0.04853444994290065,0.7566765578635015,0.0122
glam,94,0.04851031321619557,0.7537091988130564,0.0123
glam,95,0.04865900383141762,0.7537091988130564,0.0124
glam,96,0.048808608762490394,0.7537091988130564,0.0125
glam,97,0.04890257989988448,0.7537091988130564,0.0126
glam,98,0.04903474903474903,0.7537091988130564,0.0127
glam,99,0.04924389298177588,0.7537091988130564,0.0128
glam,100,0.049454828660436136,0.7537091988130564,0.0129
glam,101,0.04961906622387185,0.7537091988130564,0.013
glam,102,0.049764890282131664,0.7537091988130564,0.0131
glam,103,0.049921383647798745,0.7537091988130564,0.0132
glam,104,0.050068992706485314,0.7537091988130564,0.0133
glam,105,0.050257222002374355,0.7537091988130564,0.0134
glam,106,0.050268229684085036,0.7507418397626113,0.0135
glam,107,0.05038836885082653,0.7507418397626113,0.0136
glam,108,0.0506,0.7507418397626113,0.0137
glam,109,0.05081341634866439,0.7507418397626113,0.0138
glam,110,0.051111111111111114,0.7507418397626113,0.0139
glam,111,0.051105252484283104,0.7477744807121661,0.014
glam,112,0.05135520684736091,0.7477744807121661,0.0141
glam,113,0.051544283084475354,0.7477744807121661,0.0142
glam,114,0.051702913418137056,0.7477744807121661,0.0143
glam,115,0.0519159456118665,0.7477744807121661,0.0144
glam,116,0.05213074058750517,0.7477744807121661,0.0145
glam,117,0.05232558139534884,0.7477744807121661,0.0146
glam,118,0.0525328330206379,0.7477744807121661,0.0147
glam,119,0.0527086383601757,0.7477744807121661,0.0148
glam,120,0.05291894162116758,0.7477744807121661,0.0149
glam,121,0.05313092979127135,0.7477744807121661,0.015
glam,122,0.05326569435637286,0.7477744807121661,0.0151
glam,123,0.053514546612868974,0.7477744807121661,0.0152
glam,124,0.05323679727427598,0.7418397626112759,0.0153
glam,125,0.0532051282051282,0.7388724035608308,0.0154
glam,126,0.05336476639519931,0.7388724035608308,0.0155
glam,127,0.05358295674628793,0.7388724035608308,0.0156
glam,128,0.05384948096885813,0.7388724035608308,0.0157
glam,129,0.05401301518438178,0.7388724035608308,0.0158
glam,130,0.05422473867595819,0.7388724035608308,0.0159
glam,131,0.054521567768776,0.7388724035608308,0.016
glam,132,0.054725274725274727,0.7388724035608308,0.0161
glam,133,0.05489417989417989,0.7388724035608308,0.0162
glam,134,0.05514950166112957,0.7388724035608308,0.0163
glam,135,0.055308751665926255,0.7388724035608308,0.0164
glam,136,0.05554316306045059,0.7388724035608308,0.0165
glam,137,0.05577956989247312,0.7388724035608308,0.0166
glam,138,0.05603060306030603,0.7388724035608308,0.0167
glam,139,0.05623306233062331,0.7388724035608308,0.0168
glam,140,0.056398640996602495,0.7388724035608308,0.0169
glam,141,0.05653950953678474,0.7388724035608308,0.017
glam,142,0.05653065876453157,0.7359050445103857,0.0171
glam,143,0.05671163960667734,0.7359050445103857,0.0172
glam,144,0.0569198990130824,0.7359050445103857,0.0173
glam,145,0.05714285714285714,0.7359050445103857,0.0174
glam,146,0.05730129390018484,0.7359050445103857,0.0175
glam,147,0.057460611677479144,0.7359050445103857,0.0176
glam,148,0.05764760576476058,0.7359050445103857,0.0177
glam,149,0.057822336208906505,0.7359050445103857,0.0178
glam,150,0.058093230264698995,0.7359050445103857,0.0179
glam,151,0.05825698848954663,0.7359050445103857,0.018
glam,152,0.0583666745116498,0.7359050445103857,0.0181
glam,153,0.058531980174651874,0.7359050445103857,0.0182
glam,154,0.05875384979862592,0.7359050445103857,0.0183
glam,155,0.058991436726926735,0.7359050445103857,0.0184
glam,156,0.05917442137914579,0.7359050445103857,0.0185
glam,157,0.05937275556619583,0.7359050445103857,0.0186
glam,158,0.05973025048169557,0.7359050445103857,0.0187
glam,159,0.05994682136814117,0.7359050445103857,0.0188
glam,160,0.06019417475728155,0.7359050445103857,0.0189
glam,161,0.06045831301803998,0.7359050445103857,0.019
glam,162,0.06065052580092932,0.7359050445103857,0.0191
glam,163,0.06081412457086807,0.7359050445103857,0.0192
glam,164,0.0611439842209073,0.7359050445103857,0.0193
glam,165,0.061355764473033154,0.7359050445103857,0.0194
glam,166,0.06149268534589636,0.7359050445103857,0.0195
glam,167,0.061752988047808766,0.7359050445103857,0.0196
glam,168,0.06201550387596899,0.7359050445103857,0.0197
glam,169,0.06212424849699399,0.7359050445103857,0.0198
glam,170,0.06226462465478283,0.7359050445103857,0.0199
glam,171,0.06245278267438932,0.7359050445103857,0.02
glam,172,0.06270543615676359,0.7359050445103857,0.0201
glam,173,0.06299212598425197,0.7359050445103857,0.0202
glam,174,0.06320081549439348,0.7359050445103857,0.0203
glam,175,0.06349206349206349,0.7359050445103857,0.0204
glam,176,0.06375321336760925,0.7359050445103857,0.0205
glam,177,0.06391752577319587,0.7359050445103857,0.0206
glam,178,0.06387380398241531,0.7329376854599406,0.0207
glam,179,0.06405601659751037,0.7329376854599406,0.0208
glam,180,0.06422256890275611,0.7329376854599406,0.0209
glam,181,0.06455828541557762,0.7329376854599406,0.021
glam,182,0.0646935568360398,0.7329376854599406,0.0211
glam,183,0.06496580746975276,0.7329376854599406,0.0212
glam,184,0.06485631426311626,0.7299703264094956,0.0213
glam,185,0.06472919418758256,0.7270029673590505,0.0214
glam,186,0.06472148541114059,0.7240356083086054,0.0215
glam,187,0.06491088055333866,0.7240356083086054,0.0216
glam,188,0.06515353805073432,0.7240356083086054,0.0217
glam,189,0.06532797858099063,0.7240356083086054,0.0218
glam,190,0.06546820499060907,0.7240356083086054,0.0219
glam,191,0.06566200215285253,0.7240356083086054,0.022
glam,192,0.06589251957871996,0.7240356083086054,0.0221
glam,193,0.0659994590208277,0.7240356083086054,0.0222
glam,194,0.06617846487659344,0.7240356083086054,0.0223
glam,195,0.06641262928688078,0.7240356083086054,0.0224
glam,196,0.06661206661206662,0.7240356083086054,0.0225
glam,197,0.06684931506849315,0.7240356083086054,0.0226
glam,198,0.06708825955457795,0.7240356083086054,0.0227
glam,199,0.06734750207010765,0.7240356083086054,0.0228
glam,200,0.06731301939058172,0.7210682492581603,0.0229
glam,201,0.06753752084491384,0.7210682492581603,0.023
glam,202,0.06766917293233082,0.7210682492581603,0.0231
glam,203,0.06787709497206704,0.7210682492581603,0.0232
glam,204,0.06810538116591928,0.7210682492581603,0.0233
glam,205,0.06822010106681639,0.7210682492581603,0.0234
glam,206,0.06843142776682624,0.7210682492581603,0.0235
glam,207,0.06868287167891464,0.7210682492581603,0.0236
glam,208,0.06887755102040816,0.7210682492581603,0.0237
glam,209,0.06911262798634812,0.7210682492581603,0.0238
glam,210,0.06932952924393723,0.7210682492581603,0.0239
glam,211,0.06952789699570816,0.7210682492581603,0.024
glam,212,0.0696874103814167,0.7210682492581603,0.0241
glam,213,0.06990794016110471,0.7210682492581603,0.0242
glam,214,0.07002881844380403,0.7210682492581603,0.0243
glam,215,0.0703125,0.7210682492581603,0.0244
glam,216,0.0705984892504358,0.7210682492581603,0.0245
glam,217,0.07047175305765871,0.7181008902077152,0.0246
glam,218,0.07063631056625802,0.7181008902077152,0.0247
glam,219,0.07078093009651945,0.7181008902077152,0.0248
glam,220,0.070926143024619,0.7181008902077152,0.0249
glam,221,0.07109283196239718,0.7181008902077152,0.025
glam,222,0.07121836374337846,0.7181008902077152,0.0251
glam,223,0.07136537894426423,0.7181008902077152,0.0252
glam,224,0.07134399052693902,0.7151335311572701,0.0253
glam,225,0.07142857142857142,0.7151335311572701,0.0254
glam,226,0.07161961367013372,0.7151335311572701,0.0255
glam,227,0.07174754391187854,0.7151335311572701,0.0256
glam,228,0.0717060053779504,0.712166172106825,0.0257
glam,229,0.07164268585131894,0.7091988130563798,0.0258
glam,230,0.07181490384615384,0.7091988130563798,0.0259
glam,231,0.07205305999397045,0.7091988130563798,0.026
glam,232,0.0722709404293922,0.7091988130563798,0.0261
glam,233,0.07251213592233009,0.7091988130563798,0.0262
glam,234,0.07282145033516149,0.7091988130563798,0.0263
glam,235,0.07299938912645082,0.7091988130563798,0.0264
glam,236,0.07326793378295524,0.7091988130563798,0.0265
glam,237,0.0734029484029484,0.7091988130563798,0.0266
glam,238,0.0736290819470117,0.7091988130563798,0.0267
glam,239,0.07376543209876543,0.7091988130563798,0.0268
glam,240,0.0739480198019802,0.7091988130563798,0.0269
glam,241,0.07410852713178294,0.7091988130563798,0.027
glam,242,0.07443164123326067,0.7091988130563798,0.0271
glam,243,0.07452447770502027,0.7091988130563798,0.0272
glam,244,0.07471084713973117,0.7091988130563798,0.0273
glam,245,0.07482780212899186,0.7091988130563798,0.0274
glam,246,0.07501569365976146,0.7091988130563798,0.0275
glam,247,0.07520453115166771,0.7091988130563798,0.0276
glam,248,0.07548957675300064,0.7091988130563798,0.0277
glam,249,0.0756089844985764,0.7091988130563798,0.0278
glam,250,0.07572877059569075,0.7091988130563798,0.0279
glam,251,0.07592121982210928,0.7091988130563798,0.028
glam,252,0.0758444869343531,0.7062314540059347,0.0281
glam,253,0.07616,0.7062314540059347,0.0282
glam,254,0.07652733118971061,0.7062314540059347,0.0283
glam,255,0.07667525773195877,0.7062314540059347,0.0284
glam,256,0.07655038759689922,0.7032640949554896,0.0285
glam,257,0.07677356656948493,0.7032640949554896,0.0286
glam,258,0.07694805194805195,0.7032640949554896,0.0287
glam,259,0.0770481144343303,0.7032640949554896,0.0288
glam,260,0.07737512242899118,0.7032640949554896,0.0289
glam,261,0.07762856207009498,0.7032640949554896,0.029
glam,262,0.0778069599474721,0.7032640949554896,0.0291
glam,263,0.07801184990125082,0.7032640949554896,0.0292
glam,264,0.07829534192269574,0.7032640949554896,0.0293
glam,265,0.07847682119205299,0.7032640949554896,0.0294
glam,266,0.0787375415282392,0.7032640949554896,0.0295
glam,267,0.07894736842105263,0.7032640949554896,0.0296
glam,268,0.07913188647746244,0.7032640949554896,0.0297
glam,269,0.07934382323401407,0.7032640949554896,0.0298
glam,270,0.07963709677419355,0.7032640949554896,0.0299
glam,271,0.07946127946127945,0.7002967359050445,0.03
glam,272,0.07964900438744515,0.7002967359050445,0.0301
glam,273,0.07983761840324763,0.7002967359050445,0.0302
glam,274,0.08002712783994574,0.7002967359050445,0.0303
glam,275,0.08032675289312458,0.7002967359050445,0.0304
glam,276,0.08012274122059325,0.6973293768545994,0.0305
glam,277,0.08036935704514364,0.6973293768545994,0.0306
glam,278,0.08061749571183534,0.6973293768545994,0.0307
glam,279,0.08086717136958017,0.6973293768545994,0.0308
glam,280,0.08097863542384562,0.6973293768545994,0.0309
glam,281,0.0810904071773637,0.6973293768545994,0.031
glam,282,0.08102493074792244,0.6943620178041543,0.0311
glam,283,0.08116545265348596,0.6943620178041543,0.0312
glam,284,0.08115639150121909,0.6913946587537092,0.0313
glam,285,0.08135474860335196,0.6913946587537092,0.0314
glam,286,0.08158263305322129,0.6913946587537092,0.0315
glam,287,0.08163980378416258,0.6913946587537092,0.0316
glam,288,0.08186929023190442,0.6913946587537092,0.0317
glam,289,0.08224496999647017,0.6913946587537092,0.0318
glam,290,0.08253630889125044,0.6913946587537092,0.0319
glam,291,0.08268275372604685,0.6913946587537092,0.032
glam,292,0.08223567105731577,0.685459940652819,0.0321
glam,293,0.0825,0.685459940652819,0.0322
glam,294,0.08279569892473118,0.685459940652819,0.0323
glam,295,0.08306364617044229,0.685459940652819,0.0324
glam,296,0.082492795389049,0.6795252225519288,0.0325
glam,297,0.08264164561530134,0.6795252225519288,0.0326
glam,298,0.08285094066570188,0.6795252225519288,0.0327
glam,299,0.08312159709618874,0.6795252225519288,0.0328
glam,300,0.08324245728825881,0.6795252225519288,0.0329
glam,301,0.08351568198395332,0.6795252225519288,0.033
glam,302,0.08360715589631253,0.6795252225519288,0.0331
glam,303,0.08376005852231164,0.6795252225519288,0.0332
glam,304,0.08400586940572267,0.6795252225519288,0.0333
glam,305,0.08412931667891256,0.6795252225519288,0.0334
glam,306,0.0843462246777164,0.6795252225519288,0.0335
glam,307,0.08456425406203841,0.6795252225519288,0.0336
glam,308,0.08478341355053684,0.6795252225519288,0.0337
glam,309,0.0849406528189911,0.6795252225519288,0.0338
glam,310,0.08469539375928678,0.6765578635014837,0.0339
glam,311,0.08494783904619971,0.6765578635014837,0.034
glam,312,0.0851063829787234,0.6765578635014837,0.0341
glam,313,0.08514628657164292,0.6735905044510386,0.0342
glam,314,0.08490566037735849,0.6676557863501483,0.0343
glam,315,0.0851305334846765,0.6676557863501483,0.0344
glam,316,0.08525956801818871,0.6676557863501483,0.0345
glam,317,0.08548632218844984,0.6676557863501483,0.0346
glam,318,0.08539839878002288,0.6646884272997032,0.0347
glam,319,0.08549618320610687,0.6646884272997032,0.0348
glam,320,0.08559419182269774,0.6646884272997032,0.0349
glam,321,0.08575803981623277,0.6646884272997032,0.035
glam,322,0.08550613496932516,0.6617210682492581,0.0351
glam,323,0.08576923076923076,0.6617210682492581,0.0352
glam,324,0.08596761757902853,0.6617210682492581,0.0353
glam,325,0.08606715553840216,0.6617210682492581,0.0354
glam,326,0.08630030959752322,0.6617210682492581,0.0355
glam,327,0.08653473030655802,0.6617210682492581,0.0356
glam,328,0.08670295489891135,0.6617210682492581,0.0357
glam,329,0.0870074131876707,0.6617210682492581,0.0358
glam,330,0.087211576065702,0.6617210682492581,0.0359
glam,331,0.08762278978388999,0.6617210682492581,0.036
glam,332,0.08786446020488574,0.6617210682492581,0.0361
glam,333,0.08774703557312254,0.658753709198813,0.0362
glam,334,0.08778173190984578,0.658753709198813,0.0363
glam,335,0.08806029353431179,0.658753709198813,0.0364
glam,336,0.08816521048451152,0.658753709198813,0.0365
glam,337,0.08837579617834394,0.658753709198813,0.0366
glam,338,0.0884814667198087,0.658753709198813,0.0367
glam,339,0.08865814696485623,0.658753709198813,0.0368
glam,340,0.08890668802563076,0.658753709198813,0.0369
glam,341,0.0891566265060241,0.658753709198813,0.037
glam,342,0.08926417370325694,0.658753709198813,0.0371
glam,343,0.08966074313408724,0.658753709198813,0.0372
glam,344,0.08987854251012145,0.658753709198813,0.0373
glam,345,0.09006085192697769,0.658753709198813,0.0374
glam,346,0.0901705930138099,0.658753709198813,0.0375
glam,347,0.09031733116354759,0.658753709198813,0.0376
glam,348,0.09005704971475142,0.655786350148368,0.0377
glam,349,0.0904625460499386,0.655786350148368,0.0378
glam,350,0.09061090610906108,0.655786350148368,0.0379
glam,351,0.09072249589490969,0.655786350148368,0.038
glam,352,0.09090909090909091,0.655786350148368,0.0381
glam,353,0.0911340206185567,0.655786350148368,0.0382
glam,354,0.09120924473792819,0.655786350148368,0.0383
glam,355,0.09147350993377483,0.655786350148368,0.0384
glam,356,0.0916632102861883,0.655786350148368,0.0385
glam,357,0.09193011647254576,0.655786350148368,0.0386
glam,358,0.09208333333333334,0.655786350148368,0.0387
glam,359,0.0923141186299081,0.655786350148368,0.0388
glam,360,0.09216589861751152,0.6528189910979229,0.0389
glam,361,0.09182389937106918,0.6498516320474778,0.039
glam,362,0.09193954659949623,0.6498516320474778,0.0391
glam,363,0.0922882427307206,0.6498516320474778,0.0392
glam,364,0.09244406922752216,0.6498516320474778,0.0393
glam,365,0.09229466553767993,0.6468842729970327,0.0394
glam,366,0.09222269443263918,0.6439169139465876,0.0395
glam,367,0.09207161125319693,0.6409495548961425,0.0396
glam,368,0.09184109354976505,0.6379821958456974,0.0397
glam,369,0.0921165381319623,0.6379821958456974,0.0398
glam,370,0.09227467811158799,0.6379821958456974,0.0399
glam,371,0.09247311827956989,0.6379821958456974,0.04
glam,372,0.09271237602414834,0.6379821958456974,0.0401
glam,373,0.09283246977547496,0.6379821958456974,0.0402
glam,374,0.09295287505404237,0.6379821958456974,0.0403
glam,375,0.09323503902862099,0.6379821958456974,0.0404
glam,376,0.09327548806941431,0.6379821958456974,0.0405
glam,377,0.09300304215558453,0.6350148367952523,0.0406
glam,378,0.09281045751633987,0.6320474777448071,0.0407
glam,379,0.0928509154315606,0.6320474777448071,0.0408
glam,380,0.09301310043668122,0.6320474777448071,0.0409
glam,381,0.09321663019693655,0.6320474777448071,0.041
glam,382,0.09358523725834798,0.6320474777448071,0.0411
glam,383,0.09366754617414248,0.6320474777448071,0.0412
glam,384,0.09395677106307895,0.6320474777448071,0.0413
glam,385,0.09408127208480566,0.6320474777448071,0.0414
glam,386,0.09433126660761736,0.6320474777448071,0.0415
glam,387,0.09454061251664447,0.6320474777448071,0.0416
glam,388,0.09466666666666666,0.6320474777448071,0.0417
glam,389,0.09483526268922529,0.6320474777448071,0.0418
glam,390,0.09500446030330062,0.6320474777448071,0.0419
glam,391,0.09464285714285714,0.629080118694362,0.042
glam,392,0.09489704565801253,0.629080118694362,0.0421
glam,393,0.09498207885304659,0.629080118694362,0.0422
glam,394,0.09515260323159784,0.629080118694362,0.0423
glam,395,0.09545249887438091,0.629080118694362,0.0424
glam,396,0.09566787003610108,0.629080118694362,0.0425
glam,397,0.09584086799276673,0.629080118694362,0.0426
glam,398,0.09601449275362318,0.629080118694362,0.0427
glam,399,0.09610154125113328,0.629080118694362,0.0428
glam,400,0.0958219800181653,0.6261127596439169,0.0429
glam,401,0.09617137648131267,0.6261127596439169,0.043
glam,402,0.09625912408759124,0.6261127596439169,0.0431
glam,403,0.09639104613978985,0.6261127596439169,0.0432
glam,404,0.09643510054844608,0.6261127596439169,0.0433
glam,405,0.09665597801191021,0.6261127596439169,0.0434
glam,406,0.09683340982101882,0.6261127596439169,0.0435
glam,407,0.09701149425287356,0.6261127596439169,0.0436
glam,408,0.09719023491478582,0.6261127596439169,0.0437
glam,409,0.09745958429561201,0.6261127596439169,0.0438
glam,410,0.0971322849213691,0.6231454005934718,0.0439
glam,411,0.09726725335803613,0.6231454005934718,0.044
glam,412,0.09758364312267657,0.6231454005934718,0.0441
glam,413,0.09781089892873777,0.6231454005934718,0.0442
glam,414,0.09799346710219319,0.6231454005934718,0.0443
glam,415,0.09831460674157304,0.6231454005934718,0.0444
glam,416,0.09845288326300984,0.6231454005934718,0.0445
glam,417,0.09868421052631579,0.6231454005934718,0.0446
glam,418,0.09877704609595485,0.6231454005934718,0.0447
glam,419,0.09905660377358491,0.6231454005934718,0.0448
glam,420,0.09919697685403873,0.6231454005934718,0.0449
glam,421,0.09933774834437085,0.6231454005934718,0.045
glam,422,0.09957325746799431,0.6231454005934718,0.0451
glam,423,0.09990485252140818,0.6231454005934718,0.0452
glam,424,0.1,0.6231454005934718,0.0453
glam,425,0.10019083969465649,0.6231454005934718,0.0454
glam,426,0.10047846889952153,0.6231454005934718,0.0456
glam,427,0.10057471264367816,0.6231454005934718,0.0457
glam,428,0.10081613058089295,0.6231454005934718,0.0458
glam,429,0.10052910052910052,0.6201780415430267,0.0459
glam,430,0.10067437379576108,0.6201780415430267,0.046
glam,431,0.10082006753497347,0.6201780415430267,0.0461
glam,432,0.10091743119266056,0.6201780415430267,0.0463
glam,433,0.10111272375423319,0.6201780415430267,0.0464
glam,434,0.10135790494665374,0.6201780415430267,0.0465
glam,435,0.10150558523555124,0.6201780415430267,0.0466
glam,436,0.10170316301703163,0.6201780415430267,0.0467
glam,437,0.10195121951219512,0.6201780415430267,0.0468
glam,438,0.10215053763440861,0.6201780415430267,0.0469
glam,439,0.10250122609122118,0.6201780415430267,0.047
glam,440,0.10275319567354965,0.6201780415430267,0.0471
glam,441,0.10300640709709216,0.6201780415430267,0.0472
glam,442,0.10326086956521739,0.6201780415430267,0.0473
glam,443,0.10341415141019297,0.6201780415430267,0.0474
glam,444,0.10372208436724566,0.6201780415430267,0.0475
glam,445,0.10382513661202186,0.6201780415430267,0.0476
glam,446,0.10398009950248756,0.6201780415430267,0.0477
glam,447,0.10403185664509706,0.6201780415430267,0.0478
glam,448,0.1043956043956044,0.6201780415430267,0.0479
glam,449,0.10444777611194403,0.6201780415430267,0.048
glam,450,0.10465698547821732,0.6201780415430267,0.0481
glam,451,0.10441767068273092,0.6172106824925816,0.0482
glam,452,0.10462776659959759,0.6172106824925816,0.0483
glam,453,0.1046804227478611,0.6172106824925816,0.0484
glam,454,0.10483870967741936,0.6172106824925816,0.0485
glam,455,0.10510358767054068,0.6172106824925816,0.0486
glam,456,0.10526315789473684,0.6172106824925816,0.0487
glam,457,0.10536980749746708,0.6172106824925816,0.0488
glam,458,0.10547667342799188,0.6172106824925816,0.0489
glam,459,0.10574478901881038,0.6172106824925816,0.049
glam,460,0.10590631364562118,0.6172106824925816,0.0491
glam,461,0.10612244897959183,0.6172106824925816,0.0492
glam,462,0.10639386189258312,0.6172106824925816,0.0493
glam,463,0.10677618069815195,0.6172106824925816,0.0494
glam,464,0.10694087403598972,0.6172106824925816,0.0495
glam,465,0.1072717895822589,0.6172106824925816,0.0496
glam,466,0.10743801652892562,0.6172106824925816,0.0497
glam,467,0.10766045548654245,0.6172106824925816,0.0498
glam,468,0.1078838174273859,0.6172106824925816,0.0499
glam,469,0.10827693909422176,0.6172106824925816,0.05
glam,470,0.10855949895615867,0.6172106824925816,0.0501
glam,471,0.10867293625914315,0.6172106824925816,0.0502
glam,472,0.10884353741496598,0.6172106824925816,0.0503
glam,473,0.10895756940806706,0.6172106824925816,0.0504
glam,474,0.10912906610703044,0.6172106824925816,0.0505
glam,475,0.10871848739495799,0.6142433234421365,0.0506
glam,476,0.10877561744613767,0.6142433234421365,0.0507
glam,477,0.10842105263157895,0.6112759643916914,0.0508
glam,478,0.10859251449657353,0.6112759643916914,0.0509
glam,479,0.10876451953537487,0.6112759643916914,0.051
glam,480,0.10905240868184224,0.6112759643916914,0.0511
glam,481,0.10916799152093269,0.6112759643916914,0.0512
glam,482,0.10934182590233546,0.6112759643916914,0.0513
glam,483,0.1096327833954231,0.6112759643916914,0.0514
glam,484,0.10992529348986126,0.6112759643916914,0.0515
glam,485,0.11004273504273504,0.6112759643916914,0.0516
glam,486,0.11027837259100642,0.6112759643916914,0.0517
glam,487,0.11045576407506702,0.6112759643916914,0.0518
glam,488,0.11081226465841851,0.6112759643916914,0.0519
glam,489,0.11093161012385568,0.6112759643916914,0.052
glam,490,0.11099137931034483,0.6112759643916914,0.0521
glam,491,0.1111111111111111,0.6112759643916914,0.0522
glam,492,0.11129119394921665,0.6112759643916914,0.0523
glam,493,0.11093073593073594,0.6083086053412463,0.0524
glam,494,0.11099079588521928,0.6083086053412463,0.0525
glam,495,0.11105092091007585,0.6083086053412463,0.0526
glam,496,0.11129207383279044,0.6083086053412463,0.0527
glam,497,0.1115949918345128,0.6083086053412463,0.0528
glam,498,0.1119606772255598,0.6083086053412463,0.0529
glam,499,0.11214442013129103,0.6083086053412463,0.053
glam,500,0.11226725082146768,0.6083086053412463,0.0531
glam,501,0.11232876712328767,0.6083086053412463,0.0532
glam,502,0.1118421052631579,0.6053412462908012,0.0533
glam,503,0.11208791208791209,0.6053412462908012,0.0534
glam,504,0.11214953271028037,0.6053412462908012,0.0535
glam,505,0.11178414096916299,0.6023738872403561,0.0536
glam,506,0.11190738699007717,0.6023738872403561,0.0537
glam,507,0.11209276642738818,0.6023738872403561,0.0538
glam,508,0.11215469613259668,0.6023738872403561,0.0539
glam,509,0.11221669430624655,0.6023738872403561,0.054
glam,510,0.1122787610619469,0.6023738872403561,0.0541
glam,511,0.11246537396121883,0.6023738872403561,0.0542
glam,512,0.11061700944969427,0.5905044510385756,0.0543
glam,513,0.11080178173719377,0.5905044510385756,0.0545
glam,514,0.11098717233686559,0.5905044510385756,0.0546
glam,515,0.1111731843575419,0.5905044510385756,0.0547
glam,516,0.11135982092893117,0.5905044510385756,0.0548
glam,517,0.11148459383753502,0.5905044510385756,0.0549
glam,518,0.11154708520179372,0.5905044510385756,0.055
glam,519,0.11179775280898877,0.5905044510385756,0.0551
glam,520,0.11148648648648649,0.5875370919881305,0.0552
glam,521,0.1116751269035533,0.5875370919881305,0.0553
glam,522,0.11173814898419865,0.5875370919881305,0.0554
glam,523,0.11192764273600904,0.5875370919881305,0.0555
glam,524,0.11211778029445074,0.5875370919881305,0.0556
glam,525,0.11218130311614731,0.5875370919881305,0.0557
glam,526,0.11243611584327087,0.5875370919881305,0.0558
glam,527,0.1125,0.5875370919881305,0.0559
glam,528,0.11301369863013698,0.5875370919881305,0.056
glam,529,0.11327231121281464,0.5875370919881305,0.0561
glam,530,0.11353211009174312,0.5875370919881305,0.0562
glam,531,0.11366245694603903,0.5875370919881305,0.0563
glam,532,0.11372774267662263,0.5875370919881305,0.0564
glam,533,0.11328349626221966,0.5845697329376854,0.0566
glam,534,0.11334867663981588,0.5845697329376854,0.0567
glam,535,0.11354466858789625,0.5845697329376854,0.0568
glam,536,0.11322934719815136,0.5816023738872403,0.0569
glam,537,0.11278195488721804,0.5786350148367952,0.057
glam,538,0.1123335263462652,0.5756676557863502,0.0572
glam,539,0.11246376811594203,0.5756676557863502,0.0573
glam,540,0.11265969802555169,0.5756676557863502,0.0574
glam,541,0.1127906976744186,0.5756676557863502,0.0575
glam,542,0.11240535818287711,0.5727002967359051,0.0576
glam,543,0.11253644314868805,0.5727002967359051,0.0577
glam,544,0.11266783420899007,0.5727002967359051,0.0578
glam,545,0.11286549707602339,0.5727002967359051,0.0579
glam,546,0.1129976580796253,0.5727002967359051,0.058
glam,547,0.11332941867293013,0.5727002967359051,0.0582
glam,548,0.11366313309776208,0.5727002967359051,0.0583
glam,549,0.11347517730496454,0.56973293768546,0.0584
glam,550,0.11381149970361588,0.56973293768546,0.0585
glam,551,0.11401425178147269,0.56973293768546,0.0586
glam,552,0.11435378201310303,0.56973293768546,0.0587
glam,553,0.11449016100178891,0.56973293768546,0.0588
glam,554,0.11469534050179211,0.56973293768546,0.0589
glam,555,0.11490125673249552,0.56973293768546,0.059
glam,556,0.11503894547633313,0.56973293768546,0.0594
glam,557,0.11524609843937575,0.56973293768546,0.0595
glam,558,0.11545399879735418,0.56973293768546,0.0596
glam,559,0.11559301625526791,0.56973293768546,0.0597
glam,560,0.11566265060240964,0.56973293768546,0.0598
glam,561,0.11601208459214502,0.56973293768546,0.0599
glam,562,0.1161524500907441,0.56973293768546,0.06
glam,563,0.11629315566323441,0.56973293768546,0.0602
glam,564,0.11650485436893204,0.56973293768546,0.0603
glam,565,0.11671732522796352,0.56973293768546,0.0605
glam,566,0.11678832116788321,0.56973293768546,0.0606
glam,567,0.11685940353012782,0.56973293768546,0.0607
glam,568,0.11707317073170732,0.56973293768546,0.0608
glam,569,0.11721611721611722,0.56973293768546,0.0611
glam,570,0.11728772144166158,0.56973293768546,0.0612
glam,571,0.11757501530924679,0.56973293768546,0.0614
glam,572,0.11771919068056406,0.56973293768546,0.0615
glam,573,0.11779141104294479,0.56973293768546,0.0616
glam,574,0.1173939766441303,0.5667655786350149,0.0617
glam,575,0.11761083743842364,0.5667655786350149,0.0618
glam,576,0.11775585696670776,0.5667655786350149,0.062
glam,577,0.11790123456790123,0.5667655786350149,0.0621
glam,578,0.1179740580605312,0.5667655786350149,0.0622
glam,579,0.1180469715698393,0.5667655786350149,0.0623
glam,580,0.11833952912019827,0.5667655786350149,0.0624
glam,581,0.11855990068280571,0.5667655786350149,0.0626
glam,582,0.11823273179838208,0.5637982195845698,0.0627
glam,583,0.11838006230529595,0.5637982195845698,0.0628
glam,584,0.11860174781523096,0.5637982195845698,0.0629
glam,585,0.11875,0.5637982195845698,0.0631
glam,586,0.11889862327909888,0.5637982195845698,0.0632
glam,587,0.11912225705329153,0.5637982195845698,0.0633
glam,588,0.11942174732872407,0.5637982195845698,0.0634
glam,589,0.11949685534591195,0.5637982195845698,0.0635
glam,590,0.11964735516372796,0.5637982195845698,0.0637
glam,591,0.11994949494949494,0.5637982195845698,0.0638
glam,592,0.12017710309930424,0.5637982195845698,0.0639
glam,593,0.12025316455696203,0.5637982195845698,0.064
glam,594,0.12040557667934093,0.5637982195845698,0.0641
glam,595,0.12055837563451777,0.5637982195845698,0.0642
glam,596,0.12078830260648442,0.5637982195845698,0.0643
glam,597,0.12086513994910941,0.5637982195845698,0.0644
glam,598,0.12094207511139402,0.5637982195845698,0.0645
glam,599,0.12109623964308477,0.5637982195845698,0.0646
glam,600,0.12125079770261646,0.5637982195845698,0.0647
glam,601,0.12140575079872204,0.5637982195845698,0.0648
glam,602,0.12163892445582586,0.5637982195845698,0.0649
glam,603,0.12179487179487179,0.5637982195845698,0.065
glam,604,0.12195121951219512,0.5637982195845698,0.0651
glam,605,0.12218649517684887,0.5637982195845698,0.0652
glam,606,0.12234385061171925,0.5637982195845698,0.0653
glam,607,0.12265978050355068,0.5637982195845698,0.0654
glam,608,0.1227390180878553,0.5637982195845698,0.0655
glam,609,0.12289780077619664,0.5637982195845698,0.0656
glam,610,0.12297734627831715,0.5637982195845698,0.0657
glam,611,0.12305699481865284,0.5637982195845698,0.0658
glam,612,0.12321660181582361,0.5637982195845698,0.0661
glam,613,0.12329656067488644,0.5637982195845698,0.0662
glam,614,0.12337662337662338,0.5637982195845698,0.0663
glam,615,0.12312703583061889,0.5608308605341247,0.0664
glam,616,0.12279555845852384,0.5578635014836796,0.0665
glam,617,0.12287581699346405,0.5578635014836796,0.0666
glam,618,0.12262295081967213,0.5548961424332344,0.0668
glam,619,0.12278397898883782,0.5548961424332344,0.0669
glam,620,0.1228646517739816,0.5548961424332344,0.067
glam,621,0.12310730743910467,0.5548961424332344,0.0671
glam,622,0.12326961107448912,0.5548961424332344,0.0672
glam,623,0.12285336856010567,0.5519287833827893,0.0674
glam,624,0.12293456708526107,0.5519287833827893,0.0675
glam,625,0.12309728656518862,0.5519287833827893,0.0676
glam,626,0.1234240212342402,0.5519287833827893,0.0677
glam,627,0.12358803986710963,0.5519287833827893,0.0678
glam,628,0.12375249500998003,0.5519287833827893,0.0679
glam,629,0.12391738840772819,0.5519287833827893,0.068
glam,630,0.12408272181454302,0.5519287833827893,0.0681
glam,631,0.12424849699398798,0.5519287833827893,0.0682
glam,632,0.12433155080213903,0.5519287833827893,0.0683
glam,633,0.12466487935656836,0.5519287833827893,0.0684
glam,634,0.12483221476510067,0.5519287833827893,0.0685
glam,635,0.125,0.5519287833827893,0.0686
glam,636,0.12516823687752354,0.5519287833827893,0.0688
glam,637,0.12533692722371967,0.5519287833827893,0.0689
glam,638,0.12550607287449392,0.5519287833827893,0.069
glam,639,0.12559081701553004,0.5519287833827893,0.0691
glam,640,0.1257606490872211,0.5519287833827893,0.0692
glam,641,0.12627291242362526,0.5519287833827893,0.0693
glam,642,0.1264445955132563,0.5519287833827893,0.0694
glam,643,0.12670299727520437,0.5519287833827893,0.0695
glam,644,0.12678936605316973,0.5519287833827893,0.0696
glam,645,0.12696245733788397,0.5519287833827893,0.0697
glam,646,0.12704918032786885,0.5519287833827893,0.0698
glam,647,0.127136021872864,0.5519287833827893,0.0699
glam,648,0.1273972602739726,0.5519287833827893,0.07
glam,649,0.1276595744680851,0.5519287833827893,0.0702
glam,650,0.1279229711141678,0.5519287833827893,0.0704
glam,651,0.128099173553719,0.5519287833827893,0.0705
glam,652,0.12827586206896552,0.5519287833827893,0.0706
glam,653,0.12845303867403315,0.5519287833827893,0.0707
glam,654,0.12863070539419086,0.5519287833827893,0.0708
glam,655,0.12802768166089964,0.5489614243323442,0.0709
glam,656,0.1282051282051282,0.5489614243323442,0.071
glam,657,0.1276005547850208,0.5459940652818991,0.0711
glam,658,0.12777777777777777,0.5459940652818991,0.0712
glam,659,0.12795549374130738,0.5459940652818991,0.0713
glam,660,0.12822299651567945,0.5459940652818991,0.0714
glam,661,0.12849162011173185,0.5459940652818991,0.0716
glam,662,0.12876137158852344,0.5459940652818991,0.0717
glam,663,0.12903225806451613,0.5459940652818991,0.0718
glam,664,0.12921348314606743,0.5459940652818991,0.0719
glam,665,0.12939521800281295,0.5459940652818991,0.072
glam,666,0.12844036697247707,0.5400593471810089,0.0722
glam,667,0.12791519434628976,0.5370919881305638,0.0723
glam,668,0.12809624911535739,0.5370919881305638,0.0725
glam,669,0.12756909992912827,0.5341246290801187,0.0726
glam,670,0.1276595744680851,0.5341246290801187,0.0727
glam,671,0.12713068181818182,0.5311572700296736,0.0728
glam,672,0.12731152204836416,0.5311572700296736,0.0729
glam,673,0.12740213523131672,0.5311572700296736,0.073
glam,674,0.1274928774928775,0.5311572700296736,0.0731
glam,675,0.1276747503566334,0.5311572700296736,0.0732
glam,676,0.12794853466761974,0.5311572700296736,0.0733
glam,677,0.12804005722460657,0.5311572700296736,0.0734
glam,678,0.12813171080887617,0.5311572700296736,0.0736
glam,679,0.12831541218637993,0.5311572700296736,0.0737
glam,680,0.1284074605451937,0.5311572700296736,0.0738
glam,681,0.1285919540229885,0.5311572700296736,0.0739
glam,682,0.1286843997124371,0.5311572700296736,0.074
glam,683,0.12833453496755587,0.5281899109792285,0.0741
glam,684,0.12842712842712842,0.5281899109792285,0.0742
glam,685,0.128705712219812,0.5281899109792285,0.0743
glam,686,0.12816799420709632,0.5252225519287834,0.0745
glam,687,0.12844702467343977,0.5252225519287834,0.0746
glam,688,0.12863372093023256,0.5252225519287834,0.0747
glam,689,0.12872727272727272,0.5252225519287834,0.0748
glam,690,0.12900874635568513,0.5252225519287834,0.075
glam,691,0.12938596491228072,0.5252225519287834,0.0751
glam,692,0.12948061448427212,0.5252225519287834,0.0752
glam,693,0.12893772893772895,0.5222551928783383,0.0754
glam,694,0.12867647058823528,0.5192878338278932,0.0756
glam,695,0.1287711552612215,0.5192878338278932,0.0757
glam,696,0.12831858407079647,0.516320474777448,0.0758
glam,697,0.12841328413284134,0.516320474777448,0.0759
glam,698,0.12879348630643966,0.516320474777448,0.0761
glam,699,0.129080118694362,0.516320474777448,0.0764
glam,700,0.12936802973977696,0.516320474777448,0.0765
glam,701,0.12946428571428573,0.516320474777448,0.0766
glam,702,0.12965722801788376,0.516320474777448,0.0767
glam,703,0.1297539149888143,0.516320474777448,0.0768
glam,704,0.12920089619118746,0.5133531157270029,0.0769
glam,705,0.12929745889387145,0.5133531157270029,0.077
glam,706,0.12949101796407186,0.5133531157270029,0.0771
glam,707,0.12883895131086143,0.5103857566765578,0.0772
glam,708,0.12903225806451613,0.5103857566765578,0.0774
glam,709,0.12922614575507138,0.5103857566765578,0.0776
glam,710,0.1293233082706767,0.5103857566765578,0.0778
glam,711,0.1294206170052671,0.5103857566765578,0.0779
glam,712,0.12951807228915663,0.5103857566765578,0.078
glam,713,0.13000755857898716,0.5103857566765578,0.0781
glam,714,0.1303030303030303,0.5103857566765578,0.0782
glam,715,0.13050075872534142,0.5103857566765578,0.0786
glam,716,0.13059984813971146,0.5103857566765578,0.0787
glam,717,0.13079847908745248,0.5103857566765578,0.0788
glam,718,0.13119755911517925,0.5103857566765578,0.079
glam,719,0.13149847094801223,0.5103857566765578,0.0791
glam,720,0.1315990818668707,0.5103857566765578,0.0792
glam,721,0.13113496932515337,0.5074183976261127,0.0793
glam,722,0.13143735588009223,0.5074183976261127,0.0796
glam,723,0.13174114021571648,0.5074183976261127,0.0797
glam,724,0.1318427139552814,0.5074183976261127,0.0799
glam,725,0.13204633204633204,0.5074183976261127,0.08
glam,726,0.13225058004640372,0.5074183976261127,0.0801
glam,727,0.1325581395348837,0.5074183976261127,0.0803
glam,728,0.13286713286713286,0.5074183976261127,0.0804
glam,729,0.13297045101088648,0.5074183976261127,0.0805
glam,730,0.1330739299610895,0.5074183976261127,0.0806
glam,731,0.1332813717848792,0.5074183976261127,0.0807
glam,732,0.13338533541341654,0.5074183976261127,0.0808
glam,733,0.1327088212334114,0.5044510385756676,0.0809
glam,734,0.1328125,0.5044510385756676,0.081
glam,735,0.1322378716744914,0.5014836795252225,0.0811
glam,736,0.13234142521534847,0.5014836795252225,0.0813
glam,737,0.13254901960784313,0.5014836795252225,0.0814
glam,738,0.13286163522012578,0.5014836795252225,0.0815
glam,739,0.13317572892040977,0.5014836795252225,0.0816
glam,740,0.13359683794466404,0.5014836795252225,0.0817
glam,741,0.13380839271575615,0.5014836795252225,0.0819
glam,742,0.13402061855670103,0.5014836795252225,0.082
glam,743,0.13423351866560762,0.5014836795252225,0.0821
glam,744,0.1343402225755167,0.5014836795252225,0.0822
glam,745,0.13455414012738853,0.5014836795252225,0.0823
glam,746,0.13476874003189793,0.5014836795252225,0.0824
glam,747,0.13487629688747008,0.5014836795252225,0.0825
glam,748,0.13498402555910544,0.5014836795252225,0.0826
glam,749,0.13509192645883294,0.5014836795252225,0.083
glam,750,0.13530824659727783,0.5014836795252225,0.0831
glam,751,0.13563402889245585,0.5014836795252225,0.0833
glam,752,0.1357429718875502,0.5014836795252225,0.0834
glam,753,0.13596138374899436,0.5014836795252225,0.0835
glam,754,0.13559322033898305,0.49851632047477745,0.0836
glam,755,0.13570274636510501,0.49851632047477745,0.0837
glam,756,0.13581244947453516,0.49851632047477745,0.0839
glam,757,0.13592233009708737,0.49851632047477745,0.0841
glam,758,0.1360323886639676,0.49851632047477745,0.0842
glam,759,0.13614262560777957,0.49851632047477745,0.0843
glam,760,0.1362530413625304,0.49851632047477745,0.0844
glam,761,0.13636363636363635,0.49851632047477745,0.0845
glam,762,0.13577235772357724,0.49554896142433236,0.0846
glam,763,0.13517915309446255,0.49258160237388726,0.0847
glam,764,0.13458401305057097,0.4896142433234421,0.0848
glam,765,0.1346938775510204,0.4896142433234421,0.085
glam,766,0.1349141455437449,0.4896142433234421,0.0851
glam,767,0.13513513513513514,0.4896142433234421,0.0852
glam,768,0.1354679802955665,0.4896142433234421,0.0853
glam,769,0.13580246913580246,0.4896142433234421,0.0854
glam,770,0.13602638087386645,0.4896142433234421,0.0855
glam,771,0.13625103220478943,0.4896142433234421,0.0856
glam,772,0.13636363636363635,0.4896142433234421,0.0857
glam,773,0.13564929693961952,0.486646884272997,0.0859
glam,774,0.13587406793703397,0.486646884272997,0.0861
glam,775,0.13609958506224065,0.486646884272997,0.0863
glam,776,0.13632585203657524,0.486646884272997,0.0865
glam,777,0.13666666666666666,0.486646884272997,0.0866
glam,778,0.13700918964076858,0.486646884272997,0.0867
glam,779,0.13712374581939799,0.486646884272997,0.0869
glam,780,0.1374685666387259,0.486646884272997,0.087
glam,781,0.13758389261744966,0.486646884272997,0.0871
glam,782,0.13781512605042018,0.486646884272997,0.0872
glam,783,0.13816343723673125,0.486646884272997,0.0874
glam,784,0.13827993254637436,0.486646884272997,0.0875
glam,785,0.13839662447257384,0.486646884272997,0.0876
glam,786,0.13851351351351351,0.486646884272997,0.0877
glam,787,0.1386306001690617,0.486646884272997,0.0878
glam,788,0.1388653683319221,0.486646884272997,0.0879
glam,789,0.13898305084745763,0.486646884272997,0.0881
glam,790,0.13910093299406276,0.486646884272997,0.0882
glam,791,0.1393372982158029,0.486646884272997,0.0883
glam,792,0.13945578231292516,0.486646884272997,0.0884
glam,793,0.13969335604770017,0.486646884272997,0.0886
glam,794,0.13981244671781756,0.486646884272997,0.0887
glam,795,0.14005123825789922,0.486646884272997,0.0888
glam,796,0.14029084687767324,0.486646884272997,0.0889
glam,797,0.1404109589041096,0.486646884272997,0.089
glam,798,0.14065180102915953,0.486646884272997,0.0891
glam,799,0.140893470790378,0.486646884272997,0.0894
glam,800,0.1410146173688736,0.486646884272997,0.0896
glam,801,0.14125753660637383,0.486646884272997,0.0899
glam,802,0.1413793103448276,0.486646884272997,0.0902
glam,803,0.14162348877374784,0.486646884272997,0.0904
glam,804,0.14174589455488332,0.486646884272997,0.0905
glam,805,0.141991341991342,0.486646884272997,0.0907
glam,806,0.14211438474870017,0.486646884272997,0.0908
glam,807,0.1423611111111111,0.486646884272997,0.0909
glam,808,0.1424847958297133,0.486646884272997,0.091
glam,809,0.14273281114012185,0.486646884272997,0.0913
glam,810,0.14210985178727115,0.4836795252225519,0.0914
glam,811,0.1423580786026201,0.4836795252225519,0.0916
glam,812,0.14248251748251747,0.4836795252225519,0.0917
glam,813,0.14173228346456693,0.4807121661721068,0.0918
glam,814,0.14185639229422067,0.4807121661721068,0.092
glam,815,0.14198071866783524,0.4807121661721068,0.0922
glam,816,0.14210526315789473,0.4807121661721068,0.0923
glam,817,0.14235500878734622,0.4807121661721068,0.0927
glam,818,0.1426056338028169,0.4807121661721068,0.0929
glam,819,0.14273127753303966,0.4807121661721068,0.0931
glam,820,0.14285714285714285,0.4807121661721068,0.0932
glam,821,0.14298323036187113,0.4807121661721068,0.0933
glam,822,0.1431095406360424,0.4807121661721068,0.0935
glam,823,0.14348981399468555,0.4807121661721068,0.0936
glam,824,0.14361702127659576,0.4807121661721068,0.0938
glam,825,0.14374445430346053,0.4807121661721068,0.0939
glam,826,0.1438721136767318,0.4807121661721068,0.094
glam,827,0.144,0.4807121661721068,0.0941
glam,828,0.14425645592163847,0.4807121661721068,0.0943
glam,829,0.1443850267379679,0.4807121661721068,0.0944
glam,830,0.14451382694023193,0.4807121661721068,0.0945
glam,831,0.14464285714285716,0.4807121661721068,0.0946
glam,832,0.1447721179624665,0.4807121661721068,0.0947
glam,833,0.1450313339301701,0.4807121661721068,0.0949
glam,834,0.14542190305206462,0.4807121661721068,0.0953
glam,835,0.14555256064690028,0.4807121661721068,0.0955
glam,836,0.14594594594594595,0.4807121661721068,0.0956
glam,837,0.1460775473399459,0.4807121661721068,0.0957
glam,838,0.14647377938517178,0.4807121661721068,0.0958
glam,839,0.14660633484162897,0.4807121661721068,0.096
glam,840,0.14673913043478262,0.4807121661721068,0.0961
glam,841,0.1468721668177697,0.4807121661721068,0.0962
glam,842,0.147005444646098,0.4807121661721068,0.0963
glam,843,0.14713896457765668,0.4807121661721068,0.0964
glam,844,0.14727272727272728,0.4807121661721068,0.0965
glam,845,0.14740673339399454,0.4807121661721068,0.0966
glam,846,0.14767547857793983,0.4807121661721068,0.0967
glam,847,0.14794520547945206,0.4807121661721068,0.0968
glam,848,0.14835164835164835,0.4807121661721068,0.0971
glam,849,0.14862385321100918,0.4807121661721068,0.0972
glam,850,0.1487603305785124,0.4807121661721068,0.0973
glam,851,0.1488970588235294,0.4807121661721068,0.0974
glam,852,0.14917127071823205,0.4807121661721068,0.0977
glam,853,0.14944649446494465,0.4807121661721068,0.0978
glam,854,0.14958448753462603,0.4807121661721068,0.0979
glam,855,0.14972273567467653,0.4807121661721068,0.098
glam,856,0.14893617021276595,0.47774480712166173,0.0981
glam,857,0.14907407407407408,0.47774480712166173,0.0983
glam,858,0.14921223354958293,0.47774480712166173,0.0985
glam,859,0.14935064935064934,0.47774480712166173,0.0986
glam,860,0.14856081708449395,0.47477744807121663,0.0987
glam,861,0.148975791433892,0.47477744807121663,0.0988
glam,862,0.14911463187325255,0.47477744807121663,0.099
glam,863,0.14925373134328357,0.47477744807121663,0.0991
glam,864,0.14873713751169318,0.47181008902077154,0.0992
glam,865,0.14807872539831302,0.4688427299703264,0.0993
glam,866,0.14821763602251406,0.4688427299703264,0.0994
glam,867,0.14849624060150377,0.4688427299703264,0.0995
glam,868,0.1487758945386064,0.4688427299703264,0.0997
glam,869,0.1490566037735849,0.4688427299703264,0.0998
glam,870,0.14933837429111532,0.4688427299703264,0.1
glam,871,0.14962121212121213,0.4688427299703264,0.1003
glam,872,0.14976303317535544,0.4688427299703264,0.1007
glam,873,0.14990512333965844,0.4688427299703264,0.1008
glam,874,0.15004748338081672,0.4688427299703264,0.1009
glam,875,0.15019011406844107,0.4688427299703264,0.101
glam,876,0.15033301617507136,0.4688427299703264,0.1012
glam,877,0.15076335877862596,0.4688427299703264,0.1014
glam,878,0.15105162523900573,0.4688427299703264,0.1015
glam,879,0.15134099616858238,0.4688427299703264,0.1016
glam,880,0.15148609779482264,0.4688427299703264,0.1017
glam,881,0.15163147792706333,0.4688427299703264,0.1018
glam,882,0.15177713736791545,0.4688427299703264,0.1019
glam,883,0.15139826422372227,0.4658753709198813,0.102
glam,884,0.15169082125603864,0.4658753709198813,0.1022
glam,885,0.15198451113262343,0.4658753709198813,0.1023
glam,886,0.15213178294573643,0.4658753709198813,0.1024
glam,887,0.15227934044616878,0.4658753709198813,0.1026
glam,888,0.15257531584062195,0.4658753709198813,0.1028
glam,889,0.1518987341772152,0.4629080118694362,0.1029
glam,890,0.15204678362573099,0.4629080118694362,0.103
glam,891,0.15249266862170088,0.4629080118694362,0.1032
glam,892,0.15264187866927592,0.4629080118694362,0.1033
glam,893,0.15279138099902057,0.4629080118694362,0.1035
glam,894,0.15294117647058825,0.4629080118694362,0.1036
glam,895,0.15309126594700687,0.4629080118694362,0.1037
glam,896,0.15240904621435594,0.4599406528189911,0.1038
glam,897,0.15270935960591134,0.4599406528189911,0.1041
glam,898,0.15187376725838264,0.456973293768546,0.1042
glam,899,0.15202369200394866,0.456973293768546,0.1043
glam,900,0.152324431256182,0.456973293768546,0.1046
glam,901,0.15262636273538158,0.456973293768546,0.1048
glam,902,0.1529294935451837,0.456973293768546,0.1049
glam,903,0.15308151093439365,0.456973293768546,0.105
glam,904,0.15323383084577114,0.456973293768546,0.1051
glam,905,0.1535393818544367,0.456973293768546,0.1052
glam,906,0.15384615384615385,0.456973293768546,0.1054
glam,907,0.154,0.456973293768546,0.1055
glam,908,0.15430861723446893,0.456973293768546,0.1057
glam,909,0.15461847389558234,0.456973293768546,0.1058
glam,910,0.15477386934673368,0.456973293768546,0.1061
glam,911,0.15492957746478872,0.456973293768546,0.1062
glam,912,0.15524193548387097,0.456973293768546,0.1063
glam,913,0.15539858728557013,0.456973293768546,0.1066
glam,914,0.15555555555555556,0.456973293768546,0.1068
glam,915,0.1557128412537917,0.456973293768546,0.1069
glam,916,0.15602836879432624,0.456973293768546,0.107
glam,917,0.15634517766497463,0.456973293768546,0.1071
glam,918,0.15580448065173116,0.4540059347181009,0.1074
glam,919,0.15526046986721145,0.45103857566765576,0.1075
glam,920,0.1554192229038855,0.45103857566765576,0.1076
glam,921,0.1557377049180328,0.45103857566765576,0.1077
glam,922,0.1558974358974359,0.45103857566765576,0.1078
glam,923,0.15621788283658788,0.45103857566765576,0.1079
glam,924,0.15653964984552007,0.45103857566765576,0.108
glam,925,0.15670103092783505,0.45103857566765576,0.1081
glam,926,0.1568627450980392,0.45103857566765576,0.1083
glam,927,0.1559917355371901,0.44807121661721067,0.1086
glam,928,0.15631469979296067,0.44807121661721067,0.1088
glam,929,0.15647668393782382,0.44807121661721067,0.109
glam,930,0.1557632398753894,0.44510385756676557,0.1093
glam,931,0.15608740894901144,0.44510385756676557,0.1094
glam,932,0.15657620041753653,0.44510385756676557,0.1095
glam,933,0.15690376569037656,0.44510385756676557,0.1096
glam,934,0.15723270440251572,0.44510385756676557,0.1097
glam,935,0.15739769150052466,0.44510385756676557,0.1099
glam,936,0.15806111696522657,0.44510385756676557,0.1103
glam,937,0.15822784810126583,0.44510385756676557,0.1104
glam,938,0.1583949313621964,0.44510385756676557,0.1106
glam,939,0.15856236786469344,0.44510385756676557,0.1107
glam,940,0.15873015873015872,0.44510385756676557,0.1109
glam,941,0.15889830508474576,0.44510385756676557,0.1111
glam,942,0.1594048884165781,0.44510385756676557,0.1117
glam,943,0.1595744680851064,0.44510385756676557,0.1118
glam,944,0.15884861407249468,0.4421364985163205,0.112
glam,945,0.15901814300960512,0.4421364985163205,0.1121
glam,946,0.15918803418803418,0.4421364985163205,0.1124
glam,947,0.15935828877005348,0.4421364985163205,0.1125
glam,948,0.15969989281886388,0.4421364985163205,0.1126
glam,949,0.15987124463519314,0.4421364985163205,0.1128
glam,950,0.1603875134553283,0.4421364985163205,0.1129
glam,951,0.16056034482758622,0.4421364985163205,0.113
glam,952,0.16073354908306364,0.4421364985163205,0.1131
glam,953,0.16090712742980562,0.4421364985163205,0.1132
glam,954,0.16108108108108107,0.4421364985163205,0.1134
glam,955,0.16195652173913044,0.4421364985163205,0.1135
glam,956,0.1613958560523446,0.4391691394658754,0.1136
glam,957,0.16174863387978142,0.4391691394658754,0.1139
glam,958,0.16192560175054704,0.4391691394658754,0.1142
glam,959,0.16245883644346873,0.4391691394658754,0.1143
glam,960,0.1628162816281628,0.4391691394658754,0.1144
glam,961,0.16299559471365638,0.4391691394658754,0.1145
glam,962,0.1631753031973539,0.4391691394658754,0.1146
glam,963,0.16335540838852097,0.4391691394658754,0.1147
glam,964,0.16371681415929204,0.4391691394658754,0.1148
glam,965,0.1638981173864895,0.4391691394658754,0.1151
glam,966,0.164079822616408,0.4391691394658754,0.1152
glam,967,0.16333333333333333,0.4362017804154303,0.1154
glam,968,0.1635150166852058,0.4362017804154303,0.1155
glam,969,0.16369710467706014,0.4362017804154303,0.1156
glam,970,0.16387959866220736,0.4362017804154303,0.1158
glam,971,0.1640625,0.4362017804154303,0.1159
glam,972,0.1644295302013423,0.4362017804154303,0.116
glam,973,0.16461366181410975,0.4362017804154303,0.1161
glam,974,0.1647982062780269,0.4362017804154303,0.1162
glam,975,0.16498316498316498,0.4362017804154303,0.1165
glam,976,0.1651685393258427,0.4362017804154303,0.1166
glam,977,0.16535433070866143,0.4362017804154303,0.1167
glam,978,0.16554054054054054,0.4362017804154303,0.1169
glam,979,0.1657271702367531,0.4362017804154303,0.1171
glam,980,0.16610169491525423,0.4362017804154303,0.1175
glam,981,0.16421291053227632,0.43026706231454004,0.1178
glam,982,0.16439909297052155,0.43026706231454004,0.1179
glam,983,0.16458569807037457,0.43026706231454004,0.1187
glam,984,0.16477272727272727,0.43026706231454004,0.1188
glam,985,0.16514806378132119,0.43026706231454004,0.1189
glam,986,0.16552511415525115,0.43026706231454004,0.1191
glam,987,0.16361556064073227,0.42433234421364985,0.1192
glam,988,0.16417910447761194,0.42433234421364985,0.1193
glam,989,0.16436781609195403,0.42433234421364985,0.1194
glam,990,0.16455696202531644,0.42433234421364985,0.1196
glam,991,0.16359447004608296,0.42136498516320475,0.1197
glam,992,0.16397228637413394,0.42136498516320475,0.1198
glam,993,0.16319444444444445,0.41839762611275966,0.1203
glam,994,0.1633835457705678,0.41839762611275966,0.1204
glam,995,0.16357308584686775,0.41839762611275966,0.1206
glam,996,0.16376306620209058,0.41839762611275966,0.1207
glam,997,0.16395348837209303,0.41839762611275966,0.1208
glam,998,0.16433566433566432,0.41839762611275966,0.1209
glam,999,0.1647196261682243,0.41839762611275966,0.1211
glam,1000,0.1649122807017544,0.41839762611275966,0.1213
glam,1001,0.16510538641686182,0.41839762611275966,0.1214
glam,1002,0.1652989449003517,0.41839762611275966,0.1215
glam,1003,0.1645123384253819,0.41543026706231456,0.1216
glam,1004,0.1635294117647059,0.4124629080118694,0.1218
glam,1005,0.16430260047281323,0.4124629080118694,0.122
glam,1006,0.16449704142011834,0.4124629080118694,0.1221
glam,1007,0.1646919431279621,0.4124629080118694,0.1223
glam,1008,0.16488730723606168,0.4124629080118694,0.1224
glam,1009,0.16508313539192399,0.4124629080118694,0.1225
glam,1010,0.16527942925089179,0.4124629080118694,0.1227
glam,1011,0.16547619047619047,0.4124629080118694,0.1228
glam,1012,0.16567342073897498,0.4124629080118694,0.1229
glam,1013,0.1658711217183771,0.4124629080118694,0.1233
glam,1014,0.1664670658682635,0.4124629080118694,0.1234
glam,1015,0.16666666666666666,0.4124629080118694,0.1235
glam,1016,0.16686674669867949,0.4124629080118694,0.1236
glam,1017,0.1674698795180723,0.4124629080118694,0.1237
glam,1018,0.1678743961352657,0.4124629080118694,0.1238
glam,1019,0.16727272727272727,0.4094955489614243,0.1239
glam,1020,0.16747572815533981,0.4094955489614243,0.124
glam,1021,0.16767922235722965,0.4094955489614243,0.1242
glam,1022,0.1678832116788321,0.4094955489614243,0.1244
glam,1023,0.1684981684981685,0.4094955489614243,0.1245
glam,1024,0.1687041564792176,0.4094955489614243,0.1248
glam,1025,0.16768665850673195,0.4065281899109792,0.1249
glam,1026,0.16789215686274508,0.4065281899109792,0.1251
glam,1027,0.1668711656441718,0.4035608308605341,0.1253
glam,1028,0.16707616707616707,0.4035608308605341,0.1254
glam,1029,0.16728167281672818,0.4035608308605341,0.1255
glam,1030,0.16748768472906403,0.4035608308605341,0.1257
glam,1031,0.16790123456790124,0.4035608308605341,0.1258
glam,1032,0.1681087762669963,0.4035608308605341,0.1259
glam,1033,0.16831683168316833,0.4035608308605341,0.1263
glam,1034,0.1687344913151365,0.4035608308605341,0.1265
glam,1035,0.168944099378882,0.4035608308605341,0.1269
glam,1036,0.16936488169364883,0.4035608308605341,0.1271
glam,1037,0.16978776529338327,0.4035608308605341,0.1272
glam,1038,0.17,0.4035608308605341,0.1275
glam,1039,0.17042606516290726,0.4035608308605341,0.1277
glam,1040,0.17063989962358847,0.4035608308605341,0.1278
glam,1041,0.1708542713567839,0.4035608308605341,0.1282
glam,1042,0.17002518891687657,0.40059347181008903,0.1284
glam,1043,0.17023959646910466,0.40059347181008903,0.1287
glam,1044,0.1706700379266751,0.40059347181008903,0.1291
glam,1045,0.17088607594936708,0.40059347181008903,0.1292
glam,1046,0.1713197969543147,0.40059347181008903,0.1293
glam,1047,0.17048346055979643,0.39762611275964393,0.1294
glam,1048,0.17070063694267515,0.39762611275964393,0.1295
glam,1049,0.17091836734693877,0.39762611275964393,0.1304
glam,1050,0.17113665389527458,0.39762611275964393,0.1305
glam,1051,0.17157490396927016,0.39762611275964393,0.1306
glam,1052,0.17051282051282052,0.39465875370919884,0.1309
glam,1053,0.17095115681233933,0.39465875370919884,0.131
glam,1054,0.17117117117117117,0.39465875370919884,0.1312
glam,1055,0.17161290322580644,0.39465875370919884,0.1315
glam,1056,0.17183462532299743,0.39465875370919884,0.1318
glam,1057,0.17205692108667528,0.39465875370919884,0.1322
glam,1058,0.172279792746114,0.39465875370919884,0.1323
glam,1059,0.17250324254215305,0.39465875370919884,0.1324
glam,1060,0.17272727272727273,0.39465875370919884,0.1326
glam,1061,0.17340286831812254,0.39465875370919884,0.1327
glam,1062,0.17362924281984335,0.39465875370919884,0.1328
glam,1063,0.1738562091503268,0.39465875370919884,0.1331
glam,1064,0.17408376963350786,0.39465875370919884,0.1333
glam,1065,0.17454068241469817,0.39465875370919884,0.1335
glam,1066,0.1747700394218134,0.39465875370919884,0.1337
glam,1067,0.175,0.39465875370919884,0.1339
glam,1068,0.17523056653491437,0.39465875370919884,0.134
glam,1069,0.17569352708058125,0.39465875370919884,0.1341
glam,1070,0.1746031746031746,0.3916913946587537,0.1342
glam,1071,0.17350993377483442,0.3887240356083086,0.1344
glam,1072,0.17374005305039789,0.3887240356083086,0.1345
glam,1073,0.17420212765957446,0.3887240356083086,0.1346
glam,1074,0.17466666666666666,0.3887240356083086,0.1347
glam,1075,0.17489986648865152,0.3887240356083086,0.1348
glam,1076,0.1751336898395722,0.3887240356083086,0.1349
glam,1077,0.1753681392235609,0.3887240356083086,0.1352
glam,1078,0.17560321715817695,0.3887240356083086,0.1353
glam,1079,0.1765498652291105,0.3887240356083086,0.1354
glam,1080,0.1767881241565452,0.3887240356083086,0.1356
glam,1081,0.17702702702702702,0.3887240356083086,0.1361
glam,1082,0.17750677506775067,0.3887240356083086,0.1362
glam,1083,0.17798913043478262,0.3887240356083086,0.1367
glam,1084,0.1771117166212534,0.3857566765578635,0.1368
glam,1085,0.17735334242837653,0.3857566765578635,0.137
glam,1086,0.17759562841530055,0.3857566765578635,0.1372
glam,1087,0.17783857729138167,0.3857566765578635,0.1374
glam,1088,0.1780821917808219,0.3857566765578635,0.1376
glam,1089,0.17695473251028807,0.3827893175074184,0.1377
glam,1090,0.1771978021978022,0.3827893175074184,0.1379
glam,1091,0.17744154057771663,0.3827893175074184,0.138
glam,1092,0.17768595041322313,0.3827893175074184,0.1381
glam,1093,0.17793103448275863,0.3827893175074184,0.1391
glam,1094,0.17842323651452283,0.3827893175074184,0.1392
glam,1095,0.1772853185595568,0.3798219584569733,0.1394
glam,1096,0.17614424410540916,0.3768545994065282,0.1398
glam,1097,0.1763888888888889,0.3768545994065282,0.14
glam,1098,0.17663421418636996,0.3768545994065282,0.1401
glam,1099,0.17737430167597765,0.3768545994065282,0.1402
glam,1100,0.17762237762237762,0.3768545994065282,0.1404
glam,1101,0.1753155680224404,0.37091988130563797,0.1405
glam,1102,0.175561797752809,0.37091988130563797,0.1407
glam,1103,0.17580872011251758,0.37091988130563797,0.1408
glam,1104,0.1763046544428773,0.37091988130563797,0.1409
glam,1105,0.1768033946251768,0.37091988130563797,0.141
glam,1106,0.1773049645390071,0.37091988130563797,0.1411
glam,1107,0.17780938833570412,0.37091988130563797,0.1412
glam,1108,0.1783166904422254,0.37091988130563797,0.1413
glam,1109,0.17857142857142858,0.37091988130563797,0.1417
glam,1110,0.17882689556509299,0.37091988130563797,0.1418
glam,1111,0.17908309455587393,0.37091988130563797,0.1421
glam,1112,0.1781609195402299,0.36795252225519287,0.1423
glam,1113,0.17841726618705037,0.36795252225519287,0.1424
glam,1114,0.1786743515850144,0.36795252225519287,0.1425
glam,1115,0.17800289435600578,0.3649851632047478,0.1431
glam,1116,0.1782608695652174,0.3649851632047478,0.1432
glam,1117,0.17877906976744187,0.3649851632047478,0.1434
glam,1118,0.1793002915451895,0.3649851632047478,0.1437
glam,1119,0.17956204379562044,0.3649851632047478,0.1441
glam,1120,0.17982456140350878,0.3649851632047478,0.1442
glam,1121,0.18035190615835778,0.3649851632047478,0.1444
glam,1122,0.18088235294117647,0.3649851632047478,0.1445
glam,1123,0.18114874815905743,0.3649851632047478,0.1446
glam,1124,0.18168389955686853,0.3649851632047478,0.1448
glam,1125,0.1819526627218935,0.3649851632047478,0.1449
glam,1126,0.1824925816023739,0.3649851632047478,0.1452
glam,1127,0.1827637444279346,0.3649851632047478,0.1453
glam,1128,0.18154761904761904,0.3620178041543027,0.1458
glam,1129,0.18181818181818182,0.3620178041543027,0.1461
glam,1130,0.18208955223880596,0.3620178041543027,0.1464
glam,1131,0.18236173393124067,0.3620178041543027,0.1471
glam,1132,0.18263473053892215,0.3620178041543027,0.1473
glam,1133,0.18290854572713644,0.3620178041543027,0.1474
glam,1134,0.1831831831831832,0.3620178041543027,0.1477
glam,1135,0.18345864661654135,0.3620178041543027,0.1478
glam,1136,0.18373493975903615,0.3620178041543027,0.1483
glam,1137,0.18401206636500755,0.3620178041543027,0.1484
glam,1138,0.18429003021148035,0.3620178041543027,0.1487
glam,1139,0.18456883509833585,0.3620178041543027,0.1488
glam,1140,0.18484848484848485,0.3620178041543027,0.1492
glam,1141,0.18541033434650456,0.3620178041543027,0.1493
glam,1142,0.18597560975609756,0.3620178041543027,0.1494
glam,1143,0.18625954198473282,0.3620178041543027,0.1495
glam,1144,0.18654434250764526,0.3620178041543027,0.1499
glam,1145,0.18683001531393567,0.3620178041543027,0.15
glam,1146,0.18740399385560677,0.3620178041543027,0.1504
glam,1147,0.18769230769230769,0.3620178041543027,0.1505
glam,1148,0.18798151001540833,0.3620178041543027,0.1507
glam,1149,0.18856259659969088,0.3620178041543027,0.1511
glam,1150,0.18885448916408668,0.3620178041543027,0.1514
glam,1151,0.18914728682170542,0.3620178041543027,0.1516
glam,1152,0.18944099378881987,0.3620178041543027,0.1521
glam,1153,0.18973561430793157,0.3620178041543027,0.1523
glam,1154,0.19003115264797507,0.3620178041543027,0.1532
glam,1155,0.19032761310452417,0.3620178041543027,0.1533
glam,1156,0.19092331768388107,0.3620178041543027,0.1536
glam,1157,0.19122257053291536,0.3620178041543027,0.1538
glam,1158,0.19152276295133439,0.3620178041543027,0.1539
glam,1159,0.1918238993710692,0.3620178041543027,0.154
glam,1160,0.19242902208201892,0.3620178041543027,0.1541
glam,1161,0.1930379746835443,0.3620178041543027,0.1542
glam,1162,0.19334389857369255,0.3620178041543027,0.1544
glam,1163,0.19365079365079366,0.3620178041543027,0.1546
glam,1164,0.19395866454689983,0.3620178041543027,0.1547
glam,1165,0.1942675159235669,0.3620178041543027,0.1549
glam,1166,0.19457735247208932,0.3620178041543027,0.1551
glam,1167,0.1936,0.3590504451038576,0.1553
glam,1168,0.19391025641025642,0.3590504451038576,0.1558
glam,1169,0.1942215088282504,0.3590504451038576,0.1559
glam,1170,0.1945337620578778,0.3590504451038576,0.1561
glam,1171,0.19484702093397746,0.3590504451038576,0.1562
glam,1172,0.19516129032258064,0.3590504451038576,0.1563
glam,1173,0.19547657512116318,0.3590504451038576,0.1568
glam,1174,0.19579288025889968,0.3590504451038576,0.157
glam,1175,0.19611021069692058,0.3590504451038576,0.1573
glam,1176,0.1967479674796748,0.3590504451038576,0.1574
glam,1177,0.1970684039087948,0.3590504451038576,0.1575
glam,1178,0.19738988580750408,0.3590504451038576,0.1578
glam,1179,0.19836065573770492,0.3590504451038576,0.1579
glam,1180,0.1986863711001642,0.3590504451038576,0.1585
glam,1181,0.19901315789473684,0.3590504451038576,0.1586
glam,1182,0.19934102141680396,0.3590504451038576,0.1587
glam,1183,0.20033112582781457,0.3590504451038576,0.1589
glam,1184,0.20066334991708126,0.3590504451038576,0.1591
glam,1185,0.2009966777408638,0.3590504451038576,0.1596
glam,1186,0.20133111480865223,0.3590504451038576,0.1599
glam,1187,0.20166666666666666,0.3590504451038576,0.1601
glam,1188,0.2020033388981636,0.3590504451038576,0.1602
glam,1189,0.20234113712374582,0.3590504451038576,0.1606
glam,1190,0.20268006700167504,0.3590504451038576,0.1607
glam,1191,0.20302013422818793,0.3590504451038576,0.1608
glam,1192,0.20336134453781513,0.3590504451038576,0.161
glam,1193,0.20067453625632378,0.35311572700296734,0.1611
glam,1194,0.20101351351351351,0.35311572700296734,0.1615
glam,1195,0.20135363790186125,0.35311572700296734,0.1616
glam,1196,0.20203735144312393,0.35311572700296734,0.1618
glam,1197,0.20238095238095238,0.35311572700296734,0.1619
glam,1198,0.20272572402044292,0.35311572700296734,0.1621
glam,1199,0.20205479452054795,0.35014836795252224,0.1624
glam,1200,0.20240137221269297,0.35014836795252224,0.1625
glam,1201,0.2027491408934708,0.35014836795252224,0.1627
glam,1202,0.20309810671256454,0.35014836795252224,0.163
glam,1203,0.20172413793103447,0.34718100890207715,0.1632
glam,1204,0.20207253886010362,0.34718100890207715,0.1635
glam,1205,0.20103986135181975,0.34421364985163205,0.1637
glam,1206,0.2013888888888889,0.34421364985163205,0.1638
glam,1207,0.20173913043478262,0.34421364985163205,0.1645
glam,1208,0.20209059233449478,0.34421364985163205,0.1648
glam,1209,0.2024432809773124,0.34421364985163205,0.1651
glam,1210,0.20175438596491227,0.34124629080118696,0.1654
glam,1211,0.20210896309314588,0.34124629080118696,0.1659
glam,1212,0.20246478873239437,0.34124629080118696,0.1663
glam,1213,0.20282186948853614,0.34124629080118696,0.1664
glam,1214,0.20318021201413428,0.34124629080118696,0.1665
glam,1215,0.20390070921985815,0.34124629080118696,0.1667
glam,1216,0.20426287744227353,0.34124629080118696,0.1669
glam,1217,0.20462633451957296,0.34124629080118696,0.1671
glam,1218,0.20499108734402852,0.34124629080118696,0.1673
glam,1219,0.20572450805008943,0.34124629080118696,0.1677
glam,1220,0.20430107526881722,0.33827893175074186,0.168
glam,1221,0.20503597122302158,0.33827893175074186,0.1684
glam,1222,0.20540540540540542,0.33827893175074186,0.1689
glam,1223,0.20577617328519857,0.33827893175074186,0.1694
glam,1224,0.20614828209764918,0.33827893175074186,0.17
glam,1225,0.20652173913043478,0.33827893175074186,0.1712
glam,1226,0.20689655172413793,0.33827893175074186,0.1719
glam,1227,0.20727272727272728,0.33827893175074186,0.172
glam,1228,0.20765027322404372,0.33827893175074186,0.1722
glam,1229,0.20802919708029197,0.33827893175074186,0.1724
glam,1230,0.2087912087912088,0.33827893175074186,0.1727
glam,1231,0.20917431192660552,0.33827893175074186,0.173
glam,1232,0.20955882352941177,0.33827893175074186,0.1731
glam,1233,0.20994475138121546,0.33827893175074186,0.1735
glam,1234,0.21033210332103322,0.33827893175074186,0.1736
glam,1235,0.2111111111111111,0.33827893175074186,0.1738
glam,1236,0.21150278293135436,0.33827893175074186,0.174
glam,1237,0.21189591078066913,0.33827893175074186,0.1741
glam,1238,0.2122905027932961,0.33827893175074186,0.1749
glam,1239,0.2126865671641791,0.33827893175074186,0.1756
glam,1240,0.2130841121495327,0.33827893175074186,0.1757
glam,1241,0.21348314606741572,0.33827893175074186,0.1758
glam,1242,0.21388367729831145,0.33827893175074186,0.1759
glam,1243,0.212406015037594,0.3353115727002967,0.1761
glam,1244,0.2128060263653484,0.3353115727002967,0.1762
glam,1245,0.21320754716981133,0.3353115727002967,0.177
glam,1246,0.21361058601134217,0.3353115727002967,0.1775
glam,1247,0.21401515151515152,0.3353115727002967,0.1776
glam,1248,0.2144212523719165,0.3353115727002967,0.1777
glam,1249,0.21482889733840305,0.3353115727002967,0.178
glam,1250,0.21564885496183206,0.3353115727002967,0.1782
glam,1251,0.21606118546845124,0.3353115727002967,0.1785
glam,1252,0.21689059500959693,0.3353115727002967,0.1786
glam,1253,0.2173076923076923,0.3353115727002967,0.1787
glam,1254,0.21772639691714837,0.3353115727002967,0.179
glam,1255,0.21814671814671815,0.3353115727002967,0.1792
glam,1256,0.218568665377176,0.3353115727002967,0.1797
glam,1257,0.2189922480620155,0.3353115727002967,0.1806
glam,1258,0.2174757281553398,0.3323442136498516,0.1808
glam,1259,0.21595330739299612,0.3293768545994065,0.1809
glam,1260,0.21637426900584794,0.3293768545994065,0.1811
glam,1261,0.216796875,0.3293768545994065,0.1813
glam,1262,0.2172211350293542,0.3293768545994065,0.1819
glam,1263,0.21568627450980393,0.3264094955489614,0.1821
glam,1264,0.21414538310412573,0.32344213649851633,0.1826
glam,1265,0.21456692913385828,0.32344213649851633,0.1829
glam,1266,0.21499013806706113,0.32344213649851633,0.183
glam,1267,0.21584158415841584,0.32344213649851633,0.1834
glam,1268,0.21626984126984128,0.32344213649851633,0.1836
glam,1269,0.21669980119284293,0.32344213649851633,0.1844
glam,1270,0.21713147410358566,0.32344213649851633,0.1849
glam,1271,0.21756487025948104,0.32344213649851633,0.1855
glam,1272,0.218,0.32344213649851633,0.1857
glam,1273,0.21643286573146292,0.32047477744807124,0.1863
glam,1274,0.21686746987951808,0.32047477744807124,0.1865
glam,1275,0.21730382293762576,0.32047477744807124,0.1866
glam,1276,0.21616161616161617,0.31750741839762614,0.1869
glam,1277,0.21703853955375255,0.31750741839762614,0.1871
glam,1278,0.21792260692464357,0.31750741839762614,0.1876
glam,1279,0.21836734693877552,0.31750741839762614,0.1886
glam,1280,0.2167689161554192,0.314540059347181,0.1888
glam,1281,0.21721311475409835,0.314540059347181,0.1889
glam,1282,0.21649484536082475,0.3115727002967359,0.189
glam,1283,0.21487603305785125,0.3086053412462908,0.1891
glam,1284,0.2153209109730849,0.3086053412462908,0.1894
glam,1285,0.21621621621621623,0.3086053412462908,0.19
glam,1286,0.21666666666666667,0.3086053412462908,0.1901
glam,1287,0.21711899791231734,0.3086053412462908,0.1903
glam,1288,0.2175732217573222,0.3086053412462908,0.1906
glam,1289,0.2180293501048218,0.3086053412462908,0.191
glam,1290,0.2184873949579832,0.3086053412462908,0.1911
glam,1291,0.21940928270042195,0.3086053412462908,0.1912
glam,1292,0.21987315010570824,0.3086053412462908,0.1913
glam,1293,0.22033898305084745,0.3086053412462908,0.1917
glam,1294,0.22127659574468084,0.3086053412462908,0.1923
glam,1295,0.22174840085287847,0.3086053412462908,0.1925
glam,1296,0.2222222222222222,0.3086053412462908,0.1933
glam,1297,0.22269807280513917,0.3086053412462908,0.1935
glam,1298,0.22317596566523606,0.3086053412462908,0.1936
glam,1299,0.22365591397849463,0.3086053412462908,0.1937
glam,1300,0.2203023758099352,0.3026706231454006,0.1938
glam,1301,0.21861471861471862,0.2997032640949555,0.1941
glam,1302,0.22004357298474944,0.2997032640949555,0.1942
glam,1303,0.2205240174672489,0.2997032640949555,0.1948
glam,1304,0.2210065645514223,0.2997032640949555,0.195
glam,1305,0.22149122807017543,0.2997032640949555,0.1965
glam,1306,0.22197802197802197,0.2997032640949555,0.1966
glam,1307,0.22246696035242292,0.2997032640949555,0.1969
glam,1308,0.2229580573951435,0.2997032640949555,0.1971
glam,1309,0.2234513274336283,0.2997032640949555,0.1973
glam,1310,0.22394678492239467,0.2997032640949555,0.1984
glam,1311,0.22444444444444445,0.2997032640949555,0.1985
glam,1312,0.22494432071269488,0.2997032640949555,0.1987
glam,1313,0.22544642857142858,0.2997032640949555,0.1991
glam,1314,0.22595078299776286,0.2997032640949555,0.1992
glam,1315,0.226457399103139,0.2997032640949555,0.1996
glam,1316,0.22799097065462753,0.2997032640949555,0.2006
glam,1317,0.22850678733031674,0.2997032640949555,0.2011
glam,1318,0.2290249433106576,0.2997032640949555,0.2015
glam,1319,0.22954545454545455,0.2997032640949555,0.2016
glam,1320,0.23006833712984054,0.2997032640949555,0.2023
glam,1321,0.23059360730593606,0.2997032640949555,0.2029
glam,1322,0.2311212814645309,0.2997032640949555,0.2033
glam,1323,0.231651376146789,0.2997032640949555,0.2039
glam,1324,0.23218390804597702,0.2997032640949555,0.204
glam,1325,0.2304147465437788,0.29673590504451036,0.2042
glam,1326,0.23094688221709006,0.29673590504451036,0.2043
glam,1327,0.23148148148148148,0.29673590504451036,0.2045
glam,1328,0.23201856148491878,0.29673590504451036,0.2049
glam,1329,0.2302325581395349,0.29376854599406527,0.2053
glam,1330,0.23076923076923078,0.29376854599406527,0.2056
glam,1331,0.23130841121495327,0.29376854599406527,0.2057
glam,1332,0.23185011709601874,0.29376854599406527,0.2063
glam,1333,0.2323943661971831,0.29376854599406527,0.2066
glam,1334,0.23058823529411765,0.29080118694362017,0.2067
glam,1335,0.23113207547169812,0.29080118694362017,0.2068
glam,1336,0.23167848699763594,0.29080118694362017,0.2073
glam,1337,0.23222748815165878,0.29080118694362017,0.2075
glam,1338,0.23040380047505937,0.2878338278931751,0.2081
glam,1339,0.22857142857142856,0.28486646884273,0.2082
glam,1340,0.22673031026252982,0.2818991097922849,0.2084
glam,1341,0.22488038277511962,0.2789317507418398,0.2085
glam,1342,0.22541966426858512,0.2789317507418398,0.2086
glam,1343,0.22596153846153846,0.2789317507418398,0.2097
glam,1344,0.22650602409638554,0.2789317507418398,0.21
glam,1345,0.22705314009661837,0.2789317507418398,0.2106
glam,1346,0.22760290556900725,0.2789317507418398,0.2108
glam,1347,0.22815533980582525,0.2789317507418398,0.212
glam,1348,0.22871046228710462,0.2789317507418398,0.2124
glam,1349,0.22926829268292684,0.2789317507418398,0.2137
glam,1350,0.22982885085574573,0.2789317507418398,0.2138
glam,1351,0.23039215686274508,0.2789317507418398,0.2143
glam,1352,0.23095823095823095,0.2789317507418398,0.2145
glam,1353,0.2315270935960591,0.2789317507418398,0.2152
glam,1354,0.23209876543209876,0.2789317507418398,0.2154
glam,1355,0.23267326732673269,0.2789317507418398,0.2156
glam,1356,0.23325062034739455,0.2789317507418398,0.2157
glam,1357,0.23192019950124687,0.27596439169139464,0.216
glam,1358,0.23308270676691728,0.27596439169139464,0.2161
glam,1359,0.23425692695214106,0.27596439169139464,0.2165
glam,1360,0.23484848484848486,0.27596439169139464,0.217
glam,1361,0.23544303797468355,0.27596439169139464,0.2174
glam,1362,0.23604060913705585,0.27596439169139464,0.2183
glam,1363,0.2340966921119593,0.27299703264094954,0.2191
glam,1364,0.23469387755102042,0.27299703264094954,0.2192
glam,1365,0.23529411764705882,0.27299703264094954,0.2197
glam,1366,0.2358974358974359,0.27299703264094954,0.2198
glam,1367,0.2365038560411311,0.27299703264094954,0.2199
glam,1368,0.2351421188630491,0.27002967359050445,0.2201
glam,1369,0.23575129533678757,0.27002967359050445,0.2204
glam,1370,0.23636363636363636,0.27002967359050445,0.2209
glam,1371,0.23759791122715404,0.27002967359050445,0.221
glam,1372,0.23821989528795812,0.27002967359050445,0.2211
glam,1373,0.2388451443569554,0.27002967359050445,0.2218
glam,1374,0.2394736842105263,0.27002967359050445,0.2224
glam,1375,0.23746701846965698,0.26706231454005935,0.2233
glam,1376,0.23809523809523808,0.26706231454005935,0.2235
glam,1377,0.23872679045092837,0.26706231454005935,0.224
glam,1378,0.2393617021276596,0.26706231454005935,0.2248
glam,1379,0.24,0.26706231454005935,0.2251
glam,1380,0.24128686327077747,0.26706231454005935,0.2261
glam,1381,0.239247311827957,0.26409495548961426,0.2262
glam,1382,0.2398921832884097,0.26409495548961426,0.2264
glam,1383,0.24054054054054055,0.26409495548961426,0.2267
glam,1384,0.24119241192411925,0.26409495548961426,0.2273
glam,1385,0.2418478260869565,0.26409495548961426,0.2278
glam,1386,0.24316939890710382,0.26409495548961426,0.2279
glam,1387,0.24383561643835616,0.26409495548961426,0.2283
glam,1388,0.2445054945054945,0.26409495548961426,0.2284
glam,1389,0.24517906336088155,0.26409495548961426,0.2291
glam,1390,0.24585635359116023,0.26409495548961426,0.2295
glam,1391,0.24376731301939059,0.26112759643916916,0.2304
glam,1392,0.24512534818941503,0.26112759643916916,0.2308
glam,1393,0.2430167597765363,0.258160237388724,0.2322
glam,1394,0.24369747899159663,0.258160237388724,0.2325
glam,1395,0.2443820224719101,0.258160237388724,0.2332
glam,1396,0.24507042253521127,0.258160237388724,0.2342
glam,1397,0.2457627118644068,0.258160237388724,0.2345
glam,1398,0.24645892351274787,0.258160237388724,0.235
glam,1399,0.24431818181818182,0.2551928783382789,0.2351
glam,1400,0.245014245014245,0.2551928783382789,0.2352
glam,1401,0.24641833810888253,0.2551928783382789,0.2357
glam,1402,0.2471264367816092,0.2551928783382789,0.2359
glam,1403,0.24495677233429394,0.2522255192878338,0.2361
glam,1404,0.24566473988439305,0.2522255192878338,0.2367
glam,1405,0.24709302325581395,0.2522255192878338,0.2368
glam,1406,0.2478134110787172,0.2522255192878338,0.2369
glam,1407,0.24853801169590642,0.2522255192878338,0.2371
glam,1408,0.24633431085043989,0.24925816023738873,0.2372
glam,1409,0.24705882352941178,0.24925816023738873,0.2375
glam,1410,0.24778761061946902,0.24925816023738873,0.2381
glam,1411,0.2485207100591716,0.24925816023738873,0.2382
glam,1412,0.24925816023738873,0.24925816023738873,0.2387
glam,1413,0.25,0.24925816023738873,0.2392
glam,1414,0.24850299401197604,0.24629080118694363,0.2399
glam,1415,0.24924924924924924,0.24629080118694363,0.2401
glam,1416,0.25,0.24629080118694363,0.2406
glam,1417,0.25075528700906347,0.24629080118694363,0.2419
glam,1418,0.2515151515151515,0.24629080118694363,0.2422
glam,1419,0.24924012158054712,0.2433234421364985,0.2439
glam,1420,0.25,0.2433234421364985,0.2443
glam,1421,0.25076452599388377,0.2433234421364985,0.2451
glam,1422,0.25153374233128833,0.2433234421364985,0.2456
glam,1423,0.2523076923076923,0.2433234421364985,0.2465
glam,1424,0.25,0.2403560830860534,0.2475
glam,1425,0.25077399380804954,0.2403560830860534,0.2478
glam,1426,0.2515527950310559,0.2403560830860534,0.2479
glam,1427,0.2523364485981308,0.2403560830860534,0.2482
glam,1428,0.253125,0.2403560830860534,0.2485
glam,1429,0.25391849529780564,0.2403560830860534,0.2487
glam,1430,0.25471698113207547,0.2403560830860534,0.2496
glam,1431,0.2555205047318612,0.2403560830860534,0.2503
glam,1432,0.25396825396825395,0.23738872403560832,0.251
glam,1433,0.2515923566878981,0.2344213649851632,0.2517
glam,1434,0.24920127795527156,0.2314540059347181,0.2521
glam,1435,0.25,0.2314540059347181,0.2531
glam,1436,0.2508038585209003,0.2314540059347181,0.2538
glam,1437,0.24838709677419354,0.228486646884273,0.2548
glam,1438,0.24919093851132687,0.228486646884273,0.2558
glam,1439,0.25,0.228486646884273,0.256
glam,1440,0.25163398692810457,0.228486646884273,0.2561
glam,1441,0.2532894736842105,0.228486646884273,0.2566
glam,1442,0.25165562913907286,0.22551928783382788,0.2578
glam,1443,0.25249169435215946,0.22551928783382788,0.2583
glam,1444,0.25333333333333335,0.22551928783382788,0.2585
glam,1445,0.25418060200668896,0.22551928783382788,0.2604
glam,1446,0.2550335570469799,0.22551928783382788,0.2615
glam,1447,0.2558922558922559,0.22551928783382788,0.2619
glam,1448,0.25675675675675674,0.22551928783382788,0.2625
glam,1449,0.2576271186440678,0.22551928783382788,0.2629
glam,1450,0.2585034013605442,0.22551928783382788,0.2639
glam,1451,0.2593856655290102,0.22551928783382788,0.2641
glam,1452,0.2602739726027397,0.22551928783382788,0.2642
glam,1453,0.2611683848797251,0.22551928783382788,0.2645
glam,1454,0.25862068965517243,0.22255192878338279,0.2654
glam,1455,0.25951557093425603,0.22255192878338279,0.2664
glam,1456,0.2604166666666667,0.22255192878338279,0.2676
glam,1457,0.2578397212543554,0.2195845697329377,0.268
glam,1458,0.25524475524475526,0.2166172106824926,0.2683
glam,1459,0.25263157894736843,0.21364985163204747,0.2688
glam,1460,0.2535211267605634,0.21364985163204747,0.2702
glam,1461,0.254416961130742,0.21364985163204747,0.2704
glam,1462,0.2553191489361702,0.21364985163204747,0.2715
glam,1463,0.2526690391459075,0.21068249258160238,0.2718
glam,1464,0.25,0.20771513353115728,0.2727
glam,1465,0.24731182795698925,0.20474777448071216,0.2728
glam,1466,0.24820143884892087,0.20474777448071216,0.2735
glam,1467,0.2490974729241877,0.20474777448071216,0.2754
glam,1468,0.25,0.20474777448071216,0.2757
glam,1469,0.2509090909090909,0.20474777448071216,0.2758
glam,1470,0.24817518248175183,0.20178041543026706,0.2763
glam,1471,0.2454212454212454,0.19881305637982197,0.277
glam,1472,0.24632352941176472,0.19881305637982197,0.278
glam,1473,0.24723247232472326,0.19881305637982197,0.2791
glam,1474,0.24814814814814815,0.19881305637982197,0.2799
glam,1475,0.24907063197026022,0.19881305637982197,0.28
glam,1476,0.25,0.19881305637982197,0.2803
glam,1477,0.250936329588015,0.19881305637982197,0.2804
glam,1478,0.2518796992481203,0.19881305637982197,0.2825
glam,1479,0.2528301886792453,0.19881305637982197,0.2843
glam,1480,0.2509505703422053,0.19584569732937684,0.2863
glam,1481,0.2480916030534351,0.19287833827893175,0.2864
glam,1482,0.24904214559386972,0.19287833827893175,0.2867
glam,1483,0.2471042471042471,0.18991097922848665,0.2868
glam,1484,0.24806201550387597,0.18991097922848665,0.2869
glam,1485,0.245136186770428,0.18694362017804153,0.2873
glam,1486,0.24609375,0.18694362017804153,0.2875
glam,1487,0.24705882352941178,0.18694362017804153,0.2882
glam,1488,0.24803149606299213,0.18694362017804153,0.2908
glam,1489,0.2490118577075099,0.18694362017804153,0.2911
glam,1490,0.25,0.18694362017804153,0.2921
glam,1491,0.250996015936255,0.18694362017804153,0.2933
glam,1492,0.252,0.18694362017804153,0.295
glam,1493,0.24899598393574296,0.18397626112759644,0.2959
glam,1494,0.25,0.18397626112759644,0.2982
glam,1495,0.24696356275303644,0.18100890207715134,0.301
glam,1496,0.24796747967479674,0.18100890207715134,0.3012
glam,1497,0.24897959183673468,0.18100890207715134,0.3013
glam,1498,0.25,0.18100890207715134,0.3021
glam,1499,0.25102880658436216,0.18100890207715134,0.3022
glam,1500,0.25206611570247933,0.18100890207715134,0.3027
glam,1501,0.25311203319502074,0.18100890207715134,0.303
glam,1502,0.25,0.17804154302670624,0.305
glam,1503,0.2510460251046025,0.17804154302670624,0.3059
glam,1504,0.25210084033613445,0.17804154302670624,0.3073
glam,1505,0.25316455696202533,0.17804154302670624,0.3079
glam,1506,0.2542372881355932,0.17804154302670624,0.308
glam,1507,0.2553191489361702,0.17804154302670624,0.3081
glam,1508,0.2564102564102564,0.17804154302670624,0.3088
glam,1509,0.2575107296137339,0.17804154302670624,0.3094
glam,1510,0.2510822510822511,0.17210682492581603,0.3112
glam,1511,0.25217391304347825,0.17210682492581603,0.3121
glam,1512,0.25327510917030566,0.17210682492581603,0.3123
glam,1513,0.2543859649122807,0.17210682492581603,0.313
glam,1514,0.2511013215859031,0.16913946587537093,0.3133
glam,1515,0.24778761061946902,0.1661721068249258,0.3139
glam,1516,0.24888888888888888,0.1661721068249258,0.314
glam,1517,0.25,0.1661721068249258,0.3141
glam,1518,0.25112107623318386,0.1661721068249258,0.3148
glam,1519,0.24774774774774774,0.1632047477744807,0.3151
glam,1520,0.24434389140271492,0.16023738872403562,0.3163
glam,1521,0.24545454545454545,0.16023738872403562,0.3166
glam,1522,0.2465753424657534,0.16023738872403562,0.3167
glam,1523,0.24311926605504589,0.1572700296735905,0.3172
glam,1524,0.24423963133640553,0.1572700296735905,0.3173
glam,1525,0.24537037037037038,0.1572700296735905,0.3176
glam,1526,0.24651162790697675,0.1572700296735905,0.3179
glam,1527,0.24766355140186916,0.1572700296735905,0.3203
glam,1528,0.24882629107981222,0.1572700296735905,0.3205
glam,1529,0.24528301886792453,0.1543026706231454,0.3234
glam,1530,0.24401913875598086,0.1513353115727003,0.3235
glam,1531,0.2403846153846154,0.14836795252225518,0.3245
glam,1532,0.24154589371980675,0.14836795252225518,0.3256
glam,1533,0.24271844660194175,0.14836795252225518,0.326
glam,1534,0.24390243902439024,0.14836795252225518,0.3284
glam,1535,0.24019607843137256,0.14540059347181009,0.3285
glam,1536,0.2413793103448276,0.14540059347181009,0.3286
glam,1537,0.2376237623762376,0.142433234421365,0.3293
glam,1538,0.23880597014925373,0.142433234421365,0.3301
glam,1539,0.24,0.142433234421365,0.3304
glam,1540,0.24120603015075376,0.142433234421365,0.3308
glam,1541,0.23737373737373738,0.1394658753709199,0.3311
glam,1542,0.23857868020304568,0.1394658753709199,0.3313
glam,1543,0.23979591836734693,0.1394658753709199,0.3323
glam,1544,0.24102564102564103,0.1394658753709199,0.3329
glam,1545,0.2422680412371134,0.1394658753709199,0.3335
glam,1546,0.23834196891191708,0.13649851632047477,0.3338
glam,1547,0.23958333333333334,0.13649851632047477,0.3351
glam,1548,0.24083769633507854,0.13649851632047477,0.3367
glam,1549,0.24210526315789474,0.13649851632047477,0.3384
glam,1550,0.24338624338624337,0.13649851632047477,0.3391
glam,1551,0.24468085106382978,0.13649851632047477,0.3404
glam,1552,0.24598930481283424,0.13649851632047477,0.3407
glam,1553,0.24193548387096775,0.13353115727002968,0.3412
glam,1554,0.24324324324324326,0.13353115727002968,0.3421
glam,1555,0.24456521739130435,0.13353115727002968,0.3431
glam,1556,0.24043715846994534,0.13056379821958458,0.3438
glam,1557,0.24175824175824176,0.13056379821958458,0.3443
glam,1558,0.2430939226519337,0.13056379821958458,0.3458
glam,1559,0.24444444444444444,0.13056379821958458,0.3468
glam,1560,0.24581005586592178,0.13056379821958458,0.3478
glam,1561,0.24719101123595505,0.13056379821958458,0.3488
glam,1562,0.24858757062146894,0.13056379821958458,0.3491
glam,1563,0.24431818181818182,0.12759643916913946,0.3508
glam,1564,0.24571428571428572,0.12759643916913946,0.3521
glam,1565,0.2471264367816092,0.12759643916913946,0.3578
glam,1566,0.24855491329479767,0.12759643916913946,0.3604
glam,1567,0.24561403508771928,0.12462908011869436,0.3614
glam,1568,0.24705882352941178,0.12462908011869436,0.3627
glam,1569,0.2485207100591716,0.12462908011869436,0.3628
glam,1570,0.25,0.12462908011869436,0.3645
glam,1571,0.25149700598802394,0.12462908011869436,0.3681
glam,1572,0.25301204819277107,0.12462908011869436,0.3689
glam,1573,0.24848484848484848,0.12166172106824925,0.3698
glam,1574,0.24390243902439024,0.11869436201780416,0.3705
glam,1575,0.24539877300613497,0.11869436201780416,0.371
glam,1576,0.24691358024691357,0.11869436201780416,0.3717
glam,1577,0.2484472049689441,0.11869436201780416,0.3738
glam,1578,0.24375,0.11572700296735905,0.3739
glam,1579,0.24528301886792453,0.11572700296735905,0.3768
glam,1580,0.24050632911392406,0.11275964391691394,0.3785
glam,1581,0.24203821656050956,0.11275964391691394,0.3796
glam,1582,0.24358974358974358,0.11275964391691394,0.3804
glam,1583,0.24516129032258063,0.11275964391691394,0.3816
glam,1584,0.24675324675324675,0.11275964391691394,0.3817
glam,1585,0.24183006535947713,0.10979228486646884,0.382
glam,1586,0.24342105263157895,0.10979228486646884,0.3821
glam,1587,0.23841059602649006,0.10682492581602374,0.3833
glam,1588,0.24,0.10682492581602374,0.384
glam,1589,0.24161073825503357,0.10682492581602374,0.3852
glam,1590,0.24324324324324326,0.10682492581602374,0.3853
glam,1591,0.24489795918367346,0.10682492581602374,0.3881
glam,1592,0.2465753424657534,0.10682492581602374,0.3884
glam,1593,0.2413793103448276,0.10385756676557864,0.3889
glam,1594,0.24305555555555555,0.10385756676557864,0.389
glam,1595,0.23776223776223776,0.10089020771513353,0.39
glam,1596,0.23404255319148937,0.09792284866468842,0.3948
glam,1597,0.22857142857142856,0.09495548961424333,0.3996
glam,1598,0.2302158273381295,0.09495548961424333,0.3999
glam,1599,0.2318840579710145,0.09495548961424333,0.4036
glam,1600,0.23357664233576642,0.09495548961424333,0.404
glam,1601,0.23529411764705882,0.09495548961424333,0.405
glam,1602,0.23703703703703705,0.09495548961424333,0.4062
glam,1603,0.23880597014925373,0.09495548961424333,0.4077
glam,1604,0.24060150375939848,0.09495548961424333,0.4085
glam,1605,0.24242424242424243,0.09495548961424333,0.4092
glam,1606,0.24427480916030533,0.09495548961424333,0.4111
glam,1607,0.24615384615384617,0.09495548961424333,0.4125
glam,1608,0.24031007751937986,0.09198813056379822,0.4127
glam,1609,0.2421875,0.09198813056379822,0.4168
glam,1610,0.2440944881889764,0.09198813056379822,0.4191
glam,1611,0.23809523809523808,0.08902077151335312,0.4207
glam,1612,0.24,0.08902077151335312,0.4245
glam,1613,0.24193548387096775,0.08902077151335312,0.4277
glam,1614,0.24390243902439024,0.08902077151335312,0.4289
glam,1615,0.2459016393442623,0.08902077151335312,0.4294
glam,1616,0.24793388429752067,0.08902077151335312,0.4337
glam,1617,0.25,0.08902077151335312,0.4368
glam,1618,0.24369747899159663,0.08605341246290801,0.4407
glam,1619,0.2457627118644068,0.08605341246290801,0.4427
glam,1620,0.24786324786324787,0.08605341246290801,0.4447
glam,1621,0.2413793103448276,0.0830860534124629,0.447
glam,1622,0.24347826086956523,0.0830860534124629,0.4492
glam,1623,0.24561403508771928,0.0830860534124629,0.4494
glam,1624,0.24778761061946902,0.0830860534124629,0.4502
glam,1625,0.25,0.0830860534124629,0.453
glam,1626,0.25225225225225223,0.0830860534124629,0.4537
glam,1627,0.2545454545454545,0.0830860534124629,0.4569
glam,1628,0.25688073394495414,0.0830860534124629,0.457
glam,1629,0.25925925925925924,0.0830860534124629,0.4616
glam,1630,0.2523364485981308,0.08011869436201781,0.463
glam,1631,0.24528301886792453,0.0771513353115727,0.4646
glam,1632,0.23809523809523808,0.07418397626112759,0.466
glam,1633,0.2403846153846154,0.07418397626112759,0.4678
glam,1634,0.24271844660194175,0.07418397626112759,0.4687
glam,1635,0.24509803921568626,0.07418397626112759,0.4695
glam,1636,0.24752475247524752,0.07418397626112759,0.4715
glam,1637,0.25,0.07418397626112759,0.4759
glam,1638,0.25252525252525254,0.07418397626112759,0.48
glam,1639,0.25510204081632654,0.07418397626112759,0.4876
glam,1640,0.25773195876288657,0.07418397626112759,0.4878
glam,1641,0.25,0.0712166172106825,0.491
glam,1642,0.25263157894736843,0.0712166172106825,0.4913
glam,1643,0.2553191489361702,0.0712166172106825,0.4925
glam,1644,0.25806451612903225,0.0712166172106825,0.4954
glam,1645,0.2608695652173913,0.0712166172106825,0.5006
glam,1646,0.26373626373626374,0.0712166172106825,0.501
glam,1647,0.26666666666666666,0.0712166172106825,0.5015
glam,1648,0.25842696629213485,0.06824925816023739,0.5029
glam,1649,0.26136363636363635,0.06824925816023739,0.5142
glam,1650,0.25287356321839083,0.06528189910979229,0.5174
glam,1651,0.2558139534883721,0.06528189910979229,0.5235
glam,1652,0.25882352941176473,0.06528189910979229,0.5239
glam,1653,0.25,0.06231454005934718,0.5326
glam,1654,0.25301204819277107,0.06231454005934718,0.5369
glam,1655,0.25609756097560976,0.06231454005934718,0.538
glam,1656,0.25925925925925924,0.06231454005934718,0.5385
glam,1657,0.2625,0.06231454005934718,0.5387
glam,1658,0.26582278481012656,0.06231454005934718,0.5393
glam,1659,0.2692307692307692,0.06231454005934718,0.5465
glam,1660,0.2727272727272727,0.06231454005934718,0.5475
glam,1661,0.27631578947368424,0.06231454005934718,0.552
glam,1662,0.26666666666666666,0.05934718100890208,0.5533
glam,1663,0.25675675675675674,0.05637982195845697,0.5562
glam,1664,0.2602739726027397,0.05637982195845697,0.5567
glam,1665,0.25,0.05341246290801187,0.5578
glam,1666,0.2535211267605634,0.05341246290801187,0.5581
glam,1667,0.2571428571428571,0.05341246290801187,0.5642
glam,1668,0.2608695652173913,0.05341246290801187,0.5655
glam,1669,0.25,0.050445103857566766,0.5661
glam,1670,0.23880597014925373,0.04747774480712166,0.5669
glam,1671,0.24242424242424243,0.04747774480712166,0.5677
glam,1672,0.24615384615384617,0.04747774480712166,0.5678
glam,1673,0.234375,0.04451038575667656,0.5727
glam,1674,0.23809523809523808,0.04451038575667656,0.5742
glam,1675,0.24193548387096775,0.04451038575667656,0.5834
glam,1676,0.2459016393442623,0.04451038575667656,0.5872
glam,1677,0.25,0.04451038575667656,0.5892
glam,1678,0.2542372881355932,0.04451038575667656,0.6041
glam,1679,0.2413793103448276,0.04154302670623145,0.6059
glam,1680,0.22807017543859648,0.03857566765578635,0.6081
glam,1681,0.23214285714285715,0.03857566765578635,0.619
glam,1682,0.23636363636363636,0.03857566765578635,0.6199
glam,1683,0.24074074074074073,0.03857566765578635,0.6255
glam,1684,0.24528301886792453,0.03857566765578635,0.6264
glam,1685,0.23076923076923078,0.03560830860534125,0.63
glam,1686,0.23529411764705882,0.03560830860534125,0.6307
glam,1687,0.24,0.03560830860534125,0.633
glam,1688,0.22448979591836735,0.032640949554896145,0.6355
glam,1689,0.22916666666666666,0.032640949554896145,0.6384
glam,1690,0.2127659574468085,0.02967359050445104,0.6395
glam,1691,0.21739130434782608,0.02967359050445104,0.6418
glam,1692,0.2,0.026706231454005934,0.6518
glam,1693,0.20454545454545456,0.026706231454005934,0.6684
glam,1694,0.18604651162790697,0.02373887240356083,0.6715
glam,1695,0.19047619047619047,0.02373887240356083,0.6771
glam,1696,0.1951219512195122,0.02373887240356083,0.679
glam,1697,0.2,0.02373887240356083,0.683
glam,1698,0.20512820512820512,0.02373887240356083,0.6889
glam,1699,0.21052631578947367,0.02373887240356083,0.6897
glam,1700,0.1891891891891892,0.020771513353115726,0.6899
glam,1701,0.16666666666666666,0.017804154302670624,0.7037
glam,1702,0.17142857142857143,0.017804154302670624,0.722
glam,1703,0.17647058823529413,0.017804154302670624,0.7229
glam,1704,0.15151515151515152,0.01483679525222552,0.733
glam,1705,0.15625,0.01483679525222552,0.7394
glam,1706,0.16129032258064516,0.01483679525222552,0.7525
glam,1707,0.16666666666666666,0.01483679525222552,0.7533
glam,1708,0.1724137931034483,0.01483679525222552,0.7544
glam,1709,0.17857142857142858,0.01483679525222552,0.7634
glam,1710,0.18518518518518517,0.01483679525222552,0.7656
glam,1711,0.15384615384615385,0.011869436201780416,0.7744
glam,1712,0.16,0.011869436201780416,0.7751
glam,1713,0.16666666666666666,0.011869436201780416,0.7768
glam,1714,0.17391304347826086,0.011869436201780416,0.7912
glam,1715,0.18181818181818182,0.011869436201780416,0.7987
glam,1716,0.14285714285714285,0.008902077151335312,0.8073
glam,1717,0.1,0.005934718100890208,0.8184
glam,1718,0.10526315789473684,0.005934718100890208,0.8337
glam,1719,0.1111111111111111,0.005934718100890208,0.8386
glam,1720,0.058823529411764705,0.002967359050445104,0.842
glam,1721,0.0625,0.002967359050445104,0.8591
glam,1722,0.06666666666666667,0.002967359050445104,0.8713
glam,1723,0.07142857142857142,0.002967359050445104,0.8736
glam,1724,0.07692307692307693,0.002967359050445104,0.8804
glam,1725,0.08333333333333333,0.002967359050445104,0.8829
glam,1726,0.09090909090909091,0.002967359050445104,0.894
glam,1727,0.1,0.002967359050445104,0.8968
glam,1728,0.1111111111111111,0.002967359050445104,0.9111
glam,1729,0.125,0.002967359050445104,0.9212
glam,1730,0.14285714285714285,0.002967359050445104,0.9265
glam,1731,0.0,0.0,0.93
glam,1732,0.0,0.0,0.9333
glam,1733,0.0,0.0,0.9393
glam,1734,0.0,0.0,0.9654
glam,1735,0.0,0.0,0.9664
glam,1736,0.0,0.0,0.9838
glam,1737,1.0,0.0,
baseline_ensemble,0,0.04044161766470659,1.0,0.0079000007
baseline_ensemble,1,0.04044647143542967,1.0,0.008799996199999998
baseline_ensemble,2,0.04045132637138399,1.0,0.0088999948
baseline_ensemble,3,0.0404561824729892,1.0,0.0089666616
baseline_ensemble,4,0.040461039740665145,1.0,0.009266661
baseline_ensemble,5,0.04046589817483189,1.0,0.0092999948
baseline_ensemble,6,0.040470757775909694,1.0,0.0094999943
baseline_ensemble,7,0.040475618544319,1.0,0.0094999965
baseline_ensemble,8,0.04048048048048048,1.0,0.009633327599999998
baseline_ensemble,9,0.040485343584814995,1.0,0.0096333335
baseline_ensemble,10,0.0404902078577436,1.0,0.0096666606
baseline_ensemble,11,0.04049507329968757,1.0,0.0096666616
baseline_ensemble,12,0.04049993991106838,1.0,0.0097333281
baseline_ensemble,13,0.040504807692307694,1.0,0.0097666612
baseline_ensemble,14,0.04050967664382738,1.0,0.0098333281
baseline_ensemble,15,0.04051454676604953,1.0,0.009899993900000001
baseline_ensemble,16,0.04051941805939642,1.0,0.009933327499999998
baseline_ensemble,17,0.04040404040404041,0.9970326409495549,0.0099666606
baseline_ensemble,18,0.04040889957907396,0.9970326409495549,0.009999993999999998
baseline_ensemble,19,0.04041375992302141,0.9970326409495549,0.010099995
baseline_ensemble,20,0.040418621436304585,0.9970326409495549,0.0101666598
baseline_ensemble,21,0.04042348411934552,0.9970326409495549,0.0101999932
baseline_ensemble,22,0.040428347972566475,0.9970326409495549,0.0101999937
baseline_ensemble,23,0.04043321299638989,0.9970326409495549,0.0101999963
baseline_ensemble,24,0.040438079191238416,0.9970326409495549,0.010299993300000001
baseline_ensemble,25,0.04044294655753491,0.9970326409495549,0.0103333267
baseline_ensemble,26,0.040447815095702416,0.9970326409495549,0.010333326899999998
baseline_ensemble,27,0.04045755568934377,0.9970326409495549,0.010333327199999999
baseline_ensemble,28,0.04046242774566474,0.9970326409495549,0.0103333275
baseline_ensemble,29,0.040467300975551006,0.9970326409495549,0.010366660000000001
baseline_ensemble,30,0.04047217537942664,0.9970326409495549,0.010399994
baseline_ensemble,31,0.040477050957715935,0.9970326409495549,0.0103999943
baseline_ensemble,32,0.04048192771084337,0.9970326409495549,0.0105333262
baseline_ensemble,33,0.040486805639233646,0.9970326409495549,0.0105333272
baseline_ensemble,34,0.04049168474331164,0.9970326409495549,0.010566660299999999
baseline_ensemble,35,0.04049656502350247,0.9970326409495549,0.010633325800000001
baseline_ensemble,36,0.040501446480231434,0.9970326409495549,0.010666661099999999
baseline_ensemble,37,0.04050632911392405,0.9970326409495549,0.0106999931
baseline_ensemble,38,0.0403906438389197,0.9940652818991098,0.010699993199999997
baseline_ensemble,39,0.04039551428915953,0.9940652818991098,0.0106999932
baseline_ensemble,40,0.040400385914134106,0.9940652818991098,0.0107333262
baseline_ensemble,41,0.040405258714268484,0.9940652818991098,0.0107666603
baseline_ensemble,42,0.040410132689987936,0.9940652818991098,0.0107999927
baseline_ensemble,43,0.04041500784171794,0.9940652818991098,0.0107999929
baseline_ensemble,44,0.04041988416988417,0.9940652818991098,0.0108333264
baseline_ensemble,45,0.04042476167491251,0.9940652818991098,0.010833326899999999
baseline_ensemble,46,0.04042964035722906,0.9940652818991098,0.0108333271
baseline_ensemble,47,0.04043452021726011,0.9940652818991098,0.0108333272
baseline_ensemble,48,0.04044428347217192,0.9940652818991098,0.0108999951
baseline_ensemble,49,0.040449166867906304,0.9940652818991098,0.0109333261
baseline_ensemble,50,0.04045405144306243,0.9940652818991098,0.0109333263
baseline_ensemble,51,0.04045893719806763,0.9940652818991098,0.010933327999999999
baseline_ensemble,52,0.04046382413334944,0.9940652818991098,0.0109666598
baseline_ensemble,53,0.04046871224933559,0.9940652818991098,0.010999993099999997
baseline_ensemble,54,0.040473601546454026,0.9940652818991098,0.0109999933
baseline_ensemble,55,0.040478492025132914,0.9940652818991098,0.0109999946
baseline_ensemble,56,0.040362537764350455,0.9910979228486647,0.011033326199999999
baseline_ensemble,57,0.04036741600193377,0.9910979228486647,0.0110333275
baseline_ensemble,58,0.040372295418832346,0.9910979228486647,0.0110666592
baseline_ensemble,59,0.04037717601547389,0.9910979228486647,0.0110666593
baseline_ensemble,60,0.04026115342763874,0.9881305637982196,0.011099992899999998
baseline_ensemble,61,0.0402708912806869,0.9881305637982196,0.011099993399999999
baseline_ensemble,62,0.04027576197387518,0.9881305637982196,0.0110999935
baseline_ensemble,63,0.04028063384540946,0.9881305637982196,0.0110999948
baseline_ensemble,64,0.040285506895717395,0.9881305637982196,0.0111333263
baseline_ensemble,65,0.040290381125226864,0.9881305637982196,0.0111333268
baseline_ensemble,66,0.04029525653436592,0.9881305637982196,0.0111999929
baseline_ensemble,67,0.04030013312356287,0.9881305637982196,0.0111999937
baseline_ensemble,68,0.04030501089324619,0.9881305637982196,0.011266659
baseline_ensemble,69,0.04030988984384457,0.9881305637982196,0.011266659000000002
baseline_ensemble,70,0.040314769975786924,0.9881305637982196,0.0112666598
baseline_ensemble,71,0.0403245337854202,0.9881305637982196,0.0112666603
baseline_ensemble,72,0.040329417463969966,0.9881305637982196,0.011299992400000002
baseline_ensemble,73,0.0403343023255814,0.9881305637982196,0.0112999934
baseline_ensemble,74,0.04033918837068443,0.9881305637982196,0.0112999939
baseline_ensemble,75,0.040344075599709234,0.9881305637982196,0.011333326099999999
baseline_ensemble,76,0.04034896401308615,0.9881305637982196,0.0113333264
baseline_ensemble,77,0.04035385361124576,0.9881305637982196,0.0113666592
baseline_ensemble,78,0.04035874439461883,0.9881305637982196,0.0113666594
baseline_ensemble,79,0.040368529518729546,0.9881305637982196,0.0113999921
baseline_ensemble,80,0.04037342386032978,0.9881305637982196,0.011399992500000001
baseline_ensemble,81,0.040378319388868676,0.9881305637982196,0.011399993099999998
baseline_ensemble,82,0.040383216104778075,0.9881305637982196,0.0114333254
baseline_ensemble,83,0.040388114008489996,0.9881305637982196,0.011433325499999999
baseline_ensemble,84,0.04039301310043668,0.9881305637982196,0.011433325799999998
baseline_ensemble,85,0.04039791338105059,0.9881305637982196,0.011433326099999998
baseline_ensemble,86,0.04040281485076438,0.9881305637982196,0.011433326399999999
baseline_ensemble,87,0.04040771751001092,0.9881305637982196,0.011466658499999999
baseline_ensemble,88,0.0404126213592233,0.9881305637982196,0.0114666587
baseline_ensemble,89,0.04041752639883481,0.9881305637982196,0.011466659300000001
baseline_ensemble,90,0.04042243262927895,0.9881305637982196,0.0114999925
baseline_ensemble,91,0.04043224866440019,0.9881305637982196,0.0115333254
baseline_ensemble,92,0.04044206946805927,0.9881305637982196,0.0115333255
baseline_ensemble,93,0.040446981659176484,0.9881305637982196,0.0115666587
baseline_ensemble,94,0.040456809622160125,0.9881305637982196,0.0115666589
baseline_ensemble,95,0.040461725394896716,0.9881305637982196,0.011566659600000001
baseline_ensemble,96,0.04046664236237696,0.9881305637982196,0.0115999923
baseline_ensemble,97,0.04047156052503646,0.9881305637982196,0.0115999934
baseline_ensemble,98,0.04047647988331105,0.9881305637982196,0.011633326099999999
baseline_ensemble,99,0.04048632218844985,0.9881305637982196,0.0116333267
baseline_ensemble,100,0.04050109462417903,0.9881305637982196,0.0116333268
baseline_ensemble,101,0.040506021165308354,0.9881305637982196,0.011633327499999999
baseline_ensemble,102,0.04051094890510949,0.9881305637982196,0.0116666584
baseline_ensemble,103,0.04052080798247749,0.9881305637982196,0.0116666591
baseline_ensemble,104,0.040525739320920046,0.9881305637982196,0.0116666594
baseline_ensemble,105,0.04053067185978578,0.9881305637982196,0.011666659599999999
baseline_ensemble,106,0.04053560559951309,0.9881305637982196,0.0116666599
baseline_ensemble,107,0.04054054054054054,0.9881305637982196,0.011666660300000001
baseline_ensemble,108,0.04054547668330695,0.9881305637982196,0.011699991900000001
baseline_ensemble,109,0.04055041402825134,0.9881305637982196,0.0116999923
baseline_ensemble,110,0.040555352575812935,0.9881305637982196,0.011733325400000001
baseline_ensemble,111,0.04056029232643118,0.9881305637982196,0.011733325499999999
baseline_ensemble,112,0.040565233280545746,0.9881305637982196,0.0117333256
baseline_ensemble,113,0.04057511880102352,0.9881305637982196,0.0117333266
baseline_ensemble,114,0.040580063368267125,0.9881305637982196,0.0117666592
baseline_ensemble,115,0.040585009140767826,0.9881305637982196,0.0117666594
baseline_ensemble,116,0.04058995611896636,0.9881305637982196,0.0117666595
baseline_ensemble,117,0.04059490430330367,0.9881305637982196,0.0117666597
baseline_ensemble,118,0.04059985369422092,0.9881305637982196,0.011799992
baseline_ensemble,119,0.04060480429215949,0.9881305637982196,0.0117999921
baseline_ensemble,120,0.04060975609756098,0.9881305637982196,0.011799992200000001
baseline_ensemble,121,0.04061470911086718,0.9881305637982196,0.0117999926
baseline_ensemble,122,0.04061966333252013,0.9881305637982196,0.011799993299999999
baseline_ensemble,123,0.040624618762962056,0.9881305637982196,0.0117999939
baseline_ensemble,124,0.04062957540263543,0.9881305637982196,0.0117999988
baseline_ensemble,125,0.040634533251982914,0.9881305637982196,0.0118333252
baseline_ensemble,126,0.0406394923114474,0.9881305637982196,0.011833325300000001
baseline_ensemble,127,0.040644452581471986,0.9881305637982196,0.0118333254
baseline_ensemble,128,0.0406494140625,0.9881305637982196,0.0118333272
baseline_ensemble,129,0.04065437675497497,0.9881305637982196,0.0118333312
baseline_ensemble,130,0.04065934065934066,0.9881305637982196,0.0118666584
baseline_ensemble,131,0.04066430577604103,0.9881305637982196,0.0118666585
baseline_ensemble,132,0.04066927210552027,0.9881305637982196,0.0118999919
baseline_ensemble,133,0.04067920840459321,0.9881305637982196,0.0118999923
baseline_ensemble,134,0.04068417837507636,0.9881305637982196,0.011899992799999998
baseline_ensemble,135,0.0406891495601173,0.9881305637982196,0.0118999933
baseline_ensemble,136,0.04069412196016131,0.9881305637982196,0.0119333246
baseline_ensemble,137,0.040699095575653876,0.9881305637982196,0.011933325100000001
baseline_ensemble,138,0.0407040704070407,0.9881305637982196,0.011933325499999998
baseline_ensemble,139,0.04070904645476773,0.9881305637982196,0.0119333263
baseline_ensemble,140,0.04071402371928109,0.9881305637982196,0.011933327
baseline_ensemble,141,0.040719002201027144,0.9881305637982196,0.011966658299999999
baseline_ensemble,142,0.04072398190045249,0.9881305637982196,0.011966658899999998
baseline_ensemble,143,0.040728962818003915,0.9881305637982196,0.011966659099999999
baseline_ensemble,144,0.04073394495412844,0.9881305637982196,0.0119666601
baseline_ensemble,145,0.04073892830927331,0.9881305637982196,0.0120333249
baseline_ensemble,146,0.040743912883885965,0.9881305637982196,0.012033325599999999
baseline_ensemble,147,0.040748898678414094,0.9881305637982196,0.012033326399999999
baseline_ensemble,148,0.04075388569330559,0.9881305637982196,0.0120333266
baseline_ensemble,149,0.040758873929008566,0.9881305637982196,0.0120333268
baseline_ensemble,150,0.040763863385971356,0.9881305637982196,0.012066658
baseline_ensemble,151,0.04076885406464251,0.9881305637982196,0.012066658599999999
baseline_ensemble,152,0.0407738459654708,0.9881305637982196,0.012066658600000002
baseline_ensemble,153,0.040778839088905214,0.9881305637982196,0.0120666593
baseline_ensemble,154,0.040783833435394976,0.9881305637982196,0.012066659300000001
baseline_ensemble,155,0.040788829005389514,0.9881305637982196,0.012099991400000001
baseline_ensemble,156,0.040793825799338476,0.9881305637982196,0.012099991799999998
baseline_ensemble,157,0.040798823817691746,0.9881305637982196,0.012099991800000001
baseline_ensemble,158,0.0408038230608994,0.9881305637982196,0.0120999926
baseline_ensemble,159,0.040808823529411765,0.9881305637982196,0.012099993699999999
baseline_ensemble,160,0.04081382522367937,0.9881305637982196,0.0120999967
baseline_ensemble,161,0.040818828144152976,0.9881305637982196,0.012133325
baseline_ensemble,162,0.04082383229128356,0.9881305637982196,0.012133325300000001
baseline_ensemble,163,0.04082883766552232,0.9881305637982196,0.0121333254
baseline_ensemble,164,0.04083384426732066,0.9881305637982196,0.0121333259
baseline_ensemble,165,0.04083885209713024,0.9881305637982196,0.0121333265
baseline_ensemble,166,0.04084386115540292,0.9881305637982196,0.012133326600000001
baseline_ensemble,167,0.04084887144259078,0.9881305637982196,0.012133326699999999
baseline_ensemble,168,0.04085388295914612,0.9881305637982196,0.0121333295
baseline_ensemble,169,0.040858895705521474,0.9881305637982196,0.012166658200000001
baseline_ensemble,170,0.04086390968216959,0.9881305637982196,0.012166658300000001
baseline_ensemble,171,0.04086892488954345,0.9881305637982196,0.012166658599999998
baseline_ensemble,172,0.040873941328096235,0.9881305637982196,0.012166659199999999
baseline_ensemble,173,0.04087895899828137,0.9881305637982196,0.012166659900000001
baseline_ensemble,174,0.04088397790055249,0.9881305637982196,0.01216666
baseline_ensemble,175,0.04088899803536346,0.9881305637982196,0.0121666612
baseline_ensemble,176,0.040894019403168363,0.9881305637982196,0.0121999923
baseline_ensemble,177,0.040899042004421515,0.9881305637982196,0.0121999951
baseline_ensemble,178,0.040904065839577446,0.9881305637982196,0.0122333248
baseline_ensemble,179,0.04090909090909091,0.9881305637982196,0.012233325
baseline_ensemble,180,0.04091914475301057,0.9881305637982196,0.012233325100000001
baseline_ensemble,181,0.04092417352832739,0.9881305637982196,0.012233325299999999
baseline_ensemble,182,0.040934234787953286,0.9881305637982196,0.0122666579
baseline_ensemble,183,0.04093926727317433,0.9881305637982196,0.012266660199999998
baseline_ensemble,184,0.040944300995942456,0.9881305637982196,0.0122999918
baseline_ensemble,185,0.04094933595671422,0.9881305637982196,0.012299992
baseline_ensemble,186,0.04095437215594638,0.9881305637982196,0.0122999927
baseline_ensemble,187,0.04095940959409594,0.9881305637982196,0.012299993499999998
baseline_ensemble,188,0.04096444827162012,0.9881305637982196,0.0122999957
baseline_ensemble,189,0.040969488188976375,0.9881305637982196,0.0123333246
baseline_ensemble,190,0.04097452934662237,0.9881305637982196,0.0123333247
baseline_ensemble,191,0.040979571745016,0.9881305637982196,0.012333324899999998
baseline_ensemble,192,0.04098461538461538,0.9881305637982196,0.0123333254
baseline_ensemble,193,0.04099470638926505,0.9881305637982196,0.012366658400000001
baseline_ensemble,194,0.0409997537552327,0.9881305637982196,0.012366658599999998
baseline_ensemble,195,0.04100480236424086,0.9881305637982196,0.0123666587
baseline_ensemble,196,0.04101490331321591,0.9881305637982196,0.0123666588
baseline_ensemble,197,0.041019955654102,0.9881305637982196,0.0123666608
baseline_ensemble,198,0.04102500923986695,0.9881305637982196,0.012366666
baseline_ensemble,199,0.04103006407097092,0.9881305637982196,0.0123999909
baseline_ensemble,200,0.041035120147874304,0.9881305637982196,0.0123999911
baseline_ensemble,201,0.04104017747103771,0.9881305637982196,0.012399991300000001
baseline_ensemble,202,0.04104523604092198,0.9881305637982196,0.012399991400000001
baseline_ensemble,203,0.04105029585798817,0.9881305637982196,0.012399991499999999
baseline_ensemble,204,0.04105535692269757,0.9881305637982196,0.0123999916
baseline_ensemble,205,0.041065482796892344,0.9881305637982196,0.012399991999999999
baseline_ensemble,206,0.04107054760730143,0.9881305637982196,0.0123999925
baseline_ensemble,207,0.04107561366720119,0.9881305637982196,0.0123999931
baseline_ensemble,208,0.041080680977054036,0.9881305637982196,0.0124333246
baseline_ensemble,209,0.04108574953732264,0.9881305637982196,0.0124333248
baseline_ensemble,210,0.04109081934846989,0.9881305637982196,0.012433325200000001
baseline_ensemble,211,0.0410958904109589,0.9881305637982196,0.012433326100000001
baseline_ensemble,212,0.04110096272525302,0.9881305637982196,0.0124666581
baseline_ensemble,213,0.04110603629181583,0.9881305637982196,0.012466658299999999
baseline_ensemble,214,0.04111111111111111,0.9881305637982196,0.012466658499999998
baseline_ensemble,215,0.041116187183602916,0.9881305637982196,0.0124666589
baseline_ensemble,216,0.04112126450975549,0.9881305637982196,0.0124666594
baseline_ensemble,217,0.041126343090033345,0.9881305637982196,0.012466659400000002
baseline_ensemble,218,0.04100790513833992,0.9851632047477745,0.0124666633
baseline_ensemble,219,0.04101297096973441,0.9851632047477745,0.012499991500000002
baseline_ensemble,220,0.04101803805287867,0.9851632047477745,0.0124999916
baseline_ensemble,221,0.041023106388236745,0.9851632047477745,0.0124999917
baseline_ensemble,222,0.04102817597627286,0.9851632047477745,0.012499991799999999
baseline_ensemble,223,0.04103324681745149,0.9851632047477745,0.0124999925
baseline_ensemble,224,0.04103831891223733,0.9851632047477745,0.012499995
baseline_ensemble,225,0.04104339226109532,0.9851632047477745,0.0124999973
baseline_ensemble,226,0.0410484668644906,0.9851632047477745,0.0125333244
baseline_ensemble,227,0.04105354272288859,0.9851632047477745,0.012533324600000001
baseline_ensemble,228,0.041058619836754885,0.9851632047477745,0.012533324699999997
baseline_ensemble,229,0.04106369820655535,0.9851632047477745,0.0125333249
baseline_ensemble,230,0.04106877783275606,0.9851632047477745,0.012533325
baseline_ensemble,231,0.041073858715823336,0.9851632047477745,0.0125333251
baseline_ensemble,232,0.041078940856223704,0.9851632047477745,0.012533325199999999
baseline_ensemble,233,0.04108402425442396,0.9851632047477745,0.012533326
baseline_ensemble,234,0.04108910891089109,0.9851632047477745,0.012533328100000001
baseline_ensemble,235,0.04109419482609234,0.9851632047477745,0.0125666582
baseline_ensemble,236,0.04110437043456729,0.9851632047477745,0.0125666589
baseline_ensemble,237,0.04110946012877662,0.9851632047477745,0.0125666607
baseline_ensemble,238,0.041114551083591334,0.9851632047477745,0.0125999909
baseline_ensemble,239,0.04111964329947981,0.9851632047477745,0.012599991599999999
baseline_ensemble,240,0.04112473677691069,0.9851632047477745,0.012599993700000001
baseline_ensemble,241,0.04112983151635283,0.9851632047477745,0.0126333244
baseline_ensemble,242,0.04114002478314746,0.9851632047477745,0.012633324799999998
baseline_ensemble,243,0.04114512331143884,0.9851632047477745,0.0126333249
baseline_ensemble,244,0.04115022310361924,0.9851632047477745,0.012633324999999999
baseline_ensemble,245,0.0411604264815274,0.9851632047477745,0.0126333252
baseline_ensemble,246,0.041165530068195906,0.9851632047477745,0.0126333253
baseline_ensemble,247,0.04117063492063492,0.9851632047477745,0.012633327
baseline_ensemble,248,0.04117574103931539,0.9851632047477745,0.012666658099999999
baseline_ensemble,249,0.041185957077285694,0.9851632047477745,0.012666658299999998
baseline_ensemble,250,0.04119617818587914,0.9851632047477745,0.0126666584
baseline_ensemble,251,0.041201290642839415,0.9851632047477745,0.0126666588
baseline_ensemble,252,0.04120640436887179,0.9851632047477745,0.0126666621
baseline_ensemble,253,0.041211519364448855,0.9851632047477745,0.0126999912
baseline_ensemble,254,0.04121663563004345,0.9851632047477745,0.012699991899999999
baseline_ensemble,255,0.04122175316612863,0.9851632047477745,0.012699992500000002
baseline_ensemble,256,0.041226871973177696,0.9851632047477745,0.0126999934
baseline_ensemble,257,0.04123199205166418,0.9851632047477745,0.0127000019
baseline_ensemble,258,0.041237113402061855,0.9851632047477745,0.012733324600000002
baseline_ensemble,259,0.04124223602484472,0.9851632047477745,0.012733324899999999
baseline_ensemble,260,0.04124735992048702,0.9851632047477745,0.0127333251
baseline_ensemble,261,0.04125248508946322,0.9851632047477745,0.012733325200000001
baseline_ensemble,262,0.041257611532248044,0.9851632047477745,0.0127333255
baseline_ensemble,263,0.04126273924931643,0.9851632047477745,0.0127333256
baseline_ensemble,264,0.04126786824114357,0.9851632047477745,0.0127333305
baseline_ensemble,265,0.04127299850820487,0.9851632047477745,0.012766657799999998
baseline_ensemble,266,0.041278130050976004,0.9851632047477745,0.0127666588
baseline_ensemble,267,0.04128326286993285,0.9851632047477745,0.012799991399999999
baseline_ensemble,268,0.041288396965551546,0.9851632047477745,0.0127999914
baseline_ensemble,269,0.04129353233830846,0.9851632047477745,0.012799991699999999
baseline_ensemble,270,0.04130380691714357,0.9851632047477745,0.0127999923
baseline_ensemble,271,0.04130894612417569,0.9851632047477745,0.012799996499999999
baseline_ensemble,272,0.041314086610253854,0.9851632047477745,0.0128333243
baseline_ensemble,273,0.0413243714214588,0.9851632047477745,0.012833324600000001
baseline_ensemble,274,0.04133466135458167,0.9851632047477745,0.012833325
baseline_ensemble,275,0.04134495641344956,0.9851632047477745,0.0128333251
baseline_ensemble,276,0.0413501058662349,0.9851632047477745,0.0128333279
baseline_ensemble,277,0.041355256601893375,0.9851632047477745,0.012833329000000001
baseline_ensemble,278,0.04136040862090445,0.9851632047477745,0.0128666573
baseline_ensemble,279,0.041365561923747816,0.9851632047477745,0.012866657699999999
baseline_ensemble,280,0.041370716510903426,0.9851632047477745,0.0128666589
baseline_ensemble,281,0.041375872382851446,0.9851632047477745,0.012866659499999999
baseline_ensemble,282,0.04138102954007229,0.9851632047477745,0.0128666596
baseline_ensemble,283,0.04138618798304662,0.9851632047477745,0.012899991100000001
baseline_ensemble,284,0.04139134771225533,0.9851632047477745,0.012899991500000001
baseline_ensemble,285,0.04139650872817955,0.9851632047477745,0.012899991699999998
baseline_ensemble,286,0.04140167103130066,0.9851632047477745,0.0128999918
baseline_ensemble,287,0.04140683462210028,0.9851632047477745,0.0128999944
baseline_ensemble,288,0.04141199950106025,0.9851632047477745,0.0129333239
baseline_ensemble,289,0.04141716566866267,0.9851632047477745,0.012933324
baseline_ensemble,290,0.04142233312538989,0.9851632047477745,0.0129333243
baseline_ensemble,291,0.04142750187172448,0.9851632047477745,0.012933324599999999
baseline_ensemble,292,0.04143784323514728,0.9851632047477745,0.0129333248
baseline_ensemble,293,0.04144301585320185,0.9851632047477745,0.0129333251
baseline_ensemble,294,0.0414481897627965,0.9851632047477745,0.0129333252
baseline_ensemble,295,0.04132850543138969,0.9821958456973294,0.0129333272
baseline_ensemble,296,0.041333666333666336,0.9821958456973294,0.012933329000000002
baseline_ensemble,297,0.04133882852504059,0.9821958456973294,0.0129666573
baseline_ensemble,298,0.041343992005995506,0.9821958456973294,0.012966657999999999
baseline_ensemble,299,0.04134915677701437,0.9821958456973294,0.012966658199999998
baseline_ensemble,300,0.04135432283858071,0.9821958456973294,0.0129666583
baseline_ensemble,301,0.04135949019117831,0.9821958456973294,0.0129666585
baseline_ensemble,302,0.041364658835291175,0.9821958456973294,0.012999990999999999
baseline_ensemble,303,0.04136982877140358,0.9821958456973294,0.012999991199999998
baseline_ensemble,304,0.041375,0.9821958456973294,0.0129999912
baseline_ensemble,305,0.041380172521565194,0.9821958456973294,0.012999992299999999
baseline_ensemble,306,0.041385346336584146,0.9821958456973294,0.0129999952
baseline_ensemble,307,0.041390521445542075,0.9821958456973294,0.013033323900000001
baseline_ensemble,308,0.04139569784892446,0.9821958456973294,0.0130333243
baseline_ensemble,309,0.04140087554721701,0.9821958456973294,0.013033324399999997
baseline_ensemble,310,0.04140605454090568,0.9821958456973294,0.013033324499999999
baseline_ensemble,311,0.04141641641641642,0.9821958456973294,0.013033324999999998
baseline_ensemble,312,0.04142159929921161,0.9821958456973294,0.0130333251
baseline_ensemble,313,0.04143196895731631,0.9821958456973294,0.0130333254
baseline_ensemble,314,0.0414371557336004,0.9821958456973294,0.0130333255
baseline_ensemble,315,0.04144234380868912,0.9821958456973294,0.0130333275
baseline_ensemble,316,0.04144753318307037,0.9821958456973294,0.013066657700000001
baseline_ensemble,317,0.04145272385723231,0.9821958456973294,0.0130666595
baseline_ensemble,318,0.041457915831663326,0.9821958456973294,0.013066664799999999
baseline_ensemble,319,0.04146310910685206,0.9821958456973294,0.013099990799999999
baseline_ensemble,320,0.0414683036832874,0.9821958456973294,0.013099990999999998
baseline_ensemble,321,0.04147349956145847,0.9821958456973294,0.013099991099999998
baseline_ensemble,322,0.04148389522496553,0.9821958456973294,0.0130999911
baseline_ensemble,323,0.04148909501128102,0.9821958456973294,0.0130999912
baseline_ensemble,324,0.04149429610129121,0.9821958456973294,0.0130999914
baseline_ensemble,325,0.04149949849548646,0.9821958456973294,0.0130999915
baseline_ensemble,326,0.04150470219435737,0.9821958456973294,0.013099991800000002
baseline_ensemble,327,0.041509907198394785,0.9821958456973294,0.0130999947
baseline_ensemble,328,0.041515113508089806,0.9821958456973294,0.013099995
baseline_ensemble,329,0.041520321123933765,0.9821958456973294,0.0130999952
baseline_ensemble,330,0.04152553004641826,0.9821958456973294,0.013133324
baseline_ensemble,331,0.04153074027603513,0.9821958456973294,0.0131333249
baseline_ensemble,332,0.04153595181327645,0.9821958456973294,0.0131333251
baseline_ensemble,333,0.04154116465863454,0.9821958456973294,0.0131333269
baseline_ensemble,334,0.04154637881260198,0.9821958456973294,0.0131333271
baseline_ensemble,335,0.0415515942756716,0.9821958456973294,0.0131333283
baseline_ensemble,336,0.04155681104833647,0.9821958456973294,0.013133329899999999
baseline_ensemble,337,0.0415620291310899,0.9821958456973294,0.013166657299999999
baseline_ensemble,338,0.04156724852442547,0.9821958456973294,0.0131666573
baseline_ensemble,339,0.04157246922883698,0.9821958456973294,0.0131666576
baseline_ensemble,340,0.04157769124481849,0.9821958456973294,0.013166657699999999
baseline_ensemble,341,0.041582914572864324,0.9821958456973294,0.0131666581
baseline_ensemble,342,0.04158813921346903,0.9821958456973294,0.0131666592
baseline_ensemble,343,0.041593365167127416,0.9821958456973294,0.0131666595
baseline_ensemble,344,0.04159859243433455,0.9821958456973294,0.0131666604
baseline_ensemble,345,0.04160382101558572,0.9821958456973294,0.0131666619
baseline_ensemble,346,0.04160905091137649,0.9821958456973294,0.0131999906
baseline_ensemble,347,0.04161428212220267,0.9821958456973294,0.013199990800000002
baseline_ensemble,348,0.04161951464856029,0.9821958456973294,0.0131999909
baseline_ensemble,349,0.041624748490945676,0.9821958456973294,0.013199991199999999
baseline_ensemble,350,0.041629983649855366,0.9821958456973294,0.0131999944
baseline_ensemble,351,0.04163522012578617,0.9821958456973294,0.013233323999999998
baseline_ensemble,352,0.041640457919235124,0.9821958456973294,0.0132333257
baseline_ensemble,353,0.04164569703069955,0.9821958456973294,0.0132333265
baseline_ensemble,354,0.04165093746067698,0.9821958456973294,0.0132333279
baseline_ensemble,355,0.04165617920966524,0.9821958456973294,0.013266657299999998
baseline_ensemble,356,0.041661422278162365,0.9821958456973294,0.0132666574
baseline_ensemble,357,0.041666666666666664,0.9821958456973294,0.0132666576
baseline_ensemble,358,0.0416719123756767,0.9821958456973294,0.0132666577
baseline_ensemble,359,0.041677159405691264,0.9821958456973294,0.0132666585
baseline_ensemble,360,0.04168240775720942,0.9821958456973294,0.0132666599
baseline_ensemble,361,0.04168765743073048,0.9821958456973294,0.013266662500000002
baseline_ensemble,362,0.041692908426754,0.9821958456973294,0.013299990599999999
baseline_ensemble,363,0.04170341438830792,0.9821958456973294,0.0132999909
baseline_ensemble,364,0.04170866935483871,0.9821958456973294,0.013299990900000001
baseline_ensemble,365,0.041713925645872715,0.9821958456973294,0.013299991
baseline_ensemble,366,0.041719183261910764,0.9821958456973294,0.0132999912
baseline_ensemble,367,0.04172444220345393,0.9821958456973294,0.013299991399999999
baseline_ensemble,368,0.04173496406506115,0.9821958456973294,0.0132999931
baseline_ensemble,369,0.04174022698612863,0.9821958456973294,0.0132999947
baseline_ensemble,370,0.04174549123470803,0.9821958456973294,0.0132999956
baseline_ensemble,371,0.04175075681130171,0.9821958456973294,0.0133333237
baseline_ensemble,372,0.04175602371641226,0.9821958456973294,0.013333323800000001
baseline_ensemble,373,0.04176129195054252,0.9821958456973294,0.0133333239
baseline_ensemble,374,0.04176656151419558,0.9821958456973294,0.013333324199999998
baseline_ensemble,375,0.04177183240787481,0.9821958456973294,0.0133333242
baseline_ensemble,376,0.041777104632083804,0.9821958456973294,0.0133333246
baseline_ensemble,377,0.041782378187326434,0.9821958456973294,0.0133333251
baseline_ensemble,378,0.041787653074106805,0.9821958456973294,0.0133333253
baseline_ensemble,379,0.04179292929292929,0.9821958456973294,0.0133333299
baseline_ensemble,380,0.041798206844298524,0.9821958456973294,0.013366657300000001
baseline_ensemble,381,0.04180348572871937,0.9821958456973294,0.013366657499999999
baseline_ensemble,382,0.04180876594669698,0.9821958456973294,0.013366657699999998
baseline_ensemble,383,0.04181404749873673,0.9821958456973294,0.013366657799999999
baseline_ensemble,384,0.041819330385344286,0.9821958456973294,0.013366657899999999
baseline_ensemble,385,0.04182461460702552,0.9821958456973294,0.0133666582
baseline_ensemble,386,0.041829900164286615,0.9821958456973294,0.013366658899999998
baseline_ensemble,387,0.04183518705763398,0.9821958456973294,0.013366659
baseline_ensemble,388,0.041840475287574265,0.9821958456973294,0.0133666603
baseline_ensemble,389,0.041845764854614415,0.9821958456973294,0.0133666629
baseline_ensemble,390,0.0418510557592616,0.9821958456973294,0.0133999913
baseline_ensemble,391,0.041856348002023265,0.9821958456973294,0.013399992000000001
baseline_ensemble,392,0.04186693650392107,0.9821958456973294,0.013399993600000002
baseline_ensemble,393,0.04187223276407337,0.9821958456973294,0.013399997
baseline_ensemble,394,0.04187753036437247,0.9821958456973294,0.013433324
baseline_ensemble,395,0.04188282930532709,0.9821958456973294,0.013433324099999998
baseline_ensemble,396,0.04188812958744621,0.9821958456973294,0.013433324399999998
baseline_ensemble,397,0.041893431211239084,0.9821958456973294,0.0134333245
baseline_ensemble,398,0.04189873417721519,0.9821958456973294,0.0134333265
baseline_ensemble,399,0.04190403848588429,0.9821958456973294,0.0134333283
baseline_ensemble,400,0.04190934413775639,0.9821958456973294,0.0134666566
baseline_ensemble,401,0.04191465113334177,0.9821958456973294,0.0134666568
baseline_ensemble,402,0.04191995947315096,0.9821958456973294,0.0134666573
baseline_ensemble,403,0.04192526915769474,0.9821958456973294,0.0134666583
baseline_ensemble,404,0.04193058018748416,0.9821958456973294,0.0134666586
baseline_ensemble,405,0.041935892563030534,0.9821958456973294,0.0134666611
baseline_ensemble,406,0.04194120628484541,0.9821958456973294,0.0134999905
baseline_ensemble,407,0.04194652135344063,0.9821958456973294,0.0134999908
baseline_ensemble,408,0.041951837769328267,0.9821958456973294,0.013499991299999998
baseline_ensemble,409,0.04195715553302066,0.9821958456973294,0.0134999913
baseline_ensemble,410,0.041962474645030425,0.9821958456973294,0.0134999916
baseline_ensemble,411,0.04196779510587042,0.9821958456973294,0.013499991999999999
baseline_ensemble,412,0.041973116916053765,0.9821958456973294,0.013533324
baseline_ensemble,413,0.04197844007609385,0.9821958456973294,0.0135333241
baseline_ensemble,414,0.04198376458650431,0.9821958456973294,0.0135333242
baseline_ensemble,415,0.04198909044779906,0.9821958456973294,0.0135333243
baseline_ensemble,416,0.04199974622509834,0.9821958456973294,0.0135333244
baseline_ensemble,417,0.04200507614213198,0.9821958456973294,0.013533324499999999
baseline_ensemble,418,0.04201040741210814,0.9821958456973294,0.0135333253
baseline_ensemble,419,0.04201574003554202,0.9821958456973294,0.013566657
baseline_ensemble,420,0.04202107401294909,0.9821958456973294,0.0135666571
baseline_ensemble,421,0.0420264093448451,0.9821958456973294,0.013566657199999999
baseline_ensemble,422,0.04203174603174603,0.9821958456973294,0.0135666573
baseline_ensemble,423,0.042037084074168146,0.9821958456973294,0.0135666574
baseline_ensemble,424,0.04204242347262797,0.9821958456973294,0.0135666576
baseline_ensemble,425,0.042047764227642274,0.9821958456973294,0.0135666577
baseline_ensemble,426,0.042053106339728114,0.9821958456973294,0.0135666578
baseline_ensemble,427,0.04205844980940279,0.9821958456973294,0.013566658099999998
baseline_ensemble,428,0.042063794637183884,0.9821958456973294,0.0135666589
baseline_ensemble,429,0.04206914082358922,0.9821958456973294,0.0135666592
baseline_ensemble,430,0.0420744883691369,0.9821958456973294,0.013566659399999998
baseline_ensemble,431,0.042079837274345284,0.9821958456973294,0.013599990099999999
baseline_ensemble,432,0.042085187539733,0.9821958456973294,0.0135999901
baseline_ensemble,433,0.042090539165818924,0.9821958456973294,0.013599990599999999
baseline_ensemble,434,0.04209589215312222,0.9821958456973294,0.0135999908
baseline_ensemble,435,0.0421012465021623,0.9821958456973294,0.0135999933
baseline_ensemble,436,0.04210660221345885,0.9821958456973294,0.013599995000000002
baseline_ensemble,437,0.04211195928753181,0.9821958456973294,0.013600003400000001
baseline_ensemble,438,0.04211731772490139,0.9821958456973294,0.0136333239
baseline_ensemble,439,0.042122677526088066,0.9821958456973294,0.0136333247
baseline_ensemble,440,0.04212803869161257,0.9821958456973294,0.0136333257
baseline_ensemble,441,0.04213340122199593,0.9821958456973294,0.0136666569
baseline_ensemble,442,0.04213876511775939,0.9821958456973294,0.013666657000000002
baseline_ensemble,443,0.042144130379424494,0.9821958456973294,0.0136666571
baseline_ensemble,444,0.042149497007513054,0.9821958456973294,0.0136666579
baseline_ensemble,445,0.04215486500254712,0.9821958456973294,0.0136666582
baseline_ensemble,446,0.04216023436504904,0.9821958456973294,0.0136666632
baseline_ensemble,447,0.0421656050955414,0.9821958456973294,0.013699989800000001
baseline_ensemble,448,0.04217097719454708,0.9821958456973294,0.0136999899
baseline_ensemble,449,0.04217635066258919,0.9821958456973294,0.0136999904
baseline_ensemble,450,0.04218710170787662,0.9821958456973294,0.0136999911
baseline_ensemble,451,0.04219247928616954,0.9821958456973294,0.0136999958
baseline_ensemble,452,0.042197858235594084,0.9821958456973294,0.0137333233
baseline_ensemble,453,0.042203238556674745,0.9821958456973294,0.0137333238
baseline_ensemble,454,0.04220862024993624,0.9821958456973294,0.013733324
baseline_ensemble,455,0.04208646856268333,0.9792284866468842,0.0137666567
baseline_ensemble,456,0.042091836734693876,0.9792284866468842,0.0137666571
baseline_ensemble,457,0.04209720627631076,0.9792284866468842,0.013766657799999998
baseline_ensemble,458,0.042102577188058175,0.9792284866468842,0.0137666582
baseline_ensemble,459,0.042107949470460634,0.9792284866468842,0.013766659300000001
baseline_ensemble,460,0.04211332312404288,0.9792284866468842,0.01379999
baseline_ensemble,461,0.042118698149329926,0.9792284866468842,0.013799990299999999
baseline_ensemble,462,0.04212407454684708,0.9792284866468842,0.013799990499999998
baseline_ensemble,463,0.04212945231711988,0.9792284866468842,0.0137999907
baseline_ensemble,464,0.042134831460674156,0.9792284866468842,0.013799994000000001
baseline_ensemble,465,0.04214021197803601,0.9792284866468842,0.0137999943
baseline_ensemble,466,0.0421455938697318,0.9792284866468842,0.0137999945
baseline_ensemble,467,0.04215097713628816,0.9792284866468842,0.0137999953
baseline_ensemble,468,0.04215636177823199,0.9792284866468842,0.0137999966
baseline_ensemble,469,0.04216174779609046,0.9792284866468842,0.013833322799999999
baseline_ensemble,470,0.042167135190391,0.9792284866468842,0.0138333236
baseline_ensemble,471,0.042172523961661344,0.9792284866468842,0.0138333244
baseline_ensemble,472,0.04217791411042945,0.9792284866468842,0.013833324499999999
baseline_ensemble,473,0.04218330563722357,0.9792284866468842,0.013833325099999998
baseline_ensemble,474,0.042188698542572234,0.9792284866468842,0.013833326100000001
baseline_ensemble,475,0.04219409282700422,0.9792284866468842,0.0138333277
baseline_ensemble,476,0.04219948849104859,0.9792284866468842,0.013833332
baseline_ensemble,477,0.04220488553523469,0.9792284866468842,0.013866656599999999
baseline_ensemble,478,0.0422102839600921,0.9792284866468842,0.0138666575
baseline_ensemble,479,0.042215683766150695,0.9792284866468842,0.013866658
baseline_ensemble,480,0.042221084953940634,0.9792284866468842,0.013866663000000001
baseline_ensemble,481,0.04222648752399232,0.9792284866468842,0.0138666674
baseline_ensemble,482,0.042231891476836446,0.9792284866468842,0.0138999896
baseline_ensemble,483,0.04223729681300397,0.9792284866468842,0.0138999898
baseline_ensemble,484,0.042242703533026116,0.9792284866468842,0.013899989999999997
baseline_ensemble,485,0.04224811163743439,0.9792284866468842,0.013899990099999999
baseline_ensemble,486,0.04225352112676056,0.9792284866468842,0.0138999903
baseline_ensemble,487,0.042258932001536686,0.9792284866468842,0.0138999908
baseline_ensemble,488,0.042264344262295084,0.9792284866468842,0.013899991500000002
baseline_ensemble,489,0.042269757909568335,0.9792284866468842,0.013899991899999999
baseline_ensemble,490,0.042275172943889314,0.9792284866468842,0.013899991999999998
baseline_ensemble,491,0.04228058936579116,0.9792284866468842,0.013899992099999998
baseline_ensemble,492,0.04228600717580728,0.9792284866468842,0.0139333232
baseline_ensemble,493,0.04229142637447136,0.9792284866468842,0.013933323999999999
baseline_ensemble,494,0.04229684696231736,0.9792284866468842,0.0139333244
baseline_ensemble,495,0.042302268939879505,0.9792284866468842,0.0139666562
baseline_ensemble,496,0.04230769230769231,0.9792284866468842,0.0139666565
baseline_ensemble,497,0.04231854321620929,0.9792284866468842,0.013966656599999999
baseline_ensemble,498,0.04232397075798384,0.9792284866468842,0.0139666567
baseline_ensemble,499,0.04232939969214982,0.9792284866468842,0.0139666571
baseline_ensemble,500,0.042340261739799843,0.9792284866468842,0.0139666572
baseline_ensemble,501,0.04234569485435647,0.9792284866468842,0.0139666576
baseline_ensemble,502,0.042351129363449695,0.9792284866468842,0.0139666577
baseline_ensemble,503,0.04235656526761648,0.9792284866468842,0.013966658
baseline_ensemble,504,0.04236200256739409,0.9792284866468842,0.0139999906
baseline_ensemble,505,0.042367441263320066,0.9792284866468842,0.0139999907
baseline_ensemble,506,0.0423728813559322,0.9792284866468842,0.0139999914
baseline_ensemble,507,0.04237832284576859,0.9792284866468842,0.013999992199999998
baseline_ensemble,508,0.042383765733367586,0.9792284866468842,0.013999992400000001
baseline_ensemble,509,0.04238921001926782,0.9792284866468842,0.0139999934
baseline_ensemble,510,0.04239465570400822,0.9792284866468842,0.013999993499999999
baseline_ensemble,511,0.042400102788127975,0.9792284866468842,0.0139999944
baseline_ensemble,512,0.04240555127216654,0.9792284866468842,0.0139999953
baseline_ensemble,513,0.042411001156663665,0.9792284866468842,0.013999996300000001
baseline_ensemble,514,0.042416452442159386,0.9792284866468842,0.0140333233
baseline_ensemble,515,0.042421905129193985,0.9792284866468842,0.0140333238
baseline_ensemble,516,0.04242735921830805,0.9792284866468842,0.014033326
baseline_ensemble,517,0.042432814710042434,0.9792284866468842,0.014033329200000002
baseline_ensemble,518,0.04243827160493827,0.9792284866468842,0.014066656299999999
baseline_ensemble,519,0.04244372990353698,0.9792284866468842,0.014066656799999999
baseline_ensemble,520,0.04244918960638024,0.9792284866468842,0.0140666572
baseline_ensemble,521,0.042460113226968604,0.9792284866468842,0.0140666578
baseline_ensemble,522,0.04246557714579848,0.9792284866468842,0.0140666579
baseline_ensemble,523,0.04247104247104247,0.9792284866468842,0.014066658199999998
baseline_ensemble,524,0.04247650920324366,0.9792284866468842,0.0140666596
baseline_ensemble,525,0.04248197734294542,0.9792284866468842,0.0140666605
baseline_ensemble,526,0.04248744689069139,0.9792284866468842,0.0140666609
baseline_ensemble,527,0.042492917847025496,0.9792284866468842,0.0140999895
baseline_ensemble,528,0.04249839021249195,0.9792284866468842,0.0140999898
baseline_ensemble,529,0.04250386398763524,0.9792284866468842,0.01409999
baseline_ensemble,530,0.04250933917300013,0.9792284866468842,0.0140999907
baseline_ensemble,531,0.042514815769131666,0.9792284866468842,0.0140999909
baseline_ensemble,532,0.04252029377657519,0.9792284866468842,0.014099991400000001
baseline_ensemble,533,0.04252577319587629,0.9792284866468842,0.014099993699999999
baseline_ensemble,534,0.04253125402758087,0.9792284866468842,0.0140999961
baseline_ensemble,535,0.042536736272235115,0.9792284866468842,0.0140999976
baseline_ensemble,536,0.042542219930385455,0.9792284866468842,0.014133322299999999
baseline_ensemble,537,0.04254770500257865,0.9792284866468842,0.014133323
baseline_ensemble,538,0.0425531914893617,0.9792284866468842,0.014133323099999998
baseline_ensemble,539,0.04255867939128192,0.9792284866468842,0.0141333233
baseline_ensemble,540,0.04256416870888688,0.9792284866468842,0.0141333235
baseline_ensemble,541,0.0425751515933428,0.9792284866468842,0.014133323699999999
baseline_ensemble,542,0.04258064516129032,0.9792284866468842,0.014133324
baseline_ensemble,543,0.04258614014711576,0.9792284866468842,0.0141333241
baseline_ensemble,544,0.04259163655136809,0.9792284866468842,0.014133326499999998
baseline_ensemble,545,0.04259713437459662,0.9792284866468842,0.0141333269
baseline_ensemble,546,0.042602633617350893,0.9792284866468842,0.0141333279
baseline_ensemble,547,0.04260813428018076,0.9792284866468842,0.0141333282
baseline_ensemble,548,0.04261363636363636,0.9792284866468842,0.0141666566
baseline_ensemble,549,0.04261913986826811,0.9792284866468842,0.0141666569
baseline_ensemble,550,0.042624644794626715,0.9792284866468842,0.0141666578
baseline_ensemble,551,0.04263015114326314,0.9792284866468842,0.0141666579
baseline_ensemble,552,0.04263565891472868,0.9792284866468842,0.0141666592
baseline_ensemble,553,0.04264116810957488,0.9792284866468842,0.014166659600000001
baseline_ensemble,554,0.04264667872835358,0.9792284866468842,0.014199989899999998
baseline_ensemble,555,0.04265219077161691,0.9792284866468842,0.014199990000000001
baseline_ensemble,556,0.04265770423991727,0.9792284866468842,0.0141999904
baseline_ensemble,557,0.04266321913380737,0.9792284866468842,0.0141999923
baseline_ensemble,558,0.04266873545384019,0.9792284866468842,0.0142333231
baseline_ensemble,559,0.04267425320056899,0.9792284866468842,0.0142333237
baseline_ensemble,560,0.042679772374547335,0.9792284866468842,0.014233325
baseline_ensemble,561,0.04269633846551947,0.9792284866468842,0.014233325299999999
baseline_ensemble,562,0.042701863354037264,0.9792284866468842,0.0142333253
baseline_ensemble,563,0.04270738967257668,0.9792284866468842,0.014233326000000001
baseline_ensemble,564,0.04271291742169298,0.9792284866468842,0.014266657
baseline_ensemble,565,0.04271844660194175,0.9792284866468842,0.0142666575
baseline_ensemble,566,0.04272397721387882,0.9792284866468842,0.014266658299999999
baseline_ensemble,567,0.042729509258060336,0.9792284866468842,0.0142666584
baseline_ensemble,568,0.042735042735042736,0.9792284866468842,0.014266660399999999
baseline_ensemble,569,0.04274057764538272,0.9792284866468842,0.014266661100000001
baseline_ensemble,570,0.042746113989637305,0.9792284866468842,0.0142999896
baseline_ensemble,571,0.04275165176836378,0.9792284866468842,0.0142999933
baseline_ensemble,572,0.04275719098211972,0.9792284866468842,0.0143333229
baseline_ensemble,573,0.042768273716951785,0.9792284866468842,0.014333323000000002
baseline_ensemble,574,0.04277381723914452,0.9792284866468842,0.0143333231
baseline_ensemble,575,0.04277936219859995,0.9792284866468842,0.014333323199999998
baseline_ensemble,576,0.04278490859587709,0.9792284866468842,0.014333323299999999
baseline_ensemble,577,0.04279045643153527,0.9792284866468842,0.014333324300000002
baseline_ensemble,578,0.042796005706134094,0.9792284866468842,0.014333324599999999
baseline_ensemble,579,0.042801556420233464,0.9792284866468842,0.014333324799999998
baseline_ensemble,580,0.042807108574393564,0.9792284866468842,0.014366656799999999
baseline_ensemble,581,0.042812662169174884,0.9792284866468842,0.0143999909
baseline_ensemble,582,0.04281821720513818,0.9792284866468842,0.0143999916
baseline_ensemble,583,0.04282377368284453,0.9792284866468842,0.0143999918
baseline_ensemble,584,0.04282933160285529,0.9792284866468842,0.014399992300000001
baseline_ensemble,585,0.042834890965732085,0.9792284866468842,0.0143999936
baseline_ensemble,586,0.04284045177203687,0.9792284866468842,0.014399995699999998
baseline_ensemble,587,0.04284601402233186,0.9792284866468842,0.0143999959
baseline_ensemble,588,0.04285157771717959,0.9792284866468842,0.014433322400000002
baseline_ensemble,589,0.04285714285714286,0.9792284866468842,0.014433322500000002
baseline_ensemble,590,0.04286270944278478,0.9792284866468842,0.014433322999999998
baseline_ensemble,591,0.04287384695335845,0.9792284866468842,0.0144333232
baseline_ensemble,592,0.04287941787941788,0.9792284866468842,0.014433323299999998
baseline_ensemble,593,0.042884990253411304,0.9792284866468842,0.0144333233
baseline_ensemble,594,0.042890564075903304,0.9792284866468842,0.014433325099999998
baseline_ensemble,595,0.04289613934745873,0.9792284866468842,0.0144333257
baseline_ensemble,596,0.042901716068642744,0.9792284866468842,0.0144333263
baseline_ensemble,597,0.0429072942400208,0.9792284866468842,0.014433327499999999
baseline_ensemble,598,0.04291287386215865,0.9792284866468842,0.0144666556
baseline_ensemble,599,0.04291845493562232,0.9792284866468842,0.014466656499999998
baseline_ensemble,600,0.04292403746097815,0.9792284866468842,0.0144666567
baseline_ensemble,601,0.04292962143879277,0.9792284866468842,0.0144666568
baseline_ensemble,602,0.0429352068696331,0.9792284866468842,0.0144666585
baseline_ensemble,603,0.04294079375406636,0.9792284866468842,0.014466659799999998
baseline_ensemble,604,0.04294638209266007,0.9792284866468842,0.0144666614
baseline_ensemble,605,0.042951971885982036,0.9792284866468842,0.0144999893
baseline_ensemble,606,0.04295756313460036,0.9792284866468842,0.014499991299999999
baseline_ensemble,607,0.04296315583908345,0.9792284866468842,0.014499992000000001
baseline_ensemble,608,0.04296875,0.9792284866468842,0.014499992700000002
baseline_ensemble,609,0.042974345617919,0.9792284866468842,0.0144999944
baseline_ensemble,610,0.04297994269340974,0.9792284866468842,0.0144999964
baseline_ensemble,611,0.04298554122704181,0.9792284866468842,0.0145333246
baseline_ensemble,612,0.0429911412193851,0.9792284866468842,0.014533324799999999
baseline_ensemble,613,0.04299674267100977,0.9792284866468842,0.014533327400000002
baseline_ensemble,614,0.04300234558248632,0.9792284866468842,0.014566655999999997
baseline_ensemble,615,0.043007949954385505,0.9792284866468842,0.0145666577
baseline_ensemble,616,0.04301355578727842,0.9792284866468842,0.0145999892
baseline_ensemble,617,0.04301916308173641,0.9792284866468842,0.014599989299999998
baseline_ensemble,618,0.04302477183833116,0.9792284866468842,0.014599989400000003
baseline_ensemble,619,0.04303038205763463,0.9792284866468842,0.0145999897
baseline_ensemble,620,0.043041606886657105,0.9792284866468842,0.0145999902
baseline_ensemble,621,0.04304722149752152,0.9792284866468842,0.0145999905
baseline_ensemble,622,0.043052837573385516,0.9792284866468842,0.0145999918
baseline_ensemble,623,0.04305845511482255,0.9792284866468842,0.0145999957
baseline_ensemble,624,0.04306407412240637,0.9792284866468842,0.0146333223
baseline_ensemble,625,0.04306969459671104,0.9792284866468842,0.0146333229
baseline_ensemble,626,0.043075316538310926,0.9792284866468842,0.014633323099999998
baseline_ensemble,627,0.04308093994778068,0.9792284866468842,0.014633323299999999
baseline_ensemble,628,0.04308656482569526,0.9792284866468842,0.0146333239
baseline_ensemble,629,0.043092191172629926,0.9792284866468842,0.014633324
baseline_ensemble,630,0.04309781898916024,0.9792284866468842,0.014633324000000001
baseline_ensemble,631,0.04310907903331156,0.9792284866468842,0.014633324100000001
baseline_ensemble,632,0.04311471126208519,0.9792284866468842,0.014633324599999999
baseline_ensemble,633,0.0431203449627597,0.9792284866468842,0.014633325099999999
baseline_ensemble,634,0.04312598013591218,0.9792284866468842,0.014633326899999998
baseline_ensemble,635,0.043131616782119984,0.9792284866468842,0.014633327599999999
baseline_ensemble,636,0.043137254901960784,0.9792284866468842,0.0146333285
baseline_ensemble,637,0.04314289449601255,0.9792284866468842,0.0146333304
baseline_ensemble,638,0.043148535564853555,0.9792284866468842,0.014666656
baseline_ensemble,639,0.04315417810906238,0.9792284866468842,0.0146666571
baseline_ensemble,640,0.043159822129217894,0.9792284866468842,0.0146666574
baseline_ensemble,641,0.04316546762589928,0.9792284866468842,0.0146666579
baseline_ensemble,642,0.04317111459968603,0.9792284866468842,0.0146666587
baseline_ensemble,643,0.043176763051157925,0.9792284866468842,0.014666661699999998
baseline_ensemble,644,0.043182412980895056,0.9792284866468842,0.0146666698
baseline_ensemble,645,0.043188064389477816,0.9792284866468842,0.014699989499999998
baseline_ensemble,646,0.04319371727748691,0.9792284866468842,0.014699989599999998
baseline_ensemble,647,0.04319937164550334,0.9792284866468842,0.01469999
baseline_ensemble,648,0.04320502749410841,0.9792284866468842,0.0146999907
baseline_ensemble,649,0.043210684823883724,0.9792284866468842,0.0146999978
baseline_ensemble,650,0.04321634363541121,0.9792284866468842,0.014733322799999999
baseline_ensemble,651,0.043222003929273084,0.9792284866468842,0.014733323799999998
baseline_ensemble,652,0.04310231887855365,0.9762611275964391,0.0147333241
baseline_ensemble,653,0.04310796645702306,0.9762611275964391,0.0147333259
baseline_ensemble,654,0.04311361551565981,0.9762611275964391,0.014733333500000001
baseline_ensemble,655,0.043119266055045874,0.9762611275964391,0.0147666557
baseline_ensemble,656,0.04312491807576353,0.9762611275964391,0.014766656399999998
baseline_ensemble,657,0.04313057157839539,0.9762611275964391,0.0147666573
baseline_ensemble,658,0.043136226563524324,0.9762611275964391,0.0147666576
baseline_ensemble,659,0.043141883031733545,0.9762611275964391,0.0147666578
baseline_ensemble,660,0.043147540983606555,0.9762611275964391,0.0147666581
baseline_ensemble,661,0.04315320041972718,0.9762611275964391,0.014766667399999999
baseline_ensemble,662,0.04315886134067952,0.9762611275964391,0.014799988699999999
baseline_ensemble,663,0.04316452374704802,0.9762611275964391,0.0147999891
baseline_ensemble,664,0.0431701876394174,0.9762611275964391,0.0147999909
baseline_ensemble,665,0.043175853018372706,0.9762611275964391,0.014799990999999998
baseline_ensemble,666,0.04318151988449928,0.9762611275964391,0.0147999915
baseline_ensemble,667,0.04318718823838278,0.9762611275964391,0.014799994700000001
baseline_ensemble,668,0.043192858080609166,0.9762611275964391,0.014833324699999997
baseline_ensemble,669,0.043198529411764705,0.9762611275964391,0.0148333273
baseline_ensemble,670,0.04307288246881156,0.973293768545994,0.014866655699999998
baseline_ensemble,671,0.04308419808222777,0.973293768545994,0.0148666558
baseline_ensemble,672,0.04308985811875985,0.973293768545994,0.0148666563
baseline_ensemble,673,0.043101182654402104,0.973293768545994,0.014866656399999999
baseline_ensemble,674,0.04310684715468524,0.973293768545994,0.014866656899999999
baseline_ensemble,675,0.04311251314405889,0.973293768545994,0.014866657
baseline_ensemble,676,0.04311818062311029,0.973293768545994,0.014866657500000002
baseline_ensemble,677,0.04312384959242703,0.973293768545994,0.014866657899999998
baseline_ensemble,678,0.04313519200420831,0.973293768545994,0.014866658599999999
baseline_ensemble,679,0.043140865447849536,0.973293768545994,0.0148666623
baseline_ensemble,680,0.04314654038410944,0.973293768545994,0.0148999901
baseline_ensemble,681,0.043152216813577164,0.973293768545994,0.0148999902
baseline_ensemble,682,0.04316357415449401,0.973293768545994,0.0149333224
baseline_ensemble,683,0.04316925506712293,0.973293768545994,0.014933325599999998
baseline_ensemble,684,0.043174937475319204,0.973293768545994,0.014966655699999998
baseline_ensemble,685,0.04318062137967351,0.973293768545994,0.014966655799999999
baseline_ensemble,686,0.043186306780776826,0.973293768545994,0.014966656200000001
baseline_ensemble,687,0.043191993679220435,0.973293768545994,0.014966656299999997
baseline_ensemble,688,0.04306598182536547,0.9703264094955489,0.0149666563
baseline_ensemble,689,0.04307165437302424,0.9703264094955489,0.0149666568
baseline_ensemble,690,0.04307732841522856,0.9703264094955489,0.0149666587
baseline_ensemble,691,0.04308300395256917,0.9703264094955489,0.0149666609
baseline_ensemble,692,0.043088680985637104,0.9703264094955489,0.014999989299999999
baseline_ensemble,693,0.043094359515023724,0.9703264094955489,0.014999990500000001
baseline_ensemble,694,0.04310003954132068,0.9703264094955489,0.0149999915
baseline_ensemble,695,0.04310572106511996,0.9703264094955489,0.0149999917
baseline_ensemble,696,0.043111404087013847,0.9703264094955489,0.0149999957
baseline_ensemble,697,0.04311708860759494,0.9703264094955489,0.0149999977
baseline_ensemble,698,0.04312277462745615,0.9703264094955489,0.0150333218
baseline_ensemble,699,0.04312846214719072,0.9703264094955489,0.0150333235
baseline_ensemble,700,0.043134151167392165,0.9703264094955489,0.015033324099999999
baseline_ensemble,701,0.043139841688654354,0.9703264094955489,0.0150333261
baseline_ensemble,702,0.04314553371157145,0.9703264094955489,0.015033327400000001
baseline_ensemble,703,0.04315122723673793,0.9703264094955489,0.0150333276
baseline_ensemble,704,0.043156922264748585,0.9703264094955489,0.015066657499999999
baseline_ensemble,705,0.043162618796198524,0.9703264094955489,0.015066659
baseline_ensemble,706,0.043168316831683165,0.9703264094955489,0.015099989900000001
baseline_ensemble,707,0.043174016371798254,0.9703264094955489,0.015099990499999997
baseline_ensemble,708,0.043047669351643995,0.9673590504451038,0.015133322299999998
baseline_ensemble,709,0.04305335446381405,0.9673590504451038,0.0151333228
baseline_ensemble,710,0.04305904107779686,0.9673590504451038,0.015133323099999998
baseline_ensemble,711,0.043064729194187586,0.9673590504451038,0.0151333231
baseline_ensemble,712,0.043070418813581715,0.9673590504451038,0.0151333236
baseline_ensemble,713,0.043076109936575055,0.9673590504451038,0.0151333237
baseline_ensemble,714,0.04308180256376371,0.9673590504451038,0.0151333241
baseline_ensemble,715,0.04308749669574412,0.9673590504451038,0.015133324499999998
baseline_ensemble,716,0.04309319233311302,0.9673590504451038,0.015133328299999999
baseline_ensemble,717,0.04309888947646748,0.9673590504451038,0.015133330399999999
baseline_ensemble,718,0.043104588126404865,0.9673590504451038,0.015166655599999999
baseline_ensemble,719,0.043110288283522875,0.9673590504451038,0.0151666567
baseline_ensemble,720,0.043115989948419524,0.9673590504451038,0.015166656700000001
baseline_ensemble,721,0.04312169312169312,0.9673590504451038,0.0151666576
baseline_ensemble,722,0.04312739780394232,0.9673590504451038,0.015166657699999999
baseline_ensemble,723,0.04313310399576607,0.9673590504451038,0.0151666578
baseline_ensemble,724,0.043138811697763665,0.9673590504451038,0.015199989799999999
baseline_ensemble,725,0.043144520910534674,0.9673590504451038,0.015199989900000002
baseline_ensemble,726,0.04315023163467902,0.9673590504451038,0.015199991099999999
baseline_ensemble,727,0.04315594387079693,0.9673590504451038,0.0151999954
baseline_ensemble,728,0.043161657619488945,0.9673590504451038,0.015233322499999999
baseline_ensemble,729,0.043167372881355935,0.9673590504451038,0.015233325499999999
baseline_ensemble,730,0.04317308965699907,0.9673590504451038,0.015233325899999999
baseline_ensemble,731,0.043178807947019865,0.9673590504451038,0.0152333287
baseline_ensemble,732,0.043184527752020134,0.9673590504451038,0.015266655299999998
baseline_ensemble,733,0.043190249072602015,0.9673590504451038,0.015266657
baseline_ensemble,734,0.04319597190936796,0.9673590504451038,0.015266657299999998
baseline_ensemble,735,0.043207422133863485,0.9673590504451038,0.0152666584
baseline_ensemble,736,0.043213149522799574,0.9673590504451038,0.0152999885
baseline_ensemble,737,0.04321887843033276,0.9673590504451038,0.0152999913
baseline_ensemble,738,0.04322460885706709,0.9673590504451038,0.015299991800000001
baseline_ensemble,739,0.04323034080360695,0.9673590504451038,0.015333321899999999
baseline_ensemble,740,0.04323607427055703,0.9673590504451038,0.0153333225
baseline_ensemble,741,0.04324180925852235,0.9673590504451038,0.0153333226
baseline_ensemble,742,0.04324754576810825,0.9673590504451038,0.0153333235
baseline_ensemble,743,0.04325328379992039,0.9673590504451038,0.0153333236
baseline_ensemble,744,0.04325902335456475,0.9673590504451038,0.015333323999999999
baseline_ensemble,745,0.043264764432647644,0.9673590504451038,0.015333324300000001
baseline_ensemble,746,0.04327050703477568,0.9673590504451038,0.015333329
baseline_ensemble,747,0.04327625116155582,0.9673590504451038,0.0153666553
baseline_ensemble,748,0.043281996813595326,0.9673590504451038,0.0153666559
baseline_ensemble,749,0.043287743991501794,0.9673590504451038,0.015366656
baseline_ensemble,750,0.04329924292734759,0.9673590504451038,0.0153666565
baseline_ensemble,751,0.04330499468650372,0.9673590504451038,0.0153666573
baseline_ensemble,752,0.04331074797396041,0.9673590504451038,0.0153666625
baseline_ensemble,753,0.043316502790326866,0.9673590504451038,0.015366669
baseline_ensemble,754,0.043322259136212626,0.9673590504451038,0.0153999885
baseline_ensemble,755,0.04332801701222754,0.9673590504451038,0.0153999888
baseline_ensemble,756,0.04333377641898179,0.9673590504451038,0.015399990199999998
baseline_ensemble,757,0.04333953735708588,0.9673590504451038,0.0154333236
baseline_ensemble,758,0.04334529982715064,0.9673590504451038,0.0154333244
baseline_ensemble,759,0.043351063829787234,0.9673590504451038,0.0154333247
baseline_ensemble,760,0.04335682936560713,0.9673590504451038,0.015433325300000002
baseline_ensemble,761,0.04336259643522213,0.9673590504451038,0.015433327
baseline_ensemble,762,0.04336836503924438,0.9673590504451038,0.015433329499999999
baseline_ensemble,763,0.043374135178286324,0.9673590504451038,0.015466656699999998
baseline_ensemble,764,0.043379906852960746,0.9673590504451038,0.015499988
baseline_ensemble,765,0.04338568006388076,0.9673590504451038,0.0154999882
baseline_ensemble,766,0.04339145481165979,0.9673590504451038,0.0154999889
baseline_ensemble,767,0.0434030089202503,0.9673590504451038,0.015499989099999998
baseline_ensemble,768,0.043420351624933406,0.9673590504451038,0.015499990200000001
baseline_ensemble,769,0.043426135606767016,0.9673590504451038,0.0154999909
baseline_ensemble,770,0.04343192112976286,0.9673590504451038,0.015499992499999999
baseline_ensemble,771,0.043437708194536975,0.9673590504451038,0.0154999939
baseline_ensemble,772,0.043443496801705755,0.9673590504451038,0.0154999986
baseline_ensemble,773,0.043449286951885914,0.9673590504451038,0.015533323300000002
baseline_ensemble,774,0.04345507864569448,0.9673590504451038,0.0155333244
baseline_ensemble,775,0.043460871883748836,0.9673590504451038,0.015566655299999997
baseline_ensemble,776,0.04346666666666667,0.9673590504451038,0.0155666554
baseline_ensemble,777,0.04347246299506601,0.9673590504451038,0.015566656400000002
baseline_ensemble,778,0.043478260869565216,0.9673590504451038,0.015566658399999999
baseline_ensemble,779,0.04348406029078298,0.9673590504451038,0.015566667400000001
baseline_ensemble,780,0.04348986125933831,0.9673590504451038,0.015599987999999999
baseline_ensemble,781,0.04349566377585057,0.9673590504451038,0.015599988499999998
baseline_ensemble,782,0.04350146784093942,0.9673590504451038,0.015599988899999997
baseline_ensemble,783,0.04350727345522488,0.9673590504451038,0.015599991600000002
baseline_ensemble,784,0.04351308061932728,0.9673590504451038,0.015633321999999998
baseline_ensemble,785,0.04351888933386731,0.9673590504451038,0.0156333223
baseline_ensemble,786,0.043524699599465956,0.9673590504451038,0.015633323199999997
baseline_ensemble,787,0.043530511416744556,0.9673590504451038,0.0156333236
baseline_ensemble,788,0.043536324786324784,0.9673590504451038,0.0156333283
baseline_ensemble,789,0.043542139708828635,0.9673590504451038,0.015666654800000002
baseline_ensemble,790,0.04354795618487844,0.9673590504451038,0.015666655800000002
baseline_ensemble,791,0.04355377421509686,0.9673590504451038,0.015666656299999998
baseline_ensemble,792,0.0435595938001069,0.9673590504451038,0.0156999887
baseline_ensemble,793,0.04356541494053187,0.9673590504451038,0.015699989
baseline_ensemble,794,0.04357706189012164,0.9673590504451038,0.0156999899
baseline_ensemble,795,0.043582887700534756,0.9673590504451038,0.015699993699999998
baseline_ensemble,796,0.043588715068859474,0.9673590504451038,0.015733321499999998
baseline_ensemble,797,0.04359454399572078,0.9673590504451038,0.0157333215
baseline_ensemble,798,0.04360037448174402,0.9673590504451038,0.0157333233
baseline_ensemble,799,0.04360620652755484,0.9673590504451038,0.0157333351
baseline_ensemble,800,0.04361204013377926,0.9673590504451038,0.015766655
baseline_ensemble,801,0.04361787530104362,0.9673590504451038,0.015766655600000002
baseline_ensemble,802,0.04362371202997457,0.9673590504451038,0.0157666567
baseline_ensemble,803,0.04362955032119915,0.9673590504451038,0.0157666579
baseline_ensemble,804,0.04350153928523625,0.9643916913946587,0.0157666584
baseline_ensemble,805,0.04350736278447122,0.9643916913946587,0.0157666609
baseline_ensemble,806,0.04351318784308475,0.9643916913946587,0.0157999919
baseline_ensemble,807,0.04351901446170327,0.9643916913946587,0.0157999932
baseline_ensemble,808,0.04352484264095353,0.9643916913946587,0.0158333216
baseline_ensemble,809,0.04339673185105813,0.9614243323442137,0.015833322099999998
baseline_ensemble,810,0.04340254521098459,0.9614243323442137,0.0158333288
baseline_ensemble,811,0.04340836012861737,0.9614243323442137,0.0158666559
baseline_ensemble,812,0.043414176604582605,0.9614243323442137,0.0158666583
baseline_ensemble,813,0.04341999463950683,0.9614243323442137,0.01586666
baseline_ensemble,814,0.04342581423401689,0.9614243323442137,0.0158999885
baseline_ensemble,815,0.043431635388739946,0.9614243323442137,0.0158999903
baseline_ensemble,816,0.04343745810430353,0.9614243323442137,0.0158999934
baseline_ensemble,817,0.04344328238133548,0.9614243323442137,0.0158999988
baseline_ensemble,818,0.043449108220463994,0.9614243323442137,0.0159333222
baseline_ensemble,819,0.04345493562231759,0.9614243323442137,0.0159333235
baseline_ensemble,820,0.04346076458752515,0.9614243323442137,0.015933324099999997
baseline_ensemble,821,0.043466595116715856,0.9614243323442137,0.0159333261
baseline_ensemble,822,0.043472427210519256,0.9614243323442137,0.0159333318
baseline_ensemble,823,0.043478260869565216,0.9614243323442137,0.0159666565
baseline_ensemble,824,0.04348409609448396,0.9614243323442137,0.015966657999999998
baseline_ensemble,825,0.04348993288590604,0.9614243323442137,0.0159666583
baseline_ensemble,826,0.04349577124446234,0.9614243323442137,0.0159666604
baseline_ensemble,827,0.043501611170784105,0.9614243323442137,0.0159666645
baseline_ensemble,828,0.043507452665502884,0.9614243323442137,0.015999988799999997
baseline_ensemble,829,0.043513295729250605,0.9614243323442137,0.015999990300000003
baseline_ensemble,830,0.043519140362659504,0.9614243323442137,0.0160333222
baseline_ensemble,831,0.043524986566362174,0.9614243323442137,0.0160333256
baseline_ensemble,832,0.04353083434099154,0.9614243323442137,0.0160333267
baseline_ensemble,833,0.04353668368718087,0.9614243323442137,0.016033327599999998
baseline_ensemble,834,0.04354253460556377,0.9614243323442137,0.0160666545
baseline_ensemble,835,0.04341397849462365,0.9584569732937686,0.016066655699999998
baseline_ensemble,836,0.04341981449119505,0.9584569732937686,0.016066656199999998
baseline_ensemble,837,0.04342565205700457,0.9584569732937686,0.0160666565
baseline_ensemble,838,0.043431491192685225,0.9584569732937686,0.0160666567
baseline_ensemble,839,0.04343733189887036,0.9584569732937686,0.0160666576
baseline_ensemble,840,0.04344317417619368,0.9584569732937686,0.016099988699999998
baseline_ensemble,841,0.043449018025289214,0.9584569732937686,0.016099989
baseline_ensemble,842,0.043454863446791336,0.9584569732937686,0.0160999904
baseline_ensemble,843,0.04346071044133477,0.9584569732937686,0.0160999912
baseline_ensemble,844,0.04333198761943211,0.9554896142433235,0.0160999944
baseline_ensemble,845,0.04333781965006729,0.9554896142433235,0.0160999948
baseline_ensemble,846,0.043343653250773995,0.9554896142433235,0.0161333248
baseline_ensemble,847,0.04334948842218632,0.9554896142433235,0.016133327
baseline_ensemble,848,0.043355325164938736,0.9554896142433235,0.016166656
baseline_ensemble,849,0.04336116347966604,0.9554896142433235,0.0161666563
baseline_ensemble,850,0.043367003367003366,0.9554896142433235,0.0161666582
baseline_ensemble,851,0.04337284482758621,0.9554896142433235,0.0161666593
baseline_ensemble,852,0.04337868786205038,0.9554896142433235,0.0161666597
baseline_ensemble,853,0.043384532471032064,0.9554896142433235,0.0161666673
baseline_ensemble,854,0.04339037865516777,0.9554896142433235,0.0161999882
baseline_ensemble,855,0.04339622641509434,0.9554896142433235,0.0161999889
baseline_ensemble,856,0.043402075751448985,0.9554896142433235,0.0161999924
baseline_ensemble,857,0.043407926664869236,0.9554896142433235,0.0161999947
baseline_ensemble,858,0.04341377915599299,0.9554896142433235,0.0162333233
baseline_ensemble,859,0.04341963322545847,0.9554896142433235,0.0162333304
baseline_ensemble,860,0.043425488873904246,0.9554896142433235,0.0162666546
baseline_ensemble,861,0.04343134610196925,0.9554896142433235,0.0162666557
baseline_ensemble,862,0.04343720491029273,0.9554896142433235,0.0162666573
baseline_ensemble,863,0.0434430652995143,0.9554896142433235,0.0162666576
baseline_ensemble,864,0.04344892727027392,0.9554896142433235,0.0162666581
baseline_ensemble,865,0.043454790823211874,0.9554896142433235,0.0162666642
baseline_ensemble,866,0.04346065595896882,0.9554896142433235,0.016299987499999998
baseline_ensemble,867,0.043466522678185744,0.9554896142433235,0.0162999887
baseline_ensemble,868,0.04347239098150398,0.9554896142433235,0.016299989
baseline_ensemble,869,0.043478260869565216,0.9554896142433235,0.0162999909
baseline_ensemble,870,0.04348413234301148,0.9554896142433235,0.0162999952
baseline_ensemble,871,0.04349000540248514,0.9554896142433235,0.0163000016
baseline_ensemble,872,0.043495880048628935,0.9554896142433235,0.0163333209
baseline_ensemble,873,0.04350175628208592,0.9554896142433235,0.0163333214
baseline_ensemble,874,0.043507634103499525,0.9554896142433235,0.0163333227
baseline_ensemble,875,0.04351351351351351,0.9554896142433235,0.016333323
baseline_ensemble,876,0.043384241113664006,0.9525222551928784,0.0163333234
baseline_ensemble,877,0.04339010543390105,0.9525222551928784,0.0163333239
baseline_ensemble,878,0.043395971339732324,0.9525222551928784,0.016333324200000002
baseline_ensemble,879,0.04340183883180097,0.9525222551928784,0.0163333244
baseline_ensemble,880,0.043407707910750506,0.9525222551928784,0.0163333248
baseline_ensemble,881,0.043413578577224776,0.9525222551928784,0.016333326999999998
baseline_ensemble,882,0.04341945083186798,0.9525222551928784,0.016333327
baseline_ensemble,883,0.04342532467532467,0.9525222551928784,0.016366654199999997
baseline_ensemble,884,0.043431200108239754,0.9525222551928784,0.0163666547
baseline_ensemble,885,0.04343707713125846,0.9525222551928784,0.0163666556
baseline_ensemble,886,0.04344295574502639,0.9525222551928784,0.0163666606
baseline_ensemble,887,0.043448835950189495,0.9525222551928784,0.0163666625
baseline_ensemble,888,0.043454717747394074,0.9525222551928784,0.0163999878
baseline_ensemble,889,0.04346060113728676,0.9525222551928784,0.0163999879
baseline_ensemble,890,0.043466486120514555,0.9525222551928784,0.0163999898
baseline_ensemble,891,0.04347237269772481,0.9525222551928784,0.0163999986
baseline_ensemble,892,0.043478260869565216,0.9525222551928784,0.016433322400000002
baseline_ensemble,893,0.04348415063668382,0.9525222551928784,0.016466655599999998
baseline_ensemble,894,0.043490041999729036,0.9525222551928784,0.0164666561
baseline_ensemble,895,0.04349593495934959,0.9525222551928784,0.0164666595
baseline_ensemble,896,0.04350182951619461,0.9525222551928784,0.0164666638
baseline_ensemble,897,0.04350772567091353,0.9525222551928784,0.0164999873
baseline_ensemble,898,0.04351362342415616,0.9525222551928784,0.016499988
baseline_ensemble,899,0.043519522776572665,0.9525222551928784,0.016499988699999996
baseline_ensemble,900,0.04352542372881356,0.9525222551928784,0.0164999908
baseline_ensemble,901,0.0435313262815297,0.9525222551928784,0.016499992800000002
baseline_ensemble,902,0.043537230435372304,0.9525222551928784,0.0164999929
baseline_ensemble,903,0.04354313619099295,0.9525222551928784,0.0164999942
baseline_ensemble,904,0.04354904354904355,0.9525222551928784,0.016533321599999998
baseline_ensemble,905,0.04341926729986431,0.9495548961424333,0.0165333226
baseline_ensemble,906,0.04342515945175736,0.9495548961424333,0.016533324
baseline_ensemble,907,0.04343105320304017,0.9495548961424333,0.0165333253
baseline_ensemble,908,0.04343694855436406,0.9495548961424333,0.016533325800000002
baseline_ensemble,909,0.04344284550638067,0.9495548961424333,0.0165666544
baseline_ensemble,910,0.04344874405974202,0.9495548961424333,0.0165666545
baseline_ensemble,911,0.04345464421510049,0.9495548961424333,0.0165666553
baseline_ensemble,912,0.043460545973108784,0.9495548961424333,0.016566655399999998
baseline_ensemble,913,0.043466449334419996,0.9495548961424333,0.0165666561
baseline_ensemble,914,0.043478260869565216,0.9495548961424333,0.0165666633
baseline_ensemble,915,0.043484169044707165,0.9495548961424333,0.016599988
baseline_ensemble,916,0.04349007882576787,0.9495548961424333,0.016599994799999997
baseline_ensemble,917,0.043495990213402204,0.9495548961424333,0.0165999952
baseline_ensemble,918,0.043501903208265365,0.9495548961424333,0.016633321099999997
baseline_ensemble,919,0.043507817811012914,0.9495548961424333,0.0166333221
baseline_ensemble,920,0.04351373402230079,0.9495548961424333,0.0166333228
baseline_ensemble,921,0.04351965184278526,0.9495548961424333,0.0166333233
baseline_ensemble,922,0.04352557127312296,0.9495548961424333,0.0166333277
baseline_ensemble,923,0.04353149231397089,0.9495548961424333,0.0166333287
baseline_ensemble,924,0.04353741496598639,0.9495548961424333,0.0166666539
baseline_ensemble,925,0.043543339229827185,0.9495548961424333,0.016666654
baseline_ensemble,926,0.043549265106151334,0.9495548961424333,0.0166666544
baseline_ensemble,927,0.043424993193574735,0.9465875370919882,0.0166666555
baseline_ensemble,928,0.043430905377808034,0.9465875370919882,0.0166666557
baseline_ensemble,929,0.04343681917211329,0.9465875370919882,0.016666661399999998
baseline_ensemble,930,0.043442734577148305,0.9465875370919882,0.0166666615
baseline_ensemble,931,0.04344865159357123,0.9465875370919882,0.016699989000000002
baseline_ensemble,932,0.04345457022204059,0.9465875370919882,0.0166999893
baseline_ensemble,933,0.04346049046321526,0.9465875370919882,0.016699989899999997
baseline_ensemble,934,0.043466412317754465,0.9465875370919882,0.0166999909
baseline_ensemble,935,0.043472335786317796,0.9465875370919882,0.0166999918
baseline_ensemble,936,0.043478260869565216,0.9465875370919882,0.0167333205
baseline_ensemble,937,0.04334787350054525,0.9436201780415431,0.016733321399999997
baseline_ensemble,938,0.043353783231083846,0.9436201780415431,0.0167333221
baseline_ensemble,939,0.043359694573220614,0.9436201780415431,0.0167333262
baseline_ensemble,940,0.04336560752761489,0.9436201780415431,0.016766654899999997
baseline_ensemble,941,0.04337152209492635,0.9436201780415431,0.0167666562
baseline_ensemble,942,0.043377438275815035,0.9436201780415431,0.0167666592
baseline_ensemble,943,0.043383356070941334,0.9436201780415431,0.01676666
baseline_ensemble,944,0.04338927548096602,0.9436201780415431,0.016766660500000002
baseline_ensemble,945,0.043395196506550215,0.9436201780415431,0.0167666642
baseline_ensemble,946,0.0434011191483554,0.9436201780415431,0.0167666661
baseline_ensemble,947,0.043407043407043405,0.9436201780415431,0.0167999874
baseline_ensemble,948,0.043412969283276454,0.9436201780415431,0.0167999886
baseline_ensemble,949,0.0434188967777171,0.9436201780415431,0.0167999889
baseline_ensemble,950,0.043424825891028265,0.9436201780415431,0.016799988999999998
baseline_ensemble,951,0.04343075662387326,0.9436201780415431,0.0167999907
baseline_ensemble,952,0.04343668897691572,0.9436201780415431,0.0167999911
baseline_ensemble,953,0.04344262295081967,0.9436201780415431,0.0168333203
baseline_ensemble,954,0.04344855854624949,0.9436201780415431,0.0168333235
baseline_ensemble,955,0.04345449576386991,0.9436201780415431,0.0168333247
baseline_ensemble,956,0.043460434604346045,0.9436201780415431,0.0168333291
baseline_ensemble,957,0.04346637506834336,0.9436201780415431,0.0168333302
baseline_ensemble,958,0.04347231715652768,0.9436201780415431,0.0168666551
baseline_ensemble,959,0.043484206208122524,0.9436201780415431,0.0168666554
baseline_ensemble,960,0.04349015317286652,0.9436201780415431,0.016866657
baseline_ensemble,961,0.04349610176446451,0.9436201780415431,0.0168999884
baseline_ensemble,962,0.04350205198358413,0.9436201780415431,0.0168999896
baseline_ensemble,963,0.04350800383089342,0.9436201780415431,0.0168999917
baseline_ensemble,964,0.04351395730706076,0.9436201780415431,0.0169333207
baseline_ensemble,965,0.043519912412754894,0.9436201780415431,0.016933321999999997
baseline_ensemble,966,0.04352586914864495,0.9436201780415431,0.016933322599999998
baseline_ensemble,967,0.04353182751540041,0.9436201780415431,0.016933326800000002
baseline_ensemble,968,0.043400876232201534,0.9406528189910979,0.016966653199999997
baseline_ensemble,969,0.04340681911543202,0.9406528189910979,0.0169666547
baseline_ensemble,970,0.04341276362640373,0.9406528189910979,0.016966657
baseline_ensemble,971,0.04341870976578551,0.9406528189910979,0.0169666593
baseline_ensemble,972,0.043424657534246576,0.9406528189910979,0.016999989400000002
baseline_ensemble,973,0.0434306069324565,0.9406528189910979,0.0169999903
baseline_ensemble,974,0.043436557961085226,0.9406528189910979,0.0169999954
baseline_ensemble,975,0.04344251062080307,0.9406528189910979,0.017033320199999997
baseline_ensemble,976,0.0434484649122807,0.9406528189910979,0.0170333253
baseline_ensemble,977,0.043454420836189174,0.9406528189910979,0.0170333291
baseline_ensemble,978,0.04346037839319989,0.9406528189910979,0.017066655
baseline_ensemble,979,0.043466337583984646,0.9406528189910979,0.017066658999999998
baseline_ensemble,980,0.04347229840921558,0.9406528189910979,0.0170666626
baseline_ensemble,981,0.043478260869565216,0.9406528189910979,0.017066663
baseline_ensemble,982,0.04348422496570645,0.9406528189910979,0.017099989
baseline_ensemble,983,0.043490190698312524,0.9406528189910979,0.017099989000000003
baseline_ensemble,984,0.04349615806805708,0.9406528189910979,0.017099991
baseline_ensemble,985,0.04350212707561411,0.9406528189910979,0.0170999927
baseline_ensemble,986,0.04350809772165797,0.9406528189910979,0.0170999934
baseline_ensemble,987,0.043514070006863415,0.9406528189910979,0.0170999987
baseline_ensemble,988,0.04352004393190555,0.9406528189910979,0.0171333208
baseline_ensemble,989,0.043526019497459836,0.9406528189910979,0.0171333213
baseline_ensemble,990,0.043531996704202144,0.9406528189910979,0.017133324
baseline_ensemble,991,0.04353797555280868,0.9406528189910979,0.0171333254
baseline_ensemble,992,0.04354395604395604,0.9406528189910979,0.0171333335
baseline_ensemble,993,0.0435499381783212,0.9406528189910979,0.017166653900000002
baseline_ensemble,994,0.0434185215718604,0.9376854599406528,0.0171666547
baseline_ensemble,995,0.043424488113233475,0.9376854599406528,0.0171666553
baseline_ensemble,996,0.0434304562946674,0.9376854599406528,0.0171666563
baseline_ensemble,997,0.04343642611683849,0.9376854599406528,0.017166657
baseline_ensemble,998,0.043442397580423425,0.9376854599406528,0.0171666625
baseline_ensemble,999,0.043448370686099275,0.9376854599406528,0.017166664800000002
baseline_ensemble,1000,0.043454345434543455,0.9376854599406528,0.0171999889
baseline_ensemble,1001,0.04346629986244842,0.9376854599406528,0.0171999894
baseline_ensemble,1002,0.04347227954326592,0.9376854599406528,0.0171999922
baseline_ensemble,1003,0.043478260869565216,0.9376854599406528,0.017199992799999998
baseline_ensemble,1004,0.043484243842025594,0.9376854599406528,0.0172333214
baseline_ensemble,1005,0.043490228461326726,0.9376854599406528,0.0172333222
baseline_ensemble,1006,0.043358568479008944,0.9347181008902077,0.0172333235
baseline_ensemble,1007,0.04336453744493392,0.9347181008902077,0.0172333263
baseline_ensemble,1008,0.04337050805452292,0.9347181008902077,0.0172333272
baseline_ensemble,1009,0.04337648030845497,0.9347181008902077,0.0172333348
baseline_ensemble,1010,0.043382454207409445,0.9347181008902077,0.0172666539
baseline_ensemble,1011,0.04338842975206612,0.9347181008902077,0.0172666566
baseline_ensemble,1012,0.043400385781206946,0.9347181008902077,0.0172666624
baseline_ensemble,1013,0.0434063662670525,0.9347181008902077,0.0172999871
baseline_ensemble,1014,0.04341234840132304,0.9347181008902077,0.0172999885
baseline_ensemble,1015,0.043418332184700204,0.9347181008902077,0.0172999967
baseline_ensemble,1016,0.043424317617866005,0.9347181008902077,0.0172999983
baseline_ensemble,1017,0.043430304701502824,0.9347181008902077,0.017333322300000002
baseline_ensemble,1018,0.04343629343629344,0.9347181008902077,0.0173666556
baseline_ensemble,1019,0.04330437181078472,0.9317507418397626,0.0173666581
baseline_ensemble,1020,0.04331034482758621,0.9317507418397626,0.0173666598
baseline_ensemble,1021,0.04331631949234377,0.9317507418397626,0.0173666607
baseline_ensemble,1022,0.043322295805739514,0.9317507418397626,0.017366665200000003
baseline_ensemble,1023,0.04332827376845591,0.9317507418397626,0.0173999869
baseline_ensemble,1024,0.04333425338117582,0.9317507418397626,0.017399987599999996
baseline_ensemble,1025,0.04334023464458247,0.9317507418397626,0.0173999889
baseline_ensemble,1026,0.04334621755935947,0.9317507418397626,0.017399989299999998
baseline_ensemble,1027,0.04335220212619081,0.9317507418397626,0.0173999946
baseline_ensemble,1028,0.04335818834576084,0.9317507418397626,0.017400003400000003
baseline_ensemble,1029,0.04336417621875432,0.9317507418397626,0.0174333199
baseline_ensemble,1030,0.04337016574585635,0.9317507418397626,0.017433322499999997
baseline_ensemble,1031,0.04337615692775245,0.9317507418397626,0.0174666549
baseline_ensemble,1032,0.04338214976512849,0.9317507418397626,0.0174666568
baseline_ensemble,1033,0.04338814425867072,0.9317507418397626,0.017466658
baseline_ensemble,1034,0.04339414040906578,0.9317507418397626,0.0174666593
baseline_ensemble,1035,0.04340013821700069,0.9317507418397626,0.0174666629
baseline_ensemble,1036,0.04340613768316284,0.9317507418397626,0.017466663
baseline_ensemble,1037,0.04341213880824001,0.9317507418397626,0.0174999868
baseline_ensemble,1038,0.04341814159292035,0.9317507418397626,0.0174999894
baseline_ensemble,1039,0.04342414603789241,0.9317507418397626,0.0174999914
baseline_ensemble,1040,0.04343015214384509,0.9317507418397626,0.0174999938
baseline_ensemble,1041,0.0434361599114677,0.9317507418397626,0.0175666583
baseline_ensemble,1042,0.04344216934144992,0.9317507418397626,0.0175999918
baseline_ensemble,1043,0.04344818043448181,0.9317507418397626,0.0175999937
baseline_ensemble,1044,0.043454193191253807,0.9317507418397626,0.017633320100000002
baseline_ensemble,1045,0.043460207612456746,0.9317507418397626,0.0176333207
baseline_ensemble,1046,0.043466223698781836,0.9317507418397626,0.0176333229
baseline_ensemble,1047,0.04347224145092067,0.9317507418397626,0.017666655399999998
baseline_ensemble,1048,0.043478260869565216,0.9317507418397626,0.0176666568
baseline_ensemble,1049,0.043484281955407836,0.9317507418397626,0.017666658699999997
baseline_ensemble,1050,0.043490304709141274,0.9317507418397626,0.0176666614
baseline_ensemble,1051,0.04349632913145865,0.9317507418397626,0.0176666623
baseline_ensemble,1052,0.04350235522305348,0.9317507418397626,0.0176666693
baseline_ensemble,1053,0.04350838298461965,0.9317507418397626,0.0176999902
baseline_ensemble,1054,0.043514412416851445,0.9317507418397626,0.0177333285
baseline_ensemble,1055,0.04352044352044352,0.9317507418397626,0.0177666546
baseline_ensemble,1056,0.04352647629609093,0.9317507418397626,0.0177666548
baseline_ensemble,1057,0.04353251074448912,0.9317507418397626,0.017799995199999998
baseline_ensemble,1058,0.04353854686633389,0.9317507418397626,0.0178333217
baseline_ensemble,1059,0.04354458466232145,0.9317507418397626,0.017833323
baseline_ensemble,1060,0.043550624133148405,0.9317507418397626,0.0178333238
baseline_ensemble,1061,0.04355666527951172,0.9317507418397626,0.0178333249
baseline_ensemble,1062,0.04356270810210877,0.9317507418397626,0.0178333288
baseline_ensemble,1063,0.0435687526016373,0.9317507418397626,0.0178666541
baseline_ensemble,1064,0.04357479877879545,0.9317507418397626,0.0178666546
baseline_ensemble,1065,0.04358084663428175,0.9317507418397626,0.0178666629
baseline_ensemble,1066,0.04358689616879512,0.9317507418397626,0.017899988000000002
baseline_ensemble,1067,0.04359294738303485,0.9317507418397626,0.0178999889
baseline_ensemble,1068,0.04346014995834491,0.9287833827893175,0.017899992
baseline_ensemble,1069,0.043466185252048324,0.9287833827893175,0.017899992700000002
baseline_ensemble,1070,0.043472222222222225,0.9287833827893175,0.017933321399999997
baseline_ensemble,1071,0.043478260869565216,0.9287833827893175,0.017933321999999998
baseline_ensemble,1072,0.04348430119477633,0.9287833827893175,0.0179333323
baseline_ensemble,1073,0.04349034319855495,0.9287833827893175,0.0179666549
baseline_ensemble,1074,0.04349638688160089,0.9287833827893175,0.0179666551
baseline_ensemble,1075,0.043502432244614316,0.9287833827893175,0.0179666559
baseline_ensemble,1076,0.0435084792882958,0.9287833827893175,0.017966655999999998
baseline_ensemble,1077,0.04351452801334631,0.9287833827893175,0.0179666598
baseline_ensemble,1078,0.043520578420467186,0.9287833827893175,0.0179666605
baseline_ensemble,1079,0.0435326842837274,0.9287833827893175,0.017999986600000004
baseline_ensemble,1080,0.043538739741271384,0.9287833827893175,0.0179999907
baseline_ensemble,1081,0.043544796883695044,0.9287833827893175,0.017999993
baseline_ensemble,1082,0.04355085571170168,0.9287833827893175,0.0180333203
baseline_ensemble,1083,0.04355691622599499,0.9287833827893175,0.0180333277
baseline_ensemble,1084,0.043562978427279055,0.9287833827893175,0.018033329600000002
baseline_ensemble,1085,0.043569042316258355,0.9287833827893175,0.018066653
baseline_ensemble,1086,0.043575107893637756,0.9287833827893175,0.0180666541
baseline_ensemble,1087,0.043581175160122526,0.9287833827893175,0.018066654300000002
baseline_ensemble,1088,0.043587244116418324,0.9287833827893175,0.018066655299999998
baseline_ensemble,1089,0.043593314763231195,0.9287833827893175,0.018066655400000003
baseline_ensemble,1090,0.04359938710126759,0.9287833827893175,0.0180666575
baseline_ensemble,1091,0.04360546113123433,0.9287833827893175,0.0180999894
baseline_ensemble,1092,0.04361153685383865,0.9287833827893175,0.01809999
baseline_ensemble,1093,0.043617614269788184,0.9287833827893175,0.018099990899999998
baseline_ensemble,1094,0.04362369337979094,0.9287833827893175,0.0180999924
baseline_ensemble,1095,0.04362977418455534,0.9287833827893175,0.0181333203
baseline_ensemble,1096,0.043635856684790184,0.9287833827893175,0.0181333209
baseline_ensemble,1097,0.04364194088120468,0.9287833827893175,0.0181333216
baseline_ensemble,1098,0.043648026774508436,0.9287833827893175,0.0181333235
baseline_ensemble,1099,0.04365411436541144,0.9287833827893175,0.018166653399999996
baseline_ensemble,1100,0.04366020365462408,0.9287833827893175,0.018166654499999997
baseline_ensemble,1101,0.043666294642857144,0.9287833827893175,0.0181666551
baseline_ensemble,1102,0.04367238733082182,0.9287833827893175,0.018166658000000002
baseline_ensemble,1103,0.043678481719229695,0.9287833827893175,0.0181999872
baseline_ensemble,1104,0.04368457780879274,0.9287833827893175,0.0181999887
baseline_ensemble,1105,0.04369067560022334,0.9287833827893175,0.0181999978
baseline_ensemble,1106,0.04369677509423426,0.9287833827893175,0.0182333249
baseline_ensemble,1107,0.04370287629153868,0.9287833827893175,0.018233327799999997
baseline_ensemble,1108,0.04370897919285016,0.9287833827893175,0.018266652600000002
baseline_ensemble,1109,0.043715083798882684,0.9287833827893175,0.0182666543
baseline_ensemble,1110,0.04372119011035061,0.9287833827893175,0.018266656200000002
baseline_ensemble,1111,0.04372729812796871,0.9287833827893175,0.0182666599
baseline_ensemble,1112,0.043733407852452146,0.9287833827893175,0.0182666608
baseline_ensemble,1113,0.04373951928451649,0.9287833827893175,0.018299985799999998
baseline_ensemble,1114,0.04374563242487771,0.9287833827893175,0.0182999882
baseline_ensemble,1115,0.04375174727425216,0.9287833827893175,0.0183333199
baseline_ensemble,1116,0.043757863833356635,0.9287833827893175,0.0183333217
baseline_ensemble,1117,0.04377010208362467,0.9287833827893175,0.0183333221
baseline_ensemble,1118,0.043776223776223776,0.9287833827893175,0.018333326799999997
baseline_ensemble,1119,0.04378234718142397,0.9287833827893175,0.018333330999999998
baseline_ensemble,1120,0.043788472299944044,0.9287833827893175,0.0183666528
baseline_ensemble,1121,0.04379459913250315,0.9287833827893175,0.018366653599999998
baseline_ensemble,1122,0.04380072767982088,0.9287833827893175,0.018366656699999998
baseline_ensemble,1123,0.04380685794261722,0.9287833827893175,0.0183666653
baseline_ensemble,1124,0.04381298992161254,0.9287833827893175,0.0184333217
baseline_ensemble,1125,0.04381912361752765,0.9287833827893175,0.0184333246
baseline_ensemble,1126,0.04382525903108373,0.9287833827893175,0.018466653700000002
baseline_ensemble,1127,0.043831396163002384,0.9287833827893175,0.0184666632
baseline_ensemble,1128,0.0438375350140056,0.9287833827893175,0.0184666655
baseline_ensemble,1129,0.0438436755848158,0.9287833827893175,0.0184999896
baseline_ensemble,1130,0.043849817876155786,0.9287833827893175,0.0184999914
baseline_ensemble,1131,0.043855961888748775,0.9287833827893175,0.0185000001
baseline_ensemble,1132,0.04386210762331839,0.9287833827893175,0.0185333188
baseline_ensemble,1133,0.04386825508058865,0.9287833827893175,0.0185333196
baseline_ensemble,1134,0.04387440426128399,0.9287833827893175,0.0185333233
baseline_ensemble,1135,0.04388055516612926,0.9287833827893175,0.018533327100000004
baseline_ensemble,1136,0.04388670779584969,0.9287833827893175,0.018533334999999998
baseline_ensemble,1137,0.04389286215117094,0.9287833827893175,0.0185666538
baseline_ensemble,1138,0.043899018232819075,0.9287833827893175,0.018566660800000002
baseline_ensemble,1139,0.04390517604152055,0.9287833827893175,0.018566661999999998
baseline_ensemble,1140,0.043911335578002246,0.9287833827893175,0.018599992200000002
baseline_ensemble,1141,0.04391749684299144,0.9287833827893175,0.018599994699999997
baseline_ensemble,1142,0.04392365983721583,0.9287833827893175,0.0186000045
baseline_ensemble,1143,0.043929824561403506,0.9287833827893175,0.0186333204
baseline_ensemble,1144,0.04393599101628299,0.9287833827893175,0.018633321
baseline_ensemble,1145,0.04394215920258318,0.9287833827893175,0.018633324200000002
baseline_ensemble,1146,0.04394832912103342,0.9287833827893175,0.018633324399999998
baseline_ensemble,1147,0.04395450077236343,0.9287833827893175,0.0186666572
baseline_ensemble,1148,0.04396067415730337,0.9287833827893175,0.0186666604
baseline_ensemble,1149,0.04396684927658379,0.9287833827893175,0.0186666616
baseline_ensemble,1150,0.04397302613093566,0.9287833827893175,0.018699992300000003
baseline_ensemble,1151,0.04397920472109035,0.9287833827893175,0.0186999934
baseline_ensemble,1152,0.04398538504777965,0.9287833827893175,0.018733327799999998
baseline_ensemble,1153,0.04399156711173577,0.9287833827893175,0.0187666573
baseline_ensemble,1154,0.04399775091369131,0.9287833827893175,0.0187666584
baseline_ensemble,1155,0.044003936454379305,0.9287833827893175,0.018799984699999998
baseline_ensemble,1156,0.04401012373453318,0.9287833827893175,0.0187999873
baseline_ensemble,1157,0.044016312754886794,0.9287833827893175,0.0187999888
baseline_ensemble,1158,0.0440225035161744,0.9287833827893175,0.0187999947
baseline_ensemble,1159,0.04402869601913068,0.9287833827893175,0.0187999972
baseline_ensemble,1160,0.044034890264490714,0.9287833827893175,0.0188333206
baseline_ensemble,1161,0.04404108625299001,0.9287833827893175,0.0188333211
baseline_ensemble,1162,0.044047283985364484,0.9287833827893175,0.0188666525
baseline_ensemble,1163,0.044053483462350454,0.9287833827893175,0.0188666618
baseline_ensemble,1164,0.044059684684684686,0.9287833827893175,0.0188666653
baseline_ensemble,1165,0.04406588765310432,0.9287833827893175,0.0188999919
baseline_ensemble,1166,0.04407209236834694,0.9287833827893175,0.0188999928
baseline_ensemble,1167,0.04407829883115054,0.9287833827893175,0.018899993099999998
baseline_ensemble,1168,0.04408450704225352,0.9287833827893175,0.018933321599999997
baseline_ensemble,1169,0.044090717002394704,0.9287833827893175,0.0189666547
baseline_ensemble,1170,0.04409692871231333,0.9287833827893175,0.0189666613
baseline_ensemble,1171,0.04410314217274905,0.9287833827893175,0.0189666633
baseline_ensemble,1172,0.04410935738444194,0.9287833827893175,0.018966666400000002
baseline_ensemble,1173,0.044115574348132486,0.9287833827893175,0.018999985400000002
baseline_ensemble,1174,0.0441217930645616,0.9287833827893175,0.0189999928
baseline_ensemble,1175,0.04412801353447061,0.9287833827893175,0.0190333213
baseline_ensemble,1176,0.04413423575860124,0.9287833827893175,0.0190333238
baseline_ensemble,1177,0.04414045973769567,0.9287833827893175,0.0190666516
baseline_ensemble,1178,0.04414668547249647,0.9287833827893175,0.0190666532
baseline_ensemble,1179,0.04415291296374665,0.9287833827893175,0.019066655
baseline_ensemble,1180,0.04415914221218962,0.9287833827893175,0.019066659899999998
baseline_ensemble,1181,0.04416537321856921,0.9287833827893175,0.0190666624
baseline_ensemble,1182,0.044171605983629694,0.9287833827893175,0.0190999898
baseline_ensemble,1183,0.04417784050811574,0.9287833827893175,0.0190999907
baseline_ensemble,1184,0.04418407679277245,0.9287833827893175,0.0190999929
baseline_ensemble,1185,0.04419031483834533,0.9287833827893175,0.0191333275
baseline_ensemble,1186,0.044196554645580345,0.9287833827893175,0.0191333297
baseline_ensemble,1187,0.04420279621522384,0.9287833827893175,0.0191666698
baseline_ensemble,1188,0.0442090395480226,0.9287833827893175,0.0191999867
baseline_ensemble,1189,0.04421528464472383,0.9287833827893175,0.0191999893
baseline_ensemble,1190,0.04422153150607516,0.9287833827893175,0.019199993800000002
baseline_ensemble,1191,0.04422778013282464,0.9287833827893175,0.0192333207
baseline_ensemble,1192,0.044234030525720745,0.9287833827893175,0.0192333262
baseline_ensemble,1193,0.04424028268551237,0.9287833827893175,0.0192333269
baseline_ensemble,1194,0.04424653661294883,0.9287833827893175,0.019233330899999998
baseline_ensemble,1195,0.04425279230877987,0.9287833827893175,0.019266652599999996
baseline_ensemble,1196,0.04425904977375566,0.9287833827893175,0.019266658899999997
baseline_ensemble,1197,0.04426530900862678,0.9287833827893175,0.0192666635
baseline_ensemble,1198,0.04427157001414427,0.9287833827893175,0.0192999941
baseline_ensemble,1199,0.044277832791059554,0.9287833827893175,0.0193333187
baseline_ensemble,1200,0.044284097340124506,0.9287833827893175,0.0193333219
baseline_ensemble,1201,0.04429036366209141,0.9287833827893175,0.0193333232
baseline_ensemble,1202,0.04429663175771299,0.9287833827893175,0.0193333255
baseline_ensemble,1203,0.04430290162774239,0.9287833827893175,0.019366651599999996
baseline_ensemble,1204,0.04430917327293318,0.9287833827893175,0.0193666547
baseline_ensemble,1205,0.04431544669403936,0.9287833827893175,0.019366664199999998
baseline_ensemble,1206,0.04432172189181535,0.9287833827893175,0.0193999861
baseline_ensemble,1207,0.044327998867016,0.9287833827893175,0.0193999898
baseline_ensemble,1208,0.0443342776203966,0.9287833827893175,0.019399993499999997
baseline_ensemble,1209,0.04434055815271285,0.9287833827893175,0.0193999995
baseline_ensemble,1210,0.044346840464720885,0.9287833827893175,0.019400001299999997
baseline_ensemble,1211,0.04435312455717727,0.9287833827893175,0.0194333197
baseline_ensemble,1212,0.044359410430839005,0.9287833827893175,0.0194333238
baseline_ensemble,1213,0.0443656980864635,0.9287833827893175,0.0194333249
baseline_ensemble,1214,0.04437198752480862,0.9287833827893175,0.0194333258
baseline_ensemble,1215,0.04437827874663264,0.9287833827893175,0.0194333273
baseline_ensemble,1216,0.04438457175269427,0.9287833827893175,0.019433327599999998
baseline_ensemble,1217,0.04439086654375266,0.9287833827893175,0.0194666534
baseline_ensemble,1218,0.04439716312056738,0.9287833827893175,0.0194666566
baseline_ensemble,1219,0.044403461483898427,0.9287833827893175,0.019466660099999998
baseline_ensemble,1220,0.044409761634506245,0.9287833827893175,0.0194666617
baseline_ensemble,1221,0.0444160635731517,0.9287833827893175,0.0194999899
baseline_ensemble,1222,0.04442236730059608,0.9287833827893175,0.019499993099999998
baseline_ensemble,1223,0.044428672817601135,0.9287833827893175,0.0195333197
baseline_ensemble,1224,0.04443498012492902,0.9287833827893175,0.0195666584
baseline_ensemble,1225,0.044441289223342326,0.9287833827893175,0.0195666617
baseline_ensemble,1226,0.04444760011360409,0.9287833827893175,0.019566663499999998
baseline_ensemble,1227,0.04445391279647777,0.9287833827893175,0.0195999866
baseline_ensemble,1228,0.04446022727272727,0.9287833827893175,0.0195999883
baseline_ensemble,1229,0.04446654354311692,0.9287833827893175,0.0195999887
baseline_ensemble,1230,0.04447286160841148,0.9287833827893175,0.019599991400000003
baseline_ensemble,1231,0.044479181469376156,0.9287833827893175,0.0195999925
baseline_ensemble,1232,0.04448550312677658,0.9287833827893175,0.019599997799999998
baseline_ensemble,1233,0.04449182658137882,0.9287833827893175,0.0196000025
baseline_ensemble,1234,0.04449815183394939,0.9287833827893175,0.019633320099999997
baseline_ensemble,1235,0.04450447888525522,0.9287833827893175,0.0196333263
baseline_ensemble,1236,0.04451080773606371,0.9287833827893175,0.0196333302
baseline_ensemble,1237,0.044517138387142656,0.9287833827893175,0.0196666516
baseline_ensemble,1238,0.04438122332859175,0.9258160237388724,0.0196666543
baseline_ensemble,1239,0.04438753734528383,0.9258160237388724,0.019666656799999998
baseline_ensemble,1240,0.0443938531587934,0.9258160237388724,0.0196666572
baseline_ensemble,1241,0.04440017076988757,0.9258160237388724,0.0196666588
baseline_ensemble,1242,0.0444064901793339,0.9258160237388724,0.0196999845
baseline_ensemble,1243,0.044412811387900354,0.9258160237388724,0.0196999903
baseline_ensemble,1244,0.04441913439635535,0.9258160237388724,0.0196999941
baseline_ensemble,1245,0.04442545920546775,0.9258160237388724,0.0197333233
baseline_ensemble,1246,0.04443178581600683,0.9258160237388724,0.019733323499999997
baseline_ensemble,1247,0.044438114228742345,0.9258160237388724,0.0197333237
baseline_ensemble,1248,0.044444444444444446,0.9258160237388724,0.0197333342
baseline_ensemble,1249,0.04445077646388374,0.9258160237388724,0.0197666538
baseline_ensemble,1250,0.04445711028783129,0.9258160237388724,0.019766654100000003
baseline_ensemble,1251,0.04446344591705857,0.9258160237388724,0.0197666542
baseline_ensemble,1252,0.04446978335233751,0.9258160237388724,0.0197666614
baseline_ensemble,1253,0.04447612259444048,0.9258160237388724,0.0197999943
baseline_ensemble,1254,0.04448246364414029,0.9258160237388724,0.0198333195
baseline_ensemble,1255,0.04448880650221018,0.9258160237388724,0.019833320199999997
baseline_ensemble,1256,0.04449515116942385,0.9258160237388724,0.0198333241
baseline_ensemble,1257,0.044501497646555414,0.9258160237388724,0.0198333276
baseline_ensemble,1258,0.04450784593437946,0.9258160237388724,0.0198333348
baseline_ensemble,1259,0.044514196033670995,0.9258160237388724,0.0198666562
baseline_ensemble,1260,0.04437785388127854,0.9228486646884273,0.0198666575
baseline_ensemble,1261,0.0443841872413301,0.9228486646884273,0.0198666586
baseline_ensemble,1262,0.044390522409363406,0.9228486646884273,0.0198666615
baseline_ensemble,1263,0.044396859386152746,0.9228486646884273,0.019899985899999997
baseline_ensemble,1264,0.044403198172472874,0.9228486646884273,0.019933322399999998
baseline_ensemble,1265,0.04440953876909896,0.9228486646884273,0.0199333226
baseline_ensemble,1266,0.04441588117680663,0.9228486646884273,0.019933323099999997
baseline_ensemble,1267,0.04442857142857143,0.9228486646884273,0.0199333242
baseline_ensemble,1268,0.04443491927418203,0.9228486646884273,0.0199666546
baseline_ensemble,1269,0.044441268933981135,0.9228486646884273,0.0199666551
baseline_ensemble,1270,0.044447620408746606,0.9228486646884273,0.0199666563
baseline_ensemble,1271,0.044453973699256716,0.9228486646884273,0.0199666617
baseline_ensemble,1272,0.04446032880629021,0.9228486646884273,0.0199999861
baseline_ensemble,1273,0.04446668573062625,0.9228486646884273,0.0200333175
baseline_ensemble,1274,0.044473044473044475,0.9228486646884273,0.0200333177
baseline_ensemble,1275,0.044479405034324945,0.9228486646884273,0.0200333218
baseline_ensemble,1276,0.04448576741524818,0.9228486646884273,0.020033321899999998
baseline_ensemble,1277,0.04449213161659513,0.9228486646884273,0.0200333232
baseline_ensemble,1278,0.04449849763914723,0.9228486646884273,0.0200333233
baseline_ensemble,1279,0.04450486548368632,0.9228486646884273,0.0200333252
baseline_ensemble,1280,0.04451760664185514,0.9228486646884273,0.0200333271
baseline_ensemble,1281,0.044523979957050826,0.9228486646884273,0.0200666552
baseline_ensemble,1282,0.04453035509736541,0.9228486646884273,0.0200666566
baseline_ensemble,1283,0.04453673206358299,0.9228486646884273,0.020066656999999998
baseline_ensemble,1284,0.04454311085648811,0.9228486646884273,0.0200666573
baseline_ensemble,1285,0.04454949147686578,0.9228486646884273,0.0200999843
baseline_ensemble,1286,0.044555873925501435,0.9228486646884273,0.0200999945
baseline_ensemble,1287,0.04456225820318097,0.9228486646884273,0.0201333186
baseline_ensemble,1288,0.04456864431069074,0.9228486646884273,0.0201333271
baseline_ensemble,1289,0.044575032248817544,0.9228486646884273,0.020133328199999998
baseline_ensemble,1290,0.044581422018348624,0.9228486646884273,0.0201666553
baseline_ensemble,1291,0.044587813620071685,0.9228486646884273,0.0201666562
baseline_ensemble,1292,0.044594207054774876,0.9228486646884273,0.0201666565
baseline_ensemble,1293,0.04460060232324681,0.9228486646884273,0.0201666568
baseline_ensemble,1294,0.044606999426276536,0.9228486646884273,0.0201666591
baseline_ensemble,1295,0.04461339836465356,0.9228486646884273,0.0201666649
baseline_ensemble,1296,0.04461979913916786,0.9228486646884273,0.020199983699999997
baseline_ensemble,1297,0.04462620175060984,0.9228486646884273,0.0201999863
baseline_ensemble,1298,0.04463260619977038,0.9228486646884273,0.020199987000000003
baseline_ensemble,1299,0.044639012487440795,0.9228486646884273,0.0201999889
baseline_ensemble,1300,0.04464542061441286,0.9228486646884273,0.020199991
baseline_ensemble,1301,0.04465183058147882,0.9228486646884273,0.0201999938
baseline_ensemble,1302,0.04465824238943136,0.9228486646884273,0.0202333212
baseline_ensemble,1303,0.044664656039063624,0.9228486646884273,0.0202333288
baseline_ensemble,1304,0.044671071531169206,0.9228486646884273,0.020233331099999998
baseline_ensemble,1305,0.044677488866542166,0.9228486646884273,0.020266652
baseline_ensemble,1306,0.04468390804597701,0.9228486646884273,0.020266657100000002
baseline_ensemble,1307,0.044690329070268715,0.9228486646884273,0.0202666575
baseline_ensemble,1308,0.044696751940212706,0.9228486646884273,0.020266661999999998
baseline_ensemble,1309,0.04470317665660486,0.9228486646884273,0.0202666645
baseline_ensemble,1310,0.04470960322024152,0.9228486646884273,0.0203333203
baseline_ensemble,1311,0.044716031631919485,0.9228486646884273,0.0203333219
baseline_ensemble,1312,0.044722461892436005,0.9228486646884273,0.0203333221
baseline_ensemble,1313,0.04472889400258881,0.9228486646884273,0.020333326000000002
baseline_ensemble,1314,0.044735327963176065,0.9228486646884273,0.0203333273
baseline_ensemble,1315,0.044741763774996404,0.9228486646884273,0.0203333279
baseline_ensemble,1316,0.044748201438848924,0.9228486646884273,0.020366652800000003
baseline_ensemble,1317,0.04475464095553317,0.9228486646884273,0.0203666541
baseline_ensemble,1318,0.04476108232584917,0.9228486646884273,0.0203666552
baseline_ensemble,1319,0.04476752555059738,0.9228486646884273,0.0203666555
baseline_ensemble,1320,0.04477397063057875,0.9228486646884273,0.020366657
baseline_ensemble,1321,0.04478041756659467,0.9228486646884273,0.0203999898
baseline_ensemble,1322,0.044786866359447,0.9228486646884273,0.020399991
baseline_ensemble,1323,0.04479331700993807,0.9228486646884273,0.0203999943
baseline_ensemble,1324,0.044799769518870644,0.9228486646884273,0.0203999954
baseline_ensemble,1325,0.044806223887047976,0.9228486646884273,0.020433320300000002
baseline_ensemble,1326,0.04481268011527378,0.9228486646884273,0.0204333263
baseline_ensemble,1327,0.04481913820435221,0.9228486646884273,0.020466653499999998
baseline_ensemble,1328,0.04482559815508792,0.9228486646884273,0.0204666551
baseline_ensemble,1329,0.044832059968286,0.9228486646884273,0.020466657200000002
baseline_ensemble,1330,0.04483852364475202,0.9228486646884273,0.0204999888
baseline_ensemble,1331,0.044844989185292,0.9228486646884273,0.020499989700000002
baseline_ensemble,1332,0.04485145659071243,0.9228486646884273,0.0204999908
baseline_ensemble,1333,0.04485792586182028,0.9228486646884273,0.020533324399999997
baseline_ensemble,1334,0.04486439699942297,0.9228486646884273,0.020533331199999998
baseline_ensemble,1335,0.04487087000432838,0.9228486646884273,0.020566651099999996
baseline_ensemble,1336,0.04487734487734488,0.9228486646884273,0.0205666514
baseline_ensemble,1337,0.04488382161928128,0.9228486646884273,0.0205666517
baseline_ensemble,1338,0.04489030023094688,0.9228486646884273,0.0205666549
baseline_ensemble,1339,0.04489678071315144,0.9228486646884273,0.020566656000000003
baseline_ensemble,1340,0.04490326306670517,0.9228486646884273,0.0205666563
baseline_ensemble,1341,0.04490974729241877,0.9228486646884273,0.020566657
baseline_ensemble,1342,0.044916233391103406,0.9228486646884273,0.0205666626
baseline_ensemble,1343,0.04492272136357071,0.9228486646884273,0.0205999917
baseline_ensemble,1344,0.044929211210632765,0.9228486646884273,0.0206000003
baseline_ensemble,1345,0.04493570293310215,0.9228486646884273,0.020600008
baseline_ensemble,1346,0.044942196531791906,0.9228486646884273,0.020633318
baseline_ensemble,1347,0.044948692007515535,0.9228486646884273,0.0206333194
baseline_ensemble,1348,0.04495518936108702,0.9228486646884273,0.020633323199999998
baseline_ensemble,1349,0.0449616885933208,0.9228486646884273,0.020633323699999997
baseline_ensemble,1350,0.04496818970503181,0.9228486646884273,0.020633332299999998
baseline_ensemble,1351,0.04497469269703543,0.9228486646884273,0.0206666583
baseline_ensemble,1352,0.04498119757014753,0.9228486646884273,0.0206999931
baseline_ensemble,1353,0.04498770432518444,0.9228486646884273,0.0206999941
baseline_ensemble,1354,0.044994212962962965,0.9228486646884273,0.0207333191
baseline_ensemble,1355,0.04500072348430039,0.9228486646884273,0.0207333245
baseline_ensemble,1356,0.04500723589001447,0.9228486646884273,0.0207333289
baseline_ensemble,1357,0.045013750180923434,0.9228486646884273,0.0207999922
baseline_ensemble,1358,0.04502026635784598,0.9228486646884273,0.0208333177
baseline_ensemble,1359,0.045026784421601275,0.9228486646884273,0.0208333198
baseline_ensemble,1360,0.04503330437300898,0.9228486646884273,0.0208333238
baseline_ensemble,1361,0.04503982621288921,0.9228486646884273,0.0208666504
baseline_ensemble,1362,0.04504634994206257,0.9228486646884273,0.020866654499999998
baseline_ensemble,1363,0.04505287556135014,0.9228486646884273,0.0208666647
baseline_ensemble,1364,0.04505940307157346,0.9228486646884273,0.0208999859
baseline_ensemble,1365,0.04506593247355456,0.9228486646884273,0.0208999861
baseline_ensemble,1366,0.04507246376811594,0.9228486646884273,0.0208999902
baseline_ensemble,1367,0.04507899695608059,0.9228486646884273,0.020899992200000002
baseline_ensemble,1368,0.04508553203827196,0.9228486646884273,0.020899996100000002
baseline_ensemble,1369,0.04509206901551399,0.9228486646884273,0.0208999985
baseline_ensemble,1370,0.04509860788863109,0.9228486646884273,0.0209333173
baseline_ensemble,1371,0.04510514865844815,0.9228486646884273,0.0209333211
baseline_ensemble,1372,0.04511169132579054,0.9228486646884273,0.0209333282
baseline_ensemble,1373,0.045118235891484115,0.9228486646884273,0.020966652300000003
baseline_ensemble,1374,0.0451247823563552,0.9228486646884273,0.0209666529
baseline_ensemble,1375,0.04513133072123059,0.9228486646884273,0.020966663599999998
baseline_ensemble,1376,0.04513788098693759,0.9228486646884273,0.0209666677
baseline_ensemble,1377,0.04514443315430396,0.9228486646884273,0.0209999897
baseline_ensemble,1378,0.04515098722415795,0.9228486646884273,0.021033317899999997
baseline_ensemble,1379,0.0451575431973283,0.9228486646884273,0.0210333185
baseline_ensemble,1380,0.045164101074644206,0.9228486646884273,0.021066654799999997
baseline_ensemble,1381,0.045170660856935364,0.9228486646884273,0.021099990899999997
baseline_ensemble,1382,0.04517722254503196,0.9228486646884273,0.0211333198
baseline_ensemble,1383,0.04518378613976464,0.9228486646884273,0.0211333207
baseline_ensemble,1384,0.04504504504504504,0.9198813056379822,0.0211333212
baseline_ensemble,1385,0.04505159133846825,0.9198813056379822,0.0211333286
baseline_ensemble,1386,0.04505813953488372,0.9198813056379822,0.021133336699999998
baseline_ensemble,1387,0.045064689635121384,0.9198813056379822,0.021166654400000002
baseline_ensemble,1388,0.04507124164001163,0.9198813056379822,0.0211666587
baseline_ensemble,1389,0.045077795550385345,0.9198813056379822,0.0211999844
baseline_ensemble,1390,0.04508435136707388,0.9198813056379822,0.021199996399999997
baseline_ensemble,1391,0.04509090909090909,0.9198813056379822,0.0212333192
baseline_ensemble,1392,0.045097468722723306,0.9198813056379822,0.0212333209
baseline_ensemble,1393,0.04510403026334934,0.9198813056379822,0.0212333216
baseline_ensemble,1394,0.04511059371362049,0.9198813056379822,0.0212333244
baseline_ensemble,1395,0.04511715907437054,0.9198813056379822,0.021233325999999997
baseline_ensemble,1396,0.04512372634643377,0.9198813056379822,0.021266652599999998
baseline_ensemble,1397,0.045130295530644925,0.9198813056379822,0.0212666615
baseline_ensemble,1398,0.04513686662783926,0.9198813056379822,0.0212999913
baseline_ensemble,1399,0.045143439638852485,0.9198813056379822,0.0212999929
baseline_ensemble,1400,0.04515001456452083,0.9198813056379822,0.0213333201
baseline_ensemble,1401,0.04515659140568099,0.9198813056379822,0.021333324
baseline_ensemble,1402,0.04516317016317016,0.9198813056379822,0.021333324799999998
baseline_ensemble,1403,0.045169750837826025,0.9198813056379822,0.021366653200000002
baseline_ensemble,1404,0.045176333430486736,0.9198813056379822,0.021366656799999998
baseline_ensemble,1405,0.04518291794199096,0.9198813056379822,0.0213666604
baseline_ensemble,1406,0.04518950437317784,0.9198813056379822,0.0213666619
baseline_ensemble,1407,0.04519609272488701,0.9198813056379822,0.0213666639
baseline_ensemble,1408,0.04520268299795859,0.9198813056379822,0.0213999878
baseline_ensemble,1409,0.045209275193233193,0.9198813056379822,0.0213999919
baseline_ensemble,1410,0.04521586931155192,0.9198813056379822,0.021399992399999998
baseline_ensemble,1411,0.04522246535375638,0.9198813056379822,0.021433323
baseline_ensemble,1412,0.04522906332068865,0.9198813056379822,0.021466659800000003
baseline_ensemble,1413,0.0452356632131913,0.9198813056379822,0.0214999851
baseline_ensemble,1414,0.04524226503210741,0.9198813056379822,0.021499987
baseline_ensemble,1415,0.04524886877828054,0.9198813056379822,0.021499989499999997
baseline_ensemble,1416,0.04525547445255475,0.9198813056379822,0.021533322
baseline_ensemble,1417,0.04526208205577457,0.9198813056379822,0.0215333246
baseline_ensemble,1418,0.04526869158878505,0.9198813056379822,0.021533325500000002
baseline_ensemble,1419,0.04527530305243172,0.9198813056379822,0.021533327300000002
baseline_ensemble,1420,0.04528191644756062,0.9198813056379822,0.0215666516
baseline_ensemble,1421,0.045288531775018265,0.9198813056379822,0.0215666541
baseline_ensemble,1422,0.04529514903565167,0.9198813056379822,0.0215666549
baseline_ensemble,1423,0.04530176823030834,0.9198813056379822,0.0215999826
baseline_ensemble,1424,0.045308389359836304,0.9198813056379822,0.021599985699999998
baseline_ensemble,1425,0.04531501242508405,0.9198813056379822,0.021599986800000002
baseline_ensemble,1426,0.04532163742690058,0.9198813056379822,0.0215999902
baseline_ensemble,1427,0.0453282643661354,0.9198813056379822,0.0215999927
baseline_ensemble,1428,0.04533489324363849,0.9198813056379822,0.0216333198
baseline_ensemble,1429,0.045341524060260346,0.9198813056379822,0.021633322
baseline_ensemble,1430,0.04534815681685196,0.9198813056379822,0.0216333272
baseline_ensemble,1431,0.04535479151426482,0.9198813056379822,0.021666655099999998
baseline_ensemble,1432,0.04536142815335089,0.9198813056379822,0.021666656700000002
baseline_ensemble,1433,0.04536806673496268,0.9198813056379822,0.0216666607
baseline_ensemble,1434,0.04537470725995316,0.9198813056379822,0.021666669399999998
baseline_ensemble,1435,0.04538134972917582,0.9198813056379822,0.021699984099999996
baseline_ensemble,1436,0.04538799414348463,0.9198813056379822,0.0216999842
baseline_ensemble,1437,0.045394640503734075,0.9198813056379822,0.021699987
baseline_ensemble,1438,0.04540128881077914,0.9198813056379822,0.021699987599999998
baseline_ensemble,1439,0.04540793906547532,0.9198813056379822,0.0216999892
baseline_ensemble,1440,0.045414591268678584,0.9198813056379822,0.0216999909
baseline_ensemble,1441,0.04542124542124542,0.9198813056379822,0.0216999938
baseline_ensemble,1442,0.045427901524032824,0.9198813056379822,0.0216999947
baseline_ensemble,1443,0.045434559577898284,0.9198813056379822,0.0217333166
baseline_ensemble,1444,0.045441219583699795,0.9198813056379822,0.0217333216
baseline_ensemble,1445,0.04544788154229585,0.9198813056379822,0.0217333238
baseline_ensemble,1446,0.045454545454545456,0.9198813056379822,0.021766653099999998
baseline_ensemble,1447,0.045461211321308106,0.9198813056379822,0.021799995000000003
baseline_ensemble,1448,0.04546787914344382,0.9198813056379822,0.0218666557
baseline_ensemble,1449,0.045474548921813115,0.9198813056379822,0.0218666604
baseline_ensemble,1450,0.04548122065727699,0.9198813056379822,0.021899985099999998
baseline_ensemble,1451,0.04548789435069699,0.9198813056379822,0.0218999867
baseline_ensemble,1452,0.045494570002935136,0.9198813056379822,0.0218999869
baseline_ensemble,1453,0.045501247614853954,0.9198813056379822,0.021899987599999997
baseline_ensemble,1454,0.0455079271873165,0.9198813056379822,0.021899988800000002
baseline_ensemble,1455,0.04551460872118632,0.9198813056379822,0.021899993200000002
baseline_ensemble,1456,0.04552129221732746,0.9198813056379822,0.0219333229
baseline_ensemble,1457,0.04552797767660449,0.9198813056379822,0.0219333266
baseline_ensemble,1458,0.04538777908343126,0.9169139465875371,0.0219666605
baseline_ensemble,1459,0.045394446892904367,0.9169139465875371,0.021999984699999996
baseline_ensemble,1460,0.04540111666176903,0.9169139465875371,0.0220000078
baseline_ensemble,1461,0.045407788390889055,0.9169139465875371,0.022033316999999997
baseline_ensemble,1462,0.045421137733352934,0.9169139465875371,0.022033330700000003
baseline_ensemble,1463,0.045427815348426936,0.9169139465875371,0.022066649299999998
baseline_ensemble,1464,0.04543449492721659,0.9169139465875371,0.0220666547
baseline_ensemble,1465,0.045441176470588235,0.9169139465875371,0.022066657499999996
baseline_ensemble,1466,0.045447859979408735,0.9169139465875371,0.022066658099999997
baseline_ensemble,1467,0.045454545454545456,0.9169139465875371,0.0220666586
baseline_ensemble,1468,0.045461232896866266,0.9169139465875371,0.0220666618
baseline_ensemble,1469,0.045467922307239554,0.9169139465875371,0.0220999865
baseline_ensemble,1470,0.045474613686534215,0.9169139465875371,0.0220999926
baseline_ensemble,1471,0.04548800235536582,0.9169139465875371,0.0220999976
baseline_ensemble,1472,0.04549469964664311,0.9169139465875371,0.022100002699999996
baseline_ensemble,1473,0.04550139891032248,0.9169139465875371,0.0221333392
baseline_ensemble,1474,0.0455081001472754,0.9169139465875371,0.022199986799999998
baseline_ensemble,1475,0.04551480335837384,0.9169139465875371,0.022199987199999997
baseline_ensemble,1476,0.045521508544490275,0.9169139465875371,0.022199987799999998
baseline_ensemble,1477,0.04552821570649772,0.9169139465875371,0.0222333204
baseline_ensemble,1478,0.04553492484526967,0.9169139465875371,0.0222333234
baseline_ensemble,1479,0.04554163596168018,0.9169139465875371,0.0222333267
baseline_ensemble,1480,0.04554834905660377,0.9169139465875371,0.022233327599999998
baseline_ensemble,1481,0.04555506413091552,0.9169139465875371,0.0222333293
baseline_ensemble,1482,0.04556178118549101,0.9169139465875371,0.022266652799999998
baseline_ensemble,1483,0.045568500221206315,0.9169139465875371,0.022266653
baseline_ensemble,1484,0.045575221238938056,0.9169139465875371,0.0222999862
baseline_ensemble,1485,0.045581944239563355,0.9169139465875371,0.0223333228
baseline_ensemble,1486,0.04558866922395987,0.9169139465875371,0.0223333231
baseline_ensemble,1487,0.045595396193005754,0.9169139465875371,0.0223333236
baseline_ensemble,1488,0.04560212514757969,0.9169139465875371,0.022333327400000002
baseline_ensemble,1489,0.045608856088560884,0.9169139465875371,0.022333346900000002
baseline_ensemble,1490,0.04561558901682905,0.9169139465875371,0.0223666528
baseline_ensemble,1491,0.04562232393326443,0.9169139465875371,0.022366656199999998
baseline_ensemble,1492,0.045629060838747786,0.9169139465875371,0.0223666591
baseline_ensemble,1493,0.04563579973416039,0.9169139465875371,0.0223666645
baseline_ensemble,1494,0.045642540620384045,0.9169139465875371,0.022399986
baseline_ensemble,1495,0.04564928349830108,0.9169139465875371,0.022399987200000002
baseline_ensemble,1496,0.04565602836879433,0.9169139465875371,0.0223999876
baseline_ensemble,1497,0.04566277523274716,0.9169139465875371,0.0223999936
baseline_ensemble,1498,0.045669524091043454,0.9169139465875371,0.0224333185
baseline_ensemble,1499,0.04567627494456763,0.9169139465875371,0.022433320299999997
baseline_ensemble,1500,0.04568302779420461,0.9169139465875371,0.0224333221
baseline_ensemble,1501,0.045689782640839866,0.9169139465875371,0.0224333225
baseline_ensemble,1502,0.04569653948535936,0.9169139465875371,0.022466648899999997
baseline_ensemble,1503,0.04570329832864961,0.9169139465875371,0.0224666517
baseline_ensemble,1504,0.045710059171597636,0.9169139465875371,0.0224666536
baseline_ensemble,1505,0.04571682201509099,0.9169139465875371,0.022499981
baseline_ensemble,1506,0.045723586860017755,0.9169139465875371,0.022499987400000004
baseline_ensemble,1507,0.04573035370726654,0.9169139465875371,0.022533322
baseline_ensemble,1508,0.04573712255772647,0.9169139465875371,0.022533322799999998
baseline_ensemble,1509,0.04574389341228719,0.9169139465875371,0.02253333
baseline_ensemble,1510,0.04575066627183891,0.9169139465875371,0.022566648700000004
baseline_ensemble,1511,0.04575744113727232,0.9169139465875371,0.0225666603
baseline_ensemble,1512,0.04576421800947867,0.9169139465875371,0.0225999855
baseline_ensemble,1513,0.04577099688934973,0.9169139465875371,0.022599986
baseline_ensemble,1514,0.04577777777777778,0.9169139465875371,0.0225999884
baseline_ensemble,1515,0.04578456067565565,0.9169139465875371,0.022599988999999997
baseline_ensemble,1516,0.0457913455838767,0.9169139465875371,0.0225999907
baseline_ensemble,1517,0.04579813250333482,0.9169139465875371,0.0226333214
baseline_ensemble,1518,0.0458049214349244,0.9169139465875371,0.022633322
baseline_ensemble,1519,0.045811712379540404,0.9169139465875371,0.022666655900000002
baseline_ensemble,1520,0.04581850533807829,0.9169139465875371,0.022666663
baseline_ensemble,1521,0.04582530031143408,0.9169139465875371,0.022666667799999998
baseline_ensemble,1522,0.045832097300504304,0.9169139465875371,0.022699983200000003
baseline_ensemble,1523,0.045838896306186025,0.9169139465875371,0.0226999887
baseline_ensemble,1524,0.04584569732937686,0.9169139465875371,0.0226999922
baseline_ensemble,1525,0.04585250037097492,0.9169139465875371,0.0226999928
baseline_ensemble,1526,0.0458593054318789,0.9169139465875371,0.022733321799999998
baseline_ensemble,1527,0.04586611251298798,0.9169139465875371,0.0227666524
baseline_ensemble,1528,0.045879732739420934,0.9169139465875371,0.022766655
baseline_ensemble,1529,0.045886545886545886,0.9169139465875371,0.0227666604
baseline_ensemble,1530,0.04589336105747809,0.9169139465875371,0.0227666623
baseline_ensemble,1531,0.04590017825311943,0.9169139465875371,0.022799985999999998
baseline_ensemble,1532,0.04590699747437231,0.9169139465875371,0.022799987499999997
baseline_ensemble,1533,0.045913818722139677,0.9169139465875371,0.0227999887
baseline_ensemble,1534,0.04592064199732501,0.9169139465875371,0.022799989899999998
baseline_ensemble,1535,0.045927467300832345,0.9169139465875371,0.022799991500000002
baseline_ensemble,1536,0.04593429463356623,0.9169139465875371,0.0227999938
baseline_ensemble,1537,0.04594112399643176,0.9169139465875371,0.022833318600000003
baseline_ensemble,1538,0.045947955390334576,0.9169139465875371,0.0228333227
baseline_ensemble,1539,0.04595478881618084,0.9169139465875371,0.0228666546
baseline_ensemble,1540,0.04596162427487729,0.9169139465875371,0.0228666604
baseline_ensemble,1541,0.04596846176733115,0.9169139465875371,0.022866666600000002
baseline_ensemble,1542,0.04597530129445023,0.9169139465875371,0.0228666726
baseline_ensemble,1543,0.04598214285714286,0.9169139465875371,0.022899986399999996
baseline_ensemble,1544,0.0459889864563179,0.9169139465875371,0.022899987099999998
baseline_ensemble,1545,0.04599583209288479,0.9169139465875371,0.022933326
baseline_ensemble,1546,0.04600267976775346,0.9169139465875371,0.0229333324
baseline_ensemble,1547,0.04600952948183443,0.9169139465875371,0.0229666528
baseline_ensemble,1548,0.04601638123603872,0.9169139465875371,0.0229666577
baseline_ensemble,1549,0.04602323503127793,0.9169139465875371,0.022966665400000003
baseline_ensemble,1550,0.04603009086846417,0.9169139465875371,0.0229999855
baseline_ensemble,1551,0.04603694874851013,0.9169139465875371,0.022999985900000002
baseline_ensemble,1552,0.04604380867232901,0.9169139465875371,0.0229999866
baseline_ensemble,1553,0.046050670640834575,0.9169139465875371,0.0229999889
baseline_ensemble,1554,0.046057534654941126,0.9169139465875371,0.0229999897
baseline_ensemble,1555,0.04606440071556351,0.9169139465875371,0.022999992099999998
baseline_ensemble,1556,0.04607126882361712,0.9169139465875371,0.02300001
baseline_ensemble,1557,0.0460781389800179,0.9169139465875371,0.023066652299999997
baseline_ensemble,1558,0.046085011185682326,0.9169139465875371,0.023066652599999998
baseline_ensemble,1559,0.046091885441527446,0.9169139465875371,0.023066656499999998
baseline_ensemble,1560,0.046098761748470836,0.9169139465875371,0.023099985499999996
baseline_ensemble,1561,0.046105640107430616,0.9169139465875371,0.023099997499999997
baseline_ensemble,1562,0.046112520519325476,0.9169139465875371,0.023133319300000003
baseline_ensemble,1563,0.04611940298507463,0.9169139465875371,0.0231333233
baseline_ensemble,1564,0.04612628750559785,0.9169139465875371,0.0231333281
baseline_ensemble,1565,0.04613317408181547,0.9169139465875371,0.023166656900000002
baseline_ensemble,1566,0.04614006271464835,0.9169139465875371,0.023166660399999997
baseline_ensemble,1567,0.04614695340501792,0.9169139465875371,0.0231999864
baseline_ensemble,1568,0.046153846153846156,0.9169139465875371,0.0231999896
baseline_ensemble,1569,0.04616074096205557,0.9169139465875371,0.0231999945
baseline_ensemble,1570,0.04616763783056925,0.9169139465875371,0.023233318899999997
baseline_ensemble,1571,0.046174536760310816,0.9169139465875371,0.023233323200000003
baseline_ensemble,1572,0.04618143775220445,0.9169139465875371,0.0232333233
baseline_ensemble,1573,0.04618834080717489,0.9169139465875371,0.0232666575
baseline_ensemble,1574,0.046195245926147405,0.9169139465875371,0.0232999853
baseline_ensemble,1575,0.04620215311004785,0.9169139465875371,0.0233333186
baseline_ensemble,1576,0.0462090623598026,0.9169139465875371,0.023333319499999998
baseline_ensemble,1577,0.04621597367633862,0.9169139465875371,0.0233333236
baseline_ensemble,1578,0.0462228870605834,0.9169139465875371,0.0233666514
baseline_ensemble,1579,0.04622980251346499,0.9169139465875371,0.023366658499999998
baseline_ensemble,1580,0.04623672003591202,0.9169139465875371,0.0233999835
baseline_ensemble,1581,0.04624363962885364,0.9169139465875371,0.0233999898
baseline_ensemble,1582,0.046250561293219576,0.9169139465875371,0.023433319599999995
baseline_ensemble,1583,0.04625748502994012,0.9169139465875371,0.0234333203
baseline_ensemble,1584,0.0462644108399461,0.9169139465875371,0.023433320599999998
baseline_ensemble,1585,0.046271338724168914,0.9169139465875371,0.0234333207
baseline_ensemble,1586,0.04627826868354051,0.9169139465875371,0.0234333231
baseline_ensemble,1587,0.04628520071899341,0.9169139465875371,0.0234333248
baseline_ensemble,1588,0.04629213483146068,0.9169139465875371,0.0234333255
baseline_ensemble,1589,0.046299071021875936,0.9169139465875371,0.0234666662
baseline_ensemble,1590,0.046306009291173386,0.9169139465875371,0.0234999921
baseline_ensemble,1591,0.046312949640287766,0.9169139465875371,0.0234999948
baseline_ensemble,1592,0.0463198920701544,0.9169139465875371,0.023533317300000002
baseline_ensemble,1593,0.04632683658170914,0.9169139465875371,0.0235666559
baseline_ensemble,1594,0.04633378317588844,0.9169139465875371,0.023599988300000003
baseline_ensemble,1595,0.046340731853629274,0.9169139465875371,0.0235999945
baseline_ensemble,1596,0.046347682615869204,0.9169139465875371,0.0236333161
baseline_ensemble,1597,0.04635463546354635,0.9169139465875371,0.023633318299999997
baseline_ensemble,1598,0.0463615903975994,0.9169139465875371,0.023633321
baseline_ensemble,1599,0.046368547418967586,0.9169139465875371,0.0236333223
baseline_ensemble,1600,0.046375506528590724,0.9169139465875371,0.0236333236
baseline_ensemble,1601,0.04638943101636391,0.9169139465875371,0.023666654699999998
baseline_ensemble,1602,0.046396396396396394,0.9169139465875371,0.0236999848
baseline_ensemble,1603,0.04640336386844872,0.9169139465875371,0.0236999865
baseline_ensemble,1604,0.0464103334334635,0.9169139465875371,0.023699994100000003
baseline_ensemble,1605,0.046417305092383954,0.9169139465875371,0.0237333196
baseline_ensemble,1606,0.0464312546957175,0.9169139465875371,0.023733325
baseline_ensemble,1607,0.046438232642019836,0.9169139465875371,0.0237333327
baseline_ensemble,1608,0.046445212686006314,0.9169139465875371,0.0237333381
baseline_ensemble,1609,0.04645219482862297,0.9169139465875371,0.023766657599999998
baseline_ensemble,1610,0.04645917907081642,0.9169139465875371,0.0237666577
baseline_ensemble,1611,0.046466165413533836,0.9169139465875371,0.0237666589
baseline_ensemble,1612,0.046473153857722965,0.9169139465875371,0.023799983499999997
baseline_ensemble,1613,0.04648014440433213,0.9169139465875371,0.023799984700000002
baseline_ensemble,1614,0.046487137054310214,0.9169139465875371,0.023799985500000002
baseline_ensemble,1615,0.04649413180860668,0.9169139465875371,0.023799986
baseline_ensemble,1616,0.046501128668171555,0.9169139465875371,0.023833321
baseline_ensemble,1617,0.04650812763395545,0.9169139465875371,0.0238666498
baseline_ensemble,1618,0.04651512870690953,0.9169139465875371,0.02386665
baseline_ensemble,1619,0.04652213188798555,0.9169139465875371,0.023866651399999998
baseline_ensemble,1620,0.046529137178135824,0.9169139465875371,0.023866652199999998
baseline_ensemble,1621,0.04653614457831325,0.9169139465875371,0.0238666565
baseline_ensemble,1622,0.04654315408947131,0.9169139465875371,0.0238999879
baseline_ensemble,1623,0.046550165712564026,0.9169139465875371,0.023899992699999997
baseline_ensemble,1624,0.04655717944854603,0.9169139465875371,0.023933321
baseline_ensemble,1625,0.04656419529837252,0.9169139465875371,0.023933321100000002
baseline_ensemble,1626,0.04657121326299925,0.9169139465875371,0.0239333241
baseline_ensemble,1627,0.046578233343382576,0.9169139465875371,0.023933340900000002
baseline_ensemble,1628,0.046585255540479424,0.9169139465875371,0.023966651199999998
baseline_ensemble,1629,0.04659227985524728,0.9169139465875371,0.023966655
baseline_ensemble,1630,0.04659930628864425,0.9169139465875371,0.0239999827
baseline_ensemble,1631,0.04660633484162896,0.9169139465875371,0.0239999852
baseline_ensemble,1632,0.04661336551516066,0.9169139465875371,0.024033317
baseline_ensemble,1633,0.04662039831019916,0.9169139465875371,0.024033319399999996
baseline_ensemble,1634,0.046627433227704844,0.9169139465875371,0.0240333207
baseline_ensemble,1635,0.0466344702686387,0.9169139465875371,0.024033324
baseline_ensemble,1636,0.04664150943396227,0.9169139465875371,0.0240333314
baseline_ensemble,1637,0.04664855072463768,0.9169139465875371,0.024066656000000002
baseline_ensemble,1638,0.04665559414162766,0.9169139465875371,0.024066660400000002
baseline_ensemble,1639,0.0466626396858955,0.9169139465875371,0.024099984499999998
baseline_ensemble,1640,0.04666968735840508,0.9169139465875371,0.0240999872
baseline_ensemble,1641,0.04667673716012084,0.9169139465875371,0.024099987899999998
baseline_ensemble,1642,0.046683789092007856,0.9169139465875371,0.024099991699999997
baseline_ensemble,1643,0.04669084315503173,0.9169139465875371,0.0241000075
baseline_ensemble,1644,0.04669789935015868,0.9169139465875371,0.0241333194
baseline_ensemble,1645,0.0467049576783555,0.9169139465875371,0.0241333253
baseline_ensemble,1646,0.04671201814058957,0.9169139465875371,0.0241333275
baseline_ensemble,1647,0.04671908073782885,0.9169139465875371,0.024166651
baseline_ensemble,1648,0.04672614547104189,0.9169139465875371,0.0241666514
baseline_ensemble,1649,0.04673321234119782,0.9169139465875371,0.024166656300000002
baseline_ensemble,1650,0.046740281349266374,0.9169139465875371,0.0241666569
baseline_ensemble,1651,0.04674735249621785,0.9169139465875371,0.024166659899999998
baseline_ensemble,1652,0.04675442578302315,0.9169139465875371,0.024199982199999998
baseline_ensemble,1653,0.046761501210653755,0.9169139465875371,0.0241999962
baseline_ensemble,1654,0.046768578780081733,0.9169139465875371,0.0242333178
baseline_ensemble,1655,0.04677565849227974,0.9169139465875371,0.0242333215
baseline_ensemble,1656,0.046782740348221045,0.9169139465875371,0.024233322199999997
baseline_ensemble,1657,0.04678982434887947,0.9169139465875371,0.024233335300000002
baseline_ensemble,1658,0.04679691049522944,0.9169139465875371,0.0242999862
baseline_ensemble,1659,0.04680399878824599,0.9169139465875371,0.0242999873
baseline_ensemble,1660,0.046811089228904715,0.9169139465875371,0.0242999894
baseline_ensemble,1661,0.04681818181818182,0.9169139465875371,0.0242999928
baseline_ensemble,1662,0.046825276557054096,0.9169139465875371,0.0242999977
baseline_ensemble,1663,0.04683237344649894,0.9169139465875371,0.02436665
baseline_ensemble,1664,0.046839472487494316,0.9169139465875371,0.024366650500000003
baseline_ensemble,1665,0.0468465736810188,0.9169139465875371,0.0243666557
baseline_ensemble,1666,0.04685367702805156,0.9169139465875371,0.0243666594
baseline_ensemble,1667,0.04686078252957234,0.9169139465875371,0.0243666643
baseline_ensemble,1668,0.046867890186561505,0.9169139465875371,0.0243999824
baseline_ensemble,1669,0.046875,0.9169139465875371,0.024399987300000002
baseline_ensemble,1670,0.04688922610015175,0.9169139465875371,0.0243999905
baseline_ensemble,1671,0.046896342388829865,0.9169139465875371,0.024399992
baseline_ensemble,1672,0.046903460837887066,0.9169139465875371,0.0243999924
baseline_ensemble,1673,0.04691058144830727,0.9169139465875371,0.024433314299999998
baseline_ensemble,1674,0.04691770422107501,0.9169139465875371,0.0244333209
baseline_ensemble,1675,0.0469248291571754,0.9169139465875371,0.0244333221
baseline_ensemble,1676,0.046931956257594165,0.9169139465875371,0.0244666518
baseline_ensemble,1677,0.04693908552331764,0.9169139465875371,0.024466658699999998
baseline_ensemble,1678,0.04694621695533273,0.9169139465875371,0.0245333174
baseline_ensemble,1679,0.04695335055462695,0.9169139465875371,0.0245333206
baseline_ensemble,1680,0.04696048632218845,0.9169139465875371,0.024566654799999997
baseline_ensemble,1681,0.04696762425900593,0.9169139465875371,0.0245666555
baseline_ensemble,1682,0.04697476436606871,0.9169139465875371,0.024566656399999998
baseline_ensemble,1683,0.04698190664436673,0.9169139465875371,0.0245666582
baseline_ensemble,1684,0.04698905109489051,0.9169139465875371,0.0245999882
baseline_ensemble,1685,0.04699619771863118,0.9169139465875371,0.0245999886
baseline_ensemble,1686,0.04700334651658047,0.9169139465875371,0.0246333177
baseline_ensemble,1687,0.04701049748973072,0.9169139465875371,0.0246333184
baseline_ensemble,1688,0.047017650639074864,0.9169139465875371,0.024666651799999998
baseline_ensemble,1689,0.04702480596560645,0.9169139465875371,0.024666655699999998
baseline_ensemble,1690,0.047031963470319633,0.9169139465875371,0.024699987200000002
baseline_ensemble,1691,0.04703912315420916,0.9169139465875371,0.024733322600000003
baseline_ensemble,1692,0.0470462850182704,0.9169139465875371,0.024766653000000003
baseline_ensemble,1693,0.047053449063499314,0.9169139465875371,0.024766654299999996
baseline_ensemble,1694,0.04706061529089248,0.9169139465875371,0.024766657999999997
baseline_ensemble,1695,0.04706778370144707,0.9169139465875371,0.024766660200000002
baseline_ensemble,1696,0.047074954296160876,0.9169139465875371,0.0247666604
baseline_ensemble,1697,0.0470821270760323,0.9169139465875371,0.0247666688
baseline_ensemble,1698,0.04708930204206035,0.9169139465875371,0.0247999858
baseline_ensemble,1699,0.04709647919524463,0.9169139465875371,0.0247999918
baseline_ensemble,1700,0.047103658536585366,0.9169139465875371,0.024800003600000002
baseline_ensemble,1701,0.047110840067083395,0.9169139465875371,0.024833321999999998
baseline_ensemble,1702,0.04711802378774017,0.9169139465875371,0.0248333299
baseline_ensemble,1703,0.047125209699557725,0.9169139465875371,0.0248333301
baseline_ensemble,1704,0.04713239780353874,0.9169139465875371,0.0248666576
baseline_ensemble,1705,0.0471395881006865,0.9169139465875371,0.0248666601
baseline_ensemble,1706,0.04714678059200488,0.9169139465875371,0.0248999819
baseline_ensemble,1707,0.0471539752784984,0.9169139465875371,0.024933316100000002
baseline_ensemble,1708,0.04716117216117216,0.9169139465875371,0.024933316600000005
baseline_ensemble,1709,0.0471683712410319,0.9169139465875371,0.0249333206
baseline_ensemble,1710,0.04717557251908397,0.9169139465875371,0.024933323
baseline_ensemble,1711,0.047182775996335316,0.9169139465875371,0.0249666519
baseline_ensemble,1712,0.04718998167379353,0.9169139465875371,0.024966652899999997
baseline_ensemble,1713,0.04719718955246678,0.9169139465875371,0.024966654499999998
baseline_ensemble,1714,0.04720439963336388,0.9169139465875371,0.024966661199999997
baseline_ensemble,1715,0.04721161191749427,0.9169139465875371,0.024966661999999997
baseline_ensemble,1716,0.04721882640586797,0.9169139465875371,0.024999985
baseline_ensemble,1717,0.04722604309949564,0.9169139465875371,0.0249999863
baseline_ensemble,1718,0.047233261999388564,0.9169139465875371,0.024999988299999994
baseline_ensemble,1719,0.04724048310655863,0.9169139465875371,0.024999988400000003
baseline_ensemble,1720,0.04724770642201835,0.9169139465875371,0.0250333187
baseline_ensemble,1721,0.047254931946780855,0.9169139465875371,0.0250333196
baseline_ensemble,1722,0.04726215968185989,0.9169139465875371,0.0250333273
baseline_ensemble,1723,0.04726938962826985,0.9169139465875371,0.025066658699999998
baseline_ensemble,1724,0.047276621787025706,0.9169139465875371,0.0250999836
baseline_ensemble,1725,0.04728385615914307,0.9169139465875371,0.025099989799999996
baseline_ensemble,1726,0.0472910927456382,0.9169139465875371,0.025133319799999998
baseline_ensemble,1727,0.04729833154752793,0.9169139465875371,0.025133319999999997
baseline_ensemble,1728,0.04730557256582976,0.9169139465875371,0.025133321799999997
baseline_ensemble,1729,0.04731281580156178,0.9169139465875371,0.025133323899999997
baseline_ensemble,1730,0.04732006125574273,0.9169139465875371,0.025133324
baseline_ensemble,1731,0.047327308929391944,0.9169139465875371,0.0251666521
baseline_ensemble,1732,0.04733455882352941,0.9169139465875371,0.0251666531
baseline_ensemble,1733,0.04734181093917573,0.9169139465875371,0.025166662000000003
baseline_ensemble,1734,0.04734906527735213,0.9169139465875371,0.0251999912
baseline_ensemble,1735,0.04735632183908046,0.9169139465875371,0.0252333158
baseline_ensemble,1736,0.0473635806253832,0.9169139465875371,0.025233319400000002
baseline_ensemble,1737,0.04737084163728346,0.9169139465875371,0.025233331199999997
baseline_ensemble,1738,0.04737810487580497,0.9169139465875371,0.025266651099999995
baseline_ensemble,1739,0.04738537034197209,0.9169139465875371,0.0252666519
baseline_ensemble,1740,0.04739263803680981,0.9169139465875371,0.0252666572
baseline_ensemble,1741,0.04739990796134377,0.9169139465875371,0.025266664100000003
baseline_ensemble,1742,0.04740718011660018,0.9169139465875371,0.0252666653
baseline_ensemble,1743,0.04741445450360595,0.9169139465875371,0.0252999881
baseline_ensemble,1744,0.04742173112338858,0.9169139465875371,0.025299988500000002
baseline_ensemble,1745,0.04742900997697621,0.9169139465875371,0.025299988699999998
baseline_ensemble,1746,0.0474362910653976,0.9169139465875371,0.0253333168
baseline_ensemble,1747,0.04744357438968217,0.9169139465875371,0.0253333205
baseline_ensemble,1748,0.04745085995085995,0.9169139465875371,0.0253333338
baseline_ensemble,1749,0.047458147749961606,0.9169139465875371,0.025366664100000002
baseline_ensemble,1750,0.047465437788018434,0.9169139465875371,0.0253999853
baseline_ensemble,1751,0.047472730066062375,0.9169139465875371,0.0253999886
baseline_ensemble,1752,0.047480024585126,0.9169139465875371,0.025433313899999997
baseline_ensemble,1753,0.047487321346242506,0.9169139465875371,0.0254333189
baseline_ensemble,1754,0.04749462035044574,0.9169139465875371,0.0254666594
baseline_ensemble,1755,0.047501921598770175,0.9169139465875371,0.025499986699999998
baseline_ensemble,1756,0.047509225092250924,0.9169139465875371,0.025499987599999996
baseline_ensemble,1757,0.047516530831923726,0.9169139465875371,0.0254999937
baseline_ensemble,1758,0.04752383881882498,0.9169139465875371,0.025499999500000002
baseline_ensemble,1759,0.047531149053991695,0.9169139465875371,0.0255333148
baseline_ensemble,1760,0.047538461538461536,0.9169139465875371,0.0255333149
baseline_ensemble,1761,0.04754577627327281,0.9169139465875371,0.025533316799999997
baseline_ensemble,1762,0.04755309325946445,0.9169139465875371,0.0255333217
baseline_ensemble,1763,0.047560412498076035,0.9169139465875371,0.025566651000000003
baseline_ensemble,1764,0.047567733990147784,0.9169139465875371,0.025566651800000003
baseline_ensemble,1765,0.04757505773672056,0.9169139465875371,0.025566655100000002
baseline_ensemble,1766,0.047582383738835846,0.9169139465875371,0.0255666559
baseline_ensemble,1767,0.04758971199753581,0.9169139465875371,0.025566660999999997
baseline_ensemble,1768,0.047597042513863215,0.9169139465875371,0.0255666613
baseline_ensemble,1769,0.0476043752888615,0.9169139465875371,0.025599983699999995
baseline_ensemble,1770,0.04761171032357473,0.9169139465875371,0.0255999866
baseline_ensemble,1771,0.047619047619047616,0.9169139465875371,0.0255999886
baseline_ensemble,1772,0.04762638717632552,0.9169139465875371,0.025599989099999998
baseline_ensemble,1773,0.04763372899645445,0.9169139465875371,0.0256666486
baseline_ensemble,1774,0.04764107308048104,0.9169139465875371,0.025666651
baseline_ensemble,1775,0.04764841942945258,0.9169139465875371,0.025666655200000003
baseline_ensemble,1776,0.04765576804441703,0.9169139465875371,0.025666655400000002
baseline_ensemble,1777,0.04766311892642295,0.9169139465875371,0.0256666597
baseline_ensemble,1778,0.047670472076519595,0.9169139465875371,0.0256999868
baseline_ensemble,1779,0.04767782749575683,0.9169139465875371,0.025733311999999998
baseline_ensemble,1780,0.047530864197530866,0.913946587537092,0.025733319100000002
baseline_ensemble,1781,0.04753820033955857,0.913946587537092,0.0257666571
baseline_ensemble,1782,0.04754553874652671,0.913946587537092,0.0257666573
baseline_ensemble,1783,0.04755287941948433,0.913946587537092,0.025799982200000002
baseline_ensemble,1784,0.04756022235948116,0.913946587537092,0.0258333259
baseline_ensemble,1785,0.04756756756756757,0.913946587537092,0.0258666511
baseline_ensemble,1786,0.047574915044794566,0.913946587537092,0.025899984999999997
baseline_ensemble,1787,0.047582264792213814,0.913946587537092,0.025899985
baseline_ensemble,1788,0.04758961681087762,0.913946587537092,0.0258999963
baseline_ensemble,1789,0.04759697110183898,0.913946587537092,0.025933317499999997
baseline_ensemble,1790,0.04760432766615147,0.913946587537092,0.025933321
baseline_ensemble,1791,0.047611686504869376,0.913946587537092,0.025933321699999998
baseline_ensemble,1792,0.047619047619047616,0.913946587537092,0.025933326899999998
baseline_ensemble,1793,0.04762641100974176,0.913946587537092,0.0259666501
baseline_ensemble,1794,0.04763377667800804,0.913946587537092,0.0259666519
baseline_ensemble,1795,0.04764114462490333,0.913946587537092,0.0259666536
baseline_ensemble,1796,0.04764851485148515,0.913946587537092,0.025966658200000003
baseline_ensemble,1797,0.0476558873588117,0.913946587537092,0.0259999853
baseline_ensemble,1798,0.047663262147941816,0.913946587537092,0.025999994099999996
baseline_ensemble,1799,0.047670639219934995,0.913946587537092,0.0259999949
baseline_ensemble,1800,0.04767801857585139,0.913946587537092,0.026033315899999996
baseline_ensemble,1801,0.04768540021675182,0.913946587537092,0.026033317599999998
baseline_ensemble,1802,0.047692784143697736,0.913946587537092,0.0260333202
baseline_ensemble,1803,0.04770017035775128,0.913946587537092,0.0260333238
baseline_ensemble,1804,0.04770755885997522,0.913946587537092,0.0260333282
baseline_ensemble,1805,0.047714949651433,0.913946587537092,0.0260666542
baseline_ensemble,1806,0.04772234273318872,0.913946587537092,0.0260999875
baseline_ensemble,1807,0.047729738106307144,0.913946587537092,0.0260999917
baseline_ensemble,1808,0.04773713577185369,0.913946587537092,0.0260999918
baseline_ensemble,1809,0.04774453573089443,0.913946587537092,0.0260999923
baseline_ensemble,1810,0.047751937984496125,0.913946587537092,0.026099993699999997
baseline_ensemble,1811,0.04775934253372616,0.913946587537092,0.026099994099999996
baseline_ensemble,1812,0.047766749379652605,0.913946587537092,0.026133324000000003
baseline_ensemble,1813,0.04777415852334419,0.913946587537092,0.026166648699999996
baseline_ensemble,1814,0.04778156996587031,0.913946587537092,0.0261999818
baseline_ensemble,1815,0.04778898370830101,0.913946587537092,0.0261999827
baseline_ensemble,1816,0.04779639975170701,0.913946587537092,0.0261999832
baseline_ensemble,1817,0.04780381809715971,0.913946587537092,0.026199985500000002
baseline_ensemble,1818,0.04781123874573114,0.913946587537092,0.0261999858
baseline_ensemble,1819,0.047818661698494025,0.913946587537092,0.026199986399999996
baseline_ensemble,1820,0.04782608695652174,0.913946587537092,0.026199989099999998
baseline_ensemble,1821,0.04783351452088834,0.913946587537092,0.0262333199
baseline_ensemble,1822,0.04784094439266853,0.913946587537092,0.0262333276
baseline_ensemble,1823,0.0478483765729377,0.913946587537092,0.026299982299999997
baseline_ensemble,1824,0.04785581106277191,0.913946587537092,0.026299985699999997
baseline_ensemble,1825,0.04786324786324787,0.913946587537092,0.026299996899999997
baseline_ensemble,1826,0.04787068697544296,0.913946587537092,0.0263333156
baseline_ensemble,1827,0.04787812840043525,0.913946587537092,0.0263333206
baseline_ensemble,1828,0.04788557213930348,0.913946587537092,0.0263333228
baseline_ensemble,1829,0.04789301819312704,0.913946587537092,0.0263333238
baseline_ensemble,1830,0.047900466562986,0.913946587537092,0.0263666488
baseline_ensemble,1831,0.047907917249961116,0.913946587537092,0.0263666525
baseline_ensemble,1832,0.04791537025513379,0.913946587537092,0.0263666568
baseline_ensemble,1833,0.047922825579586124,0.913946587537092,0.026399982199999998
baseline_ensemble,1834,0.04793028322440087,0.913946587537092,0.0263999834
baseline_ensemble,1835,0.04793774319066148,0.913946587537092,0.0263999876
baseline_ensemble,1836,0.04794520547945205,0.913946587537092,0.026399994000000003
baseline_ensemble,1837,0.047952670091857386,0.913946587537092,0.0264333154
baseline_ensemble,1838,0.04796013702896294,0.913946587537092,0.0264333182
baseline_ensemble,1839,0.04796760629185485,0.913946587537092,0.0264333289
baseline_ensemble,1840,0.047975077881619935,0.913946587537092,0.026466648700000005
baseline_ensemble,1841,0.04798255179934569,0.913946587537092,0.0264666513
baseline_ensemble,1842,0.047990028046120285,0.913946587537092,0.0264666583
baseline_ensemble,1843,0.04799750662303257,0.913946587537092,0.026499993
baseline_ensemble,1844,0.04800498753117207,0.913946587537092,0.026500001599999996
baseline_ensemble,1845,0.04801247077162899,0.913946587537092,0.0265000025
baseline_ensemble,1846,0.04801995634549423,0.913946587537092,0.0265666519
baseline_ensemble,1847,0.048034934497816595,0.913946587537092,0.0265666544
baseline_ensemble,1848,0.0480424270784589,0.913946587537092,0.0265666587
baseline_ensemble,1849,0.04804992199687987,0.913946587537092,0.026599980800000003
baseline_ensemble,1850,0.04805741925417382,0.913946587537092,0.0265999847
baseline_ensemble,1851,0.048064918851435705,0.913946587537092,0.026599984700000003
baseline_ensemble,1852,0.0480724207897612,0.913946587537092,0.0265999857
baseline_ensemble,1853,0.048079925070246644,0.913946587537092,0.026599986699999998
baseline_ensemble,1854,0.048087431693989074,0.913946587537092,0.026599991600000004
baseline_ensemble,1855,0.048094940662086194,0.913946587537092,0.026599993899999997
baseline_ensemble,1856,0.04810245197563642,0.913946587537092,0.0266333187
baseline_ensemble,1857,0.048109965635738834,0.913946587537092,0.0266333191
baseline_ensemble,1858,0.04811748164349321,0.913946587537092,0.0266333198
baseline_ensemble,1859,0.048125,0.913946587537092,0.026633338
baseline_ensemble,1860,0.04813252070636037,0.913946587537092,0.026666651099999997
baseline_ensemble,1861,0.04814004376367615,0.913946587537092,0.026666651700000002
baseline_ensemble,1862,0.04814756917304987,0.913946587537092,0.026666655900000003
baseline_ensemble,1863,0.04815509693558474,0.913946587537092,0.0266999824
baseline_ensemble,1864,0.04816262705238467,0.913946587537092,0.0266999848
baseline_ensemble,1865,0.04817015952455427,0.913946587537092,0.026699988
baseline_ensemble,1866,0.04817769435319881,0.913946587537092,0.0267333252
baseline_ensemble,1867,0.04818523153942428,0.913946587537092,0.0267666502
baseline_ensemble,1868,0.04819277108433735,0.913946587537092,0.026766654700000003
baseline_ensemble,1869,0.04820031298904538,0.913946587537092,0.0267666602
baseline_ensemble,1870,0.04820785725465644,0.913946587537092,0.026766663099999997
baseline_ensemble,1871,0.048215403882279274,0.913946587537092,0.026766667299999998
baseline_ensemble,1872,0.04822295287302333,0.913946587537092,0.026799985100000003
baseline_ensemble,1873,0.048073911681803944,0.9109792284866469,0.0267999861
baseline_ensemble,1874,0.0480814408770556,0.9109792284866469,0.026833313100000002
baseline_ensemble,1875,0.048088972431077695,0.9109792284866469,0.026833314599999998
baseline_ensemble,1876,0.04809650634497885,0.9109792284866469,0.026833318099999996
baseline_ensemble,1877,0.04810404261986838,0.9109792284866469,0.026833323500000002
baseline_ensemble,1878,0.048111581256856294,0.9109792284866469,0.0268333248
baseline_ensemble,1879,0.04811912225705329,0.9109792284866469,0.026866648400000002
baseline_ensemble,1880,0.04812666562157078,0.9109792284866469,0.026866672199999997
baseline_ensemble,1881,0.04813421135152085,0.9109792284866469,0.026899983399999997
baseline_ensemble,1882,0.04814175944801631,0.9109792284866469,0.0268999848
baseline_ensemble,1883,0.04814930991217064,0.9109792284866469,0.026899984800000002
baseline_ensemble,1884,0.04815686274509804,0.9109792284866469,0.0268999859
baseline_ensemble,1885,0.0481644179479134,0.9109792284866469,0.0268999942
baseline_ensemble,1886,0.04817197552173231,0.9109792284866469,0.0268999947
baseline_ensemble,1887,0.048179535467671064,0.9109792284866469,0.026899997399999997
baseline_ensemble,1888,0.04818709778684665,0.9109792284866469,0.0269333168
baseline_ensemble,1889,0.048194662480376765,0.9109792284866469,0.026933322099999997
baseline_ensemble,1890,0.04820222954937981,0.9109792284866469,0.026933324600000003
baseline_ensemble,1891,0.04820979899497487,0.9109792284866469,0.0269333291
baseline_ensemble,1892,0.048217370818281764,0.9109792284866469,0.0269666547
baseline_ensemble,1893,0.04822494502042099,0.9109792284866469,0.0269999801
baseline_ensemble,1894,0.04823252160251375,0.9109792284866469,0.0269999833
baseline_ensemble,1895,0.04824010056568196,0.9109792284866469,0.0269999902
baseline_ensemble,1896,0.048247681911048244,0.9109792284866469,0.027033311499999997
baseline_ensemble,1897,0.04825526563973593,0.9109792284866469,0.0270999824
baseline_ensemble,1898,0.04826285175286905,0.9109792284866469,0.027099982499999998
baseline_ensemble,1899,0.04827044025157233,0.9109792284866469,0.0270999854
baseline_ensemble,1900,0.048278031136971225,0.9109792284866469,0.027099987300000003
baseline_ensemble,1901,0.04828562441019189,0.9109792284866469,0.027099990100000002
baseline_ensemble,1902,0.04829322007236118,0.9109792284866469,0.0271333179
baseline_ensemble,1903,0.04830081812460667,0.9109792284866469,0.027133317900000002
baseline_ensemble,1904,0.04830841856805665,0.9109792284866469,0.027166646399999998
baseline_ensemble,1905,0.0483160214038401,0.9109792284866469,0.027166649599999995
baseline_ensemble,1906,0.04832362663308673,0.9109792284866469,0.027199983099999995
baseline_ensemble,1907,0.04833123425692695,0.9109792284866469,0.027199985
baseline_ensemble,1908,0.04833884427649189,0.9109792284866469,0.0271999929
baseline_ensemble,1909,0.04834645669291338,0.9109792284866469,0.0272000051
baseline_ensemble,1910,0.04835407150732399,0.9109792284866469,0.027233322100000002
baseline_ensemble,1911,0.048361688720856964,0.9109792284866469,0.027233326399999997
baseline_ensemble,1912,0.04836930833464629,0.9109792284866469,0.027233331
baseline_ensemble,1913,0.04837693034982666,0.9109792284866469,0.0272666501
baseline_ensemble,1914,0.04838455476753349,0.9109792284866469,0.0272666544
baseline_ensemble,1915,0.0483921815889029,0.9109792284866469,0.0272666564
baseline_ensemble,1916,0.048399810815071734,0.9109792284866469,0.0272999815
baseline_ensemble,1917,0.04840744244717755,0.9109792284866469,0.0272999825
baseline_ensemble,1918,0.04841507648635862,0.9109792284866469,0.0272999879
baseline_ensemble,1919,0.04842271293375394,0.9109792284866469,0.0272999908
baseline_ensemble,1920,0.048430351790503236,0.9109792284866469,0.027299994600000002
baseline_ensemble,1921,0.048437993057746924,0.9109792284866469,0.0273333301
baseline_ensemble,1922,0.04844563673662616,0.9109792284866469,0.027366645600000003
baseline_ensemble,1923,0.04845328282828283,0.9109792284866469,0.027366649200000003
baseline_ensemble,1924,0.04846093133385951,0.9109792284866469,0.0273666498
baseline_ensemble,1925,0.04846858225449953,0.9109792284866469,0.0273666508
baseline_ensemble,1926,0.048476235591346915,0.9109792284866469,0.0273666588
baseline_ensemble,1927,0.04848389134554643,0.9109792284866469,0.027366661799999997
baseline_ensemble,1928,0.04849154951824356,0.9109792284866469,0.0273999849
baseline_ensemble,1929,0.048499210110584515,0.9109792284866469,0.0273999921
baseline_ensemble,1930,0.048506873123716224,0.9109792284866469,0.027399993
baseline_ensemble,1931,0.048514538558786346,0.9109792284866469,0.0274333179
baseline_ensemble,1932,0.048522206416943256,0.9109792284866469,0.0274333186
baseline_ensemble,1933,0.048529876699336075,0.9109792284866469,0.0274333194
baseline_ensemble,1934,0.048537549407114626,0.9109792284866469,0.027433329899999997
baseline_ensemble,1935,0.048545224541429476,0.9109792284866469,0.0274666498
baseline_ensemble,1936,0.04855290210343192,0.9109792284866469,0.0274666552
baseline_ensemble,1937,0.04856058209427396,0.9109792284866469,0.027466657999999998
baseline_ensemble,1938,0.048568264515108366,0.9109792284866469,0.027466658
baseline_ensemble,1939,0.04857594936708861,0.9109792284866469,0.0274999826
baseline_ensemble,1940,0.04858363665136889,0.9109792284866469,0.0274999861
baseline_ensemble,1941,0.04859132636910415,0.9109792284866469,0.027499991799999998
baseline_ensemble,1942,0.04859901852145006,0.9109792284866469,0.0275000086
baseline_ensemble,1943,0.048606713109563014,0.9109792284866469,0.0275333124
baseline_ensemble,1944,0.04861441013460016,0.9109792284866469,0.027533314700000002
baseline_ensemble,1945,0.04862210959771936,0.9109792284866469,0.0275333162
baseline_ensemble,1946,0.0486298115000792,0.9109792284866469,0.0275333177
baseline_ensemble,1947,0.048637515842839034,0.9109792284866469,0.027533319299999998
baseline_ensemble,1948,0.04864522262715893,0.9109792284866469,0.0275333203
baseline_ensemble,1949,0.04865293185419968,0.9109792284866469,0.0275333244
baseline_ensemble,1950,0.04866064352512284,0.9109792284866469,0.0275333402
baseline_ensemble,1951,0.048668357641090676,0.9109792284866469,0.027566648200000002
baseline_ensemble,1952,0.04867607420326621,0.9109792284866469,0.0275666494
baseline_ensemble,1953,0.048683793212813194,0.9109792284866469,0.027566670799999998
baseline_ensemble,1954,0.048691514670896115,0.9109792284866469,0.0276333168
baseline_ensemble,1955,0.0486992385786802,0.9109792284866469,0.0276333239
baseline_ensemble,1956,0.048706964937331426,0.9109792284866469,0.0276333339
baseline_ensemble,1957,0.0487146937480165,0.9109792284866469,0.027666647799999996
baseline_ensemble,1958,0.048722425011902874,0.9109792284866469,0.0276666565
baseline_ensemble,1959,0.04873015873015873,0.9109792284866469,0.0276666593
baseline_ensemble,1960,0.04873789490395301,0.9109792284866469,0.027699983
baseline_ensemble,1961,0.04874563353445538,0.9109792284866469,0.0276999917
baseline_ensemble,1962,0.04875337462283627,0.9109792284866469,0.0277000009
baseline_ensemble,1963,0.048761118170266834,0.9109792284866469,0.027733319
baseline_ensemble,1964,0.04876886417791898,0.9109792284866469,0.0277333221
baseline_ensemble,1965,0.04877661264696537,0.9109792284866469,0.027733327500000002
baseline_ensemble,1966,0.048784363578579376,0.9109792284866469,0.0277666555
baseline_ensemble,1967,0.04879211697393516,0.9109792284866469,0.027766657799999997
baseline_ensemble,1968,0.0487998728342076,0.9109792284866469,0.027799979099999997
baseline_ensemble,1969,0.04880763116057234,0.9109792284866469,0.027799984
baseline_ensemble,1970,0.048815391954205756,0.9109792284866469,0.027799989
baseline_ensemble,1971,0.04882315521628499,0.9109792284866469,0.0277999974
baseline_ensemble,1972,0.04883092094798791,0.9109792284866469,0.027833317800000004
baseline_ensemble,1973,0.04883868915049316,0.9109792284866469,0.027833324299999997
baseline_ensemble,1974,0.048846459824980114,0.9109792284866469,0.0278999816
baseline_ensemble,1975,0.0488542329726289,0.9109792284866469,0.027899984
baseline_ensemble,1976,0.04886200859462041,0.9109792284866469,0.027966674099999998
baseline_ensemble,1977,0.04886978669213626,0.9109792284866469,0.027999983199999995
baseline_ensemble,1978,0.04887756726635886,0.9109792284866469,0.0279999848
baseline_ensemble,1979,0.04888535031847134,0.9109792284866469,0.0279999913
baseline_ensemble,1980,0.04889313584965759,0.9109792284866469,0.0280000085
baseline_ensemble,1981,0.048900923861102265,0.9109792284866469,0.0280333115
baseline_ensemble,1982,0.048749402580850726,0.9080118694362018,0.0280333138
baseline_ensemble,1983,0.04875717017208413,0.9080118694362018,0.028033316899999997
baseline_ensemble,1984,0.048764940239043826,0.9080118694362018,0.0280333191
baseline_ensemble,1985,0.04877271278291361,0.9080118694362018,0.0280333245
baseline_ensemble,1986,0.04878048780487805,0.9080118694362018,0.028066648599999997
baseline_ensemble,1987,0.04878826530612245,0.9080118694362018,0.0280666492
baseline_ensemble,1988,0.04879604528783288,0.9080118694362018,0.028066652800000005
baseline_ensemble,1989,0.04880382775119617,0.9080118694362018,0.028066656199999998
baseline_ensemble,1990,0.048811612697399906,0.9080118694362018,0.028066659299999998
baseline_ensemble,1991,0.04881940012763242,0.9080118694362018,0.028066687200000003
baseline_ensemble,1992,0.048827190043082815,0.9080118694362018,0.0281333183
baseline_ensemble,1993,0.04883498244494095,0.9080118694362018,0.0281333285
baseline_ensemble,1994,0.048842777334397444,0.9080118694362018,0.0281333365
baseline_ensemble,1995,0.04885057471264368,0.9080118694362018,0.028166651900000002
baseline_ensemble,1996,0.048858374580871784,0.9080118694362018,0.0281666579
baseline_ensemble,1997,0.048866176940274675,0.9080118694362018,0.0281666594
baseline_ensemble,1998,0.048873981792046,0.9080118694362018,0.0281666614
baseline_ensemble,1999,0.04888178913738019,0.9080118694362018,0.028166668
baseline_ensemble,2000,0.04888959897747244,0.9080118694362018,0.0281999816
baseline_ensemble,2001,0.0488974113135187,0.9080118694362018,0.0281999884
baseline_ensemble,2002,0.04890522614671568,0.9080118694362018,0.028233321099999997
baseline_ensemble,2003,0.04891304347826087,0.9080118694362018,0.0282333269
baseline_ensemble,2004,0.04892086330935252,0.9080118694362018,0.0282999873
baseline_ensemble,2005,0.048928685641189636,0.9080118694362018,0.0282999913
baseline_ensemble,2006,0.048936510474972016,0.9080118694362018,0.0283333201
baseline_ensemble,2007,0.04894433781190019,0.9080118694362018,0.0283666468
baseline_ensemble,2008,0.04895216765317549,0.9080118694362018,0.028366648
baseline_ensemble,2009,0.04896,0.9080118694362018,0.0283666524
baseline_ensemble,2010,0.04896783485357657,0.9080118694362018,0.028366653800000002
baseline_ensemble,2011,0.04897567221510883,0.9080118694362018,0.0283666586
baseline_ensemble,2012,0.048983512085801185,0.9080118694362018,0.0283999844
baseline_ensemble,2013,0.04899135446685879,0.9080118694362018,0.028399985699999998
baseline_ensemble,2014,0.04899919935948759,0.9080118694362018,0.028400001499999997
baseline_ensemble,2015,0.0490070467648943,0.9080118694362018,0.028433317800000003
baseline_ensemble,2016,0.0490148966842864,0.9080118694362018,0.0284333283
baseline_ensemble,2017,0.04902274911887216,0.9080118694362018,0.028433339400000004
baseline_ensemble,2018,0.0490306040698606,0.9080118694362018,0.0284666424
baseline_ensemble,2019,0.04903846153846154,0.9080118694362018,0.0284666537
baseline_ensemble,2020,0.04904632152588556,0.9080118694362018,0.028499982699999996
baseline_ensemble,2021,0.04905418403334402,0.9080118694362018,0.028499982899999998
baseline_ensemble,2022,0.049062049062049064,0.9080118694362018,0.0284999907
baseline_ensemble,2023,0.049069916613213596,0.9080118694362018,0.028499996
baseline_ensemble,2024,0.04907778668805132,0.9080118694362018,0.028533319600000003
baseline_ensemble,2025,0.04908565928777671,0.9080118694362018,0.0285666531
baseline_ensemble,2026,0.049093534413605006,0.9080118694362018,0.028566655099999998
baseline_ensemble,2027,0.04910141206675225,0.9080118694362018,0.028566663
baseline_ensemble,2028,0.04910929224843524,0.9080118694362018,0.028599985200000004
baseline_ensemble,2029,0.04911717495987159,0.9080118694362018,0.0285999887
baseline_ensemble,2030,0.049125060202279656,0.9080118694362018,0.028599994099999998
baseline_ensemble,2031,0.049132947976878616,0.9080118694362018,0.028599998300000002
baseline_ensemble,2032,0.04914083828488839,0.9080118694362018,0.0286333218
baseline_ensemble,2033,0.04914873112752972,0.9080118694362018,0.028666649899999997
baseline_ensemble,2034,0.0491566265060241,0.9080118694362018,0.0286666524
baseline_ensemble,2035,0.04916452442159383,0.9080118694362018,0.028699981
baseline_ensemble,2036,0.049172424875461994,0.9080118694362018,0.028699982000000002
baseline_ensemble,2037,0.04918032786885246,0.9080118694362018,0.0286999834
baseline_ensemble,2038,0.049188233402989875,0.9080118694362018,0.0286999882
baseline_ensemble,2039,0.049196141479099675,0.9080118694362018,0.028699992299999998
baseline_ensemble,2040,0.049204052098408106,0.9080118694362018,0.0286999977
baseline_ensemble,2041,0.049211965262142165,0.9080118694362018,0.028733324299999998
baseline_ensemble,2042,0.04921988097152968,0.9080118694362018,0.028733329000000002
baseline_ensemble,2043,0.04922779922779923,0.9080118694362018,0.028766648199999998
baseline_ensemble,2044,0.04923572003218021,0.9080118694362018,0.028766653599999997
baseline_ensemble,2045,0.0492436433859028,0.9080118694362018,0.0287666542
baseline_ensemble,2046,0.04925156929019797,0.9080118694362018,0.0287666715
baseline_ensemble,2047,0.04925949774629749,0.9080118694362018,0.028799983199999997
baseline_ensemble,2048,0.049267428755433905,0.9080118694362018,0.0287999851
baseline_ensemble,2049,0.04927536231884058,0.9080118694362018,0.0287999852
baseline_ensemble,2050,0.04928329843775165,0.9080118694362018,0.028833320899999997
baseline_ensemble,2051,0.04929123711340206,0.9080118694362018,0.028833328000000002
baseline_ensemble,2052,0.04929917834702755,0.9080118694362018,0.0288333352
baseline_ensemble,2053,0.04930712213986465,0.9080118694362018,0.028866653899999997
baseline_ensemble,2054,0.049315068493150684,0.9080118694362018,0.0288999815
baseline_ensemble,2055,0.04932301740812379,0.9080118694362018,0.0288999878
baseline_ensemble,2056,0.04933096888602289,0.9080118694362018,0.0288999899
baseline_ensemble,2057,0.04933892292808771,0.9080118694362018,0.0289000103
baseline_ensemble,2058,0.04934687953555878,0.9080118694362018,0.0289333193
baseline_ensemble,2059,0.04936280045168576,0.9080118694362018,0.0289333206
baseline_ensemble,2060,0.049370764762826716,0.9080118694362018,0.0289333257
baseline_ensemble,2061,0.04937873164434404,0.9080118694362018,0.0289666518
baseline_ensemble,2062,0.04938670109748225,0.9080118694362018,0.028966660399999997
baseline_ensemble,2063,0.049394673123486686,0.9080118694362018,0.0289999841
baseline_ensemble,2064,0.04940264772360349,0.9080118694362018,0.0289999867
baseline_ensemble,2065,0.0494106248990796,0.9080118694362018,0.0290333165
baseline_ensemble,2066,0.04941860465116279,0.9080118694362018,0.029033319100000003
baseline_ensemble,2067,0.0494265869811016,0.9080118694362018,0.0290333202
baseline_ensemble,2068,0.0494345718901454,0.9080118694362018,0.0290333231
baseline_ensemble,2069,0.04944255937954435,0.9080118694362018,0.0290666465
baseline_ensemble,2070,0.04945054945054945,0.9080118694362018,0.0290666584
baseline_ensemble,2071,0.04945854210441248,0.9080118694362018,0.0290999809
baseline_ensemble,2072,0.049466537342386034,0.9080118694362018,0.0290999817
baseline_ensemble,2073,0.049474535165723525,0.9080118694362018,0.029133316500000003
baseline_ensemble,2074,0.04948253557567917,0.9080118694362018,0.0291333353
baseline_ensemble,2075,0.049490538573508006,0.9080118694362018,0.029166646299999998
baseline_ensemble,2076,0.04949854416046587,0.9080118694362018,0.029166647100000002
baseline_ensemble,2077,0.049506552337809415,0.9080118694362018,0.0291666529
baseline_ensemble,2078,0.04951456310679612,0.9080118694362018,0.0291666566
baseline_ensemble,2079,0.04952257646868425,0.9080118694362018,0.029199977699999997
baseline_ensemble,2080,0.04953059242473292,0.9080118694362018,0.029199988399999995
baseline_ensemble,2081,0.04953861097620204,0.9080118694362018,0.0292333121
baseline_ensemble,2082,0.049546632124352334,0.9080118694362018,0.029233317
baseline_ensemble,2083,0.049554655870445344,0.9080118694362018,0.029233332900000002
baseline_ensemble,2084,0.04956268221574344,0.9080118694362018,0.0292333367
baseline_ensemble,2085,0.0495707111615098,0.9080118694362018,0.029266655500000002
baseline_ensemble,2086,0.04957874270900842,0.9080118694362018,0.0292999884
baseline_ensemble,2087,0.049586776859504134,0.9080118694362018,0.029299999800000004
baseline_ensemble,2088,0.04959481361426256,0.9080118694362018,0.0293333453
baseline_ensemble,2089,0.04960285297455017,0.9080118694362018,0.029366648199999998
baseline_ensemble,2090,0.04961089494163424,0.9080118694362018,0.029366650199999997
baseline_ensemble,2091,0.049618939516782874,0.9080118694362018,0.0293666507
baseline_ensemble,2092,0.049626986701265,0.9080118694362018,0.0293999844
baseline_ensemble,2093,0.049635036496350364,0.9080118694362018,0.0293999861
baseline_ensemble,2094,0.04964308890330954,0.9080118694362018,0.0293999945
baseline_ensemble,2095,0.04965114392341392,0.9080118694362018,0.029433317799999997
baseline_ensemble,2096,0.04965920155793573,0.9080118694362018,0.029433319299999997
baseline_ensemble,2097,0.049667261808148025,0.9080118694362018,0.0294666458
baseline_ensemble,2098,0.04967532467532468,0.9080118694362018,0.029466654499999998
baseline_ensemble,2099,0.04968339016074038,0.9080118694362018,0.029466665200000006
baseline_ensemble,2100,0.049691458265670674,0.9080118694362018,0.0294999842
baseline_ensemble,2101,0.04969952899139191,0.9080118694362018,0.0294999871
baseline_ensemble,2102,0.049707602339181284,0.9080118694362018,0.0294999895
baseline_ensemble,2103,0.04971567831031681,0.9080118694362018,0.0295333173
baseline_ensemble,2104,0.049723756906077346,0.9080118694362018,0.029533319399999997
baseline_ensemble,2105,0.04973183812774257,0.9080118694362018,0.029533320499999998
baseline_ensemble,2106,0.04973992197659298,0.9080118694362018,0.029533324399999998
baseline_ensemble,2107,0.049748008453909934,0.9080118694362018,0.029533326999999998
baseline_ensemble,2108,0.04975609756097561,0.9080118694362018,0.0295333359
baseline_ensemble,2109,0.04976418929907302,0.9080118694362018,0.0295666493
baseline_ensemble,2110,0.04977228366948601,0.9080118694362018,0.0295666618
baseline_ensemble,2111,0.04978038067349927,0.9080118694362018,0.029599986300000002
baseline_ensemble,2112,0.049788480312398305,0.9080118694362018,0.029599989
baseline_ensemble,2113,0.04979658258746949,0.9080118694362018,0.0296000004
baseline_ensemble,2114,0.0498046875,0.9080118694362018,0.0296000015
baseline_ensemble,2115,0.04981279505127788,0.9080118694362018,0.0296333181
baseline_ensemble,2116,0.04982090524259199,0.9080118694362018,0.0296666495
baseline_ensemble,2117,0.049829018075232046,0.9080118694362018,0.029666656399999998
baseline_ensemble,2118,0.0498371335504886,0.9080118694362018,0.0296666706
baseline_ensemble,2119,0.049845251669653035,0.9080118694362018,0.029699977499999995
baseline_ensemble,2120,0.04985337243401759,0.9080118694362018,0.029699983999999995
baseline_ensemble,2121,0.04986149584487535,0.9080118694362018,0.0296999995
baseline_ensemble,2122,0.049869621903520206,0.9080118694362018,0.029733315000000003
baseline_ensemble,2123,0.04987775061124694,0.9080118694362018,0.0297333195
baseline_ensemble,2124,0.049885881969351155,0.9080118694362018,0.029766652499999997
baseline_ensemble,2125,0.0498940159791293,0.9080118694362018,0.0297666583
baseline_ensemble,2126,0.049902152641878667,0.9080118694362018,0.0297999793
baseline_ensemble,2127,0.04991029195889741,0.9080118694362018,0.0297999818
baseline_ensemble,2128,0.049918433931484506,0.9080118694362018,0.029799984099999996
baseline_ensemble,2129,0.049926578560939794,0.9080118694362018,0.0298333127
baseline_ensemble,2130,0.04993472584856397,0.9080118694362018,0.0298333206
baseline_ensemble,2131,0.04994287579565856,0.9080118694362018,0.0298666483
baseline_ensemble,2132,0.04995102840352596,0.9080118694362018,0.0298666489
baseline_ensemble,2133,0.04995918367346939,0.9080118694362018,0.029866650899999996
baseline_ensemble,2134,0.04996734160679295,0.9080118694362018,0.029866659499999997
baseline_ensemble,2135,0.04997550220480157,0.9080118694362018,0.0298999854
baseline_ensemble,2136,0.04998366546880104,0.9080118694362018,0.0298999878
baseline_ensemble,2137,0.049991831400098025,0.9080118694362018,0.0298999891
baseline_ensemble,2138,0.05,0.9080118694362018,0.0299000143
baseline_ensemble,2139,0.05000817126981533,0.9080118694362018,0.0299333148
baseline_ensemble,2140,0.05001634521085322,0.9080118694362018,0.0299666457
baseline_ensemble,2141,0.05002452182442374,0.9080118694362018,0.0300333147
baseline_ensemble,2142,0.0500327011118378,0.9080118694362018,0.0300333157
baseline_ensemble,2143,0.0500408830744072,0.9080118694362018,0.0300333163
baseline_ensemble,2144,0.050049067713444556,0.9080118694362018,0.030033317
baseline_ensemble,2145,0.05005725503026337,0.9080118694362018,0.030066646899999997
baseline_ensemble,2146,0.05006544502617801,0.9080118694362018,0.0300666485
baseline_ensemble,2147,0.050073637702503684,0.9080118694362018,0.0300666552
baseline_ensemble,2148,0.05008183306055646,0.9080118694362018,0.030066664899999998
baseline_ensemble,2149,0.0500900311016533,0.9080118694362018,0.0300999882
baseline_ensemble,2150,0.05009823182711198,0.9080118694362018,0.030099989
baseline_ensemble,2151,0.05010643523825119,0.9080118694362018,0.030099994999999997
baseline_ensemble,2152,0.05011464133639044,0.9080118694362018,0.0301333145
baseline_ensemble,2153,0.05012285012285012,0.9080118694362018,0.030133318500000002
baseline_ensemble,2154,0.050131061598951504,0.9080118694362018,0.0301333222
baseline_ensemble,2155,0.05013927576601671,0.9080118694362018,0.030133327499999998
baseline_ensemble,2156,0.05014749262536873,0.9080118694362018,0.0301666442
baseline_ensemble,2157,0.050155712178331424,0.9080118694362018,0.030166647399999996
baseline_ensemble,2158,0.05016393442622951,0.9080118694362018,0.0301666492
baseline_ensemble,2159,0.050180387012135126,0.9080118694362018,0.0301666497
baseline_ensemble,2160,0.05018861735279646,0.9080118694362018,0.030166662700000003
baseline_ensemble,2161,0.05019685039370079,0.9080118694362018,0.0301666732
baseline_ensemble,2162,0.0502050861361772,0.9080118694362018,0.030199980799999998
baseline_ensemble,2163,0.05021332458155563,0.9080118694362018,0.0302000179
baseline_ensemble,2164,0.050221565731166914,0.9080118694362018,0.0302333144
baseline_ensemble,2165,0.050229809586342745,0.9080118694362018,0.0302333197
baseline_ensemble,2166,0.05023805614841569,0.9080118694362018,0.030233322099999998
baseline_ensemble,2167,0.05024630541871921,0.9080118694362018,0.0302333346
baseline_ensemble,2168,0.05025455739858762,0.9080118694362018,0.030266646099999996
baseline_ensemble,2169,0.05026281208935611,0.9080118694362018,0.0302999913
baseline_ensemble,2170,0.05027106949236077,0.9080118694362018,0.0302999948
baseline_ensemble,2171,0.05027932960893855,0.9080118694362018,0.030333321299999997
baseline_ensemble,2172,0.05028759244042728,0.9080118694362018,0.0303333254
baseline_ensemble,2173,0.05029585798816568,0.9080118694362018,0.0303333317
baseline_ensemble,2174,0.05030412625349334,0.9080118694362018,0.0303666501
baseline_ensemble,2175,0.05031239723775074,0.9080118694362018,0.0303666567
baseline_ensemble,2176,0.05032067094227923,0.9080118694362018,0.0303999743
baseline_ensemble,2177,0.05032894736842105,0.9080118694362018,0.0303999799
baseline_ensemble,2178,0.05033722651751933,0.9080118694362018,0.0303999845
baseline_ensemble,2179,0.050345508390918066,0.9080118694362018,0.0304000026
baseline_ensemble,2180,0.050353792989962155,0.9080118694362018,0.0304333147
baseline_ensemble,2181,0.050362080315997364,0.9080118694362018,0.0304666589
baseline_ensemble,2182,0.05037037037037037,0.9080118694362018,0.030466668500000002
baseline_ensemble,2183,0.05037866315442871,0.9080118694362018,0.0304999833
baseline_ensemble,2184,0.05038695866952083,0.9080118694362018,0.0304999863
baseline_ensemble,2185,0.05039525691699605,0.9080118694362018,0.0304999896
baseline_ensemble,2186,0.05040355789820458,0.9080118694362018,0.030499994100000004
baseline_ensemble,2187,0.05041186161449753,0.9080118694362018,0.0305333207
baseline_ensemble,2188,0.05042016806722689,0.9080118694362018,0.0305666472
baseline_ensemble,2189,0.05042847725774555,0.9080118694362018,0.030599977900000002
baseline_ensemble,2190,0.05043678918740729,0.9080118694362018,0.030599983499999997
baseline_ensemble,2191,0.050445103857566766,0.9080118694362018,0.030599984099999998
baseline_ensemble,2192,0.05045342126957955,0.9080118694362018,0.030633316299999998
baseline_ensemble,2193,0.05046174142480211,0.9080118694362018,0.0306333172
baseline_ensemble,2194,0.050470064324591786,0.9080118694362018,0.0306333222
baseline_ensemble,2195,0.050478389970306826,0.9080118694362018,0.030666649800000004
baseline_ensemble,2196,0.050486718363306385,0.9080118694362018,0.030666650299999997
baseline_ensemble,2197,0.0504950495049505,0.9080118694362018,0.0306999851
baseline_ensemble,2198,0.0505033833966001,0.9080118694362018,0.0307333165
baseline_ensemble,2199,0.050511720039617035,0.9080118694362018,0.030733317899999998
baseline_ensemble,2200,0.05052005943536404,0.9080118694362018,0.0307333254
baseline_ensemble,2201,0.05052840158520475,0.9080118694362018,0.030733328999999997
baseline_ensemble,2202,0.050536746490503714,0.9080118694362018,0.030733336700000002
baseline_ensemble,2203,0.05054509415262636,0.9080118694362018,0.0307666478
baseline_ensemble,2204,0.05055344457293904,0.9080118694362018,0.0307666479
baseline_ensemble,2205,0.05056179775280899,0.9080118694362018,0.030766648799999997
baseline_ensemble,2206,0.05057015369360436,0.9080118694362018,0.030766650099999997
baseline_ensemble,2207,0.05057851239669422,0.9080118694362018,0.030766650700000002
baseline_ensemble,2208,0.050586873863448505,0.9080118694362018,0.0307666521
baseline_ensemble,2209,0.050595238095238096,0.9080118694362018,0.030799978099999997
baseline_ensemble,2210,0.05060360509343476,0.9080118694362018,0.0307999797
baseline_ensemble,2211,0.05061197485941118,0.9080118694362018,0.0307999851
baseline_ensemble,2212,0.050620347394540945,0.9080118694362018,0.030833312699999997
baseline_ensemble,2213,0.050628722700198546,0.9080118694362018,0.0308333176
baseline_ensemble,2214,0.05063710077775939,0.9080118694362018,0.0308333213
baseline_ensemble,2215,0.0506454816285998,0.9080118694362018,0.030833356800000003
baseline_ensemble,2216,0.05065386525409701,0.9080118694362018,0.0308666471
baseline_ensemble,2217,0.05066225165562914,0.9080118694362018,0.030866648499999996
baseline_ensemble,2218,0.05067064083457526,0.9080118694362018,0.0308666499
baseline_ensemble,2219,0.05067903279231534,0.9080118694362018,0.0308666515
baseline_ensemble,2220,0.05068742753023025,0.9080118694362018,0.030899981799999997
baseline_ensemble,2221,0.05069582504970179,0.9080118694362018,0.0308999867
baseline_ensemble,2222,0.05070422535211268,0.9080118694362018,0.030900003699999998
baseline_ensemble,2223,0.05071262843884654,0.9080118694362018,0.0309333166
baseline_ensemble,2224,0.05072103431128792,0.9080118694362018,0.0309333252
baseline_ensemble,2225,0.05072944297082228,0.9080118694362018,0.0309333261
baseline_ensemble,2226,0.05073785441883601,0.9080118694362018,0.030966650600000003
baseline_ensemble,2227,0.050746268656716415,0.9080118694362018,0.0309666651
baseline_ensemble,2228,0.050754685685851716,0.9080118694362018,0.0309666673
baseline_ensemble,2229,0.05076310550763106,0.9080118694362018,0.0309666699
baseline_ensemble,2230,0.0507715281234445,0.9080118694362018,0.0309999781
baseline_ensemble,2231,0.050779953534683044,0.9080118694362018,0.030999984799999998
baseline_ensemble,2232,0.050788381742738586,0.9080118694362018,0.030999987200000002
baseline_ensemble,2233,0.05079681274900399,0.9080118694362018,0.031033313
baseline_ensemble,2234,0.050805246554872986,0.9080118694362018,0.031033315699999998
baseline_ensemble,2235,0.050813683161740286,0.9080118694362018,0.031066639999999996
baseline_ensemble,2236,0.05082212257100149,0.9080118694362018,0.0310666499
baseline_ensemble,2237,0.05083056478405316,0.9080118694362018,0.0310666566
baseline_ensemble,2238,0.05083900980229274,0.9080118694362018,0.0310999751
baseline_ensemble,2239,0.05084745762711865,0.9080118694362018,0.0310999786
baseline_ensemble,2240,0.0508559082599302,0.9080118694362018,0.0310999789
baseline_ensemble,2241,0.05086436170212766,0.9080118694362018,0.0310999833
baseline_ensemble,2242,0.05087281795511222,0.9080118694362018,0.031099987000000003
baseline_ensemble,2243,0.050881277020286,0.9080118694362018,0.031133333200000002
baseline_ensemble,2244,0.05088973889905205,0.9080118694362018,0.031166647899999997
baseline_ensemble,2245,0.05089820359281437,0.9080118694362018,0.031199987100000003
baseline_ensemble,2246,0.05090667110297788,0.9080118694362018,0.031233313999999998
baseline_ensemble,2247,0.05091514143094842,0.9080118694362018,0.031233319
baseline_ensemble,2248,0.0509236145781328,0.9080118694362018,0.0312333236
baseline_ensemble,2249,0.050932090545938745,0.9080118694362018,0.031233330500000003
baseline_ensemble,2250,0.05094056933577493,0.9080118694362018,0.0312666474
baseline_ensemble,2251,0.05094905094905095,0.9080118694362018,0.0312666513
baseline_ensemble,2252,0.05095753538717735,0.9080118694362018,0.0312666546
baseline_ensemble,2253,0.05096602265156562,0.9080118694362018,0.0312999789
baseline_ensemble,2254,0.050974512743628186,0.9080118694362018,0.031299980199999994
baseline_ensemble,2255,0.050983005664778404,0.9080118694362018,0.0313333222
baseline_ensemble,2256,0.05099150141643059,0.9080118694362018,0.0313666505
baseline_ensemble,2257,0.050833333333333335,0.9050445103857567,0.0313666553
baseline_ensemble,2258,0.050841806967827974,0.9050445103857567,0.0313666564
baseline_ensemble,2259,0.05085028342780927,0.9050445103857567,0.031366660000000005
baseline_ensemble,2260,0.050858762714690676,0.9050445103857567,0.031366672400000004
baseline_ensemble,2261,0.05086724482988659,0.9050445103857567,0.0313666773
baseline_ensemble,2262,0.05087572977481234,0.9050445103857567,0.031399981699999996
baseline_ensemble,2263,0.050884217550884216,0.9050445103857567,0.0313999904
baseline_ensemble,2264,0.05089270815951944,0.9050445103857567,0.0313999943
baseline_ensemble,2265,0.05090120160213618,0.9050445103857567,0.0314000003
baseline_ensemble,2266,0.050909697880153565,0.9050445103857567,0.0314333173
baseline_ensemble,2267,0.05091819699499165,0.9050445103857567,0.0314333175
baseline_ensemble,2268,0.05092669894807146,0.9050445103857567,0.031466648900000005
baseline_ensemble,2269,0.05093520374081496,0.9050445103857567,0.0314666505
baseline_ensemble,2270,0.05094371137464507,0.9050445103857567,0.0314666735
baseline_ensemble,2271,0.050952221850985635,0.9050445103857567,0.031499976299999996
baseline_ensemble,2272,0.050960735171261484,0.9050445103857567,0.0314999797
baseline_ensemble,2273,0.0509692513368984,0.9050445103857567,0.0314999829
baseline_ensemble,2274,0.05097777034932308,0.9050445103857567,0.031499988300000004
baseline_ensemble,2275,0.05098629220996322,0.9050445103857567,0.0315333213
baseline_ensemble,2276,0.05099481692024745,0.9050445103857567,0.0315333274
baseline_ensemble,2277,0.05100334448160535,0.9050445103857567,0.0315666443
baseline_ensemble,2278,0.05102040816326531,0.9050445103857567,0.031566646
baseline_ensemble,2279,0.05102894428643132,0.9050445103857567,0.0315999828
baseline_ensemble,2280,0.05103748326639893,0.9050445103857567,0.031599982900000004
baseline_ensemble,2281,0.05104602510460251,0.9050445103857567,0.0315999847
baseline_ensemble,2282,0.051054569802477405,0.9050445103857567,0.0315999854
baseline_ensemble,2283,0.0510631173614599,0.9050445103857567,0.0315999884
baseline_ensemble,2284,0.05107166778298727,0.9050445103857567,0.03163330789999999
baseline_ensemble,2285,0.05108022106849774,0.9050445103857567,0.0316333171
baseline_ensemble,2286,0.05108877721943048,0.9050445103857567,0.0316333177
baseline_ensemble,2287,0.05109733623722566,0.9050445103857567,0.031666649199999994
baseline_ensemble,2288,0.051105898123324396,0.9050445103857567,0.0316666635
baseline_ensemble,2289,0.051114462879168765,0.9050445103857567,0.0316666662
baseline_ensemble,2290,0.05112303050620181,0.9050445103857567,0.031699981200000005
baseline_ensemble,2291,0.05113160100586756,0.9050445103857567,0.0316999854
baseline_ensemble,2292,0.051140174379611,0.9050445103857567,0.0316999912
baseline_ensemble,2293,0.05114875062887808,0.9050445103857567,0.0316999914
baseline_ensemble,2294,0.051157329755115735,0.9050445103857567,0.0317333146
baseline_ensemble,2295,0.05116591175977185,0.9050445103857567,0.0317333227
baseline_ensemble,2296,0.051174496644295304,0.9050445103857567,0.0317333235
baseline_ensemble,2297,0.05118308441013593,0.9050445103857567,0.031733329
baseline_ensemble,2298,0.05119167505874454,0.9050445103857567,0.0317666466
baseline_ensemble,2299,0.05120026859157294,0.9050445103857567,0.0317666503
baseline_ensemble,2300,0.05120886501007388,0.9050445103857567,0.0317666519
baseline_ensemble,2301,0.051217464315701094,0.9050445103857567,0.0317999858
baseline_ensemble,2302,0.0512260665099093,0.9050445103857567,0.0317999875
baseline_ensemble,2303,0.05123467159415421,0.9050445103857567,0.0318000036
baseline_ensemble,2304,0.051243279569892476,0.9050445103857567,0.0318333168
baseline_ensemble,2305,0.05125189043858175,0.9050445103857567,0.0318333193
baseline_ensemble,2306,0.05126050420168067,0.9050445103857567,0.031833320400000004
baseline_ensemble,2307,0.051269120860648845,0.9050445103857567,0.0318666475
baseline_ensemble,2308,0.051277740416946875,0.9050445103857567,0.031866657799999996
baseline_ensemble,2309,0.05128636287203632,0.9050445103857567,0.0318666622
baseline_ensemble,2310,0.051294988227379754,0.9050445103857567,0.0318666632
baseline_ensemble,2311,0.051303616484440706,0.9050445103857567,0.0318999847
baseline_ensemble,2312,0.051312247644683714,0.9050445103857567,0.031899986799999995
baseline_ensemble,2313,0.05132088170957429,0.9050445103857567,0.0318999901
baseline_ensemble,2314,0.05132951868057893,0.9050445103857567,0.0319333138
baseline_ensemble,2315,0.051338158559165126,0.9050445103857567,0.031966648099999995
baseline_ensemble,2316,0.05134680134680135,0.9050445103857567,0.03199998
baseline_ensemble,2317,0.051355447044957064,0.9050445103857567,0.0319999915
baseline_ensemble,2318,0.05136409565510273,0.9050445103857567,0.032000027
baseline_ensemble,2319,0.051372747178709786,0.9050445103857567,0.0320333081
baseline_ensemble,2320,0.051381401617250674,0.9050445103857567,0.0320333153
baseline_ensemble,2321,0.051390058972198824,0.9050445103857567,0.0320333166
baseline_ensemble,2322,0.051398719245028646,0.9050445103857567,0.032033325
baseline_ensemble,2323,0.05140738243721557,0.9050445103857567,0.032033341199999996
baseline_ensemble,2324,0.05141604855023601,0.9050445103857567,0.0320666553
baseline_ensemble,2325,0.05142471758556736,0.9050445103857567,0.0320666669
baseline_ensemble,2326,0.05143338954468803,0.9050445103857567,0.03209998
baseline_ensemble,2327,0.051442064429077415,0.9050445103857567,0.0320999821
baseline_ensemble,2328,0.051450742240215924,0.9050445103857567,0.0320999835
baseline_ensemble,2329,0.05145942297958495,0.9050445103857567,0.0320999838
baseline_ensemble,2330,0.05146810664866689,0.9050445103857567,0.0320999878
baseline_ensemble,2331,0.05147679324894515,0.9050445103857567,0.0321000016
baseline_ensemble,2332,0.05148548278190412,0.9050445103857567,0.032133312600000005
baseline_ensemble,2333,0.05149417524902921,0.9050445103857567,0.0321333167
baseline_ensemble,2334,0.05150287065180682,0.9050445103857567,0.032133326
baseline_ensemble,2335,0.05151156899172437,0.9050445103857567,0.0321666454
baseline_ensemble,2336,0.05152027027027027,0.9050445103857567,0.032166652899999995
baseline_ensemble,2337,0.05152897448893394,0.9050445103857567,0.0321666656
baseline_ensemble,2338,0.051537681649205816,0.9050445103857567,0.0321999854
baseline_ensemble,2339,0.05154639175257732,0.9050445103857567,0.0322000117
baseline_ensemble,2340,0.05155510480054091,0.9050445103857567,0.0322333199
baseline_ensemble,2341,0.05156382079459002,0.9050445103857567,0.0322333207
baseline_ensemble,2342,0.05157253973621914,0.9050445103857567,0.032233321200000005
baseline_ensemble,2343,0.051581261626923725,0.9050445103857567,0.0322666503
baseline_ensemble,2344,0.05158998646820027,0.9050445103857567,0.0322666538
baseline_ensemble,2345,0.05159871426154627,0.9050445103857567,0.032299978800000004
baseline_ensemble,2346,0.051607445008460234,0.9050445103857567,0.0322999833
baseline_ensemble,2347,0.0516161787104417,0.9050445103857567,0.0322999841
baseline_ensemble,2348,0.0516249153689912,0.9050445103857567,0.0323000004
baseline_ensemble,2349,0.051633654985610296,0.9050445103857567,0.0323333202
baseline_ensemble,2350,0.051642397561801556,0.9050445103857567,0.0323666454
baseline_ensemble,2351,0.05165114309906858,0.9050445103857567,0.0323666481
baseline_ensemble,2352,0.051659891598915986,0.9050445103857567,0.0323666524
baseline_ensemble,2353,0.0516686430628494,0.9050445103857567,0.0323666554
baseline_ensemble,2354,0.05167739749237547,0.9050445103857567,0.0323666581
baseline_ensemble,2355,0.05168615488900186,0.9050445103857567,0.0323666598
baseline_ensemble,2356,0.051694915254237285,0.9050445103857567,0.0323666677
baseline_ensemble,2357,0.051703678589591455,0.9050445103857567,0.0323999773
baseline_ensemble,2358,0.05171244489657511,0.9050445103857567,0.0323999802
baseline_ensemble,2359,0.05172121417670002,0.9050445103857567,0.0324333126
baseline_ensemble,2360,0.05172998643147897,0.9050445103857567,0.0324333187
baseline_ensemble,2361,0.05173876166242578,0.9050445103857567,0.032433322800000004
baseline_ensemble,2362,0.05174753987105531,0.9050445103857567,0.0324333235
baseline_ensemble,2363,0.05175632105888342,0.9050445103857567,0.0324666488
baseline_ensemble,2364,0.05176510522742702,0.9050445103857567,0.032466649699999996
baseline_ensemble,2365,0.05177389237820404,0.9050445103857567,0.0324666527
baseline_ensemble,2366,0.05178268251273345,0.9050445103857567,0.0324666529
baseline_ensemble,2367,0.051791475632535236,0.9050445103857567,0.0324666537
baseline_ensemble,2368,0.05180027173913043,0.9050445103857567,0.0324999864
baseline_ensemble,2369,0.051809070834041106,0.9050445103857567,0.0324999867
baseline_ensemble,2370,0.05181787291879035,0.9050445103857567,0.0325333126
baseline_ensemble,2371,0.051826677994902294,0.9050445103857567,0.032566643
baseline_ensemble,2372,0.051835486063902106,0.9050445103857567,0.0325666503
baseline_ensemble,2373,0.051844297127315996,0.9050445103857567,0.0325666504
baseline_ensemble,2374,0.0518531111866712,0.9050445103857567,0.0325666517
baseline_ensemble,2375,0.051861928243496,0.9050445103857567,0.0325999867
baseline_ensemble,2376,0.05187074829931973,0.9050445103857567,0.032599993199999996
baseline_ensemble,2377,0.051879571355672734,0.9050445103857567,0.0325999955
baseline_ensemble,2378,0.05188839741408642,0.9050445103857567,0.032600001499999996
baseline_ensemble,2379,0.051897226476093246,0.9050445103857567,0.0326333148
baseline_ensemble,2380,0.051906058543226684,0.9050445103857567,0.0326333167
baseline_ensemble,2381,0.05191489361702128,0.9050445103857567,0.0326333368
baseline_ensemble,2382,0.0519237316990126,0.9050445103857567,0.0326666483
baseline_ensemble,2383,0.05193257279073727,0.9050445103857567,0.0326666589
baseline_ensemble,2384,0.05194141689373297,0.9050445103857567,0.0326999752
baseline_ensemble,2385,0.05195026400953841,0.9050445103857567,0.032699977699999994
baseline_ensemble,2386,0.051959114139693355,0.9050445103857567,0.032699984
baseline_ensemble,2387,0.051967967285738624,0.9050445103857567,0.0326999864
baseline_ensemble,2388,0.051976823449216086,0.9050445103857567,0.032733309
baseline_ensemble,2389,0.05198568263166865,0.9050445103857567,0.0327333214
baseline_ensemble,2390,0.0519945448346403,0.9050445103857567,0.0327333228
baseline_ensemble,2391,0.05200341005967604,0.9050445103857567,0.032766642799999995
baseline_ensemble,2392,0.05201227830832197,0.9050445103857567,0.0327666541
baseline_ensemble,2393,0.05202114958212519,0.9050445103857567,0.0327666677
baseline_ensemble,2394,0.05203002388263391,0.9050445103857567,0.0327999789
baseline_ensemble,2395,0.05203890121139737,0.9050445103857567,0.0327999805
baseline_ensemble,2396,0.05204778156996587,0.9050445103857567,0.032799981699999994
baseline_ensemble,2397,0.05205666495989077,0.9050445103857567,0.0327999966
baseline_ensemble,2398,0.05206555138272448,0.9050445103857567,0.0328333171
baseline_ensemble,2399,0.05207444084002049,0.9050445103857567,0.0328333179
baseline_ensemble,2400,0.052083333333333336,0.9050445103857567,0.032866640399999994
baseline_ensemble,2401,0.05192143467122118,0.9020771513353115,0.032866645699999995
baseline_ensemble,2402,0.05193030406559617,0.9020771513353115,0.032866649
baseline_ensemble,2403,0.051939176490688535,0.9020771513353115,0.0328666673
baseline_ensemble,2404,0.05194805194805195,0.9020771513353115,0.032866671
baseline_ensemble,2405,0.051956930439241156,0.9020771513353115,0.032899978999999996
baseline_ensemble,2406,0.051965811965811966,0.9020771513353115,0.0328999894
baseline_ensemble,2407,0.051974696529321254,0.9020771513353115,0.0329000022
baseline_ensemble,2408,0.05198358413132695,0.9020771513353115,0.0329000059
baseline_ensemble,2409,0.051992474773388066,0.9020771513353115,0.032933309200000004
baseline_ensemble,2410,0.052001368457064656,0.9020771513353115,0.032933328000000005
baseline_ensemble,2411,0.05201026518391788,0.9020771513353115,0.032933330499999997
baseline_ensemble,2412,0.05201916495550993,0.9020771513353115,0.032966652799999996
baseline_ensemble,2413,0.052028067773404074,0.9020771513353115,0.0330333143
baseline_ensemble,2414,0.05203697363916467,0.9020771513353115,0.0330333238
baseline_ensemble,2415,0.05204588255435713,0.9020771513353115,0.033066646
baseline_ensemble,2416,0.052054794520547946,0.9020771513353115,0.0330666496
baseline_ensemble,2417,0.05206370953930468,0.9020771513353115,0.0330666517
baseline_ensemble,2418,0.05207262761219596,0.9020771513353115,0.0330999784
baseline_ensemble,2419,0.0520815487407915,0.9020771513353115,0.0330999955
baseline_ensemble,2420,0.0520904729266621,0.9020771513353115,0.0330999983
baseline_ensemble,2421,0.05209940017137961,0.9020771513353115,0.0331333135
baseline_ensemble,2422,0.052108330476516966,0.9020771513353115,0.033133314
baseline_ensemble,2423,0.05211726384364821,0.9020771513353115,0.0331333192
baseline_ensemble,2424,0.05212620027434842,0.9020771513353115,0.033133353500000004
baseline_ensemble,2425,0.052135139770193795,0.9020771513353115,0.0331666457
baseline_ensemble,2426,0.05214408233276158,0.9020771513353115,0.0331666555
baseline_ensemble,2427,0.052153027963630125,0.9020771513353115,0.0331999825
baseline_ensemble,2428,0.05216197666437886,0.9020771513353115,0.033233316
baseline_ensemble,2429,0.0521709284365883,0.9020771513353115,0.0332666462
baseline_ensemble,2430,0.05217988328184003,0.9020771513353115,0.033266650599999996
baseline_ensemble,2431,0.05218884120171674,0.9020771513353115,0.0332666558
baseline_ensemble,2432,0.0521978021978022,0.9020771513353115,0.033266661499999996
baseline_ensemble,2433,0.05220676627168126,0.9020771513353115,0.0332999776
baseline_ensemble,2434,0.05221573342493988,0.9020771513353115,0.0332999926
baseline_ensemble,2435,0.052224703659165095,0.9020771513353115,0.03333331330000001
baseline_ensemble,2436,0.05223367697594502,0.9020771513353115,0.0333333192
baseline_ensemble,2437,0.052242653376868876,0.9020771513353115,0.0333666435
baseline_ensemble,2438,0.052251632863526985,0.9020771513353115,0.0333666461
baseline_ensemble,2439,0.052260615437510746,0.9020771513353115,0.0333666465
baseline_ensemble,2440,0.052269601100412656,0.9020771513353115,0.0333666512
baseline_ensemble,2441,0.05227858985382631,0.9020771513353115,0.0333666639
baseline_ensemble,2442,0.05228758169934641,0.9020771513353115,0.0333666646
baseline_ensemble,2443,0.05229657663856872,0.9020771513353115,0.033399978999999996
baseline_ensemble,2444,0.05230557467309016,0.9020771513353115,0.0333999825
baseline_ensemble,2445,0.05232358003442341,0.9020771513353115,0.0333999844
baseline_ensemble,2446,0.052332587364434496,0.9020771513353115,0.0333999891
baseline_ensemble,2447,0.05234159779614325,0.9020771513353115,0.0334333162
baseline_ensemble,2448,0.052350611331152055,0.9020771513353115,0.033433317000000004
baseline_ensemble,2449,0.052359627971064415,0.9020771513353115,0.0334666517
baseline_ensemble,2450,0.05236864771748493,0.9020771513353115,0.0334999733
baseline_ensemble,2451,0.052377670572019294,0.9020771513353115,0.0334999857
baseline_ensemble,2452,0.05238669653627434,0.9020771513353115,0.033499990199999996
baseline_ensemble,2453,0.05239572561185798,0.9020771513353115,0.0334999932
baseline_ensemble,2454,0.052404757800379245,0.9020771513353115,0.033499997200000006
baseline_ensemble,2455,0.05241379310344828,0.9020771513353115,0.0334999977
baseline_ensemble,2456,0.05242283152267632,0.9020771513353115,0.033533312499999995
baseline_ensemble,2457,0.05243187305967575,0.9020771513353115,0.033533313999999995
baseline_ensemble,2458,0.052440917716060034,0.9020771513353115,0.033533333299999996
baseline_ensemble,2459,0.05244996549344375,0.9020771513353115,0.0335666414
baseline_ensemble,2460,0.05245901639344262,0.9020771513353115,0.0335666501
baseline_ensemble,2461,0.052295478080773214,0.8991097922848664,0.0335666514
baseline_ensemble,2462,0.0523045054375971,0.8991097922848664,0.0335666534
baseline_ensemble,2463,0.05231353591160221,0.8991097922848664,0.033599986400000004
baseline_ensemble,2464,0.052322569504403386,0.8991097922848664,0.0336333193
baseline_ensemble,2465,0.05233160621761658,0.8991097922848664,0.0336666472
baseline_ensemble,2466,0.05234064605285887,0.8991097922848664,0.033666648
baseline_ensemble,2467,0.05234968901174845,0.8991097922848664,0.033666657600000004
baseline_ensemble,2468,0.052358735095904614,0.8991097922848664,0.0336666604
baseline_ensemble,2469,0.05236778430694781,0.8991097922848664,0.0336999784
baseline_ensemble,2470,0.052376836646499565,0.8991097922848664,0.033699981399999995
baseline_ensemble,2471,0.052385892116182574,0.8991097922848664,0.033700005400000003
baseline_ensemble,2472,0.05239495071762061,0.8991097922848664,0.0337000073
baseline_ensemble,2473,0.0524040124524386,0.8991097922848664,0.0337333109
baseline_ensemble,2474,0.05241307732226259,0.8991097922848664,0.033733317
baseline_ensemble,2475,0.05242214532871972,0.8991097922848664,0.033733323
baseline_ensemble,2476,0.05243121647343831,0.8991097922848664,0.0337666488
baseline_ensemble,2477,0.052440290758047764,0.8991097922848664,0.033766649600000004
baseline_ensemble,2478,0.05244936818417864,0.8991097922848664,0.033766649999999995
baseline_ensemble,2479,0.0524584487534626,0.8991097922848664,0.033766656
baseline_ensemble,2480,0.05246753246753247,0.8991097922848664,0.0337666561
baseline_ensemble,2481,0.05247661932802217,0.8991097922848664,0.0337666582
baseline_ensemble,2482,0.05248570933656678,0.8991097922848664,0.033799983199999994
baseline_ensemble,2483,0.0524948024948025,0.8991097922848664,0.0338333116
baseline_ensemble,2484,0.052503898804366664,0.8991097922848664,0.0338333215
baseline_ensemble,2485,0.052512998266897745,0.8991097922848664,0.0338333279
baseline_ensemble,2486,0.05252210088403536,0.8991097922848664,0.0338666417
baseline_ensemble,2487,0.05253120665742025,0.8991097922848664,0.0338666476
baseline_ensemble,2488,0.05254031558869429,0.8991097922848664,0.0338666603
baseline_ensemble,2489,0.05254942767950052,0.8991097922848664,0.0338999752
baseline_ensemble,2490,0.052385082393755424,0.8961424332344213,0.0338999768
baseline_ensemble,2491,0.052394170714781405,0.8961424332344213,0.0338999777
baseline_ensemble,2492,0.052403262189831684,0.8961424332344213,0.0338999789
baseline_ensemble,2493,0.05241235682054842,0.8961424332344213,0.0338999835
baseline_ensemble,2494,0.0524214546085749,0.8961424332344213,0.0338999843
baseline_ensemble,2495,0.05243055555555556,0.8961424332344213,0.0338999861
baseline_ensemble,2496,0.05243965966313596,0.8961424332344213,0.0339000002
baseline_ensemble,2497,0.05244876693296283,0.8961424332344213,0.0339333158
baseline_ensemble,2498,0.05245787736668404,0.8961424332344213,0.033933321
baseline_ensemble,2499,0.052466990965948576,0.8961424332344213,0.0339333352
baseline_ensemble,2500,0.0524761077324066,0.8961424332344213,0.0339666449
baseline_ensemble,2501,0.05248522766770942,0.8961424332344213,0.0339666514
baseline_ensemble,2502,0.052494350773509474,0.8961424332344213,0.033966655899999997
baseline_ensemble,2503,0.052503477051460364,0.8961424332344213,0.033999981299999996
baseline_ensemble,2504,0.05233872370022605,0.8931750741839762,0.0339999846
baseline_ensemble,2505,0.05234782608695652,0.8931750741839762,0.0339999911
baseline_ensemble,2506,0.052356931640285265,0.8931750741839762,0.034033309899999996
baseline_ensemble,2507,0.052366040361865,0.8931750741839762,0.034033313
baseline_ensemble,2508,0.05237515225334957,0.8931750741839762,0.0340333315
baseline_ensemble,2509,0.05238426731639401,0.8931750741839762,0.0340666423
baseline_ensemble,2510,0.052393385552654485,0.8931750741839762,0.0340666436
baseline_ensemble,2511,0.0524025069637883,0.8931750741839762,0.0340666582
baseline_ensemble,2512,0.052411631551453945,0.8931750741839762,0.034099977700000006
baseline_ensemble,2513,0.05242075931731104,0.8931750741839762,0.034099979
baseline_ensemble,2514,0.05242989026302038,0.8931750741839762,0.0340999793
baseline_ensemble,2515,0.0524390243902439,0.8931750741839762,0.0340999831
baseline_ensemble,2516,0.05244816170064471,0.8931750741839762,0.03413331259999999
baseline_ensemble,2517,0.05245730219588707,0.8931750741839762,0.0341333132
baseline_ensemble,2518,0.052466445877636395,0.8931750741839762,0.034133315600000005
baseline_ensemble,2519,0.05247559274755927,0.8931750741839762,0.034166658600000004
baseline_ensemble,2520,0.05248474280732345,0.8931750741839762,0.0341666718
baseline_ensemble,2521,0.05249389605859784,0.8931750741839762,0.034199987099999996
baseline_ensemble,2522,0.052503052503052504,0.8931750741839762,0.0341999904
baseline_ensemble,2523,0.05251221214235869,0.8931750741839762,0.034199994
baseline_ensemble,2524,0.052521374978188796,0.8931750741839762,0.0342333126
baseline_ensemble,2525,0.0525305410122164,0.8931750741839762,0.034266646100000006
baseline_ensemble,2526,0.05253971024611625,0.8931750741839762,0.0342666468
baseline_ensemble,2527,0.05254888268156425,0.8931750741839762,0.0342666586
baseline_ensemble,2528,0.05255805832023747,0.8931750741839762,0.034266659399999996
baseline_ensemble,2529,0.05256723716381418,0.8931750741839762,0.0342999803
baseline_ensemble,2530,0.052576419213973796,0.8931750741839762,0.0343333204
baseline_ensemble,2531,0.05258560447239693,0.8931750741839762,0.0343333216
baseline_ensemble,2532,0.052594792940765335,0.8931750741839762,0.0343333292
baseline_ensemble,2533,0.05260398462076197,0.8931750741839762,0.0343666454
baseline_ensemble,2534,0.05261317951407097,0.8931750741839762,0.0343666458
baseline_ensemble,2535,0.05262237762237762,0.8931750741839762,0.034366647300000004
baseline_ensemble,2536,0.05263157894736842,0.8931750741839762,0.0343666485
baseline_ensemble,2537,0.05264078349073102,0.8931750741839762,0.034366654299999994
baseline_ensemble,2538,0.052649991254154274,0.8931750741839762,0.0343666548
baseline_ensemble,2539,0.0526592022393282,0.8931750741839762,0.0343666611
baseline_ensemble,2540,0.052668416447944004,0.8931750741839762,0.034399976400000004
baseline_ensemble,2541,0.05267763388169409,0.8931750741839762,0.034399978299999995
baseline_ensemble,2542,0.05268685454227201,0.8931750741839762,0.034433308
baseline_ensemble,2543,0.05269607843137255,0.8931750741839762,0.034433309499999995
baseline_ensemble,2544,0.052705305550691646,0.8931750741839762,0.0344333134
baseline_ensemble,2545,0.05271453590192644,0.8931750741839762,0.034466641
baseline_ensemble,2546,0.05272376948677527,0.8931750741839762,0.0344666473
baseline_ensemble,2547,0.052733006306937634,0.8931750741839762,0.034499975499999995
baseline_ensemble,2548,0.052742246364114245,0.8931750741839762,0.0344999783
baseline_ensemble,2549,0.05275148966000701,0.8931750741839762,0.0344999797
baseline_ensemble,2550,0.05276073619631902,0.8931750741839762,0.0344999972
baseline_ensemble,2551,0.05276998597475456,0.8931750741839762,0.034533314
baseline_ensemble,2552,0.05277923899701911,0.8931750741839762,0.0345666426
baseline_ensemble,2553,0.05278849526481936,0.8931750741839762,0.034566659
baseline_ensemble,2554,0.05279775477986318,0.8931750741839762,0.034599980499999995
baseline_ensemble,2555,0.05280701754385965,0.8931750741839762,0.0345999831
baseline_ensemble,2556,0.052816283558519035,0.8931750741839762,0.034599983200000003
baseline_ensemble,2557,0.052825552825552825,0.8931750741839762,0.0346333192
baseline_ensemble,2558,0.052834825346673685,0.8931750741839762,0.034633324300000004
baseline_ensemble,2559,0.052844101123595506,0.8931750741839762,0.0346333292
baseline_ensemble,2560,0.05285338015803336,0.8931750741839762,0.0346666422
baseline_ensemble,2561,0.05286266245170355,0.8931750741839762,0.034699988099999995
baseline_ensemble,2562,0.052871948006323555,0.8931750741839762,0.0346999943
baseline_ensemble,2563,0.052881236823612086,0.8931750741839762,0.0347000096
baseline_ensemble,2564,0.05289052890528905,0.8931750741839762,0.0347333096
baseline_ensemble,2565,0.05289982425307557,0.8931750741839762,0.0347333248
baseline_ensemble,2566,0.052909122868693974,0.8931750741839762,0.0347666431
baseline_ensemble,2567,0.05291842475386779,0.8931750741839762,0.0347999768
baseline_ensemble,2568,0.05292772991032179,0.8931750741839762,0.0347999782
baseline_ensemble,2569,0.052937038339781924,0.8931750741839762,0.034799978599999996
baseline_ensemble,2570,0.052946350043975375,0.8931750741839762,0.0347999907
baseline_ensemble,2571,0.05295566502463054,0.8931750741839762,0.0347999925
baseline_ensemble,2572,0.052964983283477034,0.8931750741839762,0.0348333142
baseline_ensemble,2573,0.05297430482224569,0.8931750741839762,0.0348333305
baseline_ensemble,2574,0.05298362964266855,0.8931750741839762,0.0348666524
baseline_ensemble,2575,0.05299295774647887,0.8931750741839762,0.0348666601
baseline_ensemble,2576,0.05300228913541116,0.8931750741839762,0.034866663
baseline_ensemble,2577,0.05301162381120113,0.8931750741839762,0.0348999739
baseline_ensemble,2578,0.0530209617755857,0.8931750741839762,0.034899984
baseline_ensemble,2579,0.05303030303030303,0.8931750741839762,0.0348999983
baseline_ensemble,2580,0.05303964757709251,0.8931750741839762,0.0349000059
baseline_ensemble,2581,0.05304899541769475,0.8931750741839762,0.0349333131
baseline_ensemble,2582,0.053058346553851575,0.8931750741839762,0.0349333176
baseline_ensemble,2583,0.053067700987306066,0.8931750741839762,0.0349666456
baseline_ensemble,2584,0.053077058719802506,0.8931750741839762,0.0349666473
baseline_ensemble,2585,0.05308641975308642,0.8931750741839762,0.0349666479
baseline_ensemble,2586,0.05309578408890457,0.8931750741839762,0.0349666506
baseline_ensemble,2587,0.05310515172900494,0.8931750741839762,0.0349666671
baseline_ensemble,2588,0.053114522675136756,0.8931750741839762,0.035033309
baseline_ensemble,2589,0.05312389692905048,0.8931750741839762,0.0350333099
baseline_ensemble,2590,0.053133274492497794,0.8931750741839762,0.0350333122
baseline_ensemble,2591,0.05314265536723164,0.8931750741839762,0.035033312700000006
baseline_ensemble,2592,0.05315203955500618,0.8931750741839762,0.0350333138
baseline_ensemble,2593,0.05317081787670023,0.8931750741839762,0.035033331200000004
baseline_ensemble,2594,0.053180212014134275,0.8931750741839762,0.035066643499999994
baseline_ensemble,2595,0.053189609471638095,0.8931750741839762,0.0350666441
baseline_ensemble,2596,0.053199010250972074,0.8931750741839762,0.0350666489
baseline_ensemble,2597,0.05320841435389782,0.8931750741839762,0.0350999782
baseline_ensemble,2598,0.053217821782178217,0.8931750741839762,0.0350999806
baseline_ensemble,2599,0.053227232537577364,0.8931750741839762,0.0351666401
baseline_ensemble,2600,0.05323664662186063,0.8931750741839762,0.0351666461
baseline_ensemble,2601,0.053246064036794626,0.8931750741839762,0.035166646600000004
baseline_ensemble,2602,0.053255484784147204,0.8931750741839762,0.0351666487
baseline_ensemble,2603,0.05326490886568749,0.8931750741839762,0.03516665
baseline_ensemble,2604,0.05327433628318584,0.8931750741839762,0.0351666689
baseline_ensemble,2605,0.05328376703841388,0.8931750741839762,0.035166680000000006
baseline_ensemble,2606,0.05329320113314447,0.8931750741839762,0.0351999791
baseline_ensemble,2607,0.05330263856915176,0.8931750741839762,0.0351999792
baseline_ensemble,2608,0.053312079348211125,0.8931750741839762,0.0352333114
baseline_ensemble,2609,0.0533215234720992,0.8931750741839762,0.0352333132
baseline_ensemble,2610,0.053330970942593904,0.8931750741839762,0.035266663200000006
baseline_ensemble,2611,0.053340421761474396,0.8931750741839762,0.035266671299999997
baseline_ensemble,2612,0.05334987593052109,0.8931750741839762,0.0352999812
baseline_ensemble,2613,0.05335933345151569,0.8931750741839762,0.035333304100000004
baseline_ensemble,2614,0.053368794326241135,0.8931750741839762,0.03533331
baseline_ensemble,2615,0.05337825855648164,0.8931750741839762,0.0353333212
baseline_ensemble,2616,0.0533877261440227,0.8931750741839762,0.0353333255
baseline_ensemble,2617,0.053397197090651057,0.8931750741839762,0.035366638799999996
baseline_ensemble,2618,0.05340667139815472,0.8931750741839762,0.0353666473
baseline_ensemble,2619,0.05341614906832298,0.8931750741839762,0.0353666557
baseline_ensemble,2620,0.053425630102946396,0.8931750741839762,0.0353999729
baseline_ensemble,2621,0.05343511450381679,0.8931750741839762,0.035399974699999996
baseline_ensemble,2622,0.05344460227272727,0.8931750741839762,0.0353999765
baseline_ensemble,2623,0.053454093411472205,0.8931750741839762,0.0353999978
baseline_ensemble,2624,0.053463587921847244,0.8931750741839762,0.035400021899999995
baseline_ensemble,2625,0.053473085805649315,0.8931750741839762,0.035433312499999994
baseline_ensemble,2626,0.053482587064676616,0.8931750741839762,0.035433318799999995
baseline_ensemble,2627,0.053492091700728626,0.8931750741839762,0.0354333203
baseline_ensemble,2628,0.05350159971560611,0.8931750741839762,0.0354333235
baseline_ensemble,2629,0.05351111111111111,0.8931750741839762,0.035466643
baseline_ensemble,2630,0.05352062588904694,0.8931750741839762,0.0354666452
baseline_ensemble,2631,0.05353014405121821,0.8931750741839762,0.0354666601
baseline_ensemble,2632,0.05353966559943081,0.8931750741839762,0.0354999883
baseline_ensemble,2633,0.053549190535491904,0.8931750741839762,0.0355333139
baseline_ensemble,2634,0.05355871886120996,0.8931750741839762,0.0355333178
baseline_ensemble,2635,0.05356825057839473,0.8931750741839762,0.035533324000000005
baseline_ensemble,2636,0.053577785688857245,0.8931750741839762,0.0355666448
baseline_ensemble,2637,0.05358732419440983,0.8931750741839762,0.0355666463
baseline_ensemble,2638,0.0535968660968661,0.8931750741839762,0.035566647
baseline_ensemble,2639,0.05360641139804096,0.8931750741839762,0.0355666577
baseline_ensemble,2640,0.05361596009975062,0.8931750741839762,0.0355999813
baseline_ensemble,2641,0.05362551220381258,0.8931750741839762,0.0355999874
baseline_ensemble,2642,0.05363506771204562,0.8931750741839762,0.035633308
baseline_ensemble,2643,0.05364462662626983,0.8931750741839762,0.035633311
baseline_ensemble,2644,0.0536541889483066,0.8931750741839762,0.035633316899999996
baseline_ensemble,2645,0.05366375467997861,0.8931750741839762,0.0356666448
baseline_ensemble,2646,0.053673323823109846,0.8931750741839762,0.0356666455
baseline_ensemble,2647,0.05368289637952559,0.8931750741839762,0.0356666567
baseline_ensemble,2648,0.05369247235105244,0.8931750741839762,0.035699976099999996
baseline_ensemble,2649,0.05370205173951829,0.8931750741839762,0.035699977
baseline_ensemble,2650,0.05371163454675232,0.8931750741839762,0.035699978099999995
baseline_ensemble,2651,0.05372122077458504,0.8931750741839762,0.0356999802
baseline_ensemble,2652,0.05373081042484827,0.8931750741839762,0.0356999833
baseline_ensemble,2653,0.05374040349937511,0.8931750741839762,0.035733313200000005
baseline_ensemble,2654,0.05375,0.8931750741839762,0.035733322799999995
baseline_ensemble,2655,0.05375959992855867,0.8931750741839762,0.035766646
baseline_ensemble,2656,0.053769203286888174,0.8931750741839762,0.035766646199999995
baseline_ensemble,2657,0.053778810076826875,0.8931750741839762,0.035766661199999994
baseline_ensemble,2658,0.05378842030021444,0.8931750741839762,0.0357999733
baseline_ensemble,2659,0.05379803395889187,0.8931750741839762,0.0357999902
baseline_ensemble,2660,0.053807651054701464,0.8931750741839762,0.035799992399999994
baseline_ensemble,2661,0.05381727158948686,0.8931750741839762,0.0358333166
baseline_ensemble,2662,0.05382689556509299,0.8931750741839762,0.0358333236
baseline_ensemble,2663,0.05383652298336612,0.8931750741839762,0.0358666406
baseline_ensemble,2664,0.05384615384615385,0.8931750741839762,0.0358666442
baseline_ensemble,2665,0.05385578815530506,0.8931750741839762,0.0358666662
baseline_ensemble,2666,0.05386542591267001,0.8931750741839762,0.0359333112
baseline_ensemble,2667,0.053875067120100234,0.8931750741839762,0.035933314599999995
baseline_ensemble,2668,0.05388471177944862,0.8931750741839762,0.035966639800000005
baseline_ensemble,2669,0.05389435989256938,0.8931750741839762,0.035966640200000004
baseline_ensemble,2670,0.053904011461318055,0.8931750741839762,0.0359666488
baseline_ensemble,2671,0.0539136664875515,0.8931750741839762,0.0359666615
baseline_ensemble,2672,0.05392332497312791,0.8931750741839762,0.0359999874
baseline_ensemble,2673,0.053932986919906827,0.8931750741839762,0.0359999878
baseline_ensemble,2674,0.053942652329749104,0.8931750741839762,0.0360000011
baseline_ensemble,2675,0.053952321204516936,0.8931750741839762,0.0360333225
baseline_ensemble,2676,0.05396199354607386,0.8931750741839762,0.0360999718
baseline_ensemble,2677,0.05397166935628474,0.8931750741839762,0.036099974699999995
baseline_ensemble,2678,0.05398134863701578,0.8931750741839762,0.0360999905
baseline_ensemble,2679,0.05399103139013453,0.8931750741839762,0.0361333073
baseline_ensemble,2680,0.054000717617509866,0.8931750741839762,0.0361333159
baseline_ensemble,2681,0.05401040732101202,0.8931750741839762,0.0361333225
baseline_ensemble,2682,0.05402010050251256,0.8931750741839762,0.0361666438
baseline_ensemble,2683,0.054029797163884404,0.8931750741839762,0.0361666483
baseline_ensemble,2684,0.0540394973070018,0.8931750741839762,0.0361999685
baseline_ensemble,2685,0.05404920093374035,0.8931750741839762,0.036199988599999997
baseline_ensemble,2686,0.05405890804597701,0.8931750741839762,0.0362333081
baseline_ensemble,2687,0.05406861864559009,0.8931750741839762,0.036233315099999996
baseline_ensemble,2688,0.054078332734459215,0.8931750741839762,0.0362333204
baseline_ensemble,2689,0.05408805031446541,0.8931750741839762,0.0362666417
baseline_ensemble,2690,0.054097771387491014,0.8931750741839762,0.0362666532
baseline_ensemble,2691,0.054107495955419735,0.8931750741839762,0.0362666601
baseline_ensemble,2692,0.05411722402013664,0.8931750741839762,0.036266669700000004
baseline_ensemble,2693,0.05412695558352814,0.8931750741839762,0.0362999899
baseline_ensemble,2694,0.054136690647482014,0.8931750741839762,0.036333320100000004
baseline_ensemble,2695,0.05414642921388739,0.8931750741839762,0.0363333336
baseline_ensemble,2696,0.05415617128463476,0.8931750741839762,0.0363333451
baseline_ensemble,2697,0.05416591686161598,0.8931750741839762,0.0363333472
baseline_ensemble,2698,0.05417566594672426,0.8931750741839762,0.036366646499999995
baseline_ensemble,2699,0.054185418541854186,0.8931750741839762,0.036366647599999996
baseline_ensemble,2700,0.054195174648901695,0.8931750741839762,0.0363999744
baseline_ensemble,2701,0.05420493426976409,0.8931750741839762,0.0363999789
baseline_ensemble,2702,0.05421469740634006,0.8931750741839762,0.0364333055
baseline_ensemble,2703,0.05422446406052964,0.8931750741839762,0.03643331069999999
baseline_ensemble,2704,0.054234234234234235,0.8931750741839762,0.036433312100000004
baseline_ensemble,2705,0.054244007929356644,0.8931750741839762,0.036433339999999995
baseline_ensemble,2706,0.054253785147801006,0.8931750741839762,0.036466642400000006
baseline_ensemble,2707,0.05408328826392644,0.8902077151335311,0.036466650600000004
baseline_ensemble,2708,0.05409304002884962,0.8902077151335311,0.0364999933
baseline_ensemble,2709,0.05410279531109107,0.8902077151335311,0.0365333116
baseline_ensemble,2710,0.05411255411255411,0.8902077151335311,0.0365333248
baseline_ensemble,2711,0.054122316435143425,0.8902077151335311,0.0365333276
baseline_ensemble,2712,0.05413208228076507,0.8902077151335311,0.03656664279999999
baseline_ensemble,2713,0.05414185165132648,0.8902077151335311,0.0365666457
baseline_ensemble,2714,0.05415162454873646,0.8902077151335311,0.036566649699999995
baseline_ensemble,2715,0.05416140097490522,0.8902077151335311,0.036599977000000006
baseline_ensemble,2716,0.05417118093174431,0.8902077151335311,0.036633309700000005
baseline_ensemble,2717,0.0541809644211667,0.8902077151335311,0.0366333141
baseline_ensemble,2718,0.054190751445086706,0.8902077151335311,0.0366333151
baseline_ensemble,2719,0.05420054200542006,0.8902077151335311,0.0366666387
baseline_ensemble,2720,0.054210336104083844,0.8902077151335311,0.036666647100000005
baseline_ensemble,2721,0.054220133742996564,0.8902077151335311,0.0366999965
baseline_ensemble,2722,0.05422993492407809,0.8902077151335311,0.0366999968
baseline_ensemble,2723,0.054239739649249684,0.8902077151335311,0.0367333112
baseline_ensemble,2724,0.054249547920433995,0.8902077151335311,0.0367333232
baseline_ensemble,2725,0.05425935973955507,0.8902077151335311,0.0367666435
baseline_ensemble,2726,0.05426917510853835,0.8902077151335311,0.0367666485
baseline_ensemble,2727,0.054278994029310655,0.8902077151335311,0.0367666516
baseline_ensemble,2728,0.05428881650380022,0.8902077151335311,0.0367666552
baseline_ensemble,2729,0.05429864253393665,0.8902077151335311,0.03679997720000001
baseline_ensemble,2730,0.05430847212165098,0.8902077151335311,0.0367999783
baseline_ensemble,2731,0.054318305268875614,0.8902077151335311,0.036799983200000004
baseline_ensemble,2732,0.05432814197754437,0.8902077151335311,0.0368333256
baseline_ensemble,2733,0.054337982249592465,0.8902077151335311,0.0368333272
baseline_ensemble,2734,0.05434782608695652,0.8902077151335311,0.0368666399
baseline_ensemble,2735,0.05435767349157456,0.8902077151335311,0.0368666528
baseline_ensemble,2736,0.05436752446538601,0.8902077151335311,0.0368999887
baseline_ensemble,2737,0.05419612108029726,0.887240356083086,0.0369333107
baseline_ensemble,2738,0.05420594633792603,0.887240356083086,0.036933310999999996
baseline_ensemble,2739,0.054215775158658205,0.887240356083086,0.036933312999999995
baseline_ensemble,2740,0.054225607544432355,0.887240356083086,0.036933316900000006
baseline_ensemble,2741,0.054235443497188465,0.887240356083086,0.0369666384
baseline_ensemble,2742,0.054245283018867926,0.887240356083086,0.0370333121
baseline_ensemble,2743,0.05425512611141354,0.887240356083086,0.0370333199
baseline_ensemble,2744,0.05426497277676951,0.887240356083086,0.037033342100000005
baseline_ensemble,2745,0.05427482301688147,0.887240356083086,0.0370333427
baseline_ensemble,2746,0.05428467683369644,0.887240356083086,0.0370666399
baseline_ensemble,2747,0.05429453422916288,0.887240356083086,0.0370666547
baseline_ensemble,2748,0.05430439520523066,0.887240356083086,0.03709997439999999
baseline_ensemble,2749,0.05431425976385104,0.887240356083086,0.037133311499999995
baseline_ensemble,2750,0.054324127906976744,0.887240356083086,0.037133313700000004
baseline_ensemble,2751,0.054333999636561874,0.887240356083086,0.0371333257
baseline_ensemble,2752,0.05434387495456198,0.887240356083086,0.0371666441
baseline_ensemble,2753,0.054353753862934014,0.887240356083086,0.037166651499999995
baseline_ensemble,2754,0.054363636363636364,0.887240356083086,0.037199974399999995
baseline_ensemble,2755,0.054373522458628844,0.887240356083086,0.0372333025
baseline_ensemble,2756,0.05438341214987268,0.887240356083086,0.0372333108
baseline_ensemble,2757,0.05439330543933055,0.887240356083086,0.037233315999999995
baseline_ensemble,2758,0.05440320232896652,0.887240356083086,0.0372333303
baseline_ensemble,2759,0.054413102820746136,0.887240356083086,0.0372666437
baseline_ensemble,2760,0.05442300691663633,0.887240356083086,0.037266647699999995
baseline_ensemble,2761,0.0544329146186055,0.887240356083086,0.0372666554
baseline_ensemble,2762,0.05444282592862345,0.887240356083086,0.0372999905
baseline_ensemble,2763,0.054452740848661446,0.887240356083086,0.037333309499999995
baseline_ensemble,2764,0.05446265938069217,0.887240356083086,0.037333310499999994
baseline_ensemble,2765,0.054472581526689746,0.887240356083086,0.0373333345
baseline_ensemble,2766,0.05448250728862974,0.887240356083086,0.037366640099999994
baseline_ensemble,2767,0.05449243666848916,0.887240356083086,0.0373666456
baseline_ensemble,2768,0.054502369668246446,0.887240356083086,0.037366647899999994
baseline_ensemble,2769,0.0545123062898815,0.887240356083086,0.0373666702
baseline_ensemble,2770,0.054522246535375636,0.887240356083086,0.0373999753
baseline_ensemble,2771,0.05453219040671165,0.887240356083086,0.0373999781
baseline_ensemble,2772,0.05454213790587377,0.887240356083086,0.037399979
baseline_ensemble,2773,0.05455208903484766,0.887240356083086,0.0373999821
baseline_ensemble,2774,0.054562043795620435,0.887240356083086,0.0373999887
baseline_ensemble,2775,0.05457200219018069,0.887240356083086,0.037399991800000004
baseline_ensemble,2776,0.05458196422051844,0.887240356083086,0.0373999971
baseline_ensemble,2777,0.05459192988862516,0.887240356083086,0.037433307000000006
baseline_ensemble,2778,0.05460189919649379,0.887240356083086,0.0374333079
baseline_ensemble,2779,0.05461187214611872,0.887240356083086,0.0374333129
baseline_ensemble,2780,0.0546218487394958,0.887240356083086,0.0374333191
baseline_ensemble,2781,0.05463182897862233,0.887240356083086,0.0374333261
baseline_ensemble,2782,0.054641812865497075,0.887240356083086,0.0374333426
baseline_ensemble,2783,0.05465180040212027,0.887240356083086,0.0374666411
baseline_ensemble,2784,0.0546617915904936,0.887240356083086,0.0374666422
baseline_ensemble,2785,0.054671786432620224,0.887240356083086,0.0374666484
baseline_ensemble,2786,0.054681784930504754,0.887240356083086,0.0374666698
baseline_ensemble,2787,0.054691787086153285,0.887240356083086,0.037499977999999996
baseline_ensemble,2788,0.054701792901573364,0.887240356083086,0.037499981
baseline_ensemble,2789,0.054711802378774016,0.887240356083086,0.0374999859
baseline_ensemble,2790,0.05472181551976574,0.887240356083086,0.037533308
baseline_ensemble,2791,0.054731832326560495,0.887240356083086,0.037533315
baseline_ensemble,2792,0.054741852801171734,0.887240356083086,0.037533345100000004
baseline_ensemble,2793,0.054751876945614356,0.887240356083086,0.0375666468
baseline_ensemble,2794,0.05476190476190476,0.887240356083086,0.037566646999999995
baseline_ensemble,2795,0.05477193625206082,0.887240356083086,0.037566647099999996
baseline_ensemble,2796,0.05478197141810187,0.887240356083086,0.0375666499
baseline_ensemble,2797,0.054792010262048746,0.887240356083086,0.037566656
baseline_ensemble,2798,0.054802052785923754,0.887240356083086,0.0375666643
baseline_ensemble,2799,0.054812098991750685,0.887240356083086,0.0376333089
baseline_ensemble,2800,0.05482214888155482,0.887240356083086,0.03763331
baseline_ensemble,2801,0.05483220245736292,0.887240356083086,0.037633338
baseline_ensemble,2802,0.054842259721203226,0.887240356083086,0.0376666496
baseline_ensemble,2803,0.05485232067510549,0.887240356083086,0.037699975600000005
baseline_ensemble,2804,0.054862385321100916,0.887240356083086,0.037699986399999996
baseline_ensemble,2805,0.054872453661222245,0.887240356083086,0.037699993200000004
baseline_ensemble,2806,0.054882525697503674,0.887240356083086,0.0377000017
baseline_ensemble,2807,0.05489260143198091,0.887240356083086,0.037700020800000004
baseline_ensemble,2808,0.05490268086669115,0.887240356083086,0.0377333133
baseline_ensemble,2809,0.05491276400367309,0.887240356083086,0.0377333327
baseline_ensemble,2810,0.05492285084496694,0.887240356083086,0.037766647900000005
baseline_ensemble,2811,0.054932941392614364,0.887240356083086,0.0377666534
baseline_ensemble,2812,0.05494303564865858,0.887240356083086,0.03783331300000001
baseline_ensemble,2813,0.05495313361514428,0.887240356083086,0.0378333175
baseline_ensemble,2814,0.054963235294117646,0.887240356083086,0.0378333198
baseline_ensemble,2815,0.0549733406876264,0.887240356083086,0.0378333304
baseline_ensemble,2816,0.05498344979771975,0.887240356083086,0.037866642199999995
baseline_ensemble,2817,0.05499356262644841,0.887240356083086,0.037866647999999996
baseline_ensemble,2818,0.05500367917586461,0.887240356083086,0.0378666646
baseline_ensemble,2819,0.05501379944802208,0.887240356083086,0.037899975899999994
baseline_ensemble,2820,0.05502392344497608,0.887240356083086,0.037899989099999996
baseline_ensemble,2821,0.05503405116878336,0.887240356083086,0.037933313600000004
baseline_ensemble,2822,0.05504418262150221,0.887240356083086,0.03793331479999999
baseline_ensemble,2823,0.05505431780519241,0.887240356083086,0.0379333168
baseline_ensemble,2824,0.05506445672191528,0.887240356083086,0.037933318599999995
baseline_ensemble,2825,0.05507459937373365,0.887240356083086,0.037966638799999994
baseline_ensemble,2826,0.05508474576271186,0.887240356083086,0.0379666429
baseline_ensemble,2827,0.05509489589091579,0.887240356083086,0.0379666433
baseline_ensemble,2828,0.055105049760412826,0.887240356083086,0.0379666462
baseline_ensemble,2829,0.05511520737327189,0.887240356083086,0.0379666503
baseline_ensemble,2830,0.05512536873156342,0.887240356083086,0.03796665640000001
baseline_ensemble,2831,0.0551355338373594,0.887240356083086,0.0379666575
baseline_ensemble,2832,0.055145702692733306,0.887240356083086,0.0379999715
baseline_ensemble,2833,0.05515587529976019,0.887240356083086,0.0379999746
baseline_ensemble,2834,0.05516605166051661,0.887240356083086,0.03803330419999999
baseline_ensemble,2835,0.054991695884849603,0.884272997032641,0.03803330679999999
baseline_ensemble,2836,0.055001845699520116,0.884272997032641,0.0380333113
baseline_ensemble,2837,0.0550119992615839,0.884272997032641,0.038033324199999996
baseline_ensemble,2838,0.05502215657311669,0.884272997032641,0.0380333323
baseline_ensemble,2839,0.05503231763619575,0.884272997032641,0.0380666435
baseline_ensemble,2840,0.05504248245289989,0.884272997032641,0.0380999738
baseline_ensemble,2841,0.05505265102530944,0.884272997032641,0.038099976300000005
baseline_ensemble,2842,0.05506282335550628,0.884272997032641,0.0380999784
baseline_ensemble,2843,0.05507299944557383,0.884272997032641,0.038133315
baseline_ensemble,2844,0.05508317929759704,0.884272997032641,0.0381333167
baseline_ensemble,2845,0.055093362913662416,0.884272997032641,0.038133317699999995
baseline_ensemble,2846,0.055103550295857985,0.884272997032641,0.0381666432
baseline_ensemble,2847,0.05511374144627335,0.884272997032641,0.038166649000000004
baseline_ensemble,2848,0.05512393636699963,0.884272997032641,0.038199991700000005
baseline_ensemble,2849,0.055134135060129506,0.884272997032641,0.0381999953
baseline_ensemble,2850,0.055144337527757215,0.884272997032641,0.038233307499999994
baseline_ensemble,2851,0.05515454377197853,0.884272997032641,0.0382333193
baseline_ensemble,2852,0.05516475379489078,0.884272997032641,0.038233326299999995
baseline_ensemble,2853,0.055174967598592854,0.884272997032641,0.0382333307
baseline_ensemble,2854,0.055185185185185184,0.884272997032641,0.0382666439
baseline_ensemble,2855,0.05519540655676977,0.884272997032641,0.038266647
baseline_ensemble,2856,0.05520563171545017,0.884272997032641,0.0382999733
baseline_ensemble,2857,0.05521586066333148,0.884272997032641,0.0382999846
baseline_ensemble,2858,0.05522609340252038,0.884272997032641,0.0383333147
baseline_ensemble,2859,0.05523632993512512,0.884272997032641,0.038333315599999994
baseline_ensemble,2860,0.05524657026325547,0.884272997032641,0.038333326
baseline_ensemble,2861,0.05525681438902281,0.884272997032641,0.0383666419
baseline_ensemble,2862,0.05526706231454006,0.884272997032641,0.0383666523
baseline_ensemble,2863,0.055277314041921724,0.884272997032641,0.038366654
baseline_ensemble,2864,0.05528756957328386,0.884272997032641,0.0383999794
baseline_ensemble,2865,0.055297828910744105,0.884272997032641,0.0383999886
baseline_ensemble,2866,0.055308092056421676,0.884272997032641,0.0384333096
baseline_ensemble,2867,0.05531835901243735,0.884272997032641,0.0384333261
baseline_ensemble,2868,0.05532862978091348,0.884272997032641,0.0384333342
baseline_ensemble,2869,0.055338904363974005,0.884272997032641,0.0384666418
baseline_ensemble,2870,0.055349182763744426,0.884272997032641,0.0384999829
baseline_ensemble,2871,0.05535946498235185,0.884272997032641,0.0385333112
baseline_ensemble,2872,0.055369751021924936,0.884272997032641,0.0385666552
baseline_ensemble,2873,0.05538004088459394,0.884272997032641,0.0385999741
baseline_ensemble,2874,0.05539033457249071,0.884272997032641,0.038599976999999994
baseline_ensemble,2875,0.055400632087748654,0.884272997032641,0.0386333091
baseline_ensemble,2876,0.055410933432502786,0.884272997032641,0.0386333114
baseline_ensemble,2877,0.055421238608889714,0.884272997032641,0.0386333189
baseline_ensemble,2878,0.055431547619047616,0.884272997032641,0.0386666397
baseline_ensemble,2879,0.05544186046511628,0.884272997032641,0.038666654599999996
baseline_ensemble,2880,0.055452177149237065,0.884272997032641,0.038666656699999996
baseline_ensemble,2881,0.05546249767355295,0.884272997032641,0.038699978899999994
baseline_ensemble,2882,0.05547282204020849,0.884272997032641,0.038699983699999996
baseline_ensemble,2883,0.05548315025134984,0.884272997032641,0.0386999877
baseline_ensemble,2884,0.055493482309124764,0.884272997032641,0.0387333088
baseline_ensemble,2885,0.05550381821568262,0.884272997032641,0.0387333089
baseline_ensemble,2886,0.05551415797317437,0.884272997032641,0.0387333315
baseline_ensemble,2887,0.055524501583752564,0.884272997032641,0.03876664
baseline_ensemble,2888,0.05553484904957137,0.884272997032641,0.038766642399999995
baseline_ensemble,2889,0.05554520037278658,0.884272997032641,0.038766659700000004
baseline_ensemble,2890,0.05555555555555555,0.884272997032641,0.0387999923
baseline_ensemble,2891,0.05556591460003729,0.884272997032641,0.0388333065
baseline_ensemble,2892,0.05557627750839239,0.884272997032641,0.03883331350000001
baseline_ensemble,2893,0.055586644282783065,0.884272997032641,0.0388333156
baseline_ensemble,2894,0.05559701492537313,0.884272997032641,0.0388333259
baseline_ensemble,2895,0.05560738943832805,0.884272997032641,0.0388333305
baseline_ensemble,2896,0.055617767823814855,0.884272997032641,0.0388666615
baseline_ensemble,2897,0.05562815008400224,0.884272997032641,0.0388999867
baseline_ensemble,2898,0.05563853622106049,0.884272997032641,0.0389333175
baseline_ensemble,2899,0.05564892623716153,0.884272997032641,0.0389333256
baseline_ensemble,2900,0.05565932013447889,0.884272997032641,0.038966641700000006
baseline_ensemble,2901,0.055669717915187746,0.884272997032641,0.0389666511
baseline_ensemble,2902,0.055680119581464876,0.884272997032641,0.0389999902
baseline_ensemble,2903,0.055690525135488694,0.884272997032641,0.0390333086
baseline_ensemble,2904,0.055700934579439254,0.884272997032641,0.0390333119
baseline_ensemble,2905,0.05571134791549823,0.884272997032641,0.039066649
baseline_ensemble,2906,0.055721765145848916,0.884272997032641,0.0390666663
baseline_ensemble,2907,0.055732186272676267,0.884272997032641,0.0391333084
baseline_ensemble,2908,0.05574261129816686,0.884272997032641,0.0391333115
baseline_ensemble,2909,0.05575304022450889,0.884272997032641,0.0391333185
baseline_ensemble,2910,0.05576347305389222,0.884272997032641,0.039133318800000004
baseline_ensemble,2911,0.05577390978850833,0.884272997032641,0.039133320400000005
baseline_ensemble,2912,0.055784350430550356,0.884272997032641,0.039133322799999995
baseline_ensemble,2913,0.05579479498221307,0.884272997032641,0.0391333263
baseline_ensemble,2914,0.05580524344569288,0.884272997032641,0.039166642599999996
baseline_ensemble,2915,0.055815695823187864,0.884272997032641,0.0391999748
baseline_ensemble,2916,0.05582615211689772,0.884272997032641,0.0391999776
baseline_ensemble,2917,0.055836612329023795,0.884272997032641,0.039199979600000004
baseline_ensemble,2918,0.05584707646176912,0.884272997032641,0.039199984199999996
baseline_ensemble,2919,0.055857544517338334,0.884272997032641,0.0391999881
baseline_ensemble,2920,0.05586801649793776,0.884272997032641,0.0391999909
baseline_ensemble,2921,0.05587849240577536,0.884272997032641,0.0392333109
baseline_ensemble,2922,0.05588897224306077,0.884272997032641,0.039233312699999995
baseline_ensemble,2923,0.05589945601200525,0.884272997032641,0.0392333224
baseline_ensemble,2924,0.05590994371482176,0.884272997032641,0.0392999805
baseline_ensemble,2925,0.0559204353537249,0.884272997032641,0.0393000005
baseline_ensemble,2926,0.05593093093093093,0.884272997032641,0.0393333103
baseline_ensemble,2927,0.05594143044865778,0.884272997032641,0.0393333219
baseline_ensemble,2928,0.05595193390912505,0.884272997032641,0.0393666428
baseline_ensemble,2929,0.05596244131455399,0.884272997032641,0.039366644
baseline_ensemble,2930,0.05597295266716754,0.884272997032641,0.039366646899999996
baseline_ensemble,2931,0.055983467969190306,0.884272997032641,0.0393666492
baseline_ensemble,2932,0.055993987222848554,0.884272997032641,0.0393666523
baseline_ensemble,2933,0.05600451043037023,0.884272997032641,0.0393666619
baseline_ensemble,2934,0.05601503759398496,0.884272997032641,0.0393999771
baseline_ensemble,2935,0.05602556871592405,0.884272997032641,0.039433305200000004
baseline_ensemble,2936,0.05603610379842046,0.884272997032641,0.0394333079
baseline_ensemble,2937,0.05604664284370886,0.884272997032641,0.039466641299999994
baseline_ensemble,2938,0.05605718585402558,0.884272997032641,0.0394666594
baseline_ensemble,2939,0.05606773283160865,0.884272997032641,0.0394666817
baseline_ensemble,2940,0.05607828377869778,0.884272997032641,0.0394999692
baseline_ensemble,2941,0.05608883869753435,0.884272997032641,0.0394999769
baseline_ensemble,2942,0.05609939759036144,0.884272997032641,0.039499977900000004
baseline_ensemble,2943,0.05610996045942384,0.884272997032641,0.0394999783
baseline_ensemble,2944,0.05612052730696798,0.884272997032641,0.0394999964
baseline_ensemble,2945,0.056131098135242044,0.884272997032641,0.039533312
baseline_ensemble,2946,0.05614167294649586,0.884272997032641,0.039533337700000004
baseline_ensemble,2947,0.05615225174298097,0.884272997032641,0.0395999766
baseline_ensemble,2948,0.056162834526950624,0.884272997032641,0.0395999856
baseline_ensemble,2949,0.056173421300659755,0.884272997032641,0.039633309799999995
baseline_ensemble,2950,0.05618401206636501,0.884272997032641,0.039633312
baseline_ensemble,2951,0.056194606826324725,0.884272997032641,0.0396666467
baseline_ensemble,2952,0.05620520558279894,0.884272997032641,0.03966665130000001
baseline_ensemble,2953,0.05621580833804943,0.884272997032641,0.039699969
baseline_ensemble,2954,0.05622641509433962,0.884272997032641,0.0396999766
baseline_ensemble,2955,0.056237025853934704,0.884272997032641,0.039699978999999996
baseline_ensemble,2956,0.05624764061910155,0.884272997032641,0.039699980200000005
baseline_ensemble,2957,0.05625825939210874,0.884272997032641,0.0397666391
baseline_ensemble,2958,0.05626888217522659,0.884272997032641,0.0397666414
baseline_ensemble,2959,0.0562795089707271,0.884272997032641,0.0397666498
baseline_ensemble,2960,0.05629013978088402,0.884272997032641,0.0397666535
baseline_ensemble,2961,0.056300774607972795,0.884272997032641,0.0397666582
baseline_ensemble,2962,0.0563114134542706,0.884272997032641,0.0397999788
baseline_ensemble,2963,0.05632205632205632,0.884272997032641,0.0397999846
baseline_ensemble,2964,0.056332703213610585,0.884272997032641,0.0398666395
baseline_ensemble,2965,0.05634335413121573,0.884272997032641,0.0398999777
baseline_ensemble,2966,0.05635400907715583,0.884272997032641,0.0398999779
baseline_ensemble,2967,0.05637533106318578,0.884272997032641,0.039899995699999996
baseline_ensemble,2968,0.056385998107852414,0.884272997032641,0.0399666452
baseline_ensemble,2969,0.05639666919000757,0.884272997032641,0.0399666489
baseline_ensemble,2970,0.05640734431194397,0.884272997032641,0.0399999749
baseline_ensemble,2971,0.05641802347595608,0.884272997032641,0.039999984
baseline_ensemble,2972,0.05642870668434009,0.884272997032641,0.040000000800000005
baseline_ensemble,2973,0.05643939393939394,0.884272997032641,0.0400666354
baseline_ensemble,2974,0.05645008524341731,0.884272997032641,0.0400666451
baseline_ensemble,2975,0.05646078059871163,0.884272997032641,0.040066647999999996
baseline_ensemble,2976,0.056471480007580066,0.884272997032641,0.0400999743
baseline_ensemble,2977,0.05648218347232752,0.884272997032641,0.0400999892
baseline_ensemble,2978,0.05649289099526066,0.884272997032641,0.0401000246
baseline_ensemble,2979,0.0565036025786879,0.884272997032641,0.0401666495
baseline_ensemble,2980,0.0565143182249194,0.884272997032641,0.04019998140000001
baseline_ensemble,2981,0.05652503793626707,0.884272997032641,0.0402333087
baseline_ensemble,2982,0.05653576171504458,0.884272997032641,0.0402333263
baseline_ensemble,2983,0.056546489563567365,0.884272997032641,0.040266635
baseline_ensemble,2984,0.05655722148415259,0.884272997032641,0.0402666403
baseline_ensemble,2985,0.056378132118451024,0.8813056379821959,0.040266643000000005
baseline_ensemble,2986,0.05638883614961079,0.8813056379821959,0.0402999759
baseline_ensemble,2987,0.0563995442461071,0.8813056379821959,0.040299982899999996
baseline_ensemble,2988,0.05641025641025641,0.8813056379821959,0.0403333095
baseline_ensemble,2989,0.0564209726443769,0.8813056379821959,0.040366648199999994
baseline_ensemble,2990,0.05643169295078852,0.8813056379821959,0.040366658
baseline_ensemble,2991,0.056442417331812995,0.8813056379821959,0.0403666708
baseline_ensemble,2992,0.056453145789773805,0.8813056379821959,0.0403999724
baseline_ensemble,2993,0.056463878326996196,0.8813056379821959,0.04039998
baseline_ensemble,2994,0.05647461494580719,0.8813056379821959,0.040466642000000004
baseline_ensemble,2995,0.056485355648535567,0.8813056379821959,0.0404999734
baseline_ensemble,2996,0.05649610043751189,0.8813056379821959,0.0404999859
baseline_ensemble,2997,0.05650684931506849,0.8813056379821959,0.0405333123
baseline_ensemble,2998,0.056517602283539484,0.8813056379821959,0.0405666388
baseline_ensemble,2999,0.05652835934526075,0.8813056379821959,0.0405666444
baseline_ensemble,3000,0.05653912050256996,0.8813056379821959,0.040566647
baseline_ensemble,3001,0.05654988575780655,0.8813056379821959,0.040599977499999995
baseline_ensemble,3002,0.05656065511331175,0.8813056379821959,0.0405999801
baseline_ensemble,3003,0.05657142857142857,0.8813056379821959,0.0405999829
baseline_ensemble,3004,0.05658220613450181,0.8813056379821959,0.0406333153
baseline_ensemble,3005,0.05659298780487805,0.8813056379821959,0.040633317700000005
baseline_ensemble,3006,0.05660377358490566,0.8813056379821959,0.040633325
baseline_ensemble,3007,0.05661456347693481,0.8813056379821959,0.0406999676
baseline_ensemble,3008,0.05662535748331744,0.8813056379821959,0.0406999739
baseline_ensemble,3009,0.05663615560640732,0.8813056379821959,0.0406999756
baseline_ensemble,3010,0.056646957848559984,0.8813056379821959,0.040733307100000005
baseline_ensemble,3011,0.056657764212132776,0.8813056379821959,0.040766645399999996
baseline_ensemble,3012,0.05666857469948483,0.8813056379821959,0.0407999815
baseline_ensemble,3013,0.0566793893129771,0.8813056379821959,0.0408333113
baseline_ensemble,3014,0.056690208054972324,0.8813056379821959,0.040833313600000004
baseline_ensemble,3015,0.05670103092783505,0.8813056379821959,0.0408333157
baseline_ensemble,3016,0.05671185793393164,0.8813056379821959,0.0408333414
baseline_ensemble,3017,0.05672268907563025,0.8813056379821959,0.0408666431
baseline_ensemble,3018,0.05673352435530086,0.8813056379821959,0.0408666556
baseline_ensemble,3019,0.05674436377531525,0.8813056379821959,0.0408999757
baseline_ensemble,3020,0.05675520733804701,0.8813056379821959,0.0408999771
baseline_ensemble,3021,0.05676605504587156,0.8813056379821959,0.040933310199999996
baseline_ensemble,3022,0.05677690690116612,0.8813056379821959,0.040933311199999996
baseline_ensemble,3023,0.05678776290630975,0.8813056379821959,0.040933313699999994
baseline_ensemble,3024,0.05679862306368331,0.8813056379821959,0.040933341600000006
baseline_ensemble,3025,0.056809487375669473,0.8813056379821959,0.0409666426
baseline_ensemble,3026,0.05682035584465277,0.8813056379821959,0.0409999704
baseline_ensemble,3027,0.05683122847301952,0.8813056379821959,0.0409999718
baseline_ensemble,3028,0.056842105263157895,0.8813056379821959,0.0409999754
baseline_ensemble,3029,0.056852986217457886,0.8813056379821959,0.0409999799
baseline_ensemble,3030,0.05686387133831131,0.8813056379821959,0.0410000103
baseline_ensemble,3031,0.05687476062811184,0.8813056379821959,0.0410333069
baseline_ensemble,3032,0.05688565408925493,0.8813056379821959,0.04103330870000001
baseline_ensemble,3033,0.056896551724137934,0.8813056379821959,0.0410666447
baseline_ensemble,3034,0.05690745353515999,0.8813056379821959,0.0410666538
baseline_ensemble,3035,0.056918359524722115,0.8813056379821959,0.041099978499999995
baseline_ensemble,3036,0.056929269695227144,0.8813056379821959,0.04113330109999999
baseline_ensemble,3037,0.05694018404907975,0.8813056379821959,0.0411666345
baseline_ensemble,3038,0.05695110258868648,0.8813056379821959,0.041199974699999996
baseline_ensemble,3039,0.056962025316455694,0.8813056379821959,0.041199978600000006
baseline_ensemble,3040,0.05697295223479762,0.8813056379821959,0.0412333032
baseline_ensemble,3041,0.05698388334612433,0.8813056379821959,0.0412333057
baseline_ensemble,3042,0.05699481865284974,0.8813056379821959,0.0412333072
baseline_ensemble,3043,0.05700575815738963,0.8813056379821959,0.041233310399999994
baseline_ensemble,3044,0.057016701862161644,0.8813056379821959,0.0412333121
baseline_ensemble,3045,0.057027649769585256,0.8813056379821959,0.0412666428
baseline_ensemble,3046,0.05703860188208181,0.8813056379821959,0.0412666478
baseline_ensemble,3047,0.05704955820207453,0.8813056379821959,0.0412666518
baseline_ensemble,3048,0.057060518731988474,0.8813056379821959,0.0412666609
baseline_ensemble,3049,0.057071483474250576,0.8813056379821959,0.0412999724
baseline_ensemble,3050,0.05708245243128964,0.8813056379821959,0.0412999752
baseline_ensemble,3051,0.05709342560553633,0.8813056379821959,0.0412999857
baseline_ensemble,3052,0.05710440299942319,0.8813056379821959,0.041333302399999994
baseline_ensemble,3053,0.057115384615384616,0.8813056379821959,0.0413333098
baseline_ensemble,3054,0.0571263704558569,0.8813056379821959,0.0413333304
baseline_ensemble,3055,0.05713736052327818,0.8813056379821959,0.041366635799999996
baseline_ensemble,3056,0.05714835482008851,0.8813056379821959,0.0413666397
baseline_ensemble,3057,0.05715935334872979,0.8813056379821959,0.041366647599999994
baseline_ensemble,3058,0.057170356111645816,0.8813056379821959,0.0413666571
baseline_ensemble,3059,0.057181363111282246,0.8813056379821959,0.04136666160000001
baseline_ensemble,3060,0.05719237435008666,0.8813056379821959,0.0413999751
baseline_ensemble,3061,0.057203389830508475,0.8813056379821959,0.0414000056
baseline_ensemble,3062,0.057214409554999034,0.8813056379821959,0.0414333273
baseline_ensemble,3063,0.05722543352601156,0.8813056379821959,0.041433329399999996
baseline_ensemble,3064,0.05723646174600116,0.8813056379821959,0.041499979099999994
baseline_ensemble,3065,0.057247494217424824,0.8813056379821959,0.0414999952
baseline_ensemble,3066,0.05725853094274147,0.8813056379821959,0.0415333135
baseline_ensemble,3067,0.05726957192441188,0.8813056379821959,0.0416333132
baseline_ensemble,3068,0.057280617164898746,0.8813056379821959,0.0416333141
baseline_ensemble,3069,0.057291666666666664,0.8813056379821959,0.041733309399999995
baseline_ensemble,3070,0.05730272043218213,0.8813056379821959,0.0417333096
baseline_ensemble,3071,0.05731377846391355,0.8813056379821959,0.0417666351
baseline_ensemble,3072,0.05732484076433121,0.8813056379821959,0.0417666444
baseline_ensemble,3073,0.057335907335907335,0.8813056379821959,0.0417999788
baseline_ensemble,3074,0.057346978181116046,0.8813056379821959,0.041799989600000004
baseline_ensemble,3075,0.05735805330243337,0.8813056379821959,0.0417999968
baseline_ensemble,3076,0.05736913270233726,0.8813056379821959,0.041833325399999996
baseline_ensemble,3077,0.05738021638330757,0.8813056379821959,0.0418666381
baseline_ensemble,3078,0.057391304347826085,0.8813056379821959,0.0418666406
baseline_ensemble,3079,0.057402396598376496,0.8813056379821959,0.0418999739
baseline_ensemble,3080,0.05741349313744442,0.8813056379821959,0.041899989299999996
baseline_ensemble,3081,0.0574245939675174,0.8813056379821959,0.0419666401
baseline_ensemble,3082,0.057435699091084896,0.8813056379821959,0.041966641900000004
baseline_ensemble,3083,0.0574468085106383,0.8813056379821959,0.0419999765
baseline_ensemble,3084,0.057457922228670924,0.8813056379821959,0.041999977499999994
baseline_ensemble,3085,0.057469040247678016,0.8813056379821959,0.0420333117
baseline_ensemble,3086,0.05748016257015676,0.8813056379821959,0.0420333139
baseline_ensemble,3087,0.05749128919860627,0.8813056379821959,0.0420333206
baseline_ensemble,3088,0.05750242013552759,0.8813056379821959,0.0420666782
baseline_ensemble,3089,0.0575135553834237,0.8813056379821959,0.042099971699999995
baseline_ensemble,3090,0.05752469494479954,0.8813056379821959,0.0420999785
baseline_ensemble,3091,0.057535838822161955,0.8813056379821959,0.0420999853
baseline_ensemble,3092,0.05754698701801977,0.8813056379821959,0.0420999893
baseline_ensemble,3093,0.05755813953488372,0.8813056379821959,0.042099996
baseline_ensemble,3094,0.057569296375266525,0.8813056379821959,0.0421666396
baseline_ensemble,3095,0.057580457541682825,0.8813056379821959,0.042166651199999995
baseline_ensemble,3096,0.05759162303664921,0.8813056379821959,0.0421999728
baseline_ensemble,3097,0.05760279286268425,0.8813056379821959,0.042199980299999995
baseline_ensemble,3098,0.05761396702230844,0.8813056379821959,0.0421999975
baseline_ensemble,3099,0.057625145518044235,0.8813056379821959,0.0422333069
baseline_ensemble,3100,0.05763632835241607,0.8813056379821959,0.0422333075
baseline_ensemble,3101,0.05764751552795031,0.8813056379821959,0.0422666447
baseline_ensemble,3102,0.05765870704717531,0.8813056379821959,0.042266647000000004
baseline_ensemble,3103,0.05766990291262136,0.8813056379821959,0.0422666493
baseline_ensemble,3104,0.05768110312682074,0.8813056379821959,0.042266650899999994
baseline_ensemble,3105,0.057692307692307696,0.8813056379821959,0.04233330589999999
baseline_ensemble,3106,0.05770351661161842,0.8813056379821959,0.042333315399999995
baseline_ensemble,3107,0.0577147298872911,0.8813056379821959,0.042366636299999996
baseline_ensemble,3108,0.05772594752186589,0.8813056379821959,0.04236664749999999
baseline_ensemble,3109,0.05773716951788491,0.8813056379821959,0.0424000156
baseline_ensemble,3110,0.05774839587789228,0.8813056379821959,0.042433310700000004
baseline_ensemble,3111,0.057759626604434074,0.8813056379821959,0.042433318100000006
baseline_ensemble,3112,0.05777086170005835,0.8813056379821959,0.042466637099999996
baseline_ensemble,3113,0.05778210116731518,0.8813056379821959,0.0424999721
baseline_ensemble,3114,0.05779334500875657,0.8813056379821959,0.0424999879
baseline_ensemble,3115,0.057804593226936554,0.8813056379821959,0.042499990700000004
baseline_ensemble,3116,0.057815845824411134,0.8813056379821959,0.0425333029
baseline_ensemble,3117,0.05782710280373832,0.8813056379821959,0.04253331120000001
baseline_ensemble,3118,0.05783836416747809,0.8813056379821959,0.0425333154
baseline_ensemble,3119,0.057849629918192445,0.8813056379821959,0.04256664
baseline_ensemble,3120,0.05786090005844535,0.8813056379821959,0.0426333035
baseline_ensemble,3121,0.05787217459080281,0.8813056379821959,0.042633311
baseline_ensemble,3122,0.05788345351783278,0.8813056379821959,0.0426333166
baseline_ensemble,3123,0.05789473684210526,0.8813056379821959,0.042666646600000004
baseline_ensemble,3124,0.05790602456619224,0.8813056379821959,0.042666662699999996
baseline_ensemble,3125,0.057917316692667704,0.8813056379821959,0.042699969399999996
baseline_ensemble,3126,0.05792861322410767,0.8813056379821959,0.042699970500000003
baseline_ensemble,3127,0.05793991416309013,0.8813056379821959,0.0426999733
baseline_ensemble,3128,0.057951219512195125,0.8813056379821959,0.0426999774
baseline_ensemble,3129,0.057962529274004686,0.8813056379821959,0.0426999812
baseline_ensemble,3130,0.05797384345110287,0.8813056379821959,0.0427333068
baseline_ensemble,3131,0.057985162046075754,0.8813056379821959,0.04273330969999999
baseline_ensemble,3132,0.05799648506151142,0.8813056379821959,0.042766632799999996
baseline_ensemble,3133,0.0580078125,0.8813056379821959,0.0427666441
baseline_ensemble,3134,0.05801914436413362,0.8813056379821959,0.04279997320000001
baseline_ensemble,3135,0.05803048065650645,0.8813056379821959,0.042799973299999995
baseline_ensemble,3136,0.05804182137971468,0.8813056379821959,0.0428333078
baseline_ensemble,3137,0.05805316653635653,0.8813056379821959,0.0428333302
baseline_ensemble,3138,0.05806451612903226,0.8813056379821959,0.0428333521
baseline_ensemble,3139,0.058075870160344156,0.8813056379821959,0.0428666351
baseline_ensemble,3140,0.05808722863289654,0.8813056379821959,0.04286663529999999
baseline_ensemble,3141,0.058098591549295774,0.8813056379821959,0.0428666405
baseline_ensemble,3142,0.05810995891215026,0.8813056379821959,0.0428666427
baseline_ensemble,3143,0.05812133072407045,0.8813056379821959,0.042866656
baseline_ensemble,3144,0.05813270698766882,0.8813056379821959,0.042866656899999994
baseline_ensemble,3145,0.058144087705559906,0.8813056379821959,0.0428666609
baseline_ensemble,3146,0.05815547288036029,0.8813056379821959,0.0428999703
baseline_ensemble,3147,0.058166862514688604,0.8813056379821959,0.0428999835
baseline_ensemble,3148,0.058178256611165526,0.8813056379821959,0.0429333044
baseline_ensemble,3149,0.05818965517241379,0.8813056379821959,0.042933309999999995
baseline_ensemble,3150,0.0582010582010582,0.8813056379821959,0.0429333108
baseline_ensemble,3151,0.058212465699725595,0.8813056379821959,0.0429333354
baseline_ensemble,3152,0.058223877671044894,0.8813056379821959,0.042966640800000004
baseline_ensemble,3153,0.05823529411764706,0.8813056379821959,0.0429666439
baseline_ensemble,3154,0.05824671504216513,0.8813056379821959,0.0429666558
baseline_ensemble,3155,0.05825814044723421,0.8813056379821959,0.0429999721
baseline_ensemble,3156,0.05826957033549147,0.8813056379821959,0.0430333171
baseline_ensemble,3157,0.05828100470957614,0.8813056379821959,0.0430333558
baseline_ensemble,3158,0.05829244357212954,0.8813056379821959,0.043066632400000006
baseline_ensemble,3159,0.05830388692579505,0.8813056379821959,0.0430666381
baseline_ensemble,3160,0.058315334773218146,0.8813056379821959,0.043066643099999996
baseline_ensemble,3161,0.05832678711704635,0.8813056379821959,0.0430666495
baseline_ensemble,3162,0.05833824395992929,0.8813056379821959,0.0430999792
baseline_ensemble,3163,0.05834970530451866,0.8813056379821959,0.04313330509999999
baseline_ensemble,3164,0.05836117115346826,0.8813056379821959,0.043133308700000005
baseline_ensemble,3165,0.05837264150943396,0.8813056379821959,0.043133310300000005
baseline_ensemble,3166,0.058384116375073715,0.8813056379821959,0.043133318200000006
baseline_ensemble,3167,0.058395595753047584,0.8813056379821959,0.0431333205
baseline_ensemble,3168,0.0584070796460177,0.8813056379821959,0.0431666493
baseline_ensemble,3169,0.05841856805664831,0.8813056379821959,0.0431666498
baseline_ensemble,3170,0.058430060987605746,0.8813056379821959,0.043166654
baseline_ensemble,3171,0.05844155844155844,0.8813056379821959,0.043199970500000004
baseline_ensemble,3172,0.058453060421176935,0.8813056379821959,0.043199972
baseline_ensemble,3173,0.058464566929133856,0.8813056379821959,0.0432333087
baseline_ensemble,3174,0.05847607796810396,0.8813056379821959,0.04323331130000001
baseline_ensemble,3175,0.058487593540764084,0.8813056379821959,0.043266635299999995
baseline_ensemble,3176,0.05849911364979318,0.8813056379821959,0.0432999726
baseline_ensemble,3177,0.05851063829787234,0.8813056379821959,0.0432999807
baseline_ensemble,3178,0.058522167487684726,0.8813056379821959,0.0433333005
baseline_ensemble,3179,0.058533701221915646,0.8813056379821959,0.043333305200000005
baseline_ensemble,3180,0.058545239503252515,0.8813056379821959,0.043333332
baseline_ensemble,3181,0.058556782334384855,0.8813056379821959,0.04336664
baseline_ensemble,3182,0.05856832971800434,0.8813056379821959,0.0433666422
baseline_ensemble,3183,0.058579881656804736,0.8813056379821959,0.0433666425
baseline_ensemble,3184,0.05859143815348195,0.8813056379821959,0.04339997119999999
baseline_ensemble,3185,0.058602999210734016,0.8813056379821959,0.0433999785
baseline_ensemble,3186,0.0586145648312611,0.8813056379821959,0.043433307799999994
baseline_ensemble,3187,0.05862613501776549,0.8813056379821959,0.043466652099999996
baseline_ensemble,3188,0.05863770977295163,0.8813056379821959,0.043499968300000004
baseline_ensemble,3189,0.05864928909952607,0.8813056379821959,0.043533303
baseline_ensemble,3190,0.05866087300019751,0.8813056379821959,0.0435333331
baseline_ensemble,3191,0.05867246147767681,0.8813056379821959,0.0435333436
baseline_ensemble,3192,0.05868405453467694,0.8813056379821959,0.0435666559
baseline_ensemble,3193,0.058695652173913045,0.8813056379821959,0.043599976900000004
baseline_ensemble,3194,0.05870725439810239,0.8813056379821959,0.0436000084
baseline_ensemble,3195,0.05871886120996441,0.8813056379821959,0.0436333024
baseline_ensemble,3196,0.05873047261222068,0.8813056379821959,0.043633309599999996
baseline_ensemble,3197,0.05874208860759494,0.8813056379821959,0.043633313699999995
baseline_ensemble,3198,0.05875370919881306,0.8813056379821959,0.0436999609
baseline_ensemble,3199,0.05876533438860309,0.8813056379821959,0.04369997199999999
baseline_ensemble,3200,0.05877696417969523,0.8813056379821959,0.0436999815
baseline_ensemble,3201,0.058788598574821854,0.8813056379821959,0.043699989700000004
baseline_ensemble,3202,0.058800237576717485,0.8813056379821959,0.0437666339
baseline_ensemble,3203,0.05881188118811881,0.8813056379821959,0.0437666875
baseline_ensemble,3204,0.058823529411764705,0.8813056379821959,0.0437999721
baseline_ensemble,3205,0.0588351822503962,0.8813056379821959,0.043799979700000005
baseline_ensemble,3206,0.05884683970675649,0.8813056379821959,0.0437999945
baseline_ensemble,3207,0.058858501783590964,0.8813056379821959,0.0438333107
baseline_ensemble,3208,0.05887016848364718,0.8813056379821959,0.043833313799999996
baseline_ensemble,3209,0.05888183980967486,0.8813056379821959,0.043866636
baseline_ensemble,3210,0.05889351576442594,0.8813056379821959,0.043866639
baseline_ensemble,3211,0.058905196350654505,0.8813056379821959,0.043866647
baseline_ensemble,3212,0.05891688157111684,0.8813056379821959,0.0438666747
baseline_ensemble,3213,0.05892857142857143,0.8813056379821959,0.04389997739999999
baseline_ensemble,3214,0.058940265925778924,0.8813056379821959,0.0439333221
baseline_ensemble,3215,0.05895196506550218,0.8813056379821959,0.0439333303
baseline_ensemble,3216,0.05896366885050625,0.8813056379821959,0.0439666441
baseline_ensemble,3217,0.05897537728355838,0.8813056379821959,0.04399996960000001
baseline_ensemble,3218,0.058987090367428004,0.8813056379821959,0.043999972
baseline_ensemble,3219,0.05899880810488677,0.8813056379821959,0.0439999722
baseline_ensemble,3220,0.059010530498708524,0.8813056379821959,0.0439999817
baseline_ensemble,3221,0.059022257551669316,0.8813056379821959,0.0440333173
baseline_ensemble,3222,0.059033989266547404,0.8813056379821959,0.0441666369
baseline_ensemble,3223,0.05904572564612326,0.8813056379821959,0.0441666402
baseline_ensemble,3224,0.05905746669317956,0.8813056379821959,0.044166664700000004
baseline_ensemble,3225,0.05906921241050119,0.8813056379821959,0.044233303
baseline_ensemble,3226,0.05908096280087528,0.8813056379821959,0.044233308
baseline_ensemble,3227,0.059092717867091124,0.8813056379821959,0.04423332779999999
baseline_ensemble,3228,0.0591044776119403,0.8813056379821959,0.044266633199999995
baseline_ensemble,3229,0.05911624203821656,0.8813056379821959,0.0442999788
baseline_ensemble,3230,0.05912801114871591,0.8813056379821959,0.044300001500000005
baseline_ensemble,3231,0.05913978494623656,0.8813056379821959,0.0443333019
baseline_ensemble,3232,0.05915156343357897,0.8813056379821959,0.044366648499999994
baseline_ensemble,3233,0.05916334661354582,0.8813056379821959,0.0443999763
baseline_ensemble,3234,0.05917513448894202,0.8813056379821959,0.0444666451
baseline_ensemble,3235,0.05918692706257473,0.8813056379821959,0.0444666539
baseline_ensemble,3236,0.05919872433725334,0.8813056379821959,0.0444666726
baseline_ensemble,3237,0.05921052631578947,0.8813056379821959,0.0444999714
baseline_ensemble,3238,0.05922233300099701,0.8813056379821959,0.044499991
baseline_ensemble,3239,0.059234144395692065,0.8813056379821959,0.0445333011
baseline_ensemble,3240,0.059245960502693,0.8813056379821959,0.0445333047
baseline_ensemble,3241,0.05925778132482043,0.8813056379821959,0.0445333123
baseline_ensemble,3242,0.059269606864897226,0.8813056379821959,0.0445999711
baseline_ensemble,3243,0.0592814371257485,0.8813056379821959,0.044599974
baseline_ensemble,3244,0.05929327211020164,0.8813056379821959,0.044599983700000005
baseline_ensemble,3245,0.05930511182108626,0.8813056379821959,0.0446333054
baseline_ensemble,3246,0.059316956261234274,0.8813056379821959,0.044633311599999996
baseline_ensemble,3247,0.05932880543347983,0.8813056379821959,0.04466664210000001
baseline_ensemble,3248,0.05934065934065934,0.8813056379821959,0.0446666792
baseline_ensemble,3249,0.05935251798561151,0.8813056379821959,0.0446999994
baseline_ensemble,3250,0.05936438137117729,0.8813056379821959,0.044700002700000005
baseline_ensemble,3251,0.05937624950019992,0.8813056379821959,0.0447333214
baseline_ensemble,3252,0.0593881223755249,0.8813056379821959,0.0447666439
baseline_ensemble,3253,0.0594,0.8813056379821959,0.044800004399999996
baseline_ensemble,3254,0.059411882376475295,0.8813056379821959,0.0448333107
baseline_ensemble,3255,0.05942376950780312,0.8813056379821959,0.044833330299999995
baseline_ensemble,3256,0.059435661396838105,0.8813056379821959,0.044866630799999994
baseline_ensemble,3257,0.05944755804643715,0.8813056379821959,0.0448999722
baseline_ensemble,3258,0.05945945945945946,0.8813056379821959,0.0448999812
baseline_ensemble,3259,0.05947136563876652,0.8813056379821959,0.0448999909
baseline_ensemble,3260,0.05948327658722211,0.8813056379821959,0.0449000108
baseline_ensemble,3261,0.059495192307692304,0.8813056379821959,0.0449333173
baseline_ensemble,3262,0.059507112803045485,0.8813056379821959,0.0449333226
baseline_ensemble,3263,0.0595190380761523,0.8813056379821959,0.0449666533
baseline_ensemble,3264,0.05953096812988575,0.8813056379821959,0.0449666544
baseline_ensemble,3265,0.05954290296712109,0.8813056379821959,0.044966655
baseline_ensemble,3266,0.059554842590735915,0.8813056379821959,0.044999972299999996
baseline_ensemble,3267,0.05956678700361011,0.8813056379821959,0.0449999804
baseline_ensemble,3268,0.05957873620862588,0.8813056379821959,0.04500002010000001
baseline_ensemble,3269,0.05959069020866774,0.8813056379821959,0.0450333006
baseline_ensemble,3270,0.059602649006622516,0.8813056379821959,0.0450333021
baseline_ensemble,3271,0.05961461260537937,0.8813056379821959,0.045066630999999996
baseline_ensemble,3272,0.059626581007829756,0.8813056379821959,0.045099966899999996
baseline_ensemble,3273,0.05963855421686747,0.8813056379821959,0.0450999799
baseline_ensemble,3274,0.05965053223538863,0.8813056379821959,0.0450999973
baseline_ensemble,3275,0.05966251506629169,0.8813056379821959,0.0451333143
baseline_ensemble,3276,0.059674502712477394,0.8813056379821959,0.0451666404
baseline_ensemble,3277,0.059686495176848875,0.8813056379821959,0.0451666433
baseline_ensemble,3278,0.059698492462311556,0.8813056379821959,0.045166646100000006
baseline_ensemble,3279,0.05971049457177322,0.8813056379821959,0.045166654
baseline_ensemble,3280,0.059722501508143976,0.8813056379821959,0.045199975899999995
baseline_ensemble,3281,0.059734513274336286,0.8813056379821959,0.045266638
baseline_ensemble,3282,0.05974652987326494,0.8813056379821959,0.0452666418
baseline_ensemble,3283,0.05975855130784708,0.8813056379821959,0.045266646
baseline_ensemble,3284,0.05977057758100222,0.8813056379821959,0.045266647800000004
baseline_ensemble,3285,0.059782608695652176,0.8813056379821959,0.04526666259999999
baseline_ensemble,3286,0.05979464465472116,0.8813056379821959,0.045266685200000004
baseline_ensemble,3287,0.059806685461135725,0.8813056379821959,0.045299974300000004
baseline_ensemble,3288,0.05981873111782477,0.8813056379821959,0.0453333174
baseline_ensemble,3289,0.059830781627719584,0.8813056379821959,0.045333325300000005
baseline_ensemble,3290,0.05984283699375378,0.8813056379821959,0.0453666386
baseline_ensemble,3291,0.05985489721886336,0.8813056379821959,0.045366642400000004
baseline_ensemble,3292,0.0598669623059867,0.8813056379821959,0.045399988100000004
baseline_ensemble,3293,0.05987903225806451,0.8813056379821959,0.0454666363
baseline_ensemble,3294,0.05989110707803993,0.8813056379821959,0.0454999723
baseline_ensemble,3295,0.05990318676885841,0.8813056379821959,0.0454999782
baseline_ensemble,3296,0.05991527133346782,0.8813056379821959,0.0454999922
baseline_ensemble,3297,0.0599273607748184,0.8813056379821959,0.0454999986
baseline_ensemble,3298,0.059939455095862765,0.8813056379821959,0.0455333079
baseline_ensemble,3299,0.05995155429955591,0.8813056379821959,0.0455666445
baseline_ensemble,3300,0.05996365838885524,0.8813056379821959,0.04556665
baseline_ensemble,3301,0.059975767366720514,0.8813056379821959,0.0455999693
baseline_ensemble,3302,0.05998788123611391,0.8813056379821959,0.045599970399999995
baseline_ensemble,3303,0.06,0.8813056379821959,0.0455999755
baseline_ensemble,3304,0.06001212366134573,0.8813056379821959,0.0456332994
baseline_ensemble,3305,0.06002425222312045,0.8813056379821959,0.045633306600000006
baseline_ensemble,3306,0.06003638568829594,0.8813056379821959,0.0456333131
baseline_ensemble,3307,0.06004852405984634,0.8813056379821959,0.0456333238
baseline_ensemble,3308,0.06006066734074823,0.8813056379821959,0.0456666376
baseline_ensemble,3309,0.060072815533980584,0.8813056379821959,0.045666638899999994
baseline_ensemble,3310,0.060084968642524786,0.8813056379821959,0.0456666466
baseline_ensemble,3311,0.06009712666936463,0.8813056379821959,0.0456666498
baseline_ensemble,3312,0.060109289617486336,0.8813056379821959,0.04566665319999999
baseline_ensemble,3313,0.060121457489878544,0.8813056379821959,0.04583330959999999
baseline_ensemble,3314,0.060133630289532294,0.8813056379821959,0.045833311
baseline_ensemble,3315,0.06014580801944107,0.8813056379821959,0.0458666339
baseline_ensemble,3316,0.06015799068260077,0.8813056379821959,0.0458666478
baseline_ensemble,3317,0.060170178282009726,0.8813056379821959,0.0458666656
baseline_ensemble,3318,0.06018237082066869,0.8813056379821959,0.0458666667
baseline_ensemble,3319,0.06019456830158087,0.8813056379821959,0.045866669
baseline_ensemble,3320,0.06020677072775187,0.8813056379821959,0.0458999733
baseline_ensemble,3321,0.060218978102189784,0.8813056379821959,0.04589997380000001
baseline_ensemble,3322,0.06023119042790509,0.8813056379821959,0.0459000026
baseline_ensemble,3323,0.06024340770791075,0.8813056379821959,0.0459666389
baseline_ensemble,3324,0.060255629945222156,0.8813056379821959,0.045999972599999994
baseline_ensemble,3325,0.060267857142857144,0.8813056379821959,0.046033298699999996
baseline_ensemble,3326,0.06028008930383601,0.8813056379821959,0.0460333339
baseline_ensemble,3327,0.06029232643118149,0.8813056379821959,0.0460333437
baseline_ensemble,3328,0.06030456852791878,0.8813056379821959,0.046066644899999995
baseline_ensemble,3329,0.06031681559707555,0.8813056379821959,0.0460666573
baseline_ensemble,3330,0.0603290676416819,0.8813056379821959,0.046099971499999996
baseline_ensemble,3331,0.06034132466477042,0.8813056379821959,0.0461000052
baseline_ensemble,3332,0.060353586669376146,0.8813056379821959,0.046133302099999995
baseline_ensemble,3333,0.060365853658536583,0.8813056379821959,0.04613331259999999
baseline_ensemble,3334,0.06037812563529173,0.8813056379821959,0.04616663309999999
baseline_ensemble,3335,0.06039040260268402,0.8813056379821959,0.046166639599999997
baseline_ensemble,3336,0.06040268456375839,0.8813056379821959,0.04616664360000001
baseline_ensemble,3337,0.06041497152156224,0.8813056379821959,0.0461666466
baseline_ensemble,3338,0.060427263479145475,0.8813056379821959,0.0461666554
baseline_ensemble,3339,0.06043956043956044,0.8813056379821959,0.0461999719
baseline_ensemble,3340,0.060451862405862,0.8813056379821959,0.046199974899999996
baseline_ensemble,3341,0.06046416938110749,0.8813056379821959,0.046199976
baseline_ensemble,3342,0.06047648136835675,0.8813056379821959,0.0461999767
baseline_ensemble,3343,0.0604887983706721,0.8813056379821959,0.046233301100000006
baseline_ensemble,3344,0.06050112039111835,0.8813056379821959,0.0462666434
baseline_ensemble,3345,0.06051344743276284,0.8813056379821959,0.046266644200000005
baseline_ensemble,3346,0.06052577949867536,0.8813056379821959,0.0462666445
baseline_ensemble,3347,0.06053811659192825,0.8813056379821959,0.0462666447
baseline_ensemble,3348,0.060550458715596334,0.8813056379821959,0.0462666459
baseline_ensemble,3349,0.060562805872756934,0.8813056379821959,0.0462666486
baseline_ensemble,3350,0.0605751580664899,0.8813056379821959,0.046266655899999995
baseline_ensemble,3351,0.0605875152998776,0.8813056379821959,0.0462999816
baseline_ensemble,3352,0.0605998775760049,0.8813056379821959,0.0463333073
baseline_ensemble,3353,0.06061224489795918,0.8813056379821959,0.0463666519
baseline_ensemble,3354,0.06062461726883037,0.8813056379821959,0.0463999724
baseline_ensemble,3355,0.0606369946917109,0.8813056379821959,0.0463999831
baseline_ensemble,3356,0.060649377169695734,0.8813056379821959,0.0464666427
baseline_ensemble,3357,0.06066176470588235,0.8813056379821959,0.046499974300000003
baseline_ensemble,3358,0.060674157303370786,0.8813056379821959,0.0465666332
baseline_ensemble,3359,0.06068655496526359,0.8813056379821959,0.0465666355
baseline_ensemble,3360,0.06069895769466585,0.8813056379821959,0.046566644000000004
baseline_ensemble,3361,0.0607113654946852,0.8813056379821959,0.0465667009
baseline_ensemble,3362,0.06051932120220814,0.8783382789317508,0.0465999722
baseline_ensemble,3363,0.06053169734151329,0.8783382789317508,0.0466000123
baseline_ensemble,3364,0.060544078543669465,0.8783382789317508,0.0466333081
baseline_ensemble,3365,0.060556464811783964,0.8783382789317508,0.0466333135
baseline_ensemble,3366,0.06056885614896665,0.8783382789317508,0.04663332789999999
baseline_ensemble,3367,0.06058125255832992,0.8783382789317508,0.0466666439
baseline_ensemble,3368,0.06059365404298874,0.8783382789317508,0.0466666457
baseline_ensemble,3369,0.06060606060606061,0.8783382789317508,0.046699974299999995
baseline_ensemble,3370,0.06061847225066557,0.8783382789317508,0.04673330729999999
baseline_ensemble,3371,0.06063088897992626,0.8783382789317508,0.0467333074
baseline_ensemble,3372,0.06064331079696784,0.8783382789317508,0.046733308800000005
baseline_ensemble,3373,0.060655737704918035,0.8783382789317508,0.0467666572
baseline_ensemble,3374,0.06066816970690715,0.8783382789317508,0.0468333009
baseline_ensemble,3375,0.06068060680606806,0.8783382789317508,0.046899972399999997
baseline_ensemble,3376,0.06069304900553619,0.8783382789317508,0.0469333018
baseline_ensemble,3377,0.06070549630844955,0.8783382789317508,0.0469333452
baseline_ensemble,3378,0.060717948717948715,0.8783382789317508,0.0469666469
baseline_ensemble,3379,0.060730406237176855,0.8783382789317508,0.046999965299999995
baseline_ensemble,3380,0.0607428688692797,0.8783382789317508,0.0469999671
baseline_ensemble,3381,0.060755336617405585,0.8783382789317508,0.0469999688
baseline_ensemble,3382,0.0607678094847054,0.8783382789317508,0.0469999822
baseline_ensemble,3383,0.06078028747433265,0.8783382789317508,0.0470333038
baseline_ensemble,3384,0.06079277058944342,0.8783382789317508,0.0470333071
baseline_ensemble,3385,0.06080525883319639,0.8783382789317508,0.0470333186
baseline_ensemble,3386,0.06081775220875282,0.8783382789317508,0.0470666362
baseline_ensemble,3387,0.06083025071927661,0.8783382789317508,0.0470666385
baseline_ensemble,3388,0.060842754367934224,0.8783382789317508,0.0470666545
baseline_ensemble,3389,0.06085526315789474,0.8783382789317508,0.0470999748
baseline_ensemble,3390,0.060867777092329836,0.8783382789317508,0.0470999773
baseline_ensemble,3391,0.060880296174413824,0.8783382789317508,0.0470999953
baseline_ensemble,3392,0.0608928204073236,0.8783382789317508,0.0470999972
baseline_ensemble,3393,0.060905349794238686,0.8783382789317508,0.0471666358
baseline_ensemble,3394,0.06091788433834122,0.8783382789317508,0.0471666449
baseline_ensemble,3395,0.06093042404281598,0.8783382789317508,0.047166667
baseline_ensemble,3396,0.06094296891085032,0.8783382789317508,0.0471999724
baseline_ensemble,3397,0.060955518945634266,0.8783382789317508,0.0471999859
baseline_ensemble,3398,0.06096807415036045,0.8783382789317508,0.0472666443
baseline_ensemble,3399,0.060980634528224144,0.8783382789317508,0.0472999698
baseline_ensemble,3400,0.060993200082423246,0.8783382789317508,0.047299970100000005
baseline_ensemble,3401,0.06100577081615829,0.8783382789317508,0.0472999718
baseline_ensemble,3402,0.06101834673263245,0.8783382789317508,0.04729998180000001
baseline_ensemble,3403,0.06103092783505155,0.8783382789317508,0.047333309899999995
baseline_ensemble,3404,0.061043514126624045,0.8783382789317508,0.0473333142
baseline_ensemble,3405,0.06105610561056106,0.8783382789317508,0.0473333518
baseline_ensemble,3406,0.061068702290076333,0.8783382789317508,0.047399968699999996
baseline_ensemble,3407,0.0610813041683863,0.8783382789317508,0.0473999709
baseline_ensemble,3408,0.06109391124871001,0.8783382789317508,0.047433308199999996
baseline_ensemble,3409,0.0611065235342692,0.8783382789317508,0.047466635699999996
baseline_ensemble,3410,0.06111914102828825,0.8783382789317508,0.0474666393
baseline_ensemble,3411,0.06113176373399422,0.8783382789317508,0.0474666417
baseline_ensemble,3412,0.06114439165461681,0.8783382789317508,0.047466653500000004
baseline_ensemble,3413,0.06115702479338843,0.8783382789317508,0.047499967799999994
baseline_ensemble,3414,0.06116966315354412,0.8783382789317508,0.0474999737
baseline_ensemble,3415,0.06118230673832162,0.8783382789317508,0.0475666334
baseline_ensemble,3416,0.06119495555096134,0.8783382789317508,0.047566642799999996
baseline_ensemble,3417,0.06120760959470637,0.8783382789317508,0.0475666434
baseline_ensemble,3418,0.061220268872802484,0.8783382789317508,0.047566645
baseline_ensemble,3419,0.06123293338849814,0.8783382789317508,0.0475666467
baseline_ensemble,3420,0.061245603145044486,0.8783382789317508,0.0475666854
baseline_ensemble,3421,0.061258278145695365,0.8783382789317508,0.047599975999999995
baseline_ensemble,3422,0.06127095839370731,0.8783382789317508,0.047666634
baseline_ensemble,3423,0.06128364389233954,0.8783382789317508,0.0476666372
baseline_ensemble,3424,0.061296334644854004,0.8783382789317508,0.0476999716
baseline_ensemble,3425,0.061309030654515324,0.8783382789317508,0.04776664579999999
baseline_ensemble,3426,0.061321731924590846,0.8783382789317508,0.0477666502
baseline_ensemble,3427,0.0613344384583506,0.8783382789317508,0.0478333001
baseline_ensemble,3428,0.06134715025906736,0.8783382789317508,0.047833307
baseline_ensemble,3429,0.06135986733001658,0.8783382789317508,0.047833307199999994
baseline_ensemble,3430,0.061372589674476466,0.8783382789317508,0.04783331230000001
baseline_ensemble,3431,0.061385317295727916,0.8783382789317508,0.0478333161
baseline_ensemble,3432,0.061398050197054556,0.8783382789317508,0.0478333252
baseline_ensemble,3433,0.061410788381742736,0.8783382789317508,0.047833355699999996
baseline_ensemble,3434,0.06142353185308155,0.8783382789317508,0.047866642499999994
baseline_ensemble,3435,0.061436280614362807,0.8783382789317508,0.0479333073
baseline_ensemble,3436,0.06144903466888105,0.8783382789317508,0.0479333208
baseline_ensemble,3437,0.061461794019933555,0.8783382789317508,0.0479999854
baseline_ensemble,3438,0.061474558670820356,0.8783382789317508,0.048033300599999995
baseline_ensemble,3439,0.061487328624844205,0.8783382789317508,0.048033306299999995
baseline_ensemble,3440,0.06150010388531062,0.8783382789317508,0.0480666372
baseline_ensemble,3441,0.06151288445552785,0.8783382789317508,0.0480666386
baseline_ensemble,3442,0.061525670338806904,0.8783382789317508,0.048099985
baseline_ensemble,3443,0.06153846153846154,0.8783382789317508,0.048099988399999995
baseline_ensemble,3444,0.06155125805780828,0.8783382789317508,0.048133299
baseline_ensemble,3445,0.06156405990016639,0.8783382789317508,0.04813330059999999
baseline_ensemble,3446,0.06157686706885791,0.8783382789317508,0.0481333117
baseline_ensemble,3447,0.06158967956720766,0.8783382789317508,0.0481333318
baseline_ensemble,3448,0.061602497398543184,0.8783382789317508,0.04816664179999999
baseline_ensemble,3449,0.061615320566194835,0.8783382789317508,0.0481666446
baseline_ensemble,3450,0.06162814907349573,0.8783382789317508,0.0481999688
baseline_ensemble,3451,0.061640982923781756,0.8783382789317508,0.0481999785
baseline_ensemble,3452,0.06165382212039158,0.8783382789317508,0.0481999807
baseline_ensemble,3453,0.06166666666666667,0.8783382789317508,0.04819998140000001
baseline_ensemble,3454,0.06167951656595124,0.8783382789317508,0.0481999913
baseline_ensemble,3455,0.06169237182159233,0.8783382789317508,0.0481999979
baseline_ensemble,3456,0.061705232436939754,0.8783382789317508,0.0482000075
baseline_ensemble,3457,0.061718098415346125,0.8783382789317508,0.048200045600000005
baseline_ensemble,3458,0.06173096976016684,0.8783382789317508,0.048233309499999995
baseline_ensemble,3459,0.06174384647476012,0.8783382789317508,0.0482666341
baseline_ensemble,3460,0.061756728562486964,0.8783382789317508,0.0483000009
baseline_ensemble,3461,0.06176961602671119,0.8783382789317508,0.048333313899999994
baseline_ensemble,3462,0.06178250887079942,0.8783382789317508,0.048333316
baseline_ensemble,3463,0.061795407098121084,0.8783382789317508,0.0483666324
baseline_ensemble,3464,0.061808310712048446,0.8783382789317508,0.048366635299999995
baseline_ensemble,3465,0.061821219715956555,0.8783382789317508,0.0483666371
baseline_ensemble,3466,0.06183413411322331,0.8783382789317508,0.0483666462
baseline_ensemble,3467,0.06184705390722942,0.8783382789317508,0.048366651999999996
baseline_ensemble,3468,0.06185997910135841,0.8783382789317508,0.04839997409999999
baseline_ensemble,3469,0.061872909698996656,0.8783382789317508,0.0484000019
baseline_ensemble,3470,0.061885845703533345,0.8783382789317508,0.048433302
baseline_ensemble,3471,0.06189878711836052,0.8783382789317508,0.0484333234
baseline_ensemble,3472,0.06191173394687304,0.8783382789317508,0.0484666321
baseline_ensemble,3473,0.06192468619246862,0.8783382789317508,0.0484999806
baseline_ensemble,3474,0.06193764385854782,0.8783382789317508,0.0485999789
baseline_ensemble,3475,0.06195060694851402,0.8783382789317508,0.0485999838
baseline_ensemble,3476,0.061963575465773496,0.8783382789317508,0.0486332983
baseline_ensemble,3477,0.06197654941373534,0.8783382789317508,0.0486332997
baseline_ensemble,3478,0.061989528795811516,0.8783382789317508,0.048633308300000004
baseline_ensemble,3479,0.062002513615416845,0.8783382789317508,0.04866664169999999
baseline_ensemble,3480,0.06201550387596899,0.8783382789317508,0.048699968899999994
baseline_ensemble,3481,0.06202849958088852,0.8783382789317508,0.0487333033
baseline_ensemble,3482,0.06204150073359883,0.8783382789317508,0.048733308700000005
baseline_ensemble,3483,0.0620545073375262,0.8783382789317508,0.0487333238
baseline_ensemble,3484,0.062067519396099814,0.8783382789317508,0.0487666332
baseline_ensemble,3485,0.06208053691275168,0.8783382789317508,0.0487666431
baseline_ensemble,3486,0.06209355989091672,0.8783382789317508,0.048799970799999995
baseline_ensemble,3487,0.06210658833403273,0.8783382789317508,0.048799971399999996
baseline_ensemble,3488,0.0621196222455404,0.8783382789317508,0.0487999817
baseline_ensemble,3489,0.06213266162888329,0.8783382789317508,0.0488000028
baseline_ensemble,3490,0.062145706487507876,0.8783382789317508,0.0488332982
baseline_ensemble,3491,0.0621587568248635,0.8783382789317508,0.048833313
baseline_ensemble,3492,0.062171812644402434,0.8783382789317508,0.048833321299999996
baseline_ensemble,3493,0.06218487394957983,0.8783382789317508,0.0488333428
baseline_ensemble,3494,0.06198781256566505,0.8753709198813057,0.048866648400000004
baseline_ensemble,3495,0.06200084068936528,0.8753709198813057,0.0488666495
baseline_ensemble,3496,0.06201387429051924,0.8753709198813057,0.0488666507
baseline_ensemble,3497,0.062026913372582,0.8753709198813057,0.0488999686
baseline_ensemble,3498,0.06203995793901157,0.8753709198813057,0.0488999728
baseline_ensemble,3499,0.06205300799326883,0.8753709198813057,0.0488999784
baseline_ensemble,3500,0.062066063538817585,0.8753709198813057,0.0489333282
baseline_ensemble,3501,0.06207912457912458,0.8753709198813057,0.048999990300000004
baseline_ensemble,3502,0.06209219111765944,0.8753709198813057,0.0490333005
baseline_ensemble,3503,0.06210526315789474,0.8753709198813057,0.049033307
baseline_ensemble,3504,0.062118340703305956,0.8753709198813057,0.049033313800000006
baseline_ensemble,3505,0.062131423757371525,0.8753709198813057,0.049066646600000006
baseline_ensemble,3506,0.062144512323572786,0.8753709198813057,0.049066653700000004
baseline_ensemble,3507,0.062157606405394014,0.8753709198813057,0.0490999746
baseline_ensemble,3508,0.06217070600632244,0.8753709198813057,0.049099976399999995
baseline_ensemble,3509,0.06218381112984823,0.8753709198813057,0.0490999823
baseline_ensemble,3510,0.062196921779464474,0.8753709198813057,0.04916664
baseline_ensemble,3511,0.06221003795866723,0.8753709198813057,0.049233318199999994
baseline_ensemble,3512,0.06222315967095549,0.8753709198813057,0.0492666455
baseline_ensemble,3513,0.06223628691983123,0.8753709198813057,0.049266647600000005
baseline_ensemble,3514,0.062249419708799325,0.8753709198813057,0.049299970000000005
baseline_ensemble,3515,0.06226255804136767,0.8753709198813057,0.0492999898
baseline_ensemble,3516,0.062275701921047075,0.8753709198813057,0.049333301700000005
baseline_ensemble,3517,0.06228885135135135,0.8753709198813057,0.049333301899999994
baseline_ensemble,3518,0.06230200633579725,0.8753709198813057,0.04933330489999999
baseline_ensemble,3519,0.06231516687790452,0.8753709198813057,0.0493333228
baseline_ensemble,3520,0.06232833298119586,0.8753709198813057,0.0493666312
baseline_ensemble,3521,0.06234150464919696,0.8753709198813057,0.0493666449
baseline_ensemble,3522,0.06235468188543648,0.8753709198813057,0.0493666452
baseline_ensemble,3523,0.06236786469344609,0.8753709198813057,0.0493666454
baseline_ensemble,3524,0.062381053076760416,0.8753709198813057,0.04936664959999999
baseline_ensemble,3525,0.06239424703891709,0.8753709198813057,0.049366664000000005
baseline_ensemble,3526,0.06240744658345674,0.8753709198813057,0.0493999617
baseline_ensemble,3527,0.06242065171392298,0.8753709198813057,0.049399968499999995
baseline_ensemble,3528,0.06243386243386243,0.8753709198813057,0.0493999699
baseline_ensemble,3529,0.06244707874682472,0.8753709198813057,0.0493999717
baseline_ensemble,3530,0.06246030065636248,0.8753709198813057,0.049399992899999995
baseline_ensemble,3531,0.06247352816603134,0.8753709198813057,0.049433304899999995
baseline_ensemble,3532,0.06248676127938996,0.8753709198813057,0.0494333068
baseline_ensemble,3533,0.0625,0.8753709198813057,0.0494666411
baseline_ensemble,3534,0.06251324433142615,0.8753709198813057,0.0494666528
baseline_ensemble,3535,0.06252649427723611,0.8753709198813057,0.0494666798
baseline_ensemble,3536,0.06253974984100064,0.8753709198813057,0.0494999731
baseline_ensemble,3537,0.06255301102629347,0.8753709198813057,0.0494999765
baseline_ensemble,3538,0.06256627783669141,0.8753709198813057,0.04949998039999999
baseline_ensemble,3539,0.06257955027577429,0.8753709198813057,0.049533329800000005
baseline_ensemble,3540,0.06259282834712497,0.8753709198813057,0.049533338600000004
baseline_ensemble,3541,0.06260611205432937,0.8753709198813057,0.049566631900000005
baseline_ensemble,3542,0.06261940140097644,0.8753709198813057,0.049599972199999995
baseline_ensemble,3543,0.06263269639065817,0.8753709198813057,0.0496666397
baseline_ensemble,3544,0.06264599702696963,0.8753709198813057,0.049666641399999996
baseline_ensemble,3545,0.06265930331350893,0.8753709198813057,0.049666662300000004
baseline_ensemble,3546,0.0626726152538772,0.8753709198813057,0.0496999718
baseline_ensemble,3547,0.06268593285167871,0.8753709198813057,0.049699986
baseline_ensemble,3548,0.06269925611052073,0.8753709198813057,0.0497666356
baseline_ensemble,3549,0.0627125850340136,0.8753709198813057,0.049799963200000005
baseline_ensemble,3550,0.06272591962577079,0.8753709198813057,0.0497999675
baseline_ensemble,3551,0.06273925988940876,0.8753709198813057,0.0497999932
baseline_ensemble,3552,0.06275260582854712,0.8753709198813057,0.0498332933
baseline_ensemble,3553,0.0627659574468085,0.8753709198813057,0.0498666371
baseline_ensemble,3554,0.06277931474781868,0.8753709198813057,0.049866639399999996
baseline_ensemble,3555,0.06279267773520647,0.8753709198813057,0.0498666547
baseline_ensemble,3556,0.06280604641260379,0.8753709198813057,0.0498999953
baseline_ensemble,3557,0.06281942078364565,0.8753709198813057,0.0499333006
baseline_ensemble,3558,0.06283280085197018,0.8753709198813057,0.0499333093
baseline_ensemble,3559,0.06284618662121857,0.8753709198813057,0.0499666445
baseline_ensemble,3560,0.06285957809503516,0.8753709198813057,0.0499666467
baseline_ensemble,3561,0.06287297527706735,0.8753709198813057,0.0499999685
baseline_ensemble,3562,0.06288637817096568,0.8753709198813057,0.050033298899999995
baseline_ensemble,3563,0.0628997867803838,0.8753709198813057,0.050066642499999994
baseline_ensemble,3564,0.06291320110897847,0.8753709198813057,0.0501333002
baseline_ensemble,3565,0.06292662116040956,0.8753709198813057,0.050133306100000004
baseline_ensemble,3566,0.06294004693834009,0.8753709198813057,0.0501666406
baseline_ensemble,3567,0.06295347844643619,0.8753709198813057,0.0501666485
baseline_ensemble,3568,0.06296691568836713,0.8753709198813057,0.050166654899999996
baseline_ensemble,3569,0.0629803586678053,0.8753709198813057,0.05019996139999999
baseline_ensemble,3570,0.06299380738842622,0.8753709198813057,0.0501999714
baseline_ensemble,3571,0.06300726185390859,0.8753709198813057,0.0501999734
baseline_ensemble,3572,0.0630207220679342,0.8753709198813057,0.0501999794
baseline_ensemble,3573,0.06303418803418803,0.8753709198813057,0.0501999882
baseline_ensemble,3574,0.06304765975635819,0.8753709198813057,0.0502333081
baseline_ensemble,3575,0.06306113723813596,0.8753709198813057,0.050233329
baseline_ensemble,3576,0.06307462048321574,0.8753709198813057,0.0502666366
baseline_ensemble,3577,0.06308810949529513,0.8753709198813057,0.0502666467
baseline_ensemble,3578,0.06310160427807486,0.8753709198813057,0.0502666524
baseline_ensemble,3579,0.06311510483525888,0.8753709198813057,0.050299980900000006
baseline_ensemble,3580,0.06312861117055425,0.8753709198813057,0.0503333002
baseline_ensemble,3581,0.06314212328767123,0.8753709198813057,0.05033330159999999
baseline_ensemble,3582,0.06315564119032327,0.8753709198813057,0.0503333042
baseline_ensemble,3583,0.06316916488222699,0.8753709198813057,0.050333312100000006
baseline_ensemble,3584,0.06318269436710217,0.8753709198813057,0.050433306799999994
baseline_ensemble,3585,0.0631962296486718,0.8753709198813057,0.0504666335
baseline_ensemble,3586,0.0632097707306621,0.8753709198813057,0.0504666361
baseline_ensemble,3587,0.0632233176168024,0.8753709198813057,0.050499973000000004
baseline_ensemble,3588,0.0632368703108253,0.8753709198813057,0.0504999736
baseline_ensemble,3589,0.06325042881646656,0.8753709198813057,0.0504999763
baseline_ensemble,3590,0.06326399313746515,0.8753709198813057,0.0505333003
baseline_ensemble,3591,0.06327756327756327,0.8753709198813057,0.0505333133
baseline_ensemble,3592,0.06329113924050633,0.8753709198813057,0.05056662759999999
baseline_ensemble,3593,0.06330472103004292,0.8753709198813057,0.05056665
baseline_ensemble,3594,0.06331830864992488,0.8753709198813057,0.05059998
baseline_ensemble,3595,0.06333190210390725,0.8753709198813057,0.050633302899999996
baseline_ensemble,3596,0.06334550139574834,0.8753709198813057,0.0506333123
baseline_ensemble,3597,0.06335910652920962,0.8753709198813057,0.0506333179
baseline_ensemble,3598,0.06337271750805586,0.8753709198813057,0.0506666348
baseline_ensemble,3599,0.063386334336055,0.8753709198813057,0.050699968299999995
baseline_ensemble,3600,0.06339995701697829,0.8753709198813057,0.050699976300000005
baseline_ensemble,3601,0.06341358555460017,0.8753709198813057,0.050733313599999996
baseline_ensemble,3602,0.06342721995269834,0.8753709198813057,0.0507666298
baseline_ensemble,3603,0.06344086021505377,0.8753709198813057,0.050766645400000004
baseline_ensemble,3604,0.06345450634545063,0.8753709198813057,0.0507666462
baseline_ensemble,3605,0.06346815834767643,0.8753709198813057,0.050799986899999997
baseline_ensemble,3606,0.06348181622552185,0.8753709198813057,0.050800001299999994
baseline_ensemble,3607,0.06349547998278089,0.8753709198813057,0.05083330989999999
baseline_ensemble,3608,0.06350914962325081,0.8753709198813057,0.05086662809999999
baseline_ensemble,3609,0.06352282515073213,0.8753709198813057,0.050866646099999996
baseline_ensemble,3610,0.06353650656902865,0.8753709198813057,0.0508666517
baseline_ensemble,3611,0.06355019388194744,0.8753709198813057,0.0508666806
baseline_ensemble,3612,0.06356388709329885,0.8753709198813057,0.05089997239999999
baseline_ensemble,3613,0.06357758620689655,0.8753709198813057,0.050933306299999995
baseline_ensemble,3614,0.06359129122655745,0.8753709198813057,0.050966644400000004
baseline_ensemble,3615,0.06360500215610176,0.8753709198813057,0.0509999717
baseline_ensemble,3616,0.06361871899935304,0.8753709198813057,0.0509999765
baseline_ensemble,3617,0.06363244176013805,0.8753709198813057,0.0510666669
baseline_ensemble,3618,0.06364617044228695,0.8753709198813057,0.05109996979999999
baseline_ensemble,3619,0.06365990504963315,0.8753709198813057,0.051133296300000006
baseline_ensemble,3620,0.06367364558601338,0.8753709198813057,0.051166629500000005
baseline_ensemble,3621,0.0636873920552677,0.8753709198813057,0.0511666447
baseline_ensemble,3622,0.06370114446123948,0.8753709198813057,0.0511666512
baseline_ensemble,3623,0.06371490280777538,0.8753709198813057,0.0511666623
baseline_ensemble,3624,0.06372866709872543,0.8753709198813057,0.0511999706
baseline_ensemble,3625,0.06374243733794295,0.8753709198813057,0.0512332983
baseline_ensemble,3626,0.06375621352928464,0.8753709198813057,0.051233317599999995
baseline_ensemble,3627,0.06376999567661046,0.8753709198813057,0.051266626100000004
baseline_ensemble,3628,0.06378378378378378,0.8753709198813057,0.0512666292
baseline_ensemble,3629,0.06379757785467129,0.8753709198813057,0.0512666495
baseline_ensemble,3630,0.06381137789314298,0.8753709198813057,0.05126667
baseline_ensemble,3631,0.06382518390307226,0.8753709198813057,0.051299977100000005
baseline_ensemble,3632,0.06383899588833586,0.8753709198813057,0.051299993499999995
baseline_ensemble,3633,0.06385281385281386,0.8753709198813057,0.0513333041
baseline_ensemble,3634,0.06386663780038969,0.8753709198813057,0.05136663999999999
baseline_ensemble,3635,0.0638804677349502,0.8753709198813057,0.051366646200000005
baseline_ensemble,3636,0.06389430366038554,0.8753709198813057,0.051366660200000004
baseline_ensemble,3637,0.06390814558058926,0.8753709198813057,0.05139997240000001
baseline_ensemble,3638,0.06392199349945829,0.8753709198813057,0.0514332981
baseline_ensemble,3639,0.06393584742089294,0.8753709198813057,0.051433328400000006
baseline_ensemble,3640,0.06394970734879687,0.8753709198813057,0.0514666317
baseline_ensemble,3641,0.06396357328707719,0.8753709198813057,0.0514666642
baseline_ensemble,3642,0.06397744523964433,0.8753709198813057,0.0514999853
baseline_ensemble,3643,0.06399132321041215,0.8753709198813057,0.0515333283
baseline_ensemble,3644,0.0640052072032979,0.8753709198813057,0.0515666299
baseline_ensemble,3645,0.06401909722222222,0.8753709198813057,0.051566645099999996
baseline_ensemble,3646,0.06403299327110919,0.8753709198813057,0.051566647199999996
baseline_ensemble,3647,0.06404689535388623,0.8753709198813057,0.0515666675
baseline_ensemble,3648,0.06406080347448426,0.8753709198813057,0.0515999751
baseline_ensemble,3649,0.06407471763683753,0.8753709198813057,0.0515999974
baseline_ensemble,3650,0.06408863784488378,0.8753709198813057,0.0515999981
baseline_ensemble,3651,0.0641025641025641,0.8753709198813057,0.051666642
baseline_ensemble,3652,0.06411649641382308,0.8753709198813057,0.0516666538
baseline_ensemble,3653,0.0641304347826087,0.8753709198813057,0.0516666693
baseline_ensemble,3654,0.06414437921287236,0.8753709198813057,0.051699960899999994
baseline_ensemble,3655,0.06415832970856894,0.8753709198813057,0.051699986
baseline_ensemble,3656,0.06417228627365673,0.8753709198813057,0.05173330369999999
baseline_ensemble,3657,0.06418624891209748,0.8753709198813057,0.0517666492
baseline_ensemble,3658,0.06420021762785637,0.8753709198813057,0.051833321599999996
baseline_ensemble,3659,0.06421419242490205,0.8753709198813057,0.05186662660000001
baseline_ensemble,3660,0.06422817330720662,0.8753709198813057,0.051899966
baseline_ensemble,3661,0.06424216027874564,0.8753709198813057,0.0518999689
baseline_ensemble,3662,0.06425615334349814,0.8753709198813057,0.051933304900000005
baseline_ensemble,3663,0.06427015250544663,0.8753709198813057,0.05193330649999999
baseline_ensemble,3664,0.06428415776857703,0.8753709198813057,0.0519666443
baseline_ensemble,3665,0.06429816913687882,0.8753709198813057,0.0519666454
baseline_ensemble,3666,0.06431218661434489,0.8753709198813057,0.051999970300000004
baseline_ensemble,3667,0.06432621020497166,0.8753709198813057,0.051999995
baseline_ensemble,3668,0.064340239912759,0.8753709198813057,0.0520000268
baseline_ensemble,3669,0.06435427574171029,0.8753709198813057,0.0520332969
baseline_ensemble,3670,0.06436831769583243,0.8753709198813057,0.0520333024
baseline_ensemble,3671,0.06438236577913575,0.8753709198813057,0.052066696100000004
baseline_ensemble,3672,0.06439641999563414,0.8753709198813057,0.0520999769
baseline_ensemble,3673,0.06441048034934498,0.8753709198813057,0.052133306
baseline_ensemble,3674,0.06442454684428915,0.8753709198813057,0.052133313
baseline_ensemble,3675,0.06443861948449105,0.8753709198813057,0.0521666451
baseline_ensemble,3676,0.06445269827397859,0.8753709198813057,0.052199959799999994
baseline_ensemble,3677,0.06446678321678322,0.8753709198813057,0.0522333054
baseline_ensemble,3678,0.06448087431693988,0.8753709198813057,0.0522666314
baseline_ensemble,3679,0.0644949715784871,0.8753709198813057,0.052266636899999996
baseline_ensemble,3680,0.06450907500546688,0.8753709198813057,0.052266643599999996
baseline_ensemble,3681,0.06452318460192476,0.8753709198813057,0.0522666525
baseline_ensemble,3682,0.06453730037190987,0.8753709198813057,0.0523333259
baseline_ensemble,3683,0.06455142231947483,0.8753709198813057,0.052366635700000004
baseline_ensemble,3684,0.06456555044867586,0.8753709198813057,0.052366642399999996
baseline_ensemble,3685,0.06457968476357268,0.8753709198813057,0.0523666583
baseline_ensemble,3686,0.0645938252682286,0.8753709198813057,0.052399994500000005
baseline_ensemble,3687,0.06460797196671046,0.8753709198813057,0.0524000216
baseline_ensemble,3688,0.06462212486308871,0.8753709198813057,0.052433297499999997
baseline_ensemble,3689,0.06463628396143734,0.8753709198813057,0.0524333001
baseline_ensemble,3690,0.06465044926583388,0.8753709198813057,0.0524333035
baseline_ensemble,3691,0.06466462078035949,0.8753709198813057,0.052466634899999996
baseline_ensemble,3692,0.06467879850909888,0.8753709198813057,0.0524999688
baseline_ensemble,3693,0.06469298245614036,0.8753709198813057,0.0525000369
baseline_ensemble,3694,0.06470717262557578,0.8753709198813057,0.0525332927
baseline_ensemble,3695,0.06472136902150066,0.8753709198813057,0.0525333144
baseline_ensemble,3696,0.06473557164801405,0.8753709198813057,0.052566633
baseline_ensemble,3697,0.06474978050921862,0.8753709198813057,0.0525666451
baseline_ensemble,3698,0.06476399560922064,0.8753709198813057,0.052566648800000004
baseline_ensemble,3699,0.06477821695213,0.8753709198813057,0.0525999614
baseline_ensemble,3700,0.06479244454206018,0.8753709198813057,0.0526332952
baseline_ensemble,3701,0.0648066783831283,0.8753709198813057,0.0526332954
baseline_ensemble,3702,0.06482091847945506,0.8753709198813057,0.0526332959
baseline_ensemble,3703,0.06483516483516484,0.8753709198813057,0.0526333011
baseline_ensemble,3704,0.06484941745438558,0.8753709198813057,0.0526333112
baseline_ensemble,3705,0.0648636763412489,0.8753709198813057,0.0526333285
baseline_ensemble,3706,0.06487794149989004,0.8753709198813057,0.0526667106
baseline_ensemble,3707,0.06489221293444787,0.8753709198813057,0.052699972799999995
baseline_ensemble,3708,0.06490649064906491,0.8753709198813057,0.05273330679999999
baseline_ensemble,3709,0.06492077464788733,0.8753709198813057,0.052733308699999995
baseline_ensemble,3710,0.06493506493506493,0.8753709198813057,0.0527666567
baseline_ensemble,3711,0.06494936151475121,0.8753709198813057,0.0527999626
baseline_ensemble,3712,0.06496366439110328,0.8753709198813057,0.0527999638
baseline_ensemble,3713,0.06497797356828194,0.8753709198813057,0.0527999658
baseline_ensemble,3714,0.06499228905045164,0.8753709198813057,0.0528333134
baseline_ensemble,3715,0.06500661084178053,0.8753709198813057,0.052833360100000004
baseline_ensemble,3716,0.06502093894644038,0.8753709198813057,0.0528666814
baseline_ensemble,3717,0.0650352733686067,0.8753709198813057,0.0528999694
baseline_ensemble,3718,0.06504961411245866,0.8753709198813057,0.0528999747
baseline_ensemble,3719,0.0650639611821791,0.8753709198813057,0.052966637999999996
baseline_ensemble,3720,0.06507831458195455,0.8753709198813057,0.0529999821
baseline_ensemble,3721,0.06509267431597529,0.8753709198813057,0.0530000166
baseline_ensemble,3722,0.06510704038843522,0.8753709198813057,0.0530333129
baseline_ensemble,3723,0.06512141280353201,0.8753709198813057,0.0530666284
baseline_ensemble,3724,0.06513579156546699,0.8753709198813057,0.0531333018
baseline_ensemble,3725,0.06515017667844523,0.8753709198813057,0.0531333073
baseline_ensemble,3726,0.0651645681466755,0.8753709198813057,0.0531333106
baseline_ensemble,3727,0.0651789659743703,0.8753709198813057,0.053133316800000004
baseline_ensemble,3728,0.06519337016574586,0.8753709198813057,0.0531666272
baseline_ensemble,3729,0.0652077807250221,0.8753709198813057,0.05319997110000001
baseline_ensemble,3730,0.06522219765642273,0.8753709198813057,0.0532333007
baseline_ensemble,3731,0.06523662096417514,0.8753709198813057,0.053233314
baseline_ensemble,3732,0.06525105065251051,0.8753709198813057,0.0532666379
baseline_ensemble,3733,0.06504424778761062,0.8724035608308606,0.053266643700000005
baseline_ensemble,3734,0.0650586412923213,0.8724035608308606,0.053299961199999996
baseline_ensemble,3735,0.0650730411686587,0.8724035608308606,0.0532999666
baseline_ensemble,3736,0.06508744742085455,0.8724035608308606,0.0533333205
baseline_ensemble,3737,0.06510186005314438,0.8724035608308606,0.05333332240000001
baseline_ensemble,3738,0.06511627906976744,0.8724035608308606,0.0533666371
baseline_ensemble,3739,0.06513070447496677,0.8724035608308606,0.0533999664
baseline_ensemble,3740,0.06514513627298914,0.8724035608308606,0.053399989200000005
baseline_ensemble,3741,0.06515957446808511,0.8724035608308606,0.05343329399999999
baseline_ensemble,3742,0.06517401906450898,0.8724035608308606,0.0534666269
baseline_ensemble,3743,0.06518847006651884,0.8724035608308606,0.0534666323
baseline_ensemble,3744,0.06520292747837658,0.8724035608308606,0.053466632900000005
baseline_ensemble,3745,0.06521739130434782,0.8724035608308606,0.0534666523
baseline_ensemble,3746,0.06523186154870202,0.8724035608308606,0.0534999652
baseline_ensemble,3747,0.06524633821571238,0.8724035608308606,0.053499986299999996
baseline_ensemble,3748,0.06526082130965594,0.8724035608308606,0.05350002350000001
baseline_ensemble,3749,0.0652753108348135,0.8724035608308606,0.0535333292
baseline_ensemble,3750,0.06528980679546968,0.8724035608308606,0.053566636800000005
baseline_ensemble,3751,0.06530430919591293,0.8724035608308606,0.05356665409999999
baseline_ensemble,3752,0.06531881804043546,0.8724035608308606,0.053566682899999996
baseline_ensemble,3753,0.06533333333333333,0.8724035608308606,0.0537000147
baseline_ensemble,3754,0.06534785507890642,0.8724035608308606,0.053733295699999996
baseline_ensemble,3755,0.06536238328145842,0.8724035608308606,0.0537333057
baseline_ensemble,3756,0.06537691794529686,0.8724035608308606,0.053733355499999996
baseline_ensemble,3757,0.0653914590747331,0.8724035608308606,0.053733363
baseline_ensemble,3758,0.06540600667408232,0.8724035608308606,0.0537666545
baseline_ensemble,3759,0.06542056074766354,0.8724035608308606,0.053833300699999996
baseline_ensemble,3760,0.06543512129979968,0.8724035608308606,0.0538333359
baseline_ensemble,3761,0.06522707034728406,0.8694362017804155,0.0538666483
baseline_ensemble,3762,0.06524159429971053,0.8694362017804155,0.0538999582
baseline_ensemble,3763,0.06525612472160357,0.8694362017804155,0.0539333092
baseline_ensemble,3764,0.0652706616172867,0.8694362017804155,0.0539333193
baseline_ensemble,3765,0.06528520499108735,0.8694362017804155,0.0539666352
baseline_ensemble,3766,0.06529975484733674,0.8694362017804155,0.0539666456
baseline_ensemble,3767,0.06531431119037004,0.8694362017804155,0.0539999598
baseline_ensemble,3768,0.0653288740245262,0.8694362017804155,0.0539999623
baseline_ensemble,3769,0.06534344335414809,0.8694362017804155,0.05399996630000001
baseline_ensemble,3770,0.06535801918358242,0.8694362017804155,0.05403329639999999
baseline_ensemble,3771,0.06537260151717983,0.8694362017804155,0.054033298599999995
baseline_ensemble,3772,0.0653871903592948,0.8694362017804155,0.054033305000000004
baseline_ensemble,3773,0.06540178571428572,0.8694362017804155,0.05406663779999999
baseline_ensemble,3774,0.06541638758651484,0.8694362017804155,0.0540666425
baseline_ensemble,3775,0.06520768200089326,0.8664688427299704,0.0540999696
baseline_ensemble,3776,0.06522224704042885,0.8664688427299704,0.054099975
baseline_ensemble,3777,0.06523681858802502,0.8664688427299704,0.054133307400000004
baseline_ensemble,3778,0.06525139664804469,0.8664688427299704,0.0541999647
baseline_ensemble,3779,0.06526598122485472,0.8664688427299704,0.054233344399999994
baseline_ensemble,3780,0.06528057232282584,0.8664688427299704,0.0542666213
baseline_ensemble,3781,0.06529516994633273,0.8664688427299704,0.054266638699999994
baseline_ensemble,3782,0.06530977409975397,0.8664688427299704,0.054299996200000006
baseline_ensemble,3783,0.06532438478747203,0.8664688427299704,0.0543333285
baseline_ensemble,3784,0.06533900201387335,0.8664688427299704,0.0543999576
baseline_ensemble,3785,0.06535362578334826,0.8664688427299704,0.0543999592
baseline_ensemble,3786,0.06536825610029103,0.8664688427299704,0.054399961899999995
baseline_ensemble,3787,0.06538289296909987,0.8664688427299704,0.054399980400000006
baseline_ensemble,3788,0.06539753639417693,0.8664688427299704,0.054433311699999994
baseline_ensemble,3789,0.06541218637992832,0.8664688427299704,0.0544999662
baseline_ensemble,3790,0.06542684293076406,0.8664688427299704,0.0544999667
baseline_ensemble,3791,0.06544150605109816,0.8664688427299704,0.0544999765
baseline_ensemble,3792,0.06545617574534858,0.8664688427299704,0.0545
baseline_ensemble,3793,0.06547085201793722,0.8664688427299704,0.054500005000000004
baseline_ensemble,3794,0.06548553487328998,0.8664688427299704,0.0545000341
baseline_ensemble,3795,0.0655002243158367,0.8664688427299704,0.05453331169999999
baseline_ensemble,3796,0.06551492035001122,0.8664688427299704,0.054599970100000006
baseline_ensemble,3797,0.06552962298025135,0.8664688427299704,0.0546666334
baseline_ensemble,3798,0.06531986531986532,0.8635014836795252,0.0546666394
baseline_ensemble,3799,0.06533453075886843,0.8635014836795252,0.054699958199999996
baseline_ensemble,3800,0.06534920278463957,0.8635014836795252,0.054699983
baseline_ensemble,3801,0.06536388140161725,0.8635014836795252,0.0547333046
baseline_ensemble,3802,0.06537856661424399,0.8635014836795252,0.0547333049
baseline_ensemble,3803,0.06539325842696629,0.8635014836795252,0.0547333232
baseline_ensemble,3804,0.06540795684423466,0.8635014836795252,0.054766646499999995
baseline_ensemble,3805,0.06542266187050359,0.8635014836795252,0.054799971399999994
baseline_ensemble,3806,0.06543737351023161,0.8635014836795252,0.0547999723
baseline_ensemble,3807,0.06545209176788123,0.8635014836795252,0.054799983
baseline_ensemble,3808,0.06546681664791901,0.8635014836795252,0.0547999866
baseline_ensemble,3809,0.06548154815481548,0.8635014836795252,0.0548332933
baseline_ensemble,3810,0.06549628629304524,0.8635014836795252,0.0548333187
baseline_ensemble,3811,0.0655110310670869,0.8635014836795252,0.054866631
baseline_ensemble,3812,0.0655257824814231,0.8635014836795252,0.054866635299999994
baseline_ensemble,3813,0.06554054054054054,0.8635014836795252,0.054866636899999995
baseline_ensemble,3814,0.06555530524892994,0.8635014836795252,0.0548666503
baseline_ensemble,3815,0.06557007661108608,0.8635014836795252,0.054899958199999994
baseline_ensemble,3816,0.06558485463150777,0.8635014836795252,0.0549000142
baseline_ensemble,3817,0.06559963931469792,0.8635014836795252,0.0549666382
baseline_ensemble,3818,0.06561443066516347,0.8635014836795252,0.05496665299999999
baseline_ensemble,3819,0.06562922868741543,0.8635014836795252,0.054999992299999995
baseline_ensemble,3820,0.06564403338596887,0.8635014836795252,0.055066725000000004
baseline_ensemble,3821,0.06565884476534296,0.8635014836795252,0.0551000112
baseline_ensemble,3822,0.06567366283006093,0.8635014836795252,0.05519996199999999
baseline_ensemble,3823,0.06568848758465011,0.8635014836795252,0.0552333134
baseline_ensemble,3824,0.0657033190336419,0.8635014836795252,0.0552666388
baseline_ensemble,3825,0.06571815718157181,0.8635014836795252,0.05526664020000001
baseline_ensemble,3826,0.06573300203297945,0.8635014836795252,0.0552666699
baseline_ensemble,3827,0.06574785359240849,0.8635014836795252,0.0552666776
baseline_ensemble,3828,0.06576271186440678,0.8635014836795252,0.0552999564
baseline_ensemble,3829,0.06577757685352623,0.8635014836795252,0.0553332957
baseline_ensemble,3830,0.06579244856432286,0.8635014836795252,0.055333296899999995
baseline_ensemble,3831,0.06580732700135686,0.8635014836795252,0.0553999788
baseline_ensemble,3832,0.06582221216919248,0.8635014836795252,0.0554666277
baseline_ensemble,3833,0.06583710407239819,0.8635014836795252,0.0554666279
baseline_ensemble,3834,0.0658520027155465,0.8635014836795252,0.0555666856
baseline_ensemble,3835,0.06586690810321412,0.8635014836795252,0.05559995749999999
baseline_ensemble,3836,0.06588182023998189,0.8635014836795252,0.0555999606
baseline_ensemble,3837,0.06589673913043478,0.8635014836795252,0.0555999748
baseline_ensemble,3838,0.06591166477916195,0.8635014836795252,0.0556333053
baseline_ensemble,3839,0.06592659719075668,0.8635014836795252,0.0556666337
baseline_ensemble,3840,0.06594153636981645,0.8635014836795252,0.055666645099999995
baseline_ensemble,3841,0.06595648232094288,0.8635014836795252,0.055699958
baseline_ensemble,3842,0.06597143504874178,0.8635014836795252,0.0556999627
baseline_ensemble,3843,0.06598639455782312,0.8635014836795252,0.0556999923
baseline_ensemble,3844,0.06600136085280109,0.8635014836795252,0.05576663689999999
baseline_ensemble,3845,0.06601633393829401,0.8635014836795252,0.055766652400000005
baseline_ensemble,3846,0.06603131381892444,0.8635014836795252,0.055799971299999994
baseline_ensemble,3847,0.06604630049931912,0.8635014836795252,0.055833322000000005
baseline_ensemble,3848,0.06606129398410897,0.8635014836795252,0.0558333298
baseline_ensemble,3849,0.06607629427792916,0.8635014836795252,0.055866631099999994
baseline_ensemble,3850,0.06609130138541904,0.8635014836795252,0.0558999748
baseline_ensemble,3851,0.06610631531122217,0.8635014836795252,0.055933313799999995
baseline_ensemble,3852,0.06612133605998637,0.8635014836795252,0.055966631100000004
baseline_ensemble,3853,0.06613636363636363,0.8635014836795252,0.0559999585
baseline_ensemble,3854,0.06615139804501023,0.8635014836795252,0.055999959099999996
baseline_ensemble,3855,0.06616643929058663,0.8635014836795252,0.055999963199999996
baseline_ensemble,3856,0.06618148737775756,0.8635014836795252,0.05599998040000001
baseline_ensemble,3857,0.06619654231119199,0.8635014836795252,0.0560332948
baseline_ensemble,3858,0.06621160409556313,0.8635014836795252,0.0560333009
baseline_ensemble,3859,0.06622667273554847,0.8635014836795252,0.056033364399999994
baseline_ensemble,3860,0.06624174823582973,0.8635014836795252,0.0560666262
baseline_ensemble,3861,0.0662568306010929,0.8635014836795252,0.056066636899999994
baseline_ensemble,3862,0.06627191983602825,0.8635014836795252,0.056099977200000005
baseline_ensemble,3863,0.06628701594533029,0.8635014836795252,0.056199993100000005
baseline_ensemble,3864,0.06630211893369788,0.8635014836795252,0.05623329669999999
baseline_ensemble,3865,0.0663172288058341,0.8635014836795252,0.056233299599999995
baseline_ensemble,3866,0.06633234556644632,0.8635014836795252,0.0562333038
baseline_ensemble,3867,0.06634746922024624,0.8635014836795252,0.0562333068
baseline_ensemble,3868,0.06636259977194983,0.8635014836795252,0.0562333168
baseline_ensemble,3869,0.06637773722627738,0.8635014836795252,0.0562666406
baseline_ensemble,3870,0.06639288158795345,0.8635014836795252,0.0562666475
baseline_ensemble,3871,0.06640803286170699,0.8635014836795252,0.056299963
baseline_ensemble,3872,0.06642319105227117,0.8635014836795252,0.056299981299999996
baseline_ensemble,3873,0.06643835616438357,0.8635014836795252,0.0563333061
baseline_ensemble,3874,0.06645352820278602,0.8635014836795252,0.0563666251
baseline_ensemble,3875,0.06646870717222476,0.8635014836795252,0.056366665499999996
baseline_ensemble,3876,0.06648389307745031,0.8635014836795252,0.0563999753
baseline_ensemble,3877,0.06649908592321754,0.8635014836795252,0.056433306999999995
baseline_ensemble,3878,0.06651428571428572,0.8635014836795252,0.056499957200000006
baseline_ensemble,3879,0.06652949245541838,0.8635014836795252,0.0565333074
baseline_ensemble,3880,0.06654470615138348,0.8635014836795252,0.056533364
baseline_ensemble,3881,0.06655992680695334,0.8635014836795252,0.0565999679
baseline_ensemble,3882,0.06657515442690459,0.8635014836795252,0.056666640399999996
baseline_ensemble,3883,0.06659038901601831,0.8635014836795252,0.0567333282
baseline_ensemble,3884,0.06660563057907988,0.8635014836795252,0.0567666798
baseline_ensemble,3885,0.06662087912087912,0.8635014836795252,0.056799969699999994
baseline_ensemble,3886,0.06663613464621021,0.8635014836795252,0.05679997319999999
baseline_ensemble,3887,0.06665139715987174,0.8635014836795252,0.0567999834
baseline_ensemble,3888,0.06666666666666667,0.8635014836795252,0.056799985600000005
baseline_ensemble,3889,0.06668194317140239,0.8635014836795252,0.056833294000000006
baseline_ensemble,3890,0.06669722667889068,0.8635014836795252,0.0568999659
baseline_ensemble,3891,0.06671251719394773,0.8635014836795252,0.056899966499999996
baseline_ensemble,3892,0.06672781472139418,0.8635014836795252,0.056899969200000004
baseline_ensemble,3893,0.06674311926605504,0.8635014836795252,0.0568999697
baseline_ensemble,3894,0.06675843083275981,0.8635014836795252,0.0569333326
baseline_ensemble,3895,0.06677374942634236,0.8635014836795252,0.056966629299999995
baseline_ensemble,3896,0.06678907505164104,0.8635014836795252,0.0569666493
baseline_ensemble,3897,0.06680440771349862,0.8635014836795252,0.0569999532
baseline_ensemble,3898,0.06681974741676235,0.8635014836795252,0.056999992099999994
baseline_ensemble,3899,0.06683509416628387,0.8635014836795252,0.0570333159
baseline_ensemble,3900,0.06685044796691937,0.8635014836795252,0.057066650600000005
baseline_ensemble,3901,0.06686580882352941,0.8635014836795252,0.057133291
baseline_ensemble,3902,0.06688117674097908,0.8635014836795252,0.0571333228
baseline_ensemble,3903,0.06689655172413793,0.8635014836795252,0.057166622
baseline_ensemble,3904,0.06691193377787998,0.8635014836795252,0.057199961
baseline_ensemble,3905,0.06692732290708371,0.8635014836795252,0.0572666215
baseline_ensemble,3906,0.06694271911663216,0.8635014836795252,0.05726663740000001
baseline_ensemble,3907,0.06695812241141279,0.8635014836795252,0.0572666379
baseline_ensemble,3908,0.06697353279631761,0.8635014836795252,0.0572999534
baseline_ensemble,3909,0.06698895027624309,0.8635014836795252,0.057299972399999996
baseline_ensemble,3910,0.06700437485609026,0.8635014836795252,0.0573000177
baseline_ensemble,3911,0.06701980654076463,0.8635014836795252,0.0573332943
baseline_ensemble,3912,0.06703524533517623,0.8635014836795252,0.057366648699999995
baseline_ensemble,3913,0.06705069124423964,0.8635014836795252,0.057366653999999996
baseline_ensemble,3914,0.06706614427287394,0.8635014836795252,0.057366713900000005
baseline_ensemble,3915,0.06708160442600276,0.8635014836795252,0.057399975900000004
baseline_ensemble,3916,0.0670970717085543,0.8635014836795252,0.0574332988
baseline_ensemble,3917,0.06711254612546126,0.8635014836795252,0.057499957799999994
baseline_ensemble,3918,0.0671280276816609,0.8635014836795252,0.057499986200000006
baseline_ensemble,3919,0.06714351638209506,0.8635014836795252,0.0575332903
baseline_ensemble,3920,0.06715901223171013,0.8635014836795252,0.0575333209
baseline_ensemble,3921,0.06717451523545706,0.8635014836795252,0.0575666335
baseline_ensemble,3922,0.06719002539829139,0.8635014836795252,0.0575666367
baseline_ensemble,3923,0.0672055427251732,0.8635014836795252,0.0575666501
baseline_ensemble,3924,0.06722106722106722,0.8635014836795252,0.057566687899999996
baseline_ensemble,3925,0.0672365988909427,0.8635014836795252,0.0575666956
baseline_ensemble,3926,0.06725213773977351,0.8635014836795252,0.0576333099
baseline_ensemble,3927,0.06726768377253814,0.8635014836795252,0.0576333103
baseline_ensemble,3928,0.06728323699421965,0.8635014836795252,0.057666630100000005
baseline_ensemble,3929,0.06729879740980574,0.8635014836795252,0.057666646599999996
baseline_ensemble,3930,0.06731436502428868,0.8635014836795252,0.057699952299999996
baseline_ensemble,3931,0.06732993984266543,0.8635014836795252,0.057699977900000005
baseline_ensemble,3932,0.06734552186993752,0.8635014836795252,0.0577333055
baseline_ensemble,3933,0.06736111111111111,0.8635014836795252,0.05773331830000001
baseline_ensemble,3934,0.06737670757119704,0.8635014836795252,0.0577999594
baseline_ensemble,3935,0.06739231125521075,0.8635014836795252,0.0577999611
baseline_ensemble,3936,0.06740792216817235,0.8635014836795252,0.05779999399999999
baseline_ensemble,3937,0.06742354031510658,0.8635014836795252,0.0578333023
baseline_ensemble,3938,0.06743916570104287,0.8635014836795252,0.0578333033
baseline_ensemble,3939,0.0674547983310153,0.8635014836795252,0.0578666261
baseline_ensemble,3940,0.0674704382100626,0.8635014836795252,0.0578999588
baseline_ensemble,3941,0.0674860853432282,0.8635014836795252,0.05789996299999999
baseline_ensemble,3942,0.0675017397355602,0.8635014836795252,0.057933343500000005
baseline_ensemble,3943,0.06751740139211138,0.8635014836795252,0.0579666551
baseline_ensemble,3944,0.0675330703179392,0.8635014836795252,0.05799997380000001
baseline_ensemble,3945,0.06754874651810584,0.8635014836795252,0.0579999746
baseline_ensemble,3946,0.0675644299976782,0.8635014836795252,0.0579999836
baseline_ensemble,3947,0.06758012076172783,0.8635014836795252,0.0580666331
baseline_ensemble,3948,0.06759581881533101,0.8635014836795252,0.058066638500000003
baseline_ensemble,3949,0.06761152416356878,0.8635014836795252,0.058099972
baseline_ensemble,3950,0.06762723681152684,0.8635014836795252,0.058099974
baseline_ensemble,3951,0.06764295676429567,0.8635014836795252,0.05816663230000001
baseline_ensemble,3952,0.06765868402697048,0.8635014836795252,0.05816664399999999
baseline_ensemble,3953,0.06767441860465116,0.8635014836795252,0.05816664669999999
baseline_ensemble,3954,0.06769016050244243,0.8635014836795252,0.058166652699999995
baseline_ensemble,3955,0.0677059097254537,0.8635014836795252,0.0581666572
baseline_ensemble,3956,0.06772166627879916,0.8635014836795252,0.0581666756
baseline_ensemble,3957,0.06773743016759777,0.8635014836795252,0.0581666839
baseline_ensemble,3958,0.06775320139697323,0.8635014836795252,0.058166725
baseline_ensemble,3959,0.06776897997205403,0.8635014836795252,0.0581999602
baseline_ensemble,3960,0.06778476589797344,0.8635014836795252,0.058233296600000005
baseline_ensemble,3961,0.06780055917986952,0.8635014836795252,0.0582333027
baseline_ensemble,3962,0.06781635982288511,0.8635014836795252,0.058266656
baseline_ensemble,3963,0.06783216783216783,0.8635014836795252,0.058266659799999995
baseline_ensemble,3964,0.06784798321287014,0.8635014836795252,0.058266661799999994
baseline_ensemble,3965,0.06786380597014925,0.8635014836795252,0.0582999755
baseline_ensemble,3966,0.06787963610916725,0.8635014836795252,0.0583332981
baseline_ensemble,3967,0.06789547363509099,0.8635014836795252,0.058399962
baseline_ensemble,3968,0.06791131855309218,0.8635014836795252,0.05843329
baseline_ensemble,3969,0.06792717086834733,0.8635014836795252,0.0584333061
baseline_ensemble,3970,0.06794303058603783,0.8635014836795252,0.0584666299
baseline_ensemble,3971,0.06795889771134983,0.8635014836795252,0.058466663200000005
baseline_ensemble,3972,0.06797477224947442,0.8635014836795252,0.058499977300000006
baseline_ensemble,3973,0.06799065420560747,0.8635014836795252,0.058533300399999995
baseline_ensemble,3974,0.06800654358494976,0.8635014836795252,0.0585666206
baseline_ensemble,3975,0.06802244039270687,0.8635014836795252,0.0585666529
baseline_ensemble,3976,0.06803834463408931,0.8635014836795252,0.0585999566
baseline_ensemble,3977,0.06805425631431244,0.8635014836795252,0.0585999584
baseline_ensemble,3978,0.06807017543859649,0.8635014836795252,0.0585999925
baseline_ensemble,3979,0.06808610201216658,0.8635014836795252,0.058633292499999996
baseline_ensemble,3980,0.06810203604025275,0.8635014836795252,0.058633296200000004
baseline_ensemble,3981,0.06811797752808989,0.8635014836795252,0.058633300299999996
baseline_ensemble,3982,0.06813392648091782,0.8635014836795252,0.0586666441
baseline_ensemble,3983,0.06814988290398126,0.8635014836795252,0.0586999738
baseline_ensemble,3984,0.06816584680252986,0.8635014836795252,0.0586999904
baseline_ensemble,3985,0.06818181818181818,0.8635014836795252,0.0587332919
baseline_ensemble,3986,0.0681977970471057,0.8635014836795252,0.05873330909999999
baseline_ensemble,3987,0.06821378340365682,0.8635014836795252,0.0587666471
baseline_ensemble,3988,0.06822977725674091,0.8635014836795252,0.05879996659999999
baseline_ensemble,3989,0.06824577861163227,0.8635014836795252,0.05879997569999999
baseline_ensemble,3990,0.06826178747361013,0.8635014836795252,0.058799998000000006
baseline_ensemble,3991,0.0682778038479587,0.8635014836795252,0.0588332899
baseline_ensemble,3992,0.06829382773996714,0.8635014836795252,0.05883328990000001
baseline_ensemble,3993,0.06830985915492958,0.8635014836795252,0.058833292700000005
baseline_ensemble,3994,0.0683258980981451,0.8635014836795252,0.0588333027
baseline_ensemble,3995,0.0683419445749178,0.8635014836795252,0.0589332962
baseline_ensemble,3996,0.06835799859055673,0.8635014836795252,0.058933320799999994
baseline_ensemble,3997,0.06837406015037593,0.8635014836795252,0.058933323600000004
baseline_ensemble,3998,0.06839012925969448,0.8635014836795252,0.058966641300000004
baseline_ensemble,3999,0.0684062059238364,0.8635014836795252,0.058999956799999996
baseline_ensemble,4000,0.06842229014813073,0.8635014836795252,0.0589999572
baseline_ensemble,4001,0.06843838193791157,0.8635014836795252,0.058999969199999995
baseline_ensemble,4002,0.068454481298518,0.8635014836795252,0.0589999781
baseline_ensemble,4003,0.06847058823529412,0.8635014836795252,0.05899998669999999
baseline_ensemble,4004,0.06848670275358908,0.8635014836795252,0.0590999604
baseline_ensemble,4005,0.06850282485875706,0.8635014836795252,0.0590999695
baseline_ensemble,4006,0.0685189545561573,0.8635014836795252,0.05909997349999999
baseline_ensemble,4007,0.06853509185115403,0.8635014836795252,0.0590999883
baseline_ensemble,4008,0.0685512367491166,0.8635014836795252,0.05909999569999999
baseline_ensemble,4009,0.06856738925541941,0.8635014836795252,0.0591332983
baseline_ensemble,4010,0.06858354937544191,0.8635014836795252,0.059133303600000006
baseline_ensemble,4011,0.0685997171145686,0.8635014836795252,0.0591333094
baseline_ensemble,4012,0.06861589247818911,0.8635014836795252,0.0591333101
baseline_ensemble,4013,0.06863207547169811,0.8635014836795252,0.0591333123
baseline_ensemble,4014,0.0686482661004954,0.8635014836795252,0.0591333302
baseline_ensemble,4015,0.06866446436998584,0.8635014836795252,0.0591666274
baseline_ensemble,4016,0.06868067028557942,0.8635014836795252,0.0591666282
baseline_ensemble,4017,0.06869688385269122,0.8635014836795252,0.059166654500000006
baseline_ensemble,4018,0.06871310507674144,0.8635014836795252,0.0591999567
baseline_ensemble,4019,0.0687293339631554,0.8635014836795252,0.0591999705
baseline_ensemble,4020,0.06874557051736357,0.8635014836795252,0.0591999728
baseline_ensemble,4021,0.06876181474480152,0.8635014836795252,0.0592999753
baseline_ensemble,4022,0.06877806665090995,0.8635014836795252,0.0592999899
baseline_ensemble,4023,0.06879432624113475,0.8635014836795252,0.059333304499999996
baseline_ensemble,4024,0.06881059352092693,0.8635014836795252,0.059333306899999994
baseline_ensemble,4025,0.06882686849574267,0.8635014836795252,0.0593666322
baseline_ensemble,4026,0.0688431511710433,0.8635014836795252,0.059366641899999996
baseline_ensemble,4027,0.06885944155229531,0.8635014836795252,0.059399966400000004
baseline_ensemble,4028,0.06887573964497042,0.8635014836795252,0.059466622100000005
baseline_ensemble,4029,0.06889204545454546,0.8635014836795252,0.059466627599999995
baseline_ensemble,4030,0.06890835898650248,0.8635014836795252,0.0594666435
baseline_ensemble,4031,0.06892468024632875,0.8635014836795252,0.0594666903
baseline_ensemble,4032,0.0689410092395167,0.8635014836795252,0.0594999727
baseline_ensemble,4033,0.06895734597156399,0.8635014836795252,0.0594999808
baseline_ensemble,4034,0.06897369044797345,0.8635014836795252,0.059533295599999994
baseline_ensemble,4035,0.0689900426742532,0.8635014836795252,0.0595332998
baseline_ensemble,4036,0.06900640265591652,0.8635014836795252,0.0595333148
baseline_ensemble,4037,0.06902277039848197,0.8635014836795252,0.059533318
baseline_ensemble,4038,0.06903914590747331,0.8635014836795252,0.0595666389
baseline_ensemble,4039,0.06905552918841955,0.8635014836795252,0.0595666463
baseline_ensemble,4040,0.06907192024685498,0.8635014836795252,0.059633286099999995
baseline_ensemble,4041,0.06908831908831908,0.8635014836795252,0.059633297099999996
baseline_ensemble,4042,0.06910472571835669,0.8635014836795252,0.059633299599999995
baseline_ensemble,4043,0.06912114014251781,0.8635014836795252,0.0596666345
baseline_ensemble,4044,0.0691375623663578,0.8635014836795252,0.059666650700000004
baseline_ensemble,4045,0.06915399239543726,0.8635014836795252,0.0596666511
baseline_ensemble,4046,0.06917043023532209,0.8635014836795252,0.0596999615
baseline_ensemble,4047,0.06918687589158345,0.8635014836795252,0.0597333303
baseline_ensemble,4048,0.06920332936979785,0.8635014836795252,0.0597666221
baseline_ensemble,4049,0.0692197906755471,0.8635014836795252,0.0598333016
baseline_ensemble,4050,0.06923625981441828,0.8635014836795252,0.059866635
baseline_ensemble,4051,0.0692527367920038,0.8635014836795252,0.059866637099999995
baseline_ensemble,4052,0.06926922161390145,0.8635014836795252,0.0598666482
baseline_ensemble,4053,0.06928571428571428,0.8635014836795252,0.05989995050000001
baseline_ensemble,4054,0.06930221481305072,0.8635014836795252,0.059899964900000005
baseline_ensemble,4055,0.06931872320152453,0.8635014836795252,0.059933293
baseline_ensemble,4056,0.06933523945675482,0.8635014836795252,0.0599333133
baseline_ensemble,4057,0.06935176358436607,0.8635014836795252,0.05996663730000001
baseline_ensemble,4058,0.06936829558998808,0.8635014836795252,0.0599999878
baseline_ensemble,4059,0.06938483547925609,0.8635014836795252,0.0600333171
baseline_ensemble,4060,0.06916289053183877,0.8605341246290801,0.06006663129999999
baseline_ensemble,4061,0.0691793893129771,0.8605341246290801,0.0600666322
baseline_ensemble,4062,0.0691958959675495,0.8605341246290801,0.06009996270000001
baseline_ensemble,4063,0.06921241050119331,0.8605341246290801,0.06009998019999999
baseline_ensemble,4064,0.0692289329195512,0.8605341246290801,0.0601332875
baseline_ensemble,4065,0.06924546322827126,0.8605341246290801,0.060133307100000005
baseline_ensemble,4066,0.06926200143300693,0.8605341246290801,0.060199968300000004
baseline_ensemble,4067,0.0692785475394171,0.8605341246290801,0.0602332959
baseline_ensemble,4068,0.06929510155316607,0.8605341246290801,0.060233307300000004
baseline_ensemble,4069,0.06907265774378585,0.857566765578635,0.0602666257
baseline_ensemble,4070,0.06908917045182883,0.857566765578635,0.06026663449999999
baseline_ensemble,4071,0.06910569105691057,0.857566765578635,0.060266638399999996
baseline_ensemble,4072,0.06912221956469744,0.857566765578635,0.060299951299999995
baseline_ensemble,4073,0.06913875598086125,0.857566765578635,0.0602999587
baseline_ensemble,4074,0.06915530031107921,0.857566765578635,0.0602999966
baseline_ensemble,4075,0.06917185256103399,0.857566765578635,0.060333296599999996
baseline_ensemble,4076,0.0691884127364137,0.857566765578635,0.0603666248
baseline_ensemble,4077,0.06920498084291188,0.857566765578635,0.0603666323
baseline_ensemble,4078,0.06922155688622754,0.857566765578635,0.060399969100000006
baseline_ensemble,4079,0.06923814087206516,0.857566765578635,0.060399975599999996
baseline_ensemble,4080,0.06925473280613467,0.857566765578635,0.060466621299999995
baseline_ensemble,4081,0.06927133269415149,0.857566765578635,0.060466627599999996
baseline_ensemble,4082,0.06928794054183648,0.857566765578635,0.060499956199999996
baseline_ensemble,4083,0.06930455635491607,0.857566765578635,0.06050000429999999
baseline_ensemble,4084,0.06932118013912208,0.857566765578635,0.060533290000000003
baseline_ensemble,4085,0.06933781190019193,0.857566765578635,0.060533299
baseline_ensemble,4086,0.06935445164386848,0.857566765578635,0.06066662839999999
baseline_ensemble,4087,0.06937109937590015,0.857566765578635,0.0606667075
baseline_ensemble,4088,0.06938775510204082,0.857566765578635,0.060733292700000004
baseline_ensemble,4089,0.06940441882804996,0.857566765578635,0.06076662679999999
baseline_ensemble,4090,0.06942109055969253,0.857566765578635,0.0607666442
baseline_ensemble,4091,0.06943777030273907,0.857566765578635,0.0607666768
baseline_ensemble,4092,0.06945445806296563,0.857566765578635,0.060766685900000006
baseline_ensemble,4093,0.06947115384615385,0.857566765578635,0.06079996830000001
baseline_ensemble,4094,0.06948785765809089,0.857566765578635,0.0608000115
baseline_ensemble,4095,0.0695045695045695,0.857566765578635,0.0608333275
baseline_ensemble,4096,0.06952128939138802,0.857566765578635,0.06086664210000001
baseline_ensemble,4097,0.06953801732435033,0.857566765578635,0.060933321900000004
baseline_ensemble,4098,0.06955475330926594,0.857566765578635,0.06096662249999999
baseline_ensemble,4099,0.06957149735194992,0.857566765578635,0.0609999562
baseline_ensemble,4100,0.06958824945822298,0.857566765578635,0.0609999754
baseline_ensemble,4101,0.06960500963391136,0.857566765578635,0.0610332999
baseline_ensemble,4102,0.06962177788484702,0.857566765578635,0.061033314
baseline_ensemble,4103,0.06963855421686747,0.857566765578635,0.0610666243
baseline_ensemble,4104,0.06965533863581586,0.857566765578635,0.0610666294
baseline_ensemble,4105,0.06967213114754098,0.857566765578635,0.061099955399999996
baseline_ensemble,4106,0.06968893175789727,0.857566765578635,0.0611333034
baseline_ensemble,4107,0.06970574047274482,0.857566765578635,0.061133304
baseline_ensemble,4108,0.06972255729794934,0.857566765578635,0.06113333590000001
baseline_ensemble,4109,0.06973938223938224,0.857566765578635,0.06116662159999999
baseline_ensemble,4110,0.06975621530292059,0.857566765578635,0.061166641400000006
baseline_ensemble,4111,0.06977305649444712,0.857566765578635,0.06119997139999999
baseline_ensemble,4112,0.06978990581985028,0.857566765578635,0.0612999568
baseline_ensemble,4113,0.06980676328502415,0.857566765578635,0.061299971200000004
baseline_ensemble,4114,0.06982362889586857,0.857566765578635,0.0613332929
baseline_ensemble,4115,0.06984050265828903,0.857566765578635,0.06133330089999999
baseline_ensemble,4116,0.06985738457819676,0.857566765578635,0.0613333014
baseline_ensemble,4117,0.06987427466150871,0.857566765578635,0.0613666279
baseline_ensemble,4118,0.06989117291414752,0.857566765578635,0.0613666356
baseline_ensemble,4119,0.0699080793420416,0.857566765578635,0.0613999803
baseline_ensemble,4120,0.06992499395112509,0.857566765578635,0.061466620099999994
baseline_ensemble,4121,0.06994191674733785,0.857566765578635,0.0614666372
baseline_ensemble,4122,0.06971677559912855,0.8545994065281899,0.0614666486
baseline_ensemble,4123,0.06973365617433414,0.8545994065281899,0.0614999611
baseline_ensemble,4124,0.06975054492613224,0.8545994065281899,0.0614999911
baseline_ensemble,4125,0.06976744186046512,0.8545994065281899,0.061533291
baseline_ensemble,4126,0.06978434698328083,0.8545994065281899,0.0615333028
baseline_ensemble,4127,0.0698012603005332,0.8545994065281899,0.061533336
baseline_ensemble,4128,0.06981818181818182,0.8545994065281899,0.0615666369
baseline_ensemble,4129,0.06983511154219205,0.8545994065281899,0.0615666456
baseline_ensemble,4130,0.06985204947853504,0.8545994065281899,0.061599952900000005
baseline_ensemble,4131,0.06986899563318777,0.8545994065281899,0.061599967299999996
baseline_ensemble,4132,0.06988595001213298,0.8545994065281899,0.06163329869999999
baseline_ensemble,4133,0.06990291262135923,0.8545994065281899,0.061666618799999996
baseline_ensemble,4134,0.06991988346686089,0.8545994065281899,0.061666630199999996
baseline_ensemble,4135,0.06993686255463817,0.8545994065281899,0.0616666329
baseline_ensemble,4136,0.06995384989069711,0.8545994065281899,0.061666654900000006
baseline_ensemble,4137,0.06997084548104957,0.8545994065281899,0.061699966700000004
baseline_ensemble,4138,0.06998784933171324,0.8545994065281899,0.061699969699999996
baseline_ensemble,4139,0.07000486144871172,0.8545994065281899,0.061700016499999996
baseline_ensemble,4140,0.0700218818380744,0.8545994065281899,0.0617333052
baseline_ensemble,4141,0.07003891050583658,0.8545994065281899,0.0617333059
baseline_ensemble,4142,0.0700559474580394,0.8545994065281899,0.06179996889999999
baseline_ensemble,4143,0.07007299270072993,0.8545994065281899,0.0618332895
baseline_ensemble,4144,0.07009004623996107,0.8545994065281899,0.0618666514
baseline_ensemble,4145,0.07010710808179163,0.8545994065281899,0.061866656500000006
baseline_ensemble,4146,0.07012417823228634,0.8545994065281899,0.0618999535
baseline_ensemble,4147,0.07014125669751584,0.8545994065281899,0.061899962899999994
baseline_ensemble,4148,0.07015834348355664,0.8545994065281899,0.0618999653
baseline_ensemble,4149,0.07017543859649122,0.8545994065281899,0.0619333031
baseline_ensemble,4150,0.07019254204240799,0.8545994065281899,0.061933312399999996
baseline_ensemble,4151,0.07020965382740127,0.8545994065281899,0.06193338450000001
baseline_ensemble,4152,0.07022677395757132,0.8545994065281899,0.0619666433
baseline_ensemble,4153,0.0702439024390244,0.8545994065281899,0.061966702600000007
baseline_ensemble,4154,0.07026103927787265,0.8545994065281899,0.0619999544
baseline_ensemble,4155,0.07027818448023426,0.8545994065281899,0.06199997549999999
baseline_ensemble,4156,0.07029533805223334,0.8545994065281899,0.0619999799
baseline_ensemble,4157,0.070068359375,0.8516320474777448,0.0621333009
baseline_ensemble,4158,0.07008547008547009,0.8516320474777448,0.0621333164
baseline_ensemble,4159,0.07010258915486077,0.8516320474777448,0.0621666363
baseline_ensemble,4160,0.0701197165892988,0.8516320474777448,0.062166663100000005
baseline_ensemble,4161,0.0701368523949169,0.8516320474777448,0.0621999686
baseline_ensemble,4162,0.07015399657785383,0.8516320474777448,0.06219996999999999
baseline_ensemble,4163,0.07017114914425428,0.8516320474777448,0.06219999390000001
baseline_ensemble,4164,0.07018831010026902,0.8516320474777448,0.0622332844
baseline_ensemble,4165,0.0702054794520548,0.8516320474777448,0.062266636599999994
baseline_ensemble,4166,0.0702226572057744,0.8516320474777448,0.062299987599999995
baseline_ensemble,4167,0.07023984336759667,0.8516320474777448,0.0623332913
baseline_ensemble,4168,0.07025703794369645,0.8516320474777448,0.0623666442
baseline_ensemble,4169,0.07027424094025465,0.8516320474777448,0.062433303100000004
baseline_ensemble,4170,0.07029145236345824,0.8516320474777448,0.062433309500000006
baseline_ensemble,4171,0.07030867221950024,0.8516320474777448,0.0624999627
baseline_ensemble,4172,0.07032590051457976,0.8516320474777448,0.0625333383
baseline_ensemble,4173,0.07034313725490196,0.8516320474777448,0.0625999777
baseline_ensemble,4174,0.07036038244667811,0.8516320474777448,0.062633311
baseline_ensemble,4175,0.07037763609612555,0.8516320474777448,0.0626666397
baseline_ensemble,4176,0.07039489820946775,0.8516320474777448,0.0626666753
baseline_ensemble,4177,0.07041216879293424,0.8516320474777448,0.0626999684
baseline_ensemble,4178,0.07042944785276073,0.8516320474777448,0.0626999708
baseline_ensemble,4179,0.070446735395189,0.8516320474777448,0.0627332964
baseline_ensemble,4180,0.07046403142646698,0.8516320474777448,0.0627333004
baseline_ensemble,4181,0.07048133595284872,0.8516320474777448,0.0627333063
baseline_ensemble,4182,0.07049864898059445,0.8516320474777448,0.0627666464
baseline_ensemble,4183,0.07051597051597051,0.8516320474777448,0.0627999554
baseline_ensemble,4184,0.07053330056524945,0.8516320474777448,0.0627999729
baseline_ensemble,4185,0.07055063913470994,0.8516320474777448,0.0628
baseline_ensemble,4186,0.07056798623063683,0.8516320474777448,0.0628000027
baseline_ensemble,4187,0.0705853418593212,0.8516320474777448,0.0628333037
baseline_ensemble,4188,0.07060270602706027,0.8516320474777448,0.0628333143
baseline_ensemble,4189,0.07062007874015748,0.8516320474777448,0.06286664609999999
baseline_ensemble,4190,0.07063746000492246,0.8516320474777448,0.06289996440000001
baseline_ensemble,4191,0.0706548498276711,0.8516320474777448,0.06296662519999999
baseline_ensemble,4192,0.07067224821472544,0.8516320474777448,0.0629999761
baseline_ensemble,4193,0.0706896551724138,0.8516320474777448,0.0630000293
baseline_ensemble,4194,0.0707070707070707,0.8516320474777448,0.063033328
baseline_ensemble,4195,0.07072449482503697,0.8516320474777448,0.0630999766
baseline_ensemble,4196,0.07074192753265961,0.8516320474777448,0.0630999897
baseline_ensemble,4197,0.07075936883629191,0.8516320474777448,0.0631332906
baseline_ensemble,4198,0.07077681874229347,0.8516320474777448,0.0631332985
baseline_ensemble,4199,0.0707942772570301,0.8516320474777448,0.0631333128
baseline_ensemble,4200,0.07081174438687392,0.8516320474777448,0.063199967
baseline_ensemble,4201,0.07082922013820335,0.8516320474777448,0.0632332904
baseline_ensemble,4202,0.07084670451740312,0.8516320474777448,0.063266633
baseline_ensemble,4203,0.0708641975308642,0.8516320474777448,0.06326667130000001
baseline_ensemble,4204,0.07088169918498395,0.8516320474777448,0.063300001
baseline_ensemble,4205,0.070899209486166,0.8516320474777448,0.06333330029999999
baseline_ensemble,4206,0.07091672844082036,0.8516320474777448,0.063366626
baseline_ensemble,4207,0.07093425605536333,0.8516320474777448,0.0633666403
baseline_ensemble,4208,0.07095179233621755,0.8516320474777448,0.06336664589999999
baseline_ensemble,4209,0.07096933728981207,0.8516320474777448,0.0633999561
baseline_ensemble,4210,0.07098689092258224,0.8516320474777448,0.06346662260000001
baseline_ensemble,4211,0.07100445324096982,0.8516320474777448,0.06346662759999999
baseline_ensemble,4212,0.07102202425142291,0.8516320474777448,0.0634999548
baseline_ensemble,4213,0.07103960396039603,0.8516320474777448,0.0635332995
baseline_ensemble,4214,0.07105719237435008,0.8516320474777448,0.0635999551
baseline_ensemble,4215,0.07107478949975235,0.8516320474777448,0.0636000118
baseline_ensemble,4216,0.07109239534307654,0.8516320474777448,0.0636332904
baseline_ensemble,4217,0.07111000991080277,0.8516320474777448,0.0636332963
baseline_ensemble,4218,0.07112763320941759,0.8516320474777448,0.0636333121
baseline_ensemble,4219,0.07114526524541398,0.8516320474777448,0.0636666271
baseline_ensemble,4220,0.07116290602529135,0.8516320474777448,0.0636999714
baseline_ensemble,4221,0.07118055555555555,0.8516320474777448,0.0637666314
baseline_ensemble,4222,0.07119821384271893,0.8516320474777448,0.06379999210000001
baseline_ensemble,4223,0.07121588089330025,0.8516320474777448,0.06383329699999998
baseline_ensemble,4224,0.07123355671382477,0.8516320474777448,0.0638333456
baseline_ensemble,4225,0.07125124131082423,0.8516320474777448,0.06386664389999999
baseline_ensemble,4226,0.07126893469083685,0.8516320474777448,0.063899957
baseline_ensemble,4227,0.07128663686040736,0.8516320474777448,0.06389996669999999
baseline_ensemble,4228,0.07130434782608695,0.8516320474777448,0.0638999724
baseline_ensemble,4229,0.0713220675944334,0.8516320474777448,0.0639333181
baseline_ensemble,4230,0.07133979617201093,0.8516320474777448,0.0639666092
baseline_ensemble,4231,0.07110890104425659,0.8486646884272997,0.0639666368
baseline_ensemble,4232,0.07112658542651082,0.8486646884272997,0.0639999656
baseline_ensemble,4233,0.07114427860696518,0.8486646884272997,0.06399999420000001
baseline_ensemble,4234,0.0711619805921871,0.8486646884272997,0.0640332904
baseline_ensemble,4235,0.07117969138875062,0.8486646884272997,0.0640332926
baseline_ensemble,4236,0.07119741100323625,0.8486646884272997,0.0640333035
baseline_ensemble,4237,0.07121513944223108,0.8486646884272997,0.06406663959999999
baseline_ensemble,4238,0.07123287671232877,0.8486646884272997,0.0640999937
baseline_ensemble,4239,0.07125062282012955,0.8486646884272997,0.0641000022
baseline_ensemble,4240,0.07126837777224022,0.8486646884272997,0.06413329179999999
baseline_ensemble,4241,0.07128614157527417,0.8486646884272997,0.0641333114
baseline_ensemble,4242,0.0713039142358514,0.8486646884272997,0.0641333207
baseline_ensemble,4243,0.0713216957605985,0.8486646884272997,0.0641999667
baseline_ensemble,4244,0.07133948615614867,0.8486646884272997,0.064233285
baseline_ensemble,4245,0.07135728542914171,0.8486646884272997,0.0642332935
baseline_ensemble,4246,0.07137509358622411,0.8486646884272997,0.0642666273
baseline_ensemble,4247,0.07139291063404893,0.8486646884272997,0.0642999737
baseline_ensemble,4248,0.07141073657927591,0.8486646884272997,0.06429998270000001
baseline_ensemble,4249,0.07142857142857142,0.8486646884272997,0.0643332932
baseline_ensemble,4250,0.07144641518860854,0.8486646884272997,0.0643333494
baseline_ensemble,4251,0.07146426786606697,0.8486646884272997,0.0643666215
baseline_ensemble,4252,0.07148212946763309,0.8486646884272997,0.064366635
baseline_ensemble,4253,0.0715,0.8486646884272997,0.0643666609
baseline_ensemble,4254,0.07151787946986747,0.8486646884272997,0.06443327830000001
baseline_ensemble,4255,0.07153576788394198,0.8486646884272997,0.06446662360000001
baseline_ensemble,4256,0.07157157157157157,0.8486646884272997,0.0644666244
baseline_ensemble,4257,0.07158948685857322,0.8486646884272997,0.0644666298
baseline_ensemble,4258,0.07160741111667501,0.8486646884272997,0.0645332889
baseline_ensemble,4259,0.07162534435261708,0.8486646884272997,0.06453330560000001
baseline_ensemble,4260,0.0716432865731463,0.8486646884272997,0.0645667008
baseline_ensemble,4261,0.07166123778501629,0.8486646884272997,0.0645999941
baseline_ensemble,4262,0.07167919799498747,0.8486646884272997,0.0646333068
baseline_ensemble,4263,0.07169716720982702,0.8486646884272997,0.0646999564
baseline_ensemble,4264,0.07171514543630893,0.8486646884272997,0.0646999654
baseline_ensemble,4265,0.07173313268121395,0.8486646884272997,0.0647000133
baseline_ensemble,4266,0.07175112895132965,0.8486646884272997,0.0647332966
baseline_ensemble,4267,0.07176913425345044,0.8486646884272997,0.06476663779999998
baseline_ensemble,4268,0.07178714859437751,0.8486646884272997,0.0648333288
baseline_ensemble,4269,0.0718051719809189,0.8486646884272997,0.0648666191
baseline_ensemble,4270,0.0718232044198895,0.8486646884272997,0.0648666227
baseline_ensemble,4271,0.07184124591811103,0.8486646884272997,0.064933287
baseline_ensemble,4272,0.07185929648241206,0.8486646884272997,0.0649332893
baseline_ensemble,4273,0.07187735611962805,0.8486646884272997,0.0649332946
baseline_ensemble,4274,0.0718954248366013,0.8486646884272997,0.0649332965
baseline_ensemble,4275,0.07191350264018104,0.8486646884272997,0.0649333071
baseline_ensemble,4276,0.07193158953722334,0.8486646884272997,0.06493330789999999
baseline_ensemble,4277,0.07194968553459119,0.8486646884272997,0.0649666446
baseline_ensemble,4278,0.07196779063915451,0.8486646884272997,0.06496668720000001
baseline_ensemble,4279,0.07198590485779008,0.8486646884272997,0.0650333127
baseline_ensemble,4280,0.07200402819738168,0.8486646884272997,0.0650666278
baseline_ensemble,4281,0.07202216066481995,0.8486646884272997,0.0651333768
baseline_ensemble,4282,0.07204030226700252,0.8486646884272997,0.06519995320000001
baseline_ensemble,4283,0.07205845301083397,0.8486646884272997,0.0651999564
baseline_ensemble,4284,0.07207661290322581,0.8486646884272997,0.0652332783
baseline_ensemble,4285,0.07209478195109655,0.8486646884272997,0.06526663
baseline_ensemble,4286,0.07211296016137166,0.8486646884272997,0.06526666219999999
baseline_ensemble,4287,0.07213114754098361,0.8486646884272997,0.0652999458
baseline_ensemble,4288,0.07214934409687185,0.8486646884272997,0.0652999561
baseline_ensemble,4289,0.07216754983598284,0.8486646884272997,0.06529996679999998
baseline_ensemble,4290,0.07218576476527007,0.8486646884272997,0.0652999856
baseline_ensemble,4291,0.07220398889169402,0.8486646884272997,0.0653333071
baseline_ensemble,4292,0.07222222222222222,0.8486646884272997,0.06536663840000001
baseline_ensemble,4293,0.07224046476382925,0.8486646884272997,0.06539999299999999
baseline_ensemble,4294,0.07225871652349672,0.8486646884272997,0.06540002950000001
baseline_ensemble,4295,0.0722769775082133,0.8486646884272997,0.06546661799999999
baseline_ensemble,4296,0.07229524772497473,0.8486646884272997,0.0654999617
baseline_ensemble,4297,0.07231352718078382,0.8486646884272997,0.06549996870000001
baseline_ensemble,4298,0.07233181588265047,0.8486646884272997,0.065499972
baseline_ensemble,4299,0.0723501138375917,0.8486646884272997,0.06549997330000001
baseline_ensemble,4300,0.07236842105263158,0.8486646884272997,0.0655666328
baseline_ensemble,4301,0.07238673753480132,0.8486646884272997,0.0655666533
baseline_ensemble,4302,0.07240506329113924,0.8486646884272997,0.0656666186
baseline_ensemble,4303,0.07242339832869081,0.8486646884272997,0.0656666246
baseline_ensemble,4304,0.07244174265450862,0.8486646884272997,0.0656666326
baseline_ensemble,4305,0.07246009627565239,0.8486646884272997,0.0656999803
baseline_ensemble,4306,0.07247845919918905,0.8486646884272997,0.0657666195
baseline_ensemble,4307,0.07249683143219265,0.8486646884272997,0.06579995729999999
baseline_ensemble,4308,0.07251521298174442,0.8486646884272997,0.0658332932
baseline_ensemble,4309,0.0725336038549328,0.8486646884272997,0.0658332933
baseline_ensemble,4310,0.07255200405885337,0.8486646884272997,0.0658666186
baseline_ensemble,4311,0.07257041360060898,0.8486646884272997,0.06593328679999999
baseline_ensemble,4312,0.07258883248730964,0.8486646884272997,0.06593329170000001
baseline_ensemble,4313,0.07260726072607261,0.8486646884272997,0.0660332861
baseline_ensemble,4314,0.07262569832402235,0.8486646884272997,0.0660332968
baseline_ensemble,4315,0.07264414528829058,0.8486646884272997,0.06603329969999999
baseline_ensemble,4316,0.07240853658536585,0.8456973293768546,0.0660333209
baseline_ensemble,4317,0.0724269377382465,0.8456973293768546,0.06603332270000001
baseline_ensemble,4318,0.07244534824605998,0.8456973293768546,0.06610003580000001
baseline_ensemble,4319,0.07246376811594203,0.8456973293768546,0.0661332944
baseline_ensemble,4320,0.07248219735503561,0.8456973293768546,0.0661666229
baseline_ensemble,4321,0.07250063597049097,0.8456973293768546,0.0661999524
baseline_ensemble,4322,0.07251908396946564,0.8456973293768546,0.0662999637
baseline_ensemble,4323,0.07253754135912446,0.8456973293768546,0.0663666188
baseline_ensemble,4324,0.07255600814663951,0.8456973293768546,0.0663666717
baseline_ensemble,4325,0.07257448433919023,0.8456973293768546,0.0663666967
baseline_ensemble,4326,0.07259296994396332,0.8456973293768546,0.06643328379999999
baseline_ensemble,4327,0.07261146496815286,0.8456973293768546,0.0664999509
baseline_ensemble,4328,0.07262996941896024,0.8456973293768546,0.06650000010000001
baseline_ensemble,4329,0.07264848330359419,0.8456973293768546,0.06653327690000001
baseline_ensemble,4330,0.07266700662927078,0.8456973293768546,0.0665333005
baseline_ensemble,4331,0.07268553940321347,0.8456973293768546,0.0665333019
baseline_ensemble,4332,0.07270408163265306,0.8456973293768546,0.0665333071
baseline_ensemble,4333,0.07272263332482776,0.8456973293768546,0.0665666204
baseline_ensemble,4334,0.07274119448698316,0.8456973293768546,0.06656664059999999
baseline_ensemble,4335,0.07250446770487617,0.8427299703264095,0.0666332829
baseline_ensemble,4336,0.07252298263534218,0.8427299703264095,0.0666666159
baseline_ensemble,4337,0.07254150702426565,0.8427299703264095,0.06666662979999999
baseline_ensemble,4338,0.07256004087889627,0.8427299703264095,0.06666665
baseline_ensemble,4339,0.07257858420649119,0.8427299703264095,0.0667333142
baseline_ensemble,4340,0.07259713701431493,0.8427299703264095,0.06673332639999999
baseline_ensemble,4341,0.07261569930963947,0.8427299703264095,0.06679995300000001
baseline_ensemble,4342,0.07263427109974424,0.8427299703264095,0.06679995540000001
baseline_ensemble,4343,0.07265285239191609,0.8427299703264095,0.0667999652
baseline_ensemble,4344,0.07267144319344933,0.8427299703264095,0.0668666489
baseline_ensemble,4345,0.07269004351164576,0.8427299703264095,0.0669666089
baseline_ensemble,4346,0.07270865335381464,0.8427299703264095,0.0669666299
baseline_ensemble,4347,0.07272727272727272,0.8427299703264095,0.0669999811
baseline_ensemble,4348,0.07274590163934426,0.8427299703264095,0.0670332887
baseline_ensemble,4349,0.07276454009736101,0.8427299703264095,0.0670666182
baseline_ensemble,4350,0.07278318810866223,0.8427299703264095,0.0670666259
baseline_ensemble,4351,0.07280184568059472,0.8427299703264095,0.0670999931
baseline_ensemble,4352,0.07282051282051281,0.8427299703264095,0.06713336810000001
baseline_ensemble,4353,0.0728391895357784,0.8427299703264095,0.06719994639999999
baseline_ensemble,4354,0.0728578758337609,0.8427299703264095,0.0673332836
baseline_ensemble,4355,0.07287657172183731,0.8427299703264095,0.0673332862
baseline_ensemble,4356,0.0728952772073922,0.8427299703264095,0.0673666936
baseline_ensemble,4357,0.07291399229781771,0.8427299703264095,0.067399947
baseline_ensemble,4358,0.07293271700051361,0.8427299703264095,0.0673999762
baseline_ensemble,4359,0.07295145132288723,0.8427299703264095,0.0673999894
baseline_ensemble,4360,0.07297019527235354,0.8427299703264095,0.06739999699999999
baseline_ensemble,4361,0.07298894885633513,0.8427299703264095,0.0674666437
baseline_ensemble,4362,0.07300771208226221,0.8427299703264095,0.06749995479999998
baseline_ensemble,4363,0.07302648495757263,0.8427299703264095,0.06753330549999999
baseline_ensemble,4364,0.07304526748971193,0.8427299703264095,0.0675999532
baseline_ensemble,4365,0.07306405968613326,0.8427299703264095,0.0675999638
baseline_ensemble,4366,0.07308286155429748,0.8427299703264095,0.0675999653
baseline_ensemble,4367,0.0731016731016731,0.8427299703264095,0.06759996969999998
baseline_ensemble,4368,0.07312049433573635,0.8427299703264095,0.0676332927
baseline_ensemble,4369,0.07313932526397116,0.8427299703264095,0.0676333009
baseline_ensemble,4370,0.07315816589386914,0.8427299703264095,0.06763330149999999
baseline_ensemble,4371,0.07317701623292966,0.8427299703264095,0.0676333028
baseline_ensemble,4372,0.0731958762886598,0.8427299703264095,0.067666623
baseline_ensemble,4373,0.07321474606857438,0.8427299703264095,0.06766663710000001
baseline_ensemble,4374,0.07323362558019597,0.8427299703264095,0.06769996439999999
baseline_ensemble,4375,0.07325251483105494,0.8427299703264095,0.0677332879
baseline_ensemble,4376,0.07327141382868937,0.8427299703264095,0.0677333047
baseline_ensemble,4377,0.07329032258064516,0.8427299703264095,0.0677333138
baseline_ensemble,4378,0.073309241094476,0.8427299703264095,0.0677666253
baseline_ensemble,4379,0.07332816937774335,0.8427299703264095,0.0677999983
baseline_ensemble,4380,0.07334710743801653,0.8427299703264095,0.0678666276
baseline_ensemble,4381,0.07336605528287264,0.8427299703264095,0.0678666383
baseline_ensemble,4382,0.07338501291989664,0.8427299703264095,0.06789995870000001
baseline_ensemble,4383,0.07340398035668132,0.8427299703264095,0.0679000208
baseline_ensemble,4384,0.0734229576008273,0.8427299703264095,0.0679666366
baseline_ensemble,4385,0.07344194465994311,0.8427299703264095,0.06799995839999999
baseline_ensemble,4386,0.0734609415416451,0.8427299703264095,0.0680666439
baseline_ensemble,4387,0.07347994825355757,0.8427299703264095,0.0680999423
baseline_ensemble,4388,0.07349896480331262,0.8427299703264095,0.0680999766
baseline_ensemble,4389,0.07351799119855035,0.8427299703264095,0.0681000007
baseline_ensemble,4390,0.0735370274469187,0.8427299703264095,0.0681332929
baseline_ensemble,4391,0.07355607355607356,0.8427299703264095,0.0681332958
baseline_ensemble,4392,0.07357512953367876,0.8427299703264095,0.06816662829999999
baseline_ensemble,4393,0.07359419538740607,0.8427299703264095,0.06819996
baseline_ensemble,4394,0.0736132711249352,0.8427299703264095,0.06823327539999999
baseline_ensemble,4395,0.07363235675395385,0.8427299703264095,0.06823328129999999
baseline_ensemble,4396,0.07365145228215768,0.8427299703264095,0.0682333028
baseline_ensemble,4397,0.07367055771725033,0.8427299703264095,0.06826666860000001
baseline_ensemble,4398,0.07368967306694343,0.8427299703264095,0.0683332892
baseline_ensemble,4399,0.07370879833895666,0.8427299703264095,0.068366626
baseline_ensemble,4400,0.07372793354101766,0.8427299703264095,0.068399957
baseline_ensemble,4401,0.07374707868086211,0.8427299703264095,0.0683999728
baseline_ensemble,4402,0.07376623376623377,0.8427299703264095,0.06843328480000001
baseline_ensemble,4403,0.07378539880488438,0.8427299703264095,0.0684666407
baseline_ensemble,4404,0.07380457380457381,0.8427299703264095,0.0684666557
baseline_ensemble,4405,0.0735638159604887,0.8397626112759644,0.06849997869999999
baseline_ensemble,4406,0.07358294331773271,0.8397626112759644,0.0684999874
baseline_ensemble,4407,0.07360208062418726,0.8397626112759644,0.0685333074
baseline_ensemble,4408,0.07362122788761706,0.8397626112759644,0.06856661809999999
baseline_ensemble,4409,0.07364038511579495,0.8397626112759644,0.0685666231
baseline_ensemble,4410,0.07365955231650183,0.8397626112759644,0.0685666258
baseline_ensemble,4411,0.07367872949752668,0.8397626112759644,0.06856664
baseline_ensemble,4412,0.07369791666666667,0.8397626112759644,0.0685999578
baseline_ensemble,4413,0.07371711383172701,0.8397626112759644,0.0685999726
baseline_ensemble,4414,0.0737363210005211,0.8397626112759644,0.0686332875
baseline_ensemble,4415,0.07375553818087047,0.8397626112759644,0.0686332929
baseline_ensemble,4416,0.07377476538060479,0.8397626112759644,0.0686666216
baseline_ensemble,4417,0.07379400260756193,0.8397626112759644,0.0686666312
baseline_ensemble,4418,0.0738132498695879,0.8397626112759644,0.06869996969999999
baseline_ensemble,4419,0.07383250717453692,0.8397626112759644,0.06869998640000001
baseline_ensemble,4420,0.0738517745302714,0.8397626112759644,0.06873331090000001
baseline_ensemble,4421,0.07387105194466197,0.8397626112759644,0.0687666596
baseline_ensemble,4422,0.07389033942558747,0.8397626112759644,0.0688333039
baseline_ensemble,4423,0.07390963698093497,0.8397626112759644,0.0688666537
baseline_ensemble,4424,0.07392894461859979,0.8397626112759644,0.06906661609999999
baseline_ensemble,4425,0.0739482623464855,0.8397626112759644,0.0690666361
baseline_ensemble,4426,0.07396759017250391,0.8397626112759644,0.0690666416
baseline_ensemble,4427,0.07398692810457516,0.8397626112759644,0.0690666499
baseline_ensemble,4428,0.07400627615062762,0.8397626112759644,0.06909997429999999
baseline_ensemble,4429,0.07402563431859796,0.8397626112759644,0.0691332852
baseline_ensemble,4430,0.07404500261643118,0.8397626112759644,0.069133324
baseline_ensemble,4431,0.0740643810520806,0.8397626112759644,0.0691333619
baseline_ensemble,4432,0.07408376963350785,0.8397626112759644,0.0691666157
baseline_ensemble,4433,0.0741031683686829,0.8397626112759644,0.0691999621
baseline_ensemble,4434,0.07412257726558408,0.8397626112759644,0.06920001740000001
baseline_ensemble,4435,0.07414199633219806,0.8397626112759644,0.0692332837
baseline_ensemble,4436,0.07416142557651992,0.8397626112759644,0.0692333037
baseline_ensemble,4437,0.07418086500655308,0.8397626112759644,0.0692666405
baseline_ensemble,4438,0.07420031463030939,0.8397626112759644,0.0692666452
baseline_ensemble,4439,0.07421977445580907,0.8397626112759644,0.0692999554
baseline_ensemble,4440,0.0742392444910808,0.8397626112759644,0.06933328119999999
baseline_ensemble,4441,0.07425872474416163,0.8397626112759644,0.069333312
baseline_ensemble,4442,0.07427821522309712,0.8397626112759644,0.0693666171
baseline_ensemble,4443,0.07429771593594119,0.8397626112759644,0.06936663579999999
baseline_ensemble,4444,0.0743172268907563,0.8397626112759644,0.0693999649
baseline_ensemble,4445,0.07433674809561334,0.8397626112759644,0.0693999659
baseline_ensemble,4446,0.0743562795585917,0.8397626112759644,0.06943328
baseline_ensemble,4447,0.07437582128777924,0.8397626112759644,0.0694332937
baseline_ensemble,4448,0.07439537329127234,0.8397626112759644,0.0694666209
baseline_ensemble,4449,0.07441493557717592,0.8397626112759644,0.069466622
baseline_ensemble,4450,0.07443450815360336,0.8397626112759644,0.0694666355
baseline_ensemble,4451,0.07445409102867666,0.8397626112759644,0.06956664679999999
baseline_ensemble,4452,0.07447368421052632,0.8397626112759644,0.0695666598
baseline_ensemble,4453,0.0744932877072914,0.8397626112759644,0.0696332772
baseline_ensemble,4454,0.07451290152711953,0.8397626112759644,0.06963328369999999
baseline_ensemble,4455,0.07453252567816697,0.8397626112759644,0.0696333401
baseline_ensemble,4456,0.07455216016859853,0.8397626112759644,0.0696666314
baseline_ensemble,4457,0.07457180500658761,0.8397626112759644,0.0696666687
baseline_ensemble,4458,0.07459146020031629,0.8397626112759644,0.0697666338
baseline_ensemble,4459,0.07461112575797521,0.8397626112759644,0.0697666705
baseline_ensemble,4460,0.07463080168776372,0.8397626112759644,0.0698332966
baseline_ensemble,4461,0.07465048799788974,0.8397626112759644,0.0699332839
baseline_ensemble,4462,0.07467018469656993,0.8397626112759644,0.0699332919
baseline_ensemble,4463,0.07468989179202956,0.8397626112759644,0.0700333195
baseline_ensemble,4464,0.07470960929250264,0.8397626112759644,0.0700333318
baseline_ensemble,4465,0.07472933720623184,0.8397626112759644,0.0700333711
baseline_ensemble,4466,0.07474907554146856,0.8397626112759644,0.0701333041
baseline_ensemble,4467,0.07476882430647291,0.8397626112759644,0.0701333101
baseline_ensemble,4468,0.07478858350951374,0.8397626112759644,0.0701999591
baseline_ensemble,4469,0.07480835315886862,0.8397626112759644,0.0702332871
baseline_ensemble,4470,0.0748281332628239,0.8397626112759644,0.0702332971
baseline_ensemble,4471,0.07484792382967469,0.8397626112759644,0.0702666354
baseline_ensemble,4472,0.07486772486772486,0.8397626112759644,0.07026664739999999
baseline_ensemble,4473,0.07488753638528711,0.8397626112759644,0.07033328890000001
baseline_ensemble,4474,0.0749073583906829,0.8397626112759644,0.07040001100000001
baseline_ensemble,4475,0.07492719089224252,0.8397626112759644,0.0704332838
baseline_ensemble,4476,0.07494703389830508,0.8397626112759644,0.0704666301
baseline_ensemble,4477,0.07496688741721855,0.8397626112759644,0.07056661389999999
baseline_ensemble,4478,0.0749867514573397,0.8397626112759644,0.0705666741
baseline_ensemble,4479,0.07500662602703419,0.8397626112759644,0.0705999548
baseline_ensemble,4480,0.07502651113467657,0.8397626112759644,0.0706000507
baseline_ensemble,4481,0.07504640678865022,0.8397626112759644,0.0706333102
baseline_ensemble,4482,0.07506631299734748,0.8397626112759644,0.0706333276
baseline_ensemble,4483,0.07508622976916954,0.8397626112759644,0.070666615
baseline_ensemble,4484,0.07510615711252654,0.8397626112759644,0.0706666202
baseline_ensemble,4485,0.07512609503583753,0.8397626112759644,0.07066667
baseline_ensemble,4486,0.07514604354753053,0.8397626112759644,0.07069995370000001
baseline_ensemble,4487,0.0751660026560425,0.8397626112759644,0.0707333001
baseline_ensemble,4488,0.07518597236981935,0.8397626112759644,0.07076661599999999
baseline_ensemble,4489,0.07520595269731598,0.8397626112759644,0.0709333001
baseline_ensemble,4490,0.07522594364699628,0.8397626112759644,0.0709666588
baseline_ensemble,4491,0.07524594522733316,0.8397626112759644,0.0709999808
baseline_ensemble,4492,0.07526595744680852,0.8397626112759644,0.07103329159999999
baseline_ensemble,4493,0.07528598031391327,0.8397626112759644,0.0710333023
baseline_ensemble,4494,0.07530601383714741,0.8397626112759644,0.0710333151
baseline_ensemble,4495,0.07532605802501996,0.8397626112759644,0.0710333205
baseline_ensemble,4496,0.07534611288604899,0.8397626112759644,0.0710666325
baseline_ensemble,4497,0.07536617842876166,0.8397626112759644,0.07109996910000001
baseline_ensemble,4498,0.0753862546616942,0.8397626112759644,0.07110001989999999
baseline_ensemble,4499,0.07540634159339195,0.8397626112759644,0.0711332866
baseline_ensemble,4500,0.07542643923240938,0.8397626112759644,0.07116664
baseline_ensemble,4501,0.07544654758731005,0.8397626112759644,0.07123328509999999
baseline_ensemble,4502,0.07546666666666667,0.8397626112759644,0.0712333043
baseline_ensemble,4503,0.07548679647906108,0.8397626112759644,0.0712999738
baseline_ensemble,4504,0.07550693703308431,0.8397626112759644,0.0713000485
baseline_ensemble,4505,0.07552708833733654,0.8397626112759644,0.0713332785
baseline_ensemble,4506,0.07554725040042712,0.8397626112759644,0.0713333109
baseline_ensemble,4507,0.07556742323097464,0.8397626112759644,0.0713999726
baseline_ensemble,4508,0.07558760683760683,0.8397626112759644,0.0715332871
baseline_ensemble,4509,0.07560780122896073,0.8397626112759644,0.0715666494
baseline_ensemble,4510,0.07562800641368252,0.8397626112759644,0.0715666782
baseline_ensemble,4511,0.07564822240042769,0.8397626112759644,0.0715999564
baseline_ensemble,4512,0.07540106951871657,0.8367952522255193,0.0715999607
baseline_ensemble,4513,0.07542123562449853,0.8367952522255193,0.0715999646
baseline_ensemble,4514,0.0754414125200642,0.8367952522255193,0.0715999798
baseline_ensemble,4515,0.07546160021407546,0.8367952522255193,0.0716999535
baseline_ensemble,4516,0.07548179871520343,0.8367952522255193,0.0717333175
baseline_ensemble,4517,0.07550200803212852,0.8367952522255193,0.0717999574
baseline_ensemble,4518,0.07552222817354044,0.8367952522255193,0.0719999734
baseline_ensemble,4519,0.07554245914813823,0.8367952522255193,0.0720666475
baseline_ensemble,4520,0.07556270096463022,0.8367952522255193,0.0721999488
baseline_ensemble,4521,0.07558295363173412,0.8367952522255193,0.0721999629
baseline_ensemble,4522,0.07560321715817694,0.8367952522255193,0.0721999771
baseline_ensemble,4523,0.0756234915526951,0.8367952522255193,0.07220000830000001
baseline_ensemble,4524,0.07564377682403434,0.8367952522255193,0.07223328109999999
baseline_ensemble,4525,0.07566407298094982,0.8367952522255193,0.0722332831
baseline_ensemble,4526,0.07568438003220612,0.8367952522255193,0.0722332995
baseline_ensemble,4527,0.07570469798657718,0.8367952522255193,0.0722666067
baseline_ensemble,4528,0.0757250268528464,0.8367952522255193,0.0722666321
baseline_ensemble,4529,0.0757453666398066,0.8367952522255193,0.07229995560000001
baseline_ensemble,4530,0.07576571735626007,0.8367952522255193,0.0723332738
baseline_ensemble,4531,0.07578607901101854,0.8367952522255193,0.0723332851
baseline_ensemble,4532,0.07580645161290323,0.8367952522255193,0.07233328900000001
baseline_ensemble,4533,0.07582683517074483,0.8367952522255193,0.0723332983
baseline_ensemble,4534,0.07584722969338353,0.8367952522255193,0.0724000009
baseline_ensemble,4535,0.07586763518966909,0.8367952522255193,0.07243328249999999
baseline_ensemble,4536,0.07588805166846072,0.8367952522255193,0.0724666783
baseline_ensemble,4537,0.0759084791386272,0.8367952522255193,0.0724999722
baseline_ensemble,4538,0.07592891760904685,0.8367952522255193,0.0725332857
baseline_ensemble,4539,0.0759493670886076,0.8367952522255193,0.0725332896
baseline_ensemble,4540,0.07596982758620689,0.8367952522255193,0.0725666121
baseline_ensemble,4541,0.07599029911075182,0.8367952522255193,0.0725666417
baseline_ensemble,4542,0.07601078167115903,0.8367952522255193,0.072599994
baseline_ensemble,4543,0.07603127527635481,0.8367952522255193,0.0726666594
baseline_ensemble,4544,0.07605177993527508,0.8367952522255193,0.0726999619
baseline_ensemble,4545,0.0760722956568654,0.8367952522255193,0.0727999454
baseline_ensemble,4546,0.07609282245008095,0.8367952522255193,0.0728666154
baseline_ensemble,4547,0.07611336032388664,0.8367952522255193,0.0728999476
baseline_ensemble,4548,0.07613390928725702,0.8367952522255193,0.0729666024
baseline_ensemble,4549,0.07615446934917634,0.8367952522255193,0.072966649
baseline_ensemble,4550,0.07617504051863858,0.8367952522255193,0.0729999652
baseline_ensemble,4551,0.0761956228046474,0.8367952522255193,0.0730999557
baseline_ensemble,4552,0.07621621621621621,0.8367952522255193,0.07309996669999999
baseline_ensemble,4553,0.07623682076236821,0.8367952522255193,0.07309996869999999
baseline_ensemble,4554,0.07625743645213628,0.8367952522255193,0.0731999538
baseline_ensemble,4555,0.07627806329456316,0.8367952522255193,0.0732332797
baseline_ensemble,4556,0.0762987012987013,0.8367952522255193,0.0732332926
baseline_ensemble,4557,0.07631935047361299,0.8367952522255193,0.0732333466
baseline_ensemble,4558,0.07634001082837033,0.8367952522255193,0.0732666314
baseline_ensemble,4559,0.07636068237205523,0.8367952522255193,0.07329996
baseline_ensemble,4560,0.07638136511375948,0.8367952522255193,0.0733666122
baseline_ensemble,4561,0.07640205906258467,0.8367952522255193,0.0734666284
baseline_ensemble,4562,0.07642276422764227,0.8367952522255193,0.0734999407
baseline_ensemble,4563,0.07644348061805367,0.8367952522255193,0.0734999426
baseline_ensemble,4564,0.07646420824295011,0.8367952522255193,0.07349994659999999
baseline_ensemble,4565,0.07648494711147275,0.8367952522255193,0.0735333098
baseline_ensemble,4566,0.07650569723277266,0.8367952522255193,0.0735333527
baseline_ensemble,4567,0.07652645861601086,0.8367952522255193,0.0735666265
baseline_ensemble,4568,0.07654723127035831,0.8367952522255193,0.07356662700000001
baseline_ensemble,4569,0.07656801520499593,0.8367952522255193,0.0735666314
baseline_ensemble,4570,0.07658881042911461,0.8367952522255193,0.07356665280000001
baseline_ensemble,4571,0.07660961695191525,0.8367952522255193,0.0735999966
baseline_ensemble,4572,0.0766304347826087,0.8367952522255193,0.07363327409999999
baseline_ensemble,4573,0.07665126393041588,0.8367952522255193,0.0736666196
baseline_ensemble,4574,0.0766721044045677,0.8367952522255193,0.073666627
baseline_ensemble,4575,0.07669295621430514,0.8367952522255193,0.07373331
baseline_ensemble,4576,0.07671381936887922,0.8367952522255193,0.07379993119999999
baseline_ensemble,4577,0.07646258503401361,0.8338278931750742,0.0737999387
baseline_ensemble,4578,0.07648339684267828,0.8338278931750742,0.07379994549999999
baseline_ensemble,4579,0.07650421998366458,0.8338278931750742,0.0738332969
baseline_ensemble,4580,0.07652505446623094,0.8338278931750742,0.073933281
baseline_ensemble,4581,0.07654590029964588,0.8338278931750742,0.0739332948
baseline_ensemble,4582,0.07656675749318802,0.8338278931750742,0.0741000198
baseline_ensemble,4583,0.0765876260561461,0.8338278931750742,0.0742666649
baseline_ensemble,4584,0.07660850599781897,0.8338278931750742,0.07436661929999999
baseline_ensemble,4585,0.07662939732751568,0.8338278931750742,0.0743999404
baseline_ensemble,4586,0.07665030005455538,0.8338278931750742,0.07443326919999999
baseline_ensemble,4587,0.07667121418826739,0.8338278931750742,0.07459994210000001
baseline_ensemble,4588,0.07669213973799127,0.8338278931750742,0.0746332859
baseline_ensemble,4589,0.07671307671307671,0.8338278931750742,0.07463332240000001
baseline_ensemble,4590,0.07673402512288367,0.8338278931750742,0.0746999629
baseline_ensemble,4591,0.0767549849767823,0.8338278931750742,0.0746999683
baseline_ensemble,4592,0.076775956284153,0.8338278931750742,0.074699986
baseline_ensemble,4593,0.07679693905438645,0.8338278931750742,0.0746999998
baseline_ensemble,4594,0.07681793329688354,0.8338278931750742,0.07476663
baseline_ensemble,4595,0.07683893902105551,0.8338278931750742,0.074799951
baseline_ensemble,4596,0.07685995623632386,0.8338278931750742,0.0747999658
baseline_ensemble,4597,0.07688098495212038,0.8338278931750742,0.07479997299999999
baseline_ensemble,4598,0.07690202517788725,0.8338278931750742,0.07486661780000001
baseline_ensemble,4599,0.07692307692307693,0.8338278931750742,0.0749333113
baseline_ensemble,4600,0.07694414019715225,0.8338278931750742,0.0749666094
baseline_ensemble,4601,0.07696521500958642,0.8338278931750742,0.07496661439999999
baseline_ensemble,4602,0.07698630136986301,0.8338278931750742,0.0749666193
baseline_ensemble,4603,0.07700739928747602,0.8338278931750742,0.0750332705
baseline_ensemble,4604,0.07702850877192982,0.8338278931750742,0.0750999568
baseline_ensemble,4605,0.07704962983273923,0.8338278931750742,0.07509995779999999
baseline_ensemble,4606,0.07707076247942951,0.8338278931750742,0.0751332941
baseline_ensemble,4607,0.07709190672153635,0.8338278931750742,0.0752332953
baseline_ensemble,4608,0.07711306256860592,0.8338278931750742,0.0752999386
baseline_ensemble,4609,0.0771342300301949,0.8338278931750742,0.0752999805
baseline_ensemble,4610,0.0771554091158704,0.8338278931750742,0.0753999877
baseline_ensemble,4611,0.07717659983521011,0.8338278931750742,0.075399991
baseline_ensemble,4612,0.0771978021978022,0.8338278931750742,0.0754332785
baseline_ensemble,4613,0.0772190162132454,0.8338278931750742,0.0754332947
baseline_ensemble,4614,0.07724024189114899,0.8338278931750742,0.0754332993
baseline_ensemble,4615,0.0772614792411328,0.8338278931750742,0.0754333392
baseline_ensemble,4616,0.07728272827282728,0.8338278931750742,0.07546663680000001
baseline_ensemble,4617,0.07730398899587346,0.8338278931750742,0.0755000051
baseline_ensemble,4618,0.07732526141992295,0.8338278931750742,0.0755332939
baseline_ensemble,4619,0.07734654555463805,0.8338278931750742,0.07553331980000001
baseline_ensemble,4620,0.07736784140969163,0.8338278931750742,0.07556662580000001
baseline_ensemble,4621,0.07738914899476729,0.8338278931750742,0.0755999745
baseline_ensemble,4622,0.07741046831955922,0.8338278931750742,0.0756332896
baseline_ensemble,4623,0.07743179939377239,0.8338278931750742,0.0756332962
baseline_ensemble,4624,0.07745314222712238,0.8338278931750742,0.07563330489999999
baseline_ensemble,4625,0.07747449682933553,0.8338278931750742,0.0756666188
baseline_ensemble,4626,0.07749586321014892,0.8338278931750742,0.0756666252
baseline_ensemble,4627,0.07751724137931035,0.8338278931750742,0.0756666333
baseline_ensemble,4628,0.07753863134657836,0.8338278931750742,0.07569996970000001
baseline_ensemble,4629,0.07756003312172233,0.8338278931750742,0.0757333016
baseline_ensemble,4630,0.07758144671452237,0.8338278931750742,0.0757999947
baseline_ensemble,4631,0.07760287213476941,0.8338278931750742,0.0758332918
baseline_ensemble,4632,0.0776243093922652,0.8338278931750742,0.07583329209999999
baseline_ensemble,4633,0.07764575849682233,0.8338278931750742,0.07583333989999999
baseline_ensemble,4634,0.07766721945826423,0.8338278931750742,0.0758999813
baseline_ensemble,4635,0.07768869228642522,0.8338278931750742,0.0759999614
baseline_ensemble,4636,0.07771017699115045,0.8338278931750742,0.0759999623
baseline_ensemble,4637,0.07773167358229599,0.8338278931750742,0.07606664839999999
baseline_ensemble,4638,0.07775318206972884,0.8338278931750742,0.07613329599999999
baseline_ensemble,4639,0.07777470246332688,0.8338278931750742,0.07613329919999999
baseline_ensemble,4640,0.07779623477297896,0.8338278931750742,0.07616663259999999
baseline_ensemble,4641,0.07781777900858489,0.8338278931750742,0.076199989
baseline_ensemble,4642,0.0778393351800554,0.8338278931750742,0.0762333452
baseline_ensemble,4643,0.07786090329731228,0.8338278931750742,0.0762666244
baseline_ensemble,4644,0.07788248337028825,0.8338278931750742,0.0762999861
baseline_ensemble,4645,0.07790407540892709,0.8338278931750742,0.07633327869999999
baseline_ensemble,4646,0.07792567942318358,0.8338278931750742,0.0763332941
baseline_ensemble,4647,0.07794729542302357,0.8338278931750742,0.07636667119999999
baseline_ensemble,4648,0.07796892341842397,0.8338278931750742,0.07639994369999999
baseline_ensemble,4649,0.07799056341937274,0.8338278931750742,0.076433293
baseline_ensemble,4650,0.07773459189339256,0.8308605341246291,0.0764332983
baseline_ensemble,4651,0.07775617883921133,0.8308605341246291,0.0764666303
baseline_ensemble,4652,0.07777777777777778,0.8308605341246291,0.076466641
baseline_ensemble,4653,0.07779938871908863,0.8308605341246291,0.0764666492
baseline_ensemble,4654,0.07782101167315175,0.8308605341246291,0.0765332777
baseline_ensemble,4655,0.0778426466499861,0.8308605341246291,0.0765999536
baseline_ensemble,4656,0.0778642936596218,0.8308605341246291,0.0766000208
baseline_ensemble,4657,0.07788595271210014,0.8308605341246291,0.0766332996
baseline_ensemble,4658,0.07790762381747357,0.8308605341246291,0.0766666156
baseline_ensemble,4659,0.07792930698580573,0.8308605341246291,0.0766999796
baseline_ensemble,4660,0.0779510022271715,0.8308605341246291,0.0767333204
baseline_ensemble,4661,0.07797270955165692,0.8308605341246291,0.0767666222
baseline_ensemble,4662,0.07799442896935933,0.8308605341246291,0.0767666382
baseline_ensemble,4663,0.0780161604903873,0.8308605341246291,0.0767999437
baseline_ensemble,4664,0.07803790412486064,0.8308605341246291,0.07679994929999999
baseline_ensemble,4665,0.07805965988291051,0.8308605341246291,0.07686663319999999
baseline_ensemble,4666,0.0780814277746793,0.8308605341246291,0.076933317
baseline_ensemble,4667,0.07810320781032078,0.8308605341246291,0.07696661649999999
baseline_ensemble,4668,0.078125,0.8308605341246291,0.0769999942
baseline_ensemble,4669,0.07814680435389339,0.8308605341246291,0.0770332892
baseline_ensemble,4670,0.07816862088218872,0.8308605341246291,0.0771332856
baseline_ensemble,4671,0.07819044959508517,0.8308605341246291,0.0771332865
baseline_ensemble,4672,0.0782122905027933,0.8308605341246291,0.07719995810000001
baseline_ensemble,4673,0.07823414361553506,0.8308605341246291,0.0772666098
baseline_ensemble,4674,0.07825600894354388,0.8308605341246291,0.0772666422
baseline_ensemble,4675,0.07827788649706457,0.8308605341246291,0.0772666453
baseline_ensemble,4676,0.07829977628635347,0.8308605341246291,0.07729994589999999
baseline_ensemble,4677,0.07832167832167833,0.8308605341246291,0.0772999474
baseline_ensemble,4678,0.07834359261331841,0.8308605341246291,0.0773332923
baseline_ensemble,4679,0.07836551917156451,0.8308605341246291,0.0773333063
baseline_ensemble,4680,0.07838745800671892,0.8308605341246291,0.0773666131
baseline_ensemble,4681,0.0784094091290955,0.8308605341246291,0.0773999394
baseline_ensemble,4682,0.0784313725490196,0.8308605341246291,0.0773999437
baseline_ensemble,4683,0.07845334827682825,0.8308605341246291,0.07739996989999999
baseline_ensemble,4684,0.07847533632286996,0.8308605341246291,0.0774332952
baseline_ensemble,4685,0.0784973366975049,0.8308605341246291,0.0775332777
baseline_ensemble,4686,0.07851934941110487,0.8308605341246291,0.0775666231
baseline_ensemble,4687,0.0785413744740533,0.8308605341246291,0.0775999732
baseline_ensemble,4688,0.07856341189674523,0.8308605341246291,0.0776332889
baseline_ensemble,4689,0.07858546168958742,0.8308605341246291,0.0776666333
baseline_ensemble,4690,0.07860752386299831,0.8308605341246291,0.0777332807
baseline_ensemble,4691,0.07862959842740803,0.8308605341246291,0.0778000177
baseline_ensemble,4692,0.07865168539325842,0.8308605341246291,0.07789997679999999
baseline_ensemble,4693,0.07867378477100309,0.8308605341246291,0.0779666461
baseline_ensemble,4694,0.07869589657110736,0.8308605341246291,0.0780332878
baseline_ensemble,4695,0.07871802080404836,0.8308605341246291,0.07803334619999999
baseline_ensemble,4696,0.07874015748031496,0.8308605341246291,0.0780999419
baseline_ensemble,4697,0.07876230661040788,0.8308605341246291,0.0781333008
baseline_ensemble,4698,0.07878446820483961,0.8308605341246291,0.07820003119999999
baseline_ensemble,4699,0.07880664227413453,0.8308605341246291,0.07823327790000001
baseline_ensemble,4700,0.0785472972972973,0.827893175074184,0.0782666164
baseline_ensemble,4701,0.07856941706561532,0.827893175074184,0.078299967
baseline_ensemble,4702,0.07859154929577465,0.827893175074184,0.07839994039999999
baseline_ensemble,4703,0.07861369399830938,0.827893175074184,0.07839997330000001
baseline_ensemble,4704,0.0786358511837655,0.827893175074184,0.0783999975
baseline_ensemble,4705,0.07865802086270088,0.827893175074184,0.07843329179999999
baseline_ensemble,4706,0.07868020304568528,0.827893175074184,0.0785666504
baseline_ensemble,4707,0.07870239774330043,0.827893175074184,0.078566683
baseline_ensemble,4708,0.07872460496613995,0.827893175074184,0.0785999736
baseline_ensemble,4709,0.07874682472480948,0.827893175074184,0.0786332877
baseline_ensemble,4710,0.07876905702992659,0.827893175074184,0.0786666036
baseline_ensemble,4711,0.07879130189212087,0.827893175074184,0.0786666104
baseline_ensemble,4712,0.0788135593220339,0.827893175074184,0.0786666453
baseline_ensemble,4713,0.0788358293303193,0.827893175074184,0.0786666468
baseline_ensemble,4714,0.07885811192764274,0.827893175074184,0.0788333157
baseline_ensemble,4715,0.07888040712468193,0.827893175074184,0.0789666139
baseline_ensemble,4716,0.0789027149321267,0.827893175074184,0.07896662889999999
baseline_ensemble,4717,0.07892503536067892,0.827893175074184,0.0791332877
baseline_ensemble,4718,0.07894736842105263,0.827893175074184,0.0791666068
baseline_ensemble,4719,0.07896971412397397,0.827893175074184,0.0791666145
baseline_ensemble,4720,0.0789920724801812,0.827893175074184,0.0791667353
baseline_ensemble,4721,0.0790144435004248,0.827893175074184,0.0791999454
baseline_ensemble,4722,0.07903682719546742,0.827893175074184,0.0791999462
baseline_ensemble,4723,0.07905922357608387,0.827893175074184,0.079199975
baseline_ensemble,4724,0.07879818594104308,0.8249258160237388,0.0791999904
baseline_ensemble,4725,0.07882052736036292,0.8249258160237388,0.0792332932
baseline_ensemble,4726,0.07884288145207033,0.8249258160237388,0.079233359
baseline_ensemble,4727,0.07886524822695036,0.8249258160237388,0.0792666318
baseline_ensemble,4728,0.07888762769580022,0.8249258160237388,0.0792999658
baseline_ensemble,4729,0.07891001986942946,0.8249258160237388,0.07929996789999999
baseline_ensemble,4730,0.07893242475865986,0.8249258160237388,0.07933326909999999
baseline_ensemble,4731,0.07895484237432547,0.8249258160237388,0.0793332882
baseline_ensemble,4732,0.07897727272727273,0.8249258160237388,0.07933329500000001
baseline_ensemble,4733,0.07899971582836032,0.8249258160237388,0.0793333031
baseline_ensemble,4734,0.07902217168845935,0.8249258160237388,0.0793333035
baseline_ensemble,4735,0.07904464031845322,0.8249258160237388,0.0793333591
baseline_ensemble,4736,0.07906712172923777,0.8249258160237388,0.0793666347
baseline_ensemble,4737,0.07908961593172119,0.8249258160237388,0.0793999761
baseline_ensemble,4738,0.07911212293682413,0.8249258160237388,0.07943328590000001
baseline_ensemble,4739,0.07913464275547964,0.8249258160237388,0.07943330330000001
baseline_ensemble,4740,0.07915717539863326,0.8249258160237388,0.07946662060000001
baseline_ensemble,4741,0.07917972087724295,0.8249258160237388,0.0794666588
baseline_ensemble,4742,0.07920227920227921,0.8249258160237388,0.07949994169999999
baseline_ensemble,4743,0.07893986890852095,0.8219584569732937,0.07949996109999999
baseline_ensemble,4744,0.07896237172177879,0.8219584569732937,0.0795666084
baseline_ensemble,4745,0.07869974337040206,0.8189910979228486,0.0795999759
baseline_ensemble,4746,0.07872219053051911,0.8189910979228486,0.0796333139
baseline_ensemble,4747,0.07874465049928674,0.8189910979228486,0.0796999487
baseline_ensemble,4748,0.07876712328767123,0.8189910979228486,0.0797332953
baseline_ensemble,4749,0.07878960890665145,0.8189910979228486,0.0797333065
baseline_ensemble,4750,0.07881210736721873,0.8189910979228486,0.0797666096
baseline_ensemble,4751,0.07883461868037704,0.8189910979228486,0.0798999685
baseline_ensemble,4752,0.07885714285714286,0.8189910979228486,0.0799666075
baseline_ensemble,4753,0.0788796799085453,0.8189910979228486,0.08003334
baseline_ensemble,4754,0.07890222984562607,0.8189910979228486,0.08009999300000001
baseline_ensemble,4755,0.07892479267943953,0.8189910979228486,0.0801332687
baseline_ensemble,4756,0.07894736842105263,0.8189910979228486,0.0801667452
baseline_ensemble,4757,0.07896995708154507,0.8189910979228486,0.080233289
baseline_ensemble,4758,0.07899255867200916,0.8189910979228486,0.08026661019999999
baseline_ensemble,4759,0.07901517320354996,0.8189910979228486,0.0802666447
baseline_ensemble,4760,0.07903780068728522,0.8189910979228486,0.08033327650000001
baseline_ensemble,4761,0.07906044113434546,0.8189910979228486,0.08036661699999999
baseline_ensemble,4762,0.07908309455587392,0.8189910979228486,0.0803666396
baseline_ensemble,4763,0.07910576096302666,0.8189910979228486,0.0803666402
baseline_ensemble,4764,0.07912844036697247,0.8189910979228486,0.0804000057
baseline_ensemble,4765,0.07915113277889303,0.8189910979228486,0.0804666663
baseline_ensemble,4766,0.07917383820998279,0.8189910979228486,0.08049994310000001
baseline_ensemble,4767,0.07919655667144906,0.8189910979228486,0.0804999551
baseline_ensemble,4768,0.07921928817451206,0.8189910979228486,0.0805000115
baseline_ensemble,4769,0.07924203273040482,0.8189910979228486,0.0805999858
baseline_ensemble,4770,0.07926479035037334,0.8189910979228486,0.08063328989999999
baseline_ensemble,4771,0.07928756104567652,0.8189910979228486,0.0806666152
baseline_ensemble,4772,0.07931034482758621,0.8189910979228486,0.0806666289
baseline_ensemble,4773,0.07933314170738719,0.8189910979228486,0.0806666313
baseline_ensemble,4774,0.07935595169637723,0.8189910979228486,0.080699981
baseline_ensemble,4775,0.07937877480586712,0.8189910979228486,0.080700043
baseline_ensemble,4776,0.07940161104718067,0.8189910979228486,0.08073329430000001
baseline_ensemble,4777,0.07942446043165467,0.8189910979228486,0.0807332949
baseline_ensemble,4778,0.07944732297063903,0.8189910979228486,0.0807332955
baseline_ensemble,4779,0.07947019867549669,0.8189910979228486,0.0807332963
baseline_ensemble,4780,0.07949308755760369,0.8189910979228486,0.0807999455
baseline_ensemble,4781,0.07951598962834917,0.8189910979228486,0.0807999544
baseline_ensemble,4782,0.07953890489913544,0.8189910979228486,0.0808000036
baseline_ensemble,4783,0.07956183338137791,0.8189910979228486,0.08083341399999999
baseline_ensemble,4784,0.07958477508650519,0.8189910979228486,0.0808666126
baseline_ensemble,4785,0.07960773002595904,0.8189910979228486,0.0808666158
baseline_ensemble,4786,0.07963069821119446,0.8189910979228486,0.0808999534
baseline_ensemble,4787,0.07965367965367966,0.8189910979228486,0.0809000017
baseline_ensemble,4788,0.07967667436489607,0.8189910979228486,0.0809332753
baseline_ensemble,4789,0.07969968235633844,0.8189910979228486,0.08096663899999999
baseline_ensemble,4790,0.07972270363951472,0.8189910979228486,0.08099995069999999
baseline_ensemble,4791,0.07974573822594626,0.8189910979228486,0.08099995310000001
baseline_ensemble,4792,0.07947976878612717,0.8160237388724035,0.08113328689999999
baseline_ensemble,4793,0.07950274645851402,0.8160237388724035,0.0811666355
baseline_ensemble,4794,0.07952573742047427,0.8160237388724035,0.08123330470000001
baseline_ensemble,4795,0.07954874168354065,0.8160237388724035,0.08126662250000001
baseline_ensemble,4796,0.07957175925925926,0.8160237388724035,0.08126664609999999
baseline_ensemble,4797,0.07959479015918958,0.8160237388724035,0.08126666469999999
baseline_ensemble,4798,0.07961783439490445,0.8160237388724035,0.0812667453
baseline_ensemble,4799,0.07964089197799015,0.8160237388724035,0.08133333350000001
baseline_ensemble,4800,0.07966396292004635,0.8160237388724035,0.0813666844
baseline_ensemble,4801,0.07968704723268617,0.8160237388724035,0.0814000285
baseline_ensemble,4802,0.07971014492753623,0.8160237388724035,0.08146662460000001
baseline_ensemble,4803,0.07973325601623658,0.8160237388724035,0.0814999718
baseline_ensemble,4804,0.07975638051044083,0.8160237388724035,0.08153330069999999
baseline_ensemble,4805,0.07977951842181608,0.8160237388724035,0.08156675020000001
baseline_ensemble,4806,0.07980266976204295,0.8160237388724035,0.08159996039999999
baseline_ensemble,4807,0.07982583454281568,0.8160237388724035,0.081600017
baseline_ensemble,4808,0.07955865272938444,0.8130563798219584,0.0816332716
baseline_ensemble,4809,0.0795817600929422,0.8130563798219584,0.081633295
baseline_ensemble,4810,0.07960488088320744,0.8130563798219584,0.08169994650000001
baseline_ensemble,4811,0.07962801511188608,0.8130563798219584,0.08169996789999999
baseline_ensemble,4812,0.07965116279069767,0.8130563798219584,0.0817333315
baseline_ensemble,4813,0.0796743239313754,0.8130563798219584,0.0817667038
baseline_ensemble,4814,0.07969749854566609,0.8130563798219584,0.0818000021
baseline_ensemble,4815,0.07972068664533023,0.8130563798219584,0.0818333527
baseline_ensemble,4816,0.07974388824214203,0.8130563798219584,0.0818999469
baseline_ensemble,4817,0.07976710334788938,0.8130563798219584,0.0819333165
baseline_ensemble,4818,0.07979033197437391,0.8130563798219584,0.0819666566
baseline_ensemble,4819,0.07981357413341102,0.8130563798219584,0.0820666274
baseline_ensemble,4820,0.07983682983682984,0.8130563798219584,0.0820999397
baseline_ensemble,4821,0.07986009909647333,0.8130563798219584,0.08209994200000001
baseline_ensemble,4822,0.07988338192419825,0.8130563798219584,0.08216659720000001
baseline_ensemble,4823,0.07990667833187519,0.8130563798219584,0.0821666109
baseline_ensemble,4824,0.07992998833138856,0.8130563798219584,0.0821666288
baseline_ensemble,4825,0.07995331193463671,0.8130563798219584,0.0821666312
baseline_ensemble,4826,0.07997664915353181,0.8130563798219584,0.08223331319999999
baseline_ensemble,4827,0.08,0.8130563798219584,0.0823666
baseline_ensemble,4828,0.08002336448598131,0.8130563798219584,0.08243328819999998
baseline_ensemble,4829,0.08004674262342974,0.8130563798219584,0.0824666239
baseline_ensemble,4830,0.08007013442431327,0.8130563798219584,0.082466647
baseline_ensemble,4831,0.08009353990061385,0.8130563798219584,0.0825667377
baseline_ensemble,4832,0.08011695906432749,0.8130563798219584,0.0825999564
baseline_ensemble,4833,0.08014039192746417,0.8130563798219584,0.0826332764
baseline_ensemble,4834,0.07987126974839087,0.8100890207715133,0.0826666344
baseline_ensemble,4835,0.07989464442493416,0.8100890207715133,0.0827332613
baseline_ensemble,4836,0.07991803278688525,0.8100890207715133,0.08273327289999999
baseline_ensemble,4837,0.07994143484626647,0.8100890207715133,0.0827332791
baseline_ensemble,4838,0.07996485061511424,0.8100890207715133,0.0827332833
baseline_ensemble,4839,0.07998828010547905,0.8100890207715133,0.082733326
baseline_ensemble,4840,0.08001172332942556,0.8100890207715133,0.0827666264
baseline_ensemble,4841,0.08003518029903255,0.8100890207715133,0.08313332579999999
baseline_ensemble,4842,0.08005865102639297,0.8100890207715133,0.08316661709999999
baseline_ensemble,4843,0.08008213552361396,0.8100890207715133,0.08316666980000001
baseline_ensemble,4844,0.0801056338028169,0.8100890207715133,0.0832999602
baseline_ensemble,4845,0.08012914587613737,0.8100890207715133,0.08333327089999999
baseline_ensemble,4846,0.08015267175572519,0.8100890207715133,0.0833333206
baseline_ensemble,4847,0.0801762114537445,0.8100890207715133,0.08336662369999999
baseline_ensemble,4848,0.08019976498237368,0.8100890207715133,0.0833666401
baseline_ensemble,4849,0.08022333235380547,0.8100890207715133,0.0833667164
baseline_ensemble,4850,0.08024691358024691,0.8100890207715133,0.083433282
baseline_ensemble,4851,0.08027050867391944,0.8100890207715133,0.083466635
baseline_ensemble,4852,0.08029411764705882,0.8100890207715133,0.08346671850000001
baseline_ensemble,4853,0.08031774051191527,0.8100890207715133,0.0835332843
baseline_ensemble,4854,0.08034137728075338,0.8100890207715133,0.08353328669999999
baseline_ensemble,4855,0.08036502796585222,0.8100890207715133,0.0835333187
baseline_ensemble,4856,0.0803886925795053,0.8100890207715133,0.0835666565
baseline_ensemble,4857,0.08041237113402062,0.8100890207715133,0.0835666612
baseline_ensemble,4858,0.08043606364172068,0.8100890207715133,0.083633296
baseline_ensemble,4859,0.08045977011494253,0.8100890207715133,0.0836332996
baseline_ensemble,4860,0.08048349056603774,0.8100890207715133,0.08366661350000001
baseline_ensemble,4861,0.08050722500737245,0.8100890207715133,0.08366663160000001
baseline_ensemble,4862,0.08053097345132744,0.8100890207715133,0.0836999358
baseline_ensemble,4863,0.08055473591029802,0.8100890207715133,0.0836999391
baseline_ensemble,4864,0.08057851239669421,0.8100890207715133,0.08369995219999998
baseline_ensemble,4865,0.08060230292294066,0.8100890207715133,0.08369995690000001
baseline_ensemble,4866,0.08062610750147667,0.8100890207715133,0.0836999644
baseline_ensemble,4867,0.08064992614475627,0.8100890207715133,0.08369998740000001
baseline_ensemble,4868,0.08067375886524823,0.8100890207715133,0.08376664579999998
baseline_ensemble,4869,0.080697605675436,0.8100890207715133,0.083799993
baseline_ensemble,4870,0.08072146658781786,0.8100890207715133,0.08383326819999999
baseline_ensemble,4871,0.08074534161490683,0.8100890207715133,0.08386661879999999
baseline_ensemble,4872,0.08076923076923077,0.8100890207715133,0.0838666312
baseline_ensemble,4873,0.08079313406333234,0.8100890207715133,0.0838666475
baseline_ensemble,4874,0.08081705150976909,0.8100890207715133,0.0839666206
baseline_ensemble,4875,0.08084098312111342,0.8100890207715133,0.0839999864
baseline_ensemble,4876,0.0808649289099526,0.8100890207715133,0.08400003489999999
baseline_ensemble,4877,0.08088888888888889,0.8100890207715133,0.0840333384
baseline_ensemble,4878,0.08091286307053942,0.8100890207715133,0.0840999362
baseline_ensemble,4879,0.08093685146753632,0.8100890207715133,0.08413326719999999
baseline_ensemble,4880,0.0809608540925267,0.8100890207715133,0.0841332864
baseline_ensemble,4881,0.08098487095817265,0.8100890207715133,0.0841665966
baseline_ensemble,4882,0.08100890207715133,0.8100890207715133,0.0841666553
baseline_ensemble,4883,0.08103294746215495,0.8100890207715133,0.0842666561
baseline_ensemble,4884,0.08105700712589074,0.8100890207715133,0.08429993799999999
baseline_ensemble,4885,0.08108108108108109,0.8100890207715133,0.0845
baseline_ensemble,4886,0.08110516934046345,0.8100890207715133,0.0846332872
baseline_ensemble,4887,0.0811292719167905,0.8100890207715133,0.0846666008
baseline_ensemble,4888,0.08115338882282996,0.8100890207715133,0.0846666375
baseline_ensemble,4889,0.08117752007136485,0.8100890207715133,0.0847332986
baseline_ensemble,4890,0.08120166567519334,0.8100890207715133,0.084799926
baseline_ensemble,4891,0.08122582564712882,0.8100890207715133,0.08486660850000001
baseline_ensemble,4892,0.08125,0.8100890207715133,0.0848666254
baseline_ensemble,4893,0.0812741887466508,0.8100890207715133,0.08493329329999999
baseline_ensemble,4894,0.08129839189994044,0.8100890207715133,0.08509996959999999
baseline_ensemble,4895,0.08132260947274352,0.8100890207715133,0.08516659840000002
baseline_ensemble,4896,0.08134684147794995,0.8100890207715133,0.0851999403
baseline_ensemble,4897,0.08137108792846498,0.8100890207715133,0.0852332955
baseline_ensemble,4898,0.08139534883720931,0.8100890207715133,0.0852333008
baseline_ensemble,4899,0.081419624217119,0.8100890207715133,0.0852999832
baseline_ensemble,4900,0.08144391408114558,0.8100890207715133,0.0853333022
baseline_ensemble,4901,0.08116980005968367,0.8071216617210683,0.08539994829999999
baseline_ensemble,4902,0.08119402985074627,0.8071216617210683,0.08543331300000001
baseline_ensemble,4903,0.08121827411167512,0.8071216617210683,0.0854333466
baseline_ensemble,4904,0.08124253285543608,0.8071216617210683,0.0857999941
baseline_ensemble,4905,0.08126680609501045,0.8071216617210683,0.0858666513
baseline_ensemble,4906,0.0812910938433951,0.8071216617210683,0.0859333602
baseline_ensemble,4907,0.08131539611360239,0.8071216617210683,0.0859666107
baseline_ensemble,4908,0.08133971291866028,0.8071216617210683,0.08596661259999999
baseline_ensemble,4909,0.08136404427161233,0.8071216617210683,0.0859999457
baseline_ensemble,4910,0.08138839018551765,0.8071216617210683,0.08603329440000002
baseline_ensemble,4911,0.08141275067345106,0.8071216617210683,0.0860999949
baseline_ensemble,4912,0.08113772455089821,0.8041543026706232,0.0861666312
baseline_ensemble,4913,0.08086253369272237,0.8011869436201781,0.08616663919999999
baseline_ensemble,4914,0.08088675853804674,0.8011869436201781,0.08616667069999999
baseline_ensemble,4915,0.08091099790230746,0.8011869436201781,0.0862999841
baseline_ensemble,4916,0.08093525179856115,0.8011869436201781,0.08636659879999999
baseline_ensemble,4917,0.08095952023988005,0.8011869436201781,0.08636660189999999
baseline_ensemble,4918,0.08098380323935213,0.8011869436201781,0.0864333781
baseline_ensemble,4919,0.081008100810081,0.8011869436201781,0.0864666252
baseline_ensemble,4920,0.08103241296518607,0.8011869436201781,0.0864999299
baseline_ensemble,4921,0.08105673971780246,0.8011869436201781,0.08649996239999999
baseline_ensemble,4922,0.08108108108108109,0.8011869436201781,0.08653331480000001
baseline_ensemble,4923,0.08110543706818865,0.8011869436201781,0.0865666275
baseline_ensemble,4924,0.0811298076923077,0.8011869436201781,0.0865999542
baseline_ensemble,4925,0.0811541929666366,0.8011869436201781,0.0865999591
baseline_ensemble,4926,0.08117859290438965,0.8011869436201781,0.0866333346
baseline_ensemble,4927,0.081203007518797,0.8011869436201781,0.0866999427
baseline_ensemble,4928,0.0812274368231047,0.8011869436201781,0.08669995999999999
baseline_ensemble,4929,0.08125188083057479,0.8011869436201781,0.086799926
baseline_ensemble,4930,0.08127633955448525,0.8011869436201781,0.08679995830000001
baseline_ensemble,4931,0.08130081300813008,0.8011869436201781,0.08683331429999999
baseline_ensemble,4932,0.08132530120481928,0.8011869436201781,0.08693327840000001
baseline_ensemble,4933,0.08134980415787887,0.8011869436201781,0.0869332791
baseline_ensemble,4934,0.081374321880651,0.8011869436201781,0.0869666551
baseline_ensemble,4935,0.08109737714802533,0.798219584569733,0.0869999981
baseline_ensemble,4936,0.08112183353437877,0.798219584569733,0.087033282
baseline_ensemble,4937,0.08114630467571644,0.798219584569733,0.0870333083
baseline_ensemble,4938,0.0811707905853953,0.798219584569733,0.0870999651
baseline_ensemble,4939,0.08119529127678841,0.798219584569733,0.0870999876
baseline_ensemble,4940,0.08121980676328502,0.798219584569733,0.087133285
baseline_ensemble,4941,0.08094231350045304,0.7952522255192879,0.0872999342
baseline_ensemble,4942,0.0809667673716012,0.7952522255192879,0.08733326820000001
baseline_ensemble,4943,0.08099123602296766,0.7952522255192879,0.0873332705
baseline_ensemble,4944,0.08101571946795647,0.7952522255192879,0.08733328970000001
baseline_ensemble,4945,0.0810402177199879,0.7952522255192879,0.0873666065
baseline_ensemble,4946,0.08106473079249849,0.7952522255192879,0.0873666164
baseline_ensemble,4947,0.081089258698941,0.7952522255192879,0.0874999484
baseline_ensemble,4948,0.0811138014527845,0.7952522255192879,0.087499972
baseline_ensemble,4949,0.08113835906751438,0.7952522255192879,0.0874999728
baseline_ensemble,4950,0.08116293155663235,0.7952522255192879,0.0875332698
baseline_ensemble,4951,0.08118751893365647,0.7952522255192879,0.087599946
baseline_ensemble,4952,0.08121212121212121,0.7952522255192879,0.08759996119999999
baseline_ensemble,4953,0.08123673840557745,0.7952522255192879,0.0876333518
baseline_ensemble,4954,0.08126137052759248,0.7952522255192879,0.08766659959999999
baseline_ensemble,4955,0.08128601759175008,0.7952522255192879,0.0876666341
baseline_ensemble,4956,0.08131067961165049,0.7952522255192879,0.087666649
baseline_ensemble,4957,0.08133535660091047,0.7952522255192879,0.0876667123
baseline_ensemble,4958,0.08136004857316333,0.7952522255192879,0.0876999309
baseline_ensemble,4959,0.08138475554205891,0.7952522255192879,0.0877332715
baseline_ensemble,4960,0.08140947752126367,0.7952522255192879,0.0877332925
baseline_ensemble,4961,0.08143421452446065,0.7952522255192879,0.087766607
baseline_ensemble,4962,0.08145896656534954,0.7952522255192879,0.0877999647
baseline_ensemble,4963,0.0814837336576467,0.7952522255192879,0.0877999814
baseline_ensemble,4964,0.08150851581508516,0.7952522255192879,0.08783327989999999
baseline_ensemble,4965,0.08153331305141466,0.7952522255192879,0.08783330339999999
baseline_ensemble,4966,0.0815581253804017,0.7952522255192879,0.08796662609999999
baseline_ensemble,4967,0.08158295281582953,0.7952522255192879,0.0881332715
baseline_ensemble,4968,0.08160779537149818,0.7952522255192879,0.0881999388
baseline_ensemble,4969,0.08163265306122448,0.7952522255192879,0.0881999554
baseline_ensemble,4970,0.08165752589884218,0.7952522255192879,0.0881999611
baseline_ensemble,4971,0.08168241389820177,0.7952522255192879,0.08819997160000001
baseline_ensemble,4972,0.08170731707317073,0.7952522255192879,0.0881999879
baseline_ensemble,4973,0.08173223543763343,0.7952522255192879,0.08823328509999999
baseline_ensemble,4974,0.08175716900549115,0.7952522255192879,0.08826662639999999
baseline_ensemble,4975,0.08178211779066219,0.7952522255192879,0.0883666268
baseline_ensemble,4976,0.08180708180708181,0.7952522255192879,0.08839994250000001
baseline_ensemble,4977,0.08183206106870229,0.7952522255192879,0.0884332984
baseline_ensemble,4978,0.08185705558949298,0.7952522255192879,0.08846660790000001
baseline_ensemble,4979,0.08188206538344027,0.7952522255192879,0.0884999515
baseline_ensemble,4980,0.08190709046454768,0.7952522255192879,0.0886666065
baseline_ensemble,4981,0.08193213084683583,0.7952522255192879,0.08866661519999999
baseline_ensemble,4982,0.0819571865443425,0.7952522255192879,0.0887332756
baseline_ensemble,4983,0.08167635362496176,0.7922848664688428,0.08873331289999999
baseline_ensemble,4984,0.08170134638922888,0.7922848664688428,0.08879993729999999
baseline_ensemble,4985,0.08172635445362718,0.7922848664688428,0.08886661020000002
baseline_ensemble,4986,0.08175137783221066,0.7922848664688428,0.0888999302
baseline_ensemble,4987,0.08177641653905053,0.7922848664688428,0.0889666318
baseline_ensemble,4988,0.0818014705882353,0.7922848664688428,0.0889999297
baseline_ensemble,4989,0.08182653999387067,0.7922848664688428,0.0889999647
baseline_ensemble,4990,0.0818516247700797,0.7922848664688428,0.0890333067
baseline_ensemble,4991,0.08187672493100276,0.7922848664688428,0.08909996049999999
baseline_ensemble,4992,0.08190184049079755,0.7922848664688428,0.0891999251
baseline_ensemble,4993,0.08192697146363916,0.7922848664688428,0.08923329189999998
baseline_ensemble,4994,0.08195211786372007,0.7922848664688428,0.08923331890000001
baseline_ensemble,4995,0.08197727970525023,0.7922848664688428,0.0893332709
baseline_ensemble,4996,0.08200245700245701,0.7922848664688428,0.08933331659999999
baseline_ensemble,4997,0.08202764976958525,0.7922848664688428,0.08939997050000001
baseline_ensemble,4998,0.08205285802089736,0.7922848664688428,0.08943326929999999
baseline_ensemble,4999,0.08207808177067323,0.7922848664688428,0.089433277
baseline_ensemble,5000,0.08210332103321033,0.7922848664688428,0.08953327479999999
baseline_ensemble,5001,0.08212857582282375,0.7922848664688428,0.08953330790000001
baseline_ensemble,5002,0.08215384615384616,0.7922848664688428,0.0895333108
baseline_ensemble,5003,0.08217913204062789,0.7922848664688428,0.0895999376
baseline_ensemble,5004,0.08220443349753695,0.7922848664688428,0.08959998759999999
baseline_ensemble,5005,0.08222975053895903,0.7922848664688428,0.08963329089999998
baseline_ensemble,5006,0.0822550831792976,0.7922848664688428,0.0896999338
baseline_ensemble,5007,0.08228043143297381,0.7922848664688428,0.0896999536
baseline_ensemble,5008,0.08230579531442664,0.7922848664688428,0.0898000012
baseline_ensemble,5009,0.08233117483811286,0.7922848664688428,0.0898000373
baseline_ensemble,5010,0.08235657001850709,0.7922848664688428,0.08983327850000002
baseline_ensemble,5011,0.08238198087010182,0.7922848664688428,0.0898332985
baseline_ensemble,5012,0.0824074074074074,0.7922848664688428,0.0899999829
baseline_ensemble,5013,0.08243284964495215,0.7922848664688428,0.0900666282
baseline_ensemble,5014,0.08245830759728227,0.7922848664688428,0.0902332714
baseline_ensemble,5015,0.082483781278962,0.7922848664688428,0.0902332954
baseline_ensemble,5016,0.08220024721878863,0.7893175074183977,0.090266641
baseline_ensemble,5017,0.08222565687789798,0.7893175074183977,0.09026664300000001
baseline_ensemble,5018,0.08225108225108226,0.7893175074183977,0.090266645
baseline_ensemble,5019,0.08227652335292299,0.7893175074183977,0.0902999438
baseline_ensemble,5020,0.0823019801980198,0.7893175074183977,0.0903000005
baseline_ensemble,5021,0.08232745280099041,0.7893175074183977,0.0903999539
baseline_ensemble,5022,0.08235294117647059,0.7893175074183977,0.0904999588
baseline_ensemble,5023,0.08237844533911427,0.7893175074183977,0.0904999678
baseline_ensemble,5024,0.08240396530359356,0.7893175074183977,0.09053329269999999
baseline_ensemble,5025,0.0824295010845987,0.7893175074183977,0.0907666104
baseline_ensemble,5026,0.08245505269683819,0.7893175074183977,0.09076662089999998
baseline_ensemble,5027,0.08248062015503876,0.7893175074183977,0.0907666226
baseline_ensemble,5028,0.08250620347394541,0.7893175074183977,0.0907666581
baseline_ensemble,5029,0.08253180266832144,0.7893175074183977,0.09079997139999998
baseline_ensemble,5030,0.08255741775294848,0.7893175074183977,0.0908333039
baseline_ensemble,5031,0.08258304874262651,0.7893175074183977,0.0908666167
baseline_ensemble,5032,0.08260869565217391,0.7893175074183977,0.09086663
baseline_ensemble,5033,0.08232370301335819,0.7863501483679525,0.09093339010000001
baseline_ensemble,5034,0.08234928527035426,0.7863501483679525,0.090999945
baseline_ensemble,5035,0.08237488343176873,0.7863501483679525,0.0909999541
baseline_ensemble,5036,0.08240049751243782,0.7863501483679525,0.091066666
baseline_ensemble,5037,0.08242612752721618,0.7863501483679525,0.09106668240000002
baseline_ensemble,5038,0.08245177349097697,0.7863501483679525,0.09109992589999999
baseline_ensemble,5039,0.08247743541861188,0.7863501483679525,0.09109993039999999
baseline_ensemble,5040,0.08250311332503113,0.7863501483679525,0.0911332538
baseline_ensemble,5041,0.0825288072251635,0.7863501483679525,0.0911999902
baseline_ensemble,5042,0.08255451713395638,0.7863501483679525,0.0912666289
baseline_ensemble,5043,0.08226861950763478,0.7833827893175074,0.0912666424
baseline_ensemble,5044,0.08229426433915212,0.7833827893175074,0.09130003249999999
baseline_ensemble,5045,0.0823199251637044,0.7833827893175074,0.0913000448
baseline_ensemble,5046,0.08234560199625701,0.7833827893175074,0.0913666669
baseline_ensemble,5047,0.08237129485179408,0.7833827893175074,0.09140000000000001
baseline_ensemble,5048,0.08239700374531835,0.7833827893175074,0.0914332684
baseline_ensemble,5049,0.08242272869185138,0.7833827893175074,0.09156665929999999
baseline_ensemble,5050,0.08244846970643348,0.7833827893175074,0.0916000112
baseline_ensemble,5051,0.08216182442986567,0.7804154302670623,0.0916999577
baseline_ensemble,5052,0.0821875,0.7804154302670623,0.0917666056
baseline_ensemble,5053,0.082213191622382,0.7804154302670623,0.0917666218
baseline_ensemble,5054,0.08223889931207004,0.7804154302670623,0.0917667003
baseline_ensemble,5055,0.08226462308414138,0.7804154302670623,0.0917999358
baseline_ensemble,5056,0.08229036295369212,0.7804154302670623,0.0917999649
baseline_ensemble,5057,0.08231611893583725,0.7804154302670623,0.0918666202
baseline_ensemble,5058,0.08234189104571071,0.7804154302670623,0.091899947
baseline_ensemble,5059,0.08236767929846539,0.7804154302670623,0.09196662010000001
baseline_ensemble,5060,0.08239348370927319,0.7804154302670623,0.09203326969999999
baseline_ensemble,5061,0.08210592290817925,0.7774480712166172,0.092033326
baseline_ensemble,5062,0.08213166144200627,0.7774480712166172,0.09213328299999998
baseline_ensemble,5063,0.0821574161179053,0.7774480712166172,0.0921332834
baseline_ensemble,5064,0.0821831869510665,0.7774480712166172,0.0921332837
baseline_ensemble,5065,0.08220897395669909,0.7774480712166172,0.0921665876
baseline_ensemble,5066,0.08223477715003139,0.7774480712166172,0.09223332209999999
baseline_ensemble,5067,0.08226059654631084,0.7774480712166172,0.092299929
baseline_ensemble,5068,0.08228643216080402,0.7774480712166172,0.0923333073
baseline_ensemble,5069,0.08231228400879673,0.7774480712166172,0.09233339970000001
baseline_ensemble,5070,0.08233815210559396,0.7774480712166172,0.09239998869999999
baseline_ensemble,5071,0.08236403646651996,0.7774480712166172,0.0924999642
baseline_ensemble,5072,0.08238993710691823,0.7774480712166172,0.0925666218
baseline_ensemble,5073,0.08241585404215163,0.7774480712166172,0.0928999238
baseline_ensemble,5074,0.08244178728760226,0.7774480712166172,0.09293326049999999
baseline_ensemble,5075,0.0824677368586717,0.7774480712166172,0.0929333101
baseline_ensemble,5076,0.08249370277078086,0.7774480712166172,0.09303332190000001
baseline_ensemble,5077,0.08251968503937007,0.7774480712166172,0.0931333042
baseline_ensemble,5078,0.08254568367989919,0.7774480712166172,0.0931665936
baseline_ensemble,5079,0.08257169870784746,0.7774480712166172,0.0931666039
baseline_ensemble,5080,0.08228247162673392,0.7744807121661721,0.09316662650000002
baseline_ensemble,5081,0.08230842005676443,0.7744807121661721,0.0932332922
baseline_ensemble,5082,0.08233438485804416,0.7744807121661721,0.0933333026
baseline_ensemble,5083,0.08236036604607132,0.7744807121661721,0.09336663170000001
baseline_ensemble,5084,0.08238636363636363,0.7744807121661721,0.0933999354
baseline_ensemble,5085,0.08241237764445848,0.7744807121661721,0.09356666390000001
baseline_ensemble,5086,0.08243840808591282,0.7744807121661721,0.09360001009999999
baseline_ensemble,5087,0.08214849921011058,0.771513353115727,0.0936999623
baseline_ensemble,5088,0.08217446270543616,0.771513353115727,0.0939332772
baseline_ensemble,5089,0.08220044261776795,0.771513353115727,0.094033269
baseline_ensemble,5090,0.08222643896268185,0.771513353115727,0.0941665909
baseline_ensemble,5091,0.08225245175577349,0.771513353115727,0.09416660190000001
baseline_ensemble,5092,0.08227848101265822,0.771513353115727,0.09416660530000001
baseline_ensemble,5093,0.0823045267489712,0.771513353115727,0.09429993779999998
baseline_ensemble,5094,0.08233058898036733,0.771513353115727,0.09429995499999999
baseline_ensemble,5095,0.08235666772252138,0.771513353115727,0.0943999485
baseline_ensemble,5096,0.08238276299112801,0.771513353115727,0.09443338309999999
baseline_ensemble,5097,0.08240887480190175,0.771513353115727,0.09453329299999999
baseline_ensemble,5098,0.08211794546607483,0.7685459940652819,0.09456665900000001
baseline_ensemble,5099,0.08214398985093561,0.7685459940652819,0.09463326620000001
baseline_ensemble,5100,0.08217005076142132,0.7685459940652819,0.09466660539999999
baseline_ensemble,5101,0.08219612821326563,0.7685459940652819,0.0946666106
baseline_ensemble,5102,0.08222222222222222,0.7685459940652819,0.09466662470000001
baseline_ensemble,5103,0.08224833280406478,0.7685459940652819,0.09473329230000001
baseline_ensemble,5104,0.08227445997458704,0.7685459940652819,0.0947333467
baseline_ensemble,5105,0.0823006037496028,0.7685459940652819,0.0947999632
baseline_ensemble,5106,0.08232676414494597,0.7685459940652819,0.09483329000000001
baseline_ensemble,5107,0.08235294117647059,0.7685459940652819,0.0950000261
baseline_ensemble,5108,0.08237913486005088,0.7685459940652819,0.0951332704
baseline_ensemble,5109,0.08240534521158129,0.7685459940652819,0.09516664529999999
baseline_ensemble,5110,0.08243157224697645,0.7685459940652819,0.0952999388
baseline_ensemble,5111,0.08245781598217128,0.7685459940652819,0.09549998230000001
baseline_ensemble,5112,0.08248407643312101,0.7685459940652819,0.09559991839999998
baseline_ensemble,5113,0.08251035361580121,0.7685459940652819,0.09569993599999999
baseline_ensemble,5114,0.08253664754620778,0.7685459940652819,0.0956999457
baseline_ensemble,5115,0.08256295824035703,0.7685459940652819,0.09576661
baseline_ensemble,5116,0.08258928571428571,0.7685459940652819,0.09583325229999999
baseline_ensemble,5117,0.08261562998405103,0.7685459940652819,0.0958332724
baseline_ensemble,5118,0.0826419910657307,0.7685459940652819,0.0958332829
baseline_ensemble,5119,0.08266836897542292,0.7685459940652819,0.0958999512
baseline_ensemble,5120,0.08269476372924649,0.7685459940652819,0.0959999451
baseline_ensemble,5121,0.08272117534334078,0.7685459940652819,0.0959999739
baseline_ensemble,5122,0.08274760383386581,0.7685459940652819,0.09609994749999999
baseline_ensemble,5123,0.08277404921700224,0.7685459940652819,0.0961667385
baseline_ensemble,5124,0.0828005115089514,0.7685459940652819,0.0961999868
baseline_ensemble,5125,0.0828269907259354,0.7685459940652819,0.09623325830000001
baseline_ensemble,5126,0.08285348688419705,0.7685459940652819,0.09623325939999999
baseline_ensemble,5127,0.08288,0.7685459940652819,0.0962333188
baseline_ensemble,5128,0.08290653008962869,0.7685459940652819,0.09633330699999999
baseline_ensemble,5129,0.08293307716938841,0.7685459940652819,0.0964332928
baseline_ensemble,5130,0.08295964125560538,0.7685459940652819,0.09643330380000001
baseline_ensemble,5131,0.08298622236462672,0.7685459940652819,0.0964999279
baseline_ensemble,5132,0.08301282051282051,0.7685459940652819,0.09653328629999999
baseline_ensemble,5133,0.08303943571657582,0.7685459940652819,0.0966332705
baseline_ensemble,5134,0.08306606799230276,0.7685459940652819,0.0967665898
baseline_ensemble,5135,0.08309271735643246,0.7685459940652819,0.09679994659999999
baseline_ensemble,5136,0.0831193838254172,0.7685459940652819,0.0967999745
baseline_ensemble,5137,0.08314606741573034,0.7685459940652819,0.0968333464
baseline_ensemble,5138,0.08317276814386641,0.7685459940652819,0.09689992339999999
baseline_ensemble,5139,0.08319948602634115,0.7685459940652819,0.0969999372
baseline_ensemble,5140,0.08322622107969152,0.7685459940652819,0.0972999353
baseline_ensemble,5141,0.08325297332047574,0.7685459940652819,0.0973333363
baseline_ensemble,5142,0.0832797427652733,0.7685459940652819,0.09733341570000001
baseline_ensemble,5143,0.0833065294306851,0.7685459940652819,0.0973666326
baseline_ensemble,5144,0.08333333333333333,0.7685459940652819,0.09739992269999999
baseline_ensemble,5145,0.0833601544898616,0.7685459940652819,0.0974332872
baseline_ensemble,5146,0.08338699291693497,0.7685459940652819,0.0974999643
baseline_ensemble,5147,0.08341384863123993,0.7685459940652819,0.0974999657
baseline_ensemble,5148,0.08344072164948453,0.7685459940652819,0.09753331230000001
baseline_ensemble,5149,0.08346761198839832,0.7685459940652819,0.0975999198
baseline_ensemble,5150,0.08349451966473243,0.7685459940652819,0.097599988
baseline_ensemble,5151,0.0835214446952596,0.7685459940652819,0.09769994659999999
baseline_ensemble,5152,0.08354838709677419,0.7685459940652819,0.0976999911
baseline_ensemble,5153,0.08357534688609229,0.7685459940652819,0.09773329450000001
baseline_ensemble,5154,0.08360232408005165,0.7685459940652819,0.0977667138
baseline_ensemble,5155,0.08362931869551178,0.7685459940652819,0.0977999883
baseline_ensemble,5156,0.08365633074935401,0.7685459940652819,0.09780000150000001
baseline_ensemble,5157,0.08368336025848142,0.7685459940652819,0.0978999535
baseline_ensemble,5158,0.083710407239819,0.7685459940652819,0.09793332299999999
baseline_ensemble,5159,0.08373747171031361,0.7685459940652819,0.0981999546
baseline_ensemble,5160,0.08376455368693403,0.7685459940652819,0.0982332836
baseline_ensemble,5161,0.08379165318667098,0.7685459940652819,0.0983332591
baseline_ensemble,5162,0.08381877022653722,0.7685459940652819,0.09833330430000001
baseline_ensemble,5163,0.08384590482356749,0.7685459940652819,0.0984333001
baseline_ensemble,5164,0.08387305699481866,0.7685459940652819,0.09846662769999999
baseline_ensemble,5165,0.08390022675736962,0.7685459940652819,0.0984999316
baseline_ensemble,5166,0.08392741412832146,0.7685459940652819,0.0985332544
baseline_ensemble,5167,0.0839546191247974,0.7685459940652819,0.09853326000000001
baseline_ensemble,5168,0.08398184176394292,0.7685459940652819,0.0986332564
baseline_ensemble,5169,0.08400908206292572,0.7685459940652819,0.0986666873
baseline_ensemble,5170,0.08403634003893576,0.7685459940652819,0.09876666519999999
baseline_ensemble,5171,0.08406361570918533,0.7685459940652819,0.0988665807
baseline_ensemble,5172,0.08409090909090909,0.7685459940652819,0.098933251
baseline_ensemble,5173,0.08411822020136409,0.7685459940652819,0.0989999469
baseline_ensemble,5174,0.08414554905782975,0.7685459940652819,0.0990332494
baseline_ensemble,5175,0.08417289567760806,0.7685459940652819,0.09903328110000001
baseline_ensemble,5176,0.0842002600780234,0.7685459940652819,0.0990333135
baseline_ensemble,5177,0.08390243902439025,0.7655786350148368,0.0990999608
baseline_ensemble,5178,0.08392973324658426,0.7655786350148368,0.09909996539999999
baseline_ensemble,5179,0.08395704523267165,0.7655786350148368,0.09916665580000002
baseline_ensemble,5180,0.083984375,0.7655786350148368,0.09919995399999999
baseline_ensemble,5181,0.08368609573428851,0.7626112759643917,0.099199991
baseline_ensemble,5182,0.08371335504885993,0.7626112759643917,0.09936670980000001
baseline_ensemble,5183,0.0837406321277289,0.7626112759643917,0.09943329249999999
baseline_ensemble,5184,0.08376792698826598,0.7626112759643917,0.09946659349999999
baseline_ensemble,5185,0.08379523964786437,0.7626112759643917,0.09949991979999999
baseline_ensemble,5186,0.08382257012393998,0.7626112759643917,0.0994999318
baseline_ensemble,5187,0.08384991843393148,0.7626112759643917,0.0996332717
baseline_ensemble,5188,0.08387728459530026,0.7626112759643917,0.0997332595
baseline_ensemble,5189,0.08390466862553053,0.7626112759643917,0.0998332674
baseline_ensemble,5190,0.08393207054212933,0.7626112759643917,0.09996660999999998
baseline_ensemble,5191,0.0839594903626266,0.7626112759643917,0.09999991999999999
baseline_ensemble,5192,0.08398692810457517,0.7626112759643917,0.09999992679999999
baseline_ensemble,5193,0.08401438378555083,0.7626112759643917,0.1000000117
baseline_ensemble,5194,0.08404185742315239,0.7626112759643917,0.1000332761
baseline_ensemble,5195,0.08374223094537128,0.7596439169139466,0.1000999895
baseline_ensemble,5196,0.08376963350785341,0.7596439169139466,0.1001332695
baseline_ensemble,5197,0.08379705400981997,0.7596439169139466,0.1001666054
baseline_ensemble,5198,0.08349705304518663,0.7566765578635015,0.1001666381
baseline_ensemble,5199,0.0835244022273174,0.7566765578635015,0.10026659580000001
baseline_ensemble,5200,0.08355176933158584,0.7566765578635015,0.1002666632
baseline_ensemble,5201,0.08357915437561456,0.7566765578635015,0.1003666018
baseline_ensemble,5202,0.08360655737704918,0.7566765578635015,0.1003666295
baseline_ensemble,5203,0.08363397835355854,0.7566765578635015,0.1003999505
baseline_ensemble,5204,0.08366141732283465,0.7566765578635015,0.1004332925
baseline_ensemble,5205,0.08368887430259271,0.7566765578635015,0.1005000372
baseline_ensemble,5206,0.08371634931057124,0.7566765578635015,0.1005332563
baseline_ensemble,5207,0.08374384236453201,0.7566765578635015,0.10063329300000001
baseline_ensemble,5208,0.08377135348226018,0.7566765578635015,0.1008666
baseline_ensemble,5209,0.08347025961222478,0.7537091988130564,0.1008999729
baseline_ensemble,5210,0.08349769888231427,0.7537091988130564,0.10093329960000001
baseline_ensemble,5211,0.08352515619861887,0.7537091988130564,0.1010666124
baseline_ensemble,5212,0.08355263157894736,0.7537091988130564,0.10106661250000001
baseline_ensemble,5213,0.08358012504113195,0.7537091988130564,0.1010666256
baseline_ensemble,5214,0.0836076366030283,0.7537091988130564,0.10113326169999999
baseline_ensemble,5215,0.08363516628251565,0.7537091988130564,0.101166607
baseline_ensemble,5216,0.0836627140974967,0.7537091988130564,0.101233249
baseline_ensemble,5217,0.08369028006589786,0.7537091988130564,0.1012999285
baseline_ensemble,5218,0.08371786420566908,0.7537091988130564,0.1013000117
baseline_ensemble,5219,0.08374546653478404,0.7537091988130564,0.1013332759
baseline_ensemble,5220,0.08377308707124011,0.7537091988130564,0.1013999793
baseline_ensemble,5221,0.08380072583305839,0.7537091988130564,0.10143333959999999
baseline_ensemble,5222,0.08382838283828382,0.7537091988130564,0.1014665933
baseline_ensemble,5223,0.08385605810498514,0.7537091988130564,0.1014999401
baseline_ensemble,5224,0.08388375165125496,0.7537091988130564,0.1015666259
baseline_ensemble,5225,0.08391146349520978,0.7537091988130564,0.1015999545
baseline_ensemble,5226,0.08393919365499009,0.7537091988130564,0.1015999754
baseline_ensemble,5227,0.08396694214876033,0.7537091988130564,0.10166660009999999
baseline_ensemble,5228,0.083994708994709,0.7537091988130564,0.10166661679999998
baseline_ensemble,5229,0.08402249421104863,0.7537091988130564,0.10166663719999999
baseline_ensemble,5230,0.08371939113170086,0.7507418397626113,0.1016999879
baseline_ensemble,5231,0.0837471036080768,0.7507418397626113,0.10176658679999999
baseline_ensemble,5232,0.0837748344370861,0.7507418397626113,0.10179992739999999
baseline_ensemble,5233,0.08380258363696588,0.7507418397626113,0.1018332638
baseline_ensemble,5234,0.08383035122597747,0.7507418397626113,0.1018999703
baseline_ensemble,5235,0.08385813722240637,0.7507418397626113,0.10209996619999999
baseline_ensemble,5236,0.08388594164456234,0.7507418397626113,0.10210006440000001
baseline_ensemble,5237,0.08391376451077943,0.7507418397626113,0.102200074
baseline_ensemble,5238,0.08394160583941605,0.7507418397626113,0.1022999345
baseline_ensemble,5239,0.08396946564885496,0.7507418397626113,0.1022999456
baseline_ensemble,5240,0.08399734395750331,0.7507418397626113,0.1023332526
baseline_ensemble,5241,0.08402524078379275,0.7507418397626113,0.10233327099999999
baseline_ensemble,5242,0.0840531561461794,0.7507418397626113,0.10236663199999999
baseline_ensemble,5243,0.0840810900631439,0.7507418397626113,0.1023999143
baseline_ensemble,5244,0.08410904255319149,0.7507418397626113,0.1023999827
baseline_ensemble,5245,0.08413701363485201,0.7507418397626113,0.1024665956
baseline_ensemble,5246,0.08416500332667998,0.7507418397626113,0.102466614
baseline_ensemble,5247,0.08419301164725458,0.7507418397626113,0.1025332762
baseline_ensemble,5248,0.08422103861517977,0.7507418397626113,0.10253330000000001
baseline_ensemble,5249,0.08424908424908426,0.7507418397626113,0.10263327530000001
baseline_ensemble,5250,0.08427714856762158,0.7507418397626113,0.1026999693
baseline_ensemble,5251,0.08397200933022327,0.7477744807121661,0.1027665946
baseline_ensemble,5252,0.084,0.7477744807121661,0.1028332631
baseline_ensemble,5253,0.08402800933644548,0.7477744807121661,0.10293328739999999
baseline_ensemble,5254,0.08405603735823883,0.7477744807121661,0.10306663499999999
baseline_ensemble,5255,0.08408408408408409,0.7477744807121661,0.1032665834
baseline_ensemble,5256,0.08411214953271028,0.7477744807121661,0.1032666022
baseline_ensemble,5257,0.08414023372287145,0.7477744807121661,0.1032999989
baseline_ensemble,5258,0.0841683366733467,0.7477744807121661,0.1034332633
baseline_ensemble,5259,0.0841964584029402,0.7477744807121661,0.10346665499999999
baseline_ensemble,5260,0.08422459893048129,0.7477744807121661,0.10350003020000001
baseline_ensemble,5261,0.08425275827482448,0.7477744807121661,0.10356667659999999
baseline_ensemble,5262,0.08428093645484949,0.7477744807121661,0.1036666033
baseline_ensemble,5263,0.08430913348946135,0.7477744807121661,0.1038666019
baseline_ensemble,5264,0.08433734939759036,0.7477744807121661,0.1038999573
baseline_ensemble,5265,0.08436558419819216,0.7477744807121661,0.10399993559999998
baseline_ensemble,5266,0.08439383791024782,0.7477744807121661,0.1041332516
baseline_ensemble,5267,0.08442211055276382,0.7477744807121661,0.10423328280000001
baseline_ensemble,5268,0.08445040214477212,0.7477744807121661,0.10430000310000001
baseline_ensemble,5269,0.08447871270533021,0.7477744807121661,0.10433330910000001
baseline_ensemble,5270,0.08450704225352113,0.7477744807121661,0.10439993989999999
baseline_ensemble,5271,0.08453539080845354,0.7477744807121661,0.1044332657
baseline_ensemble,5272,0.08456375838926175,0.7477744807121661,0.10450009610000001
baseline_ensemble,5273,0.08459214501510574,0.7477744807121661,0.10476663779999999
baseline_ensemble,5274,0.08462055070517126,0.7477744807121661,0.10479997829999999
baseline_ensemble,5275,0.0846489754786698,0.7477744807121661,0.1048666206
baseline_ensemble,5276,0.0846774193548387,0.7477744807121661,0.1048999683
baseline_ensemble,5277,0.08470588235294117,0.7477744807121661,0.1050332558
baseline_ensemble,5278,0.0847343644922663,0.7477744807121661,0.10506659580000001
baseline_ensemble,5279,0.08476286579212916,0.7477744807121661,0.10506663659999999
baseline_ensemble,5280,0.0847913862718708,0.7477744807121661,0.10513327019999999
baseline_ensemble,5281,0.0848199259508583,0.7477744807121661,0.10513327950000001
baseline_ensemble,5282,0.08484848484848485,0.7477744807121661,0.1051333312
baseline_ensemble,5283,0.08487706298416975,0.7477744807121661,0.1051666042
baseline_ensemble,5284,0.08490566037735849,0.7477744807121661,0.10519997279999999
baseline_ensemble,5285,0.08493427704752275,0.7477744807121661,0.1052000041
baseline_ensemble,5286,0.08496291301416048,0.7477744807121661,0.10523326
baseline_ensemble,5287,0.08499156829679595,0.7477744807121661,0.1053665921
baseline_ensemble,5288,0.08502024291497975,0.7477744807121661,0.1053666027
baseline_ensemble,5289,0.08504893688828889,0.7477744807121661,0.1054332919
baseline_ensemble,5290,0.08507765023632681,0.7477744807121661,0.1054333425
baseline_ensemble,5291,0.0851063829787234,0.7477744807121661,0.1055666282
baseline_ensemble,5292,0.08513513513513514,0.7477744807121661,0.1055999835
baseline_ensemble,5293,0.08516390672524501,0.7477744807121661,0.10566661059999999
baseline_ensemble,5294,0.08519269776876268,0.7477744807121661,0.1057332836
baseline_ensemble,5295,0.08522150828542442,0.7477744807121661,0.1059332408
baseline_ensemble,5296,0.08491204330175914,0.744807121661721,0.105933253
baseline_ensemble,5297,0.08494077834179357,0.744807121661721,0.1059999219
baseline_ensemble,5298,0.08496953283683141,0.744807121661721,0.1059999497
baseline_ensemble,5299,0.08499830680663732,0.744807121661721,0.1060333126
baseline_ensemble,5300,0.08502710027100271,0.744807121661721,0.10606658159999999
baseline_ensemble,5301,0.08505591324974585,0.744807121661721,0.1060999199
baseline_ensemble,5302,0.08508474576271187,0.744807121661721,0.10610001829999999
baseline_ensemble,5303,0.0851135978297728,0.744807121661721,0.1061332684
baseline_ensemble,5304,0.08514246947082768,0.744807121661721,0.10613327739999999
baseline_ensemble,5305,0.08517136070580252,0.744807121661721,0.1061666622
baseline_ensemble,5306,0.08520027155465038,0.744807121661721,0.1062332769
baseline_ensemble,5307,0.08522920203735145,0.744807121661721,0.1062666349
baseline_ensemble,5308,0.08525815217391304,0.744807121661721,0.1062999631
baseline_ensemble,5309,0.08528712198436969,0.744807121661721,0.1063332952
baseline_ensemble,5310,0.08531611148878314,0.744807121661721,0.10633331830000001
baseline_ensemble,5311,0.08534512070724243,0.744807121661721,0.10666669680000002
baseline_ensemble,5312,0.08537414965986395,0.744807121661721,0.10673333539999999
baseline_ensemble,5313,0.08540319836679143,0.744807121661721,0.1067666214
baseline_ensemble,5314,0.08543226684819605,0.744807121661721,0.1068666019
baseline_ensemble,5315,0.08546135512427647,0.744807121661721,0.10686661580000001
baseline_ensemble,5316,0.08549046321525886,0.744807121661721,0.1068999396
baseline_ensemble,5317,0.08551959114139693,0.744807121661721,0.1070332472
baseline_ensemble,5318,0.08554873892297205,0.744807121661721,0.1070665901
baseline_ensemble,5319,0.08557790658029321,0.744807121661721,0.10706666479999999
baseline_ensemble,5320,0.08560709413369713,0.744807121661721,0.1071332621
baseline_ensemble,5321,0.08563630160354828,0.744807121661721,0.1071333233
baseline_ensemble,5322,0.08566552901023891,0.744807121661721,0.1072666041
baseline_ensemble,5323,0.08569477637418914,0.744807121661721,0.10729992319999998
baseline_ensemble,5324,0.08572404371584699,0.744807121661721,0.1073666187
baseline_ensemble,5325,0.08575333105568841,0.744807121661721,0.1074332749
baseline_ensemble,5326,0.08578263841421736,0.744807121661721,0.1074666338
baseline_ensemble,5327,0.08581196581196582,0.744807121661721,0.10756663329999999
baseline_ensemble,5328,0.08584131326949385,0.744807121661721,0.1075999954
baseline_ensemble,5329,0.08587068080738967,0.744807121661721,0.1076332971
baseline_ensemble,5330,0.08590006844626968,0.744807121661721,0.10769998580000001
baseline_ensemble,5331,0.0859294762067785,0.744807121661721,0.10773329730000002
baseline_ensemble,5332,0.08595890410958903,0.744807121661721,0.1078332653
baseline_ensemble,5333,0.08598835217540253,0.744807121661721,0.1078666837
baseline_ensemble,5334,0.0860178204249486,0.744807121661721,0.1079332912
baseline_ensemble,5335,0.08604730887898526,0.744807121661721,0.1082999593
baseline_ensemble,5336,0.08607681755829905,0.744807121661721,0.1083999258
baseline_ensemble,5337,0.08610634648370498,0.744807121661721,0.1084332989
baseline_ensemble,5338,0.08579272477693892,0.7418397626112759,0.10849997380000001
baseline_ensemble,5339,0.08582217645039478,0.7418397626112759,0.1085999236
baseline_ensemble,5340,0.08585164835164835,0.7418397626112759,0.10859993609999999
baseline_ensemble,5341,0.08588114050154586,0.7418397626112759,0.1086333327
baseline_ensemble,5342,0.0859106529209622,0.7418397626112759,0.10863337849999999
baseline_ensemble,5343,0.08594018563080097,0.7418397626112759,0.1088333344
baseline_ensemble,5344,0.0859697386519945,0.7418397626112759,0.10890001360000001
baseline_ensemble,5345,0.08599931200550395,0.7418397626112759,0.10903330089999999
baseline_ensemble,5346,0.08602890571231935,0.7418397626112759,0.10913325859999999
baseline_ensemble,5347,0.08605851979345955,0.7418397626112759,0.1091665975
baseline_ensemble,5348,0.08608815426997245,0.7418397626112759,0.1091999317
baseline_ensemble,5349,0.08611780916293489,0.7418397626112759,0.10923333190000001
baseline_ensemble,5350,0.08614748449345279,0.7418397626112759,0.1092666042
baseline_ensemble,5351,0.08617718028266115,0.7418397626112759,0.1093333031
baseline_ensemble,5352,0.08620689655172414,0.7418397626112759,0.10936668960000001
baseline_ensemble,5353,0.08623663332183512,0.7418397626112759,0.1096666193
baseline_ensemble,5354,0.0862663906142167,0.7418397626112759,0.10966665269999999
baseline_ensemble,5355,0.08629616845012081,0.7418397626112759,0.1096666729
baseline_ensemble,5356,0.08632596685082873,0.7418397626112759,0.1099999097
baseline_ensemble,5357,0.08635578583765112,0.7418397626112759,0.109999921
baseline_ensemble,5358,0.08638562543192813,0.7418397626112759,0.1100332668
baseline_ensemble,5359,0.08641548565502938,0.7418397626112759,0.110066656
baseline_ensemble,5360,0.08644536652835408,0.7418397626112759,0.11013327579999999
baseline_ensemble,5361,0.08647526807333103,0.7418397626112759,0.11023326110000001
baseline_ensemble,5362,0.08650519031141868,0.7418397626112759,0.1102665924
baseline_ensemble,5363,0.08653513326410522,0.7418397626112759,0.11049991819999999
baseline_ensemble,5364,0.0865650969529086,0.7418397626112759,0.1104999952
baseline_ensemble,5365,0.08659508139937652,0.7418397626112759,0.11069991909999999
baseline_ensemble,5366,0.08662508662508663,0.7418397626112759,0.11070005200000001
baseline_ensemble,5367,0.08665511265164645,0.7418397626112759,0.1108000126
baseline_ensemble,5368,0.08668515950069348,0.7418397626112759,0.1108332798
baseline_ensemble,5369,0.08671522719389525,0.7418397626112759,0.11083330949999999
baseline_ensemble,5370,0.08674531575294935,0.7418397626112759,0.11083335529999999
baseline_ensemble,5371,0.08677542519958348,0.7418397626112759,0.1108666223
baseline_ensemble,5372,0.08680555555555555,0.7418397626112759,0.1109999331
baseline_ensemble,5373,0.0868357068426537,0.7418397626112759,0.11116657799999999
baseline_ensemble,5374,0.08686587908269632,0.7418397626112759,0.11129990220000001
baseline_ensemble,5375,0.08689607229753216,0.7418397626112759,0.11136657870000001
baseline_ensemble,5376,0.08692628650904033,0.7418397626112759,0.11139993840000001
baseline_ensemble,5377,0.08695652173913043,0.7418397626112759,0.11146662049999999
baseline_ensemble,5378,0.08698677800974251,0.7418397626112759,0.11166657649999999
baseline_ensemble,5379,0.0870170553428472,0.7418397626112759,0.11179992409999999
baseline_ensemble,5380,0.08704735376044569,0.7418397626112759,0.1117999464
baseline_ensemble,5381,0.08707767328456983,0.7418397626112759,0.1118332742
baseline_ensemble,5382,0.08710801393728224,0.7418397626112759,0.11183330630000002
baseline_ensemble,5383,0.08713837574067619,0.7418397626112759,0.1118333582
baseline_ensemble,5384,0.08682008368200837,0.7388724035608308,0.11203324899999999
baseline_ensemble,5385,0.08685036623648414,0.7388724035608308,0.1120333283
baseline_ensemble,5386,0.08688066992323797,0.7388724035608308,0.1121999819
baseline_ensemble,5387,0.08691099476439791,0.7388724035608308,0.11229995970000001
baseline_ensemble,5388,0.0869413407821229,0.7388724035608308,0.1123665958
baseline_ensemble,5389,0.08697170799860286,0.7388724035608308,0.1124666507
baseline_ensemble,5390,0.0870020964360587,0.7388724035608308,0.1126665859
baseline_ensemble,5391,0.0870325061167424,0.7388724035608308,0.11269992379999999
baseline_ensemble,5392,0.08706293706293707,0.7388724035608308,0.1127332554
baseline_ensemble,5393,0.08709338929695698,0.7388724035608308,0.1127999744
baseline_ensemble,5394,0.08712386284114766,0.7388724035608308,0.1128332521
baseline_ensemble,5395,0.08715435771788589,0.7388724035608308,0.11286661949999999
baseline_ensemble,5396,0.08718487394957983,0.7388724035608308,0.1129332492
baseline_ensemble,5397,0.087215411558669,0.7388724035608308,0.11293326270000001
baseline_ensemble,5398,0.08724597056762438,0.7388724035608308,0.1130332436
baseline_ensemble,5399,0.08727655099894847,0.7388724035608308,0.1130332882
baseline_ensemble,5400,0.08730715287517532,0.7388724035608308,0.1130999028
baseline_ensemble,5401,0.08733777621887057,0.7388724035608308,0.113099986
baseline_ensemble,5402,0.08701754385964912,0.7359050445103857,0.1131000646
baseline_ensemble,5403,0.08704808704808704,0.7359050445103857,0.1131333256
baseline_ensemble,5404,0.08707865168539326,0.7359050445103857,0.11319991659999999
baseline_ensemble,5405,0.0871092377941693,0.7359050445103857,0.11329995760000001
baseline_ensemble,5406,0.08713984539704848,0.7359050445103857,0.1133333404
baseline_ensemble,5407,0.08717047451669596,0.7359050445103857,0.11336657550000001
baseline_ensemble,5408,0.08720112517580872,0.7359050445103857,0.11346662989999999
baseline_ensemble,5409,0.08723179739711573,0.7359050445103857,0.1134666844
baseline_ensemble,5410,0.08726249120337791,0.7359050445103857,0.1135665894
baseline_ensemble,5411,0.08729320661738825,0.7359050445103857,0.1135999306
baseline_ensemble,5412,0.08732394366197183,0.7359050445103857,0.1137332499
baseline_ensemble,5413,0.08735470235998591,0.7359050445103857,0.1138666324
baseline_ensemble,5414,0.08738548273431994,0.7359050445103857,0.1139000017
baseline_ensemble,5415,0.08741628480789566,0.7359050445103857,0.1139332394
baseline_ensemble,5416,0.08744710860366714,0.7359050445103857,0.1140332553
baseline_ensemble,5417,0.08747795414462081,0.7359050445103857,0.1140332816
baseline_ensemble,5418,0.08750882145377559,0.7359050445103857,0.1140666189
baseline_ensemble,5419,0.08718672785033534,0.7329376854599406,0.1140999304
baseline_ensemble,5420,0.08721751412429378,0.7329376854599406,0.1141666375
baseline_ensemble,5421,0.087248322147651,0.7329376854599406,0.1142998967
baseline_ensemble,5422,0.0872791519434629,0.7329376854599406,0.11439990729999999
baseline_ensemble,5423,0.08731000353481795,0.7329376854599406,0.1144332485
baseline_ensemble,5424,0.08734087694483735,0.7329376854599406,0.11443328829999999
baseline_ensemble,5425,0.08737177219667493,0.7329376854599406,0.1144666387
baseline_ensemble,5426,0.08740268931351734,0.7329376854599406,0.11449994349999999
baseline_ensemble,5427,0.08743362831858408,0.7329376854599406,0.11469990199999999
baseline_ensemble,5428,0.08746458923512748,0.7329376854599406,0.1146999449
baseline_ensemble,5429,0.08749557208643287,0.7329376854599406,0.11496661239999999
baseline_ensemble,5430,0.08752657689581857,0.7329376854599406,0.1151666147
baseline_ensemble,5431,0.08755760368663594,0.7329376854599406,0.1152999288
baseline_ensemble,5432,0.0875886524822695,0.7329376854599406,0.11543331949999999
baseline_ensemble,5433,0.08761972330613693,0.7329376854599406,0.11549991720000001
baseline_ensemble,5434,0.08765081618168914,0.7329376854599406,0.11553325469999999
baseline_ensemble,5435,0.08768193113241037,0.7329376854599406,0.11563325429999997
baseline_ensemble,5436,0.08771306818181818,0.7329376854599406,0.11566661079999999
baseline_ensemble,5437,0.08774422735346359,0.7329376854599406,0.11573326069999999
baseline_ensemble,5438,0.08777540867093106,0.7329376854599406,0.11576657540000002
baseline_ensemble,5439,0.08780661215783861,0.7329376854599406,0.11576667239999999
baseline_ensemble,5440,0.08783783783783784,0.7329376854599406,0.115966795
baseline_ensemble,5441,0.08786908573461402,0.7329376854599406,0.11606670760000001
baseline_ensemble,5442,0.08790035587188612,0.7329376854599406,0.11613330860000001
baseline_ensemble,5443,0.08793164827340691,0.7329376854599406,0.1161665688
baseline_ensemble,5444,0.08796296296296297,0.7329376854599406,0.11623323969999999
baseline_ensemble,5445,0.08799429996437477,0.7329376854599406,0.1162332678
baseline_ensemble,5446,0.08802565930149679,0.7329376854599406,0.1162666722
baseline_ensemble,5447,0.08805704099821747,0.7329376854599406,0.1165332858
baseline_ensemble,5448,0.08808844507845934,0.7329376854599406,0.11669991210000001
baseline_ensemble,5449,0.08811987156617909,0.7329376854599406,0.11676665110000001
baseline_ensemble,5450,0.0881513204853676,0.7329376854599406,0.1167667101
baseline_ensemble,5451,0.08818279186004999,0.7329376854599406,0.1168332429
baseline_ensemble,5452,0.08821428571428572,0.7329376854599406,0.11689991099999998
baseline_ensemble,5453,0.08824580207216863,0.7329376854599406,0.116933271
baseline_ensemble,5454,0.08827734095782702,0.7329376854599406,0.1170999645
baseline_ensemble,5455,0.08830890239542367,0.7329376854599406,0.11710000350000001
baseline_ensemble,5456,0.08834048640915594,0.7329376854599406,0.1171332921
baseline_ensemble,5457,0.08837209302325581,0.7329376854599406,0.11713331090000001
baseline_ensemble,5458,0.08840372226198998,0.7329376854599406,0.1171333708
baseline_ensemble,5459,0.08843537414965986,0.7329376854599406,0.11739992290000001
baseline_ensemble,5460,0.08846704871060172,0.7329376854599406,0.11739994059999999
baseline_ensemble,5461,0.08849874596918667,0.7329376854599406,0.11739995439999999
baseline_ensemble,5462,0.0885304659498208,0.7329376854599406,0.11756657179999999
baseline_ensemble,5463,0.08856220867694514,0.7329376854599406,0.11763329069999999
baseline_ensemble,5464,0.08859397417503587,0.7329376854599406,0.11766663249999999
baseline_ensemble,5465,0.08862576246860424,0.7329376854599406,0.1177666241
baseline_ensemble,5466,0.0886575735821967,0.7329376854599406,0.1177666686
baseline_ensemble,5467,0.08868940754039498,0.7329376854599406,0.11789992160000001
baseline_ensemble,5468,0.08872126436781609,0.7329376854599406,0.11793325599999999
baseline_ensemble,5469,0.08875314408911247,0.7329376854599406,0.11793326109999999
baseline_ensemble,5470,0.08878504672897196,0.7329376854599406,0.1179333554
baseline_ensemble,5471,0.08881697231211794,0.7329376854599406,0.11793335770000002
baseline_ensemble,5472,0.08884892086330935,0.7329376854599406,0.11806659209999999
baseline_ensemble,5473,0.08888089240734078,0.7329376854599406,0.1180999539
baseline_ensemble,5474,0.08891288696904248,0.7329376854599406,0.11809996219999999
baseline_ensemble,5475,0.08894490457328053,0.7329376854599406,0.11823327299999999
baseline_ensemble,5476,0.08897694524495678,0.7329376854599406,0.1182665862
baseline_ensemble,5477,0.08900900900900902,0.7329376854599406,0.1184666173
baseline_ensemble,5478,0.08904109589041095,0.7329376854599406,0.1184999286
baseline_ensemble,5479,0.08907320591417238,0.7329376854599406,0.1185666199
baseline_ensemble,5480,0.0891053391053391,0.7329376854599406,0.1185666394
baseline_ensemble,5481,0.0887766149404547,0.7299703264094956,0.1185666723
baseline_ensemble,5482,0.0888086642599278,0.7299703264094956,0.1186665909
baseline_ensemble,5483,0.08884073672806067,0.7299703264094956,0.1186999429
baseline_ensemble,5484,0.08851156069364162,0.7270029673590505,0.1188000397
baseline_ensemble,5485,0.08854354897000362,0.7270029673590505,0.11883337659999998
baseline_ensemble,5486,0.08857556037599422,0.7270029673590505,0.1188999174
baseline_ensemble,5487,0.08860759493670886,0.7270029673590505,0.1190665916
baseline_ensemble,5488,0.0886396526772793,0.7270029673590505,0.11919992679999998
baseline_ensemble,5489,0.08867173362287369,0.7270029673590505,0.1192999317
baseline_ensemble,5490,0.0887038377986966,0.7270029673590505,0.11929997810000001
baseline_ensemble,5491,0.08873596522998914,0.7270029673590505,0.1193666408
baseline_ensemble,5492,0.08876811594202899,0.7270029673590505,0.11950000429999999
baseline_ensemble,5493,0.08880028996013048,0.7270029673590505,0.1196665811
baseline_ensemble,5494,0.08883248730964467,0.7270029673590505,0.119699935
baseline_ensemble,5495,0.08886470801595937,0.7270029673590505,0.11969996
baseline_ensemble,5496,0.08889695210449927,0.7270029673590505,0.11979993860000002
baseline_ensemble,5497,0.08892921960072596,0.7270029673590505,0.1199999206
baseline_ensemble,5498,0.08859840232389252,0.7240356083086054,0.12006658760000001
baseline_ensemble,5499,0.08863058481656375,0.7240356083086054,0.1201666889
baseline_ensemble,5500,0.08866279069767442,0.7240356083086054,0.1201999578
baseline_ensemble,5501,0.08869501999272991,0.7240356083086054,0.1204332386
baseline_ensemble,5502,0.08872727272727272,0.7240356083086054,0.1204666361
baseline_ensemble,5503,0.08875954892688251,0.7240356083086054,0.120466687
baseline_ensemble,5504,0.08879184861717612,0.7240356083086054,0.1206666404
baseline_ensemble,5505,0.0888241718238078,0.7240356083086054,0.1207666151
baseline_ensemble,5506,0.08885651857246904,0.7240356083086054,0.12076662399999999
baseline_ensemble,5507,0.08888888888888889,0.7240356083086054,0.120866566
baseline_ensemble,5508,0.08892128279883382,0.7240356083086054,0.12090006210000001
baseline_ensemble,5509,0.08895370032810791,0.7240356083086054,0.12103325799999999
baseline_ensemble,5510,0.08898614150255288,0.7240356083086054,0.12103326309999998
baseline_ensemble,5511,0.08901860634804816,0.7240356083086054,0.1210332705
baseline_ensemble,5512,0.08905109489051095,0.7240356083086054,0.1211332359
baseline_ensemble,5513,0.08908360715589632,0.7240356083086054,0.12113328139999999
baseline_ensemble,5514,0.08911614317019723,0.7240356083086054,0.121199907
baseline_ensemble,5515,0.08914870295944465,0.7240356083086054,0.121199952
baseline_ensemble,5516,0.0891812865497076,0.7240356083086054,0.12126662
baseline_ensemble,5517,0.08921389396709324,0.7240356083086054,0.12129989789999998
baseline_ensemble,5518,0.08924652523774688,0.7240356083086054,0.12129992649999999
baseline_ensemble,5519,0.08927918038785218,0.7240356083086054,0.12146662529999999
baseline_ensemble,5520,0.08931185944363104,0.7240356083086054,0.1215332649
baseline_ensemble,5521,0.08934456243134382,0.7240356083086054,0.1215999196
baseline_ensemble,5522,0.08937728937728938,0.7240356083086054,0.1216332616
baseline_ensemble,5523,0.08941004030780506,0.7240356083086054,0.12166669570000001
baseline_ensemble,5524,0.08944281524926687,0.7240356083086054,0.1216999178
baseline_ensemble,5525,0.0891089108910891,0.7210682492581603,0.1216999825
baseline_ensemble,5526,0.08914159941305942,0.7210682492581603,0.1217000076
baseline_ensemble,5527,0.0891743119266055,0.7210682492581603,0.1217332968
baseline_ensemble,5528,0.08920704845814978,0.7210682492581603,0.12183327
baseline_ensemble,5529,0.0892398090341535,0.7210682492581603,0.121900122
baseline_ensemble,5530,0.08927259368111683,0.7210682492581603,0.1219665998
baseline_ensemble,5531,0.08930540242557883,0.7210682492581603,0.1219667136
baseline_ensemble,5532,0.08933823529411765,0.7210682492581603,0.12199991740000002
baseline_ensemble,5533,0.0893710923133505,0.7210682492581603,0.12209994619999999
baseline_ensemble,5534,0.08940397350993377,0.7210682492581603,0.1224333205
baseline_ensemble,5535,0.08943687891056312,0.7210682492581603,0.1224333403
baseline_ensemble,5536,0.08946980854197349,0.7210682492581603,0.1225332734
baseline_ensemble,5537,0.08913443830570902,0.7181008902077152,0.12263324969999999
baseline_ensemble,5538,0.08916728076639646,0.7181008902077152,0.1226333121
baseline_ensemble,5539,0.08920014743826023,0.7181008902077152,0.1226666395
baseline_ensemble,5540,0.08923303834808259,0.7181008902077152,0.12273331429999998
baseline_ensemble,5541,0.08926595352268536,0.7181008902077152,0.12279990300000002
baseline_ensemble,5542,0.08929889298892989,0.7181008902077152,0.12283324809999999
baseline_ensemble,5543,0.08896271686969362,0.7151335311572701,0.1228666145
baseline_ensemble,5544,0.08899556868537666,0.7151335311572701,0.1228999232
baseline_ensemble,5545,0.08902844477281123,0.7151335311572701,0.1229000312
baseline_ensemble,5546,0.08906134515890614,0.7151335311572701,0.12293346
baseline_ensemble,5547,0.08909426987060998,0.7151335311572701,0.12296657940000001
baseline_ensemble,5548,0.08912721893491124,0.7151335311572701,0.122966607
baseline_ensemble,5549,0.08916019237883832,0.7151335311572701,0.12299992799999998
baseline_ensemble,5550,0.08919319022945967,0.7151335311572701,0.1230333339
baseline_ensemble,5551,0.08922621251388374,0.7151335311572701,0.1231666313
baseline_ensemble,5552,0.08925925925925926,0.7151335311572701,0.12320015590000001
baseline_ensemble,5553,0.0892923304927751,0.7151335311572701,0.1232999793
baseline_ensemble,5554,0.08932542624166048,0.7151335311572701,0.1233332477
baseline_ensemble,5555,0.08935854653318502,0.7151335311572701,0.12353326979999998
baseline_ensemble,5556,0.08939169139465876,0.7151335311572701,0.1235333092
baseline_ensemble,5557,0.08942486085343228,0.7151335311572701,0.1236999163
baseline_ensemble,5558,0.0894580549368968,0.7151335311572701,0.1236999341
baseline_ensemble,5559,0.08949127367248422,0.7151335311572701,0.12383324600000001
baseline_ensemble,5560,0.08952451708766716,0.7151335311572701,0.1238999502
baseline_ensemble,5561,0.08955778520995912,0.7151335311572701,0.124033245
baseline_ensemble,5562,0.08959107806691449,0.7151335311572701,0.12419991520000001
baseline_ensemble,5563,0.08925251022685013,0.712166172106825,0.1242665895
baseline_ensemble,5564,0.08928571428571429,0.712166172106825,0.12436657120000001
baseline_ensemble,5565,0.0893189430591738,0.712166172106825,0.12440001010000001
baseline_ensemble,5566,0.08935219657483247,0.712166172106825,0.12450001359999999
baseline_ensemble,5567,0.0893854748603352,0.712166172106825,0.1245666015
baseline_ensemble,5568,0.08941877794336811,0.712166172106825,0.12456660539999999
baseline_ensemble,5569,0.0894521058516586,0.712166172106825,0.12459992269999999
baseline_ensemble,5570,0.0894854586129754,0.712166172106825,0.12473325190000001
baseline_ensemble,5571,0.08951883625512869,0.712166172106825,0.1249999255
baseline_ensemble,5572,0.08917910447761195,0.7091988130563798,0.12513325449999999
baseline_ensemble,5573,0.08921239268383725,0.7091988130563798,0.125166651
baseline_ensemble,5574,0.08924570575056012,0.7091988130563798,0.12516669879999998
baseline_ensemble,5575,0.08927904370564065,0.7091988130563798,0.12529997669999998
baseline_ensemble,5576,0.08931240657698057,0.7091988130563798,0.1252999922
baseline_ensemble,5577,0.08897196261682243,0.7062314540059347,0.1253332599
baseline_ensemble,5578,0.08900523560209424,0.7062314540059347,0.12536662969999998
baseline_ensemble,5579,0.08903853348297792,0.7062314540059347,0.1254000446
baseline_ensemble,5580,0.08907185628742514,0.7062314540059347,0.1254332448
baseline_ensemble,5581,0.08910520404342943,0.7062314540059347,0.12543334180000001
baseline_ensemble,5582,0.08913857677902622,0.7062314540059347,0.1255332584
baseline_ensemble,5583,0.08917197452229299,0.7062314540059347,0.1255665684
baseline_ensemble,5584,0.08920539730134933,0.7062314540059347,0.1259999819
baseline_ensemble,5585,0.08923884514435695,0.7062314540059347,0.12613322999999999
baseline_ensemble,5586,0.08927231807951988,0.7062314540059347,0.1262665782
baseline_ensemble,5587,0.08930581613508443,0.7062314540059347,0.12626663840000002
baseline_ensemble,5588,0.08896396396396396,0.7032640949554896,0.126499943
baseline_ensemble,5589,0.08899737138565528,0.7032640949554896,0.12653326939999998
baseline_ensemble,5590,0.08903080390683696,0.7032640949554896,0.1265665661
baseline_ensemble,5591,0.08906426155580609,0.7032640949554896,0.12656669750000002
baseline_ensemble,5592,0.08909774436090226,0.7032640949554896,0.12666659759999999
baseline_ensemble,5593,0.08913125235050771,0.7032640949554896,0.1266666633
baseline_ensemble,5594,0.08916478555304741,0.7032640949554896,0.12673328560000002
baseline_ensemble,5595,0.08919834399698909,0.7032640949554896,0.12683327020000001
baseline_ensemble,5596,0.08923192771084337,0.7032640949554896,0.1268332765
baseline_ensemble,5597,0.08926553672316384,0.7032640949554896,0.1269999181
baseline_ensemble,5598,0.0892991710625471,0.7032640949554896,0.12703329149999998
baseline_ensemble,5599,0.08933283075763288,0.7032640949554896,0.1270333409
baseline_ensemble,5600,0.08936651583710407,0.7032640949554896,0.1270666354
baseline_ensemble,5601,0.08940022632968692,0.7032640949554896,0.1271999304
baseline_ensemble,5602,0.08943396226415094,0.7032640949554896,0.12723326729999998
baseline_ensemble,5603,0.08946772366930918,0.7032640949554896,0.1273666209
baseline_ensemble,5604,0.08950151057401813,0.7032640949554896,0.12739995610000002
baseline_ensemble,5605,0.08953532300717794,0.7032640949554896,0.1274665518
baseline_ensemble,5606,0.08956916099773243,0.7032640949554896,0.1278999248
baseline_ensemble,5607,0.08960302457466919,0.7032640949554896,0.1282666628
baseline_ensemble,5608,0.08963691376701967,0.7032640949554896,0.1283665994
baseline_ensemble,5609,0.08967082860385925,0.7032640949554896,0.12859990619999997
baseline_ensemble,5610,0.08970476911430735,0.7032640949554896,0.1285999971
baseline_ensemble,5611,0.08973873532752745,0.7032640949554896,0.1286333104
baseline_ensemble,5612,0.08977272727272727,0.7032640949554896,0.1287998886
baseline_ensemble,5613,0.08980674497915878,0.7032640949554896,0.1287999292
baseline_ensemble,5614,0.08984078847611827,0.7032640949554896,0.1287999823
baseline_ensemble,5615,0.08987485779294653,0.7032640949554896,0.12886656559999998
baseline_ensemble,5616,0.08990895295902883,0.7032640949554896,0.1289666213
baseline_ensemble,5617,0.08994307400379507,0.7032640949554896,0.1290000205
baseline_ensemble,5618,0.08997722095671981,0.7032640949554896,0.1290666681
baseline_ensemble,5619,0.09001139384732244,0.7032640949554896,0.1290999658
baseline_ensemble,5620,0.09004559270516717,0.7032640949554896,0.1291666297
baseline_ensemble,5621,0.09007981755986318,0.7032640949554896,0.1291998944
baseline_ensemble,5622,0.09011406844106463,0.7032640949554896,0.12919993429999999
baseline_ensemble,5623,0.0901483453784709,0.7032640949554896,0.129333345
baseline_ensemble,5624,0.09018264840182648,0.7032640949554896,0.1293333905
baseline_ensemble,5625,0.0902169775409212,0.7032640949554896,0.1294998906
baseline_ensemble,5626,0.09025133282559025,0.7032640949554896,0.1296999054
baseline_ensemble,5627,0.09028571428571429,0.7032640949554896,0.12979994809999998
baseline_ensemble,5628,0.09032012195121951,0.7032640949554896,0.1298332385
baseline_ensemble,5629,0.09035455585207777,0.7032640949554896,0.1298665819
baseline_ensemble,5630,0.09038901601830664,0.7032640949554896,0.13006666020000002
baseline_ensemble,5631,0.09042350247996948,0.7032640949554896,0.1303999715
baseline_ensemble,5632,0.09045801526717558,0.7032640949554896,0.130466582
baseline_ensemble,5633,0.09049255441008018,0.7032640949554896,0.1304666105
baseline_ensemble,5634,0.09052711993888464,0.7032640949554896,0.1304666473
baseline_ensemble,5635,0.09056171188383645,0.7032640949554896,0.1304999854
baseline_ensemble,5636,0.09059633027522936,0.7032640949554896,0.1306666552
baseline_ensemble,5637,0.09063097514340344,0.7032640949554896,0.13073325749999998
baseline_ensemble,5638,0.09066564651874522,0.7032640949554896,0.1308333426
baseline_ensemble,5639,0.09070034443168772,0.7032640949554896,0.13090002020000002
baseline_ensemble,5640,0.09073506891271056,0.7032640949554896,0.1309999176
baseline_ensemble,5641,0.0907698199923401,0.7032640949554896,0.1310665683
baseline_ensemble,5642,0.09080459770114943,0.7032640949554896,0.13109991259999998
baseline_ensemble,5643,0.09083940206975853,0.7032640949554896,0.1311332818
baseline_ensemble,5644,0.09087423312883436,0.7032640949554896,0.1311999666
baseline_ensemble,5645,0.09090909090909091,0.7032640949554896,0.13123326189999998
baseline_ensemble,5646,0.09094397544128933,0.7032640949554896,0.1314665792
baseline_ensemble,5647,0.090978886756238,0.7032640949554896,0.13149991689999999
baseline_ensemble,5648,0.09101382488479262,0.7032640949554896,0.1316666089
baseline_ensemble,5649,0.09104878985785632,0.7032640949554896,0.1317666002
baseline_ensemble,5650,0.09108378170637971,0.7032640949554896,0.1317999402
baseline_ensemble,5651,0.09111880046136102,0.7032640949554896,0.1319665665
baseline_ensemble,5652,0.09115384615384615,0.7032640949554896,0.1321666414
baseline_ensemble,5653,0.09118891881492881,0.7032640949554896,0.1322665516
baseline_ensemble,5654,0.09122401847575058,0.7032640949554896,0.1322665903
baseline_ensemble,5655,0.09125914516750096,0.7032640949554896,0.1322999725
baseline_ensemble,5656,0.09129429892141756,0.7032640949554896,0.1323665602
baseline_ensemble,5657,0.09132947976878612,0.7032640949554896,0.1323665932
baseline_ensemble,5658,0.09136468774094063,0.7032640949554896,0.1324332926
baseline_ensemble,5659,0.09101426918627073,0.7002967359050445,0.1324999261
baseline_ensemble,5660,0.09104938271604938,0.7002967359050445,0.1327999087
baseline_ensemble,5661,0.09108452335005789,0.7002967359050445,0.1328334347
baseline_ensemble,5662,0.09111969111969112,0.7002967359050445,0.1328999021
baseline_ensemble,5663,0.09115488605639242,0.7002967359050445,0.1330999062
baseline_ensemble,5664,0.09080370942812983,0.6973293768545994,0.13333324889999998
baseline_ensemble,5665,0.09083880943177426,0.6973293768545994,0.13336664269999998
baseline_ensemble,5666,0.09087393658159319,0.6973293768545994,0.1334999439
baseline_ensemble,5667,0.09090909090909091,0.6973293768545994,0.1335332227
baseline_ensemble,5668,0.09094427244582043,0.6973293768545994,0.13356664859999998
baseline_ensemble,5669,0.09097948122338366,0.6973293768545994,0.13359992469999998
baseline_ensemble,5670,0.09101471727343145,0.6973293768545994,0.13369990999999998
baseline_ensemble,5671,0.0910499806276637,0.6973293768545994,0.1337332744
baseline_ensemble,5672,0.09108527131782945,0.6973293768545994,0.13376657990000002
baseline_ensemble,5673,0.09112058937572702,0.6973293768545994,0.1338666
baseline_ensemble,5674,0.09076803723816912,0.6943620178041543,0.1342999588
baseline_ensemble,5675,0.09080325960419092,0.6943620178041543,0.134333241
baseline_ensemble,5676,0.09083850931677019,0.6943620178041543,0.1344668343
baseline_ensemble,5677,0.09087378640776698,0.6943620178041543,0.1347999624
baseline_ensemble,5678,0.09090909090909091,0.6943620178041543,0.1349666059
baseline_ensemble,5679,0.09094442285270113,0.6943620178041543,0.13499995029999998
baseline_ensemble,5680,0.09097978227060653,0.6943620178041543,0.1351668328
baseline_ensemble,5681,0.09101516919486581,0.6943620178041543,0.1352666177
baseline_ensemble,5682,0.09105058365758754,0.6943620178041543,0.1352666219
baseline_ensemble,5683,0.09108602569093033,0.6943620178041543,0.13533322369999998
baseline_ensemble,5684,0.0911214953271028,0.6943620178041543,0.1353333114
baseline_ensemble,5685,0.09115699259836385,0.6943620178041543,0.135433274
baseline_ensemble,5686,0.09119251753702261,0.6943620178041543,0.1355332343
baseline_ensemble,5687,0.0912280701754386,0.6943620178041543,0.1355665852
baseline_ensemble,5688,0.09126365054602184,0.6943620178041543,0.13563322889999999
baseline_ensemble,5689,0.09090909090909091,0.6913946587537092,0.1356665866
baseline_ensemble,5690,0.09094457455113193,0.6913946587537092,0.1356665871
baseline_ensemble,5691,0.09098008590394377,0.6913946587537092,0.1357333499
baseline_ensemble,5692,0.091015625,0.6913946587537092,0.1360665822
baseline_ensemble,5693,0.09105119187182494,0.6913946587537092,0.13609990000000002
baseline_ensemble,5694,0.09108678655199375,0.6913946587537092,0.1360999151
baseline_ensemble,5695,0.09112240907313257,0.6913946587537092,0.13613326839999998
baseline_ensemble,5696,0.09115805946791862,0.6913946587537092,0.1363333168
baseline_ensemble,5697,0.09080234833659491,0.6884272997032641,0.1364666376
baseline_ensemble,5698,0.09044635865309318,0.685459940652819,0.1365666422
baseline_ensemble,5699,0.09048178613396005,0.685459940652819,0.1366999761
baseline_ensemble,5700,0.09051724137931035,0.685459940652819,0.13669998660000002
baseline_ensemble,5701,0.09055272442179538,0.685459940652819,0.136733209
baseline_ensemble,5702,0.09058823529411765,0.685459940652819,0.1367666878
baseline_ensemble,5703,0.09062377402903099,0.685459940652819,0.1367999027
baseline_ensemble,5704,0.09065934065934066,0.685459940652819,0.1369666425
baseline_ensemble,5705,0.09069493521790342,0.685459940652819,0.1370000101
baseline_ensemble,5706,0.09073055773762766,0.685459940652819,0.13703326829999998
baseline_ensemble,5707,0.09037328094302555,0.6824925816023739,0.1371332444
baseline_ensemble,5708,0.09040880503144653,0.6824925816023739,0.1372665896
baseline_ensemble,5709,0.09044435705859222,0.6824925816023739,0.1372999413
baseline_ensemble,5710,0.0904799370574351,0.6824925816023739,0.1373666315
baseline_ensemble,5711,0.09051554506099961,0.6824925816023739,0.1376332826
baseline_ensemble,5712,0.09055118110236221,0.6824925816023739,0.1377332631
baseline_ensemble,5713,0.09058684521465143,0.6824925816023739,0.1377333562
baseline_ensemble,5714,0.09062253743104808,0.6824925816023739,0.1378334657
baseline_ensemble,5715,0.09065825778478517,0.6824925816023739,0.1378665581
baseline_ensemble,5716,0.09069400630914827,0.6824925816023739,0.1378665815
baseline_ensemble,5717,0.09072978303747535,0.6824925816023739,0.1378999195
baseline_ensemble,5718,0.09076558800315707,0.6824925816023739,0.13789994560000002
baseline_ensemble,5719,0.09080142123963679,0.6824925816023739,0.1382666334
baseline_ensemble,5720,0.09083728278041074,0.6824925816023739,0.13829988340000002
baseline_ensemble,5721,0.09087317265902806,0.6824925816023739,0.1384332316
baseline_ensemble,5722,0.09090909090909091,0.6824925816023739,0.1386332156
baseline_ensemble,5723,0.09094503756425465,0.6824925816023739,0.1388332237
baseline_ensemble,5724,0.09098101265822785,0.6824925816023739,0.1388999701
baseline_ensemble,5725,0.09101701622477246,0.6824925816023739,0.1390332393
baseline_ensemble,5726,0.09105304829770387,0.6824925816023739,0.1392332127
baseline_ensemble,5727,0.09108910891089109,0.6824925816023739,0.13929997489999998
baseline_ensemble,5728,0.09112519809825674,0.6824925816023739,0.1393666055
baseline_ensemble,5729,0.09116131589377725,0.6824925816023739,0.13963322309999998
baseline_ensemble,5730,0.09119746233148295,0.6824925816023739,0.1396666688
baseline_ensemble,5731,0.09123363744545815,0.6824925816023739,0.1396999162
baseline_ensemble,5732,0.09126984126984126,0.6824925816023739,0.1398332445
baseline_ensemble,5733,0.09130607383882493,0.6824925816023739,0.1398333279
baseline_ensemble,5734,0.09134233518665608,0.6824925816023739,0.140099928
baseline_ensemble,5735,0.09137862534763608,0.6824925816023739,0.1400999597
baseline_ensemble,5736,0.09141494435612083,0.6824925816023739,0.1401999589
baseline_ensemble,5737,0.09145129224652088,0.6824925816023739,0.1404332358
baseline_ensemble,5738,0.09148766905330151,0.6824925816023739,0.1406332733
baseline_ensemble,5739,0.09152407481098289,0.6824925816023739,0.1406666024
baseline_ensemble,5740,0.09156050955414012,0.6824925816023739,0.1407999918
baseline_ensemble,5741,0.09159697331740342,0.6824925816023739,0.1408333067
baseline_ensemble,5742,0.09163346613545817,0.6824925816023739,0.1408999738
baseline_ensemble,5743,0.09166998804304503,0.6824925816023739,0.1409665785
baseline_ensemble,5744,0.09170653907496013,0.6824925816023739,0.1410333017
baseline_ensemble,5745,0.09174311926605505,0.6824925816023739,0.141066565
baseline_ensemble,5746,0.09177972865123703,0.6824925816023739,0.14109996979999997
baseline_ensemble,5747,0.09181636726546906,0.6824925816023739,0.1411999262
baseline_ensemble,5748,0.09185303514376997,0.6824925816023739,0.1413999921
baseline_ensemble,5749,0.09188973232121454,0.6824925816023739,0.1415665618
baseline_ensemble,5750,0.09192645883293366,0.6824925816023739,0.1417332737
baseline_ensemble,5751,0.09196321471411435,0.6824925816023739,0.1419666601
baseline_ensemble,5752,0.092,0.6824925816023739,0.1419666858
baseline_ensemble,5753,0.09203681472589036,0.6824925816023739,0.1422332638
baseline_ensemble,5754,0.09167333867093674,0.6795252225519288,0.1423999916
baseline_ensemble,5755,0.09171005206247497,0.6795252225519288,0.14243331480000002
baseline_ensemble,5756,0.09174679487179487,0.6795252225519288,0.1425332173
baseline_ensemble,5757,0.09178356713426854,0.6795252225519288,0.1425999071
baseline_ensemble,5758,0.09182036888532479,0.6795252225519288,0.1426332863
baseline_ensemble,5759,0.09185720016044925,0.6795252225519288,0.1426665758
baseline_ensemble,5760,0.09189406099518459,0.6795252225519288,0.1426666173
baseline_ensemble,5761,0.09193095142513047,0.6795252225519288,0.1426999432
baseline_ensemble,5762,0.09196787148594378,0.6795252225519288,0.14279992489999999
baseline_ensemble,5763,0.0920048212133387,0.6795252225519288,0.1428999085
baseline_ensemble,5764,0.09204180064308681,0.6795252225519288,0.1429332632
baseline_ensemble,5765,0.09207880981101729,0.6795252225519288,0.1431332965
baseline_ensemble,5766,0.0921158487530169,0.6795252225519288,0.1432000021
baseline_ensemble,5767,0.09175050301810865,0.6765578635014837,0.14333325759999999
baseline_ensemble,5768,0.09178743961352658,0.6765578635014837,0.143366649
baseline_ensemble,5769,0.09182440596053161,0.6765578635014837,0.1436666033
baseline_ensemble,5770,0.09186140209508462,0.6765578635014837,0.14383329909999998
baseline_ensemble,5771,0.09189842805320435,0.6765578635014837,0.14396663939999998
baseline_ensemble,5772,0.09193548387096774,0.6765578635014837,0.144033225
baseline_ensemble,5773,0.09197256958450989,0.6765578635014837,0.144166613
baseline_ensemble,5774,0.09200968523002422,0.6765578635014837,0.14430000180000002
baseline_ensemble,5775,0.09204683084376261,0.6765578635014837,0.1444999522
baseline_ensemble,5776,0.09208400646203554,0.6765578635014837,0.1444999532
baseline_ensemble,5777,0.09212121212121212,0.6765578635014837,0.1445998989
baseline_ensemble,5778,0.09215844785772029,0.6765578635014837,0.1446333333
baseline_ensemble,5779,0.09219571370804691,0.6765578635014837,0.1446666883
baseline_ensemble,5780,0.09223300970873786,0.6765578635014837,0.14493323830000002
baseline_ensemble,5781,0.09227033589639821,0.6765578635014837,0.1449999032
baseline_ensemble,5782,0.09230769230769231,0.6765578635014837,0.1450665956
baseline_ensemble,5783,0.09234507897934387,0.6765578635014837,0.1450999366
baseline_ensemble,5784,0.09238249594813615,0.6765578635014837,0.1451666507
baseline_ensemble,5785,0.09241994325091205,0.6765578635014837,0.14536659289999998
baseline_ensemble,5786,0.09245742092457421,0.6765578635014837,0.14540002870000002
baseline_ensemble,5787,0.09249492900608519,0.6765578635014837,0.14540006020000001
baseline_ensemble,5788,0.09253246753246754,0.6765578635014837,0.1457999387
baseline_ensemble,5789,0.0921640276086074,0.6735905044510386,0.1460999885
baseline_ensemble,5790,0.09220146222583266,0.6735905044510386,0.14610004510000002
baseline_ensemble,5791,0.09223892726533929,0.6735905044510386,0.14616658100000002
baseline_ensemble,5792,0.09227642276422764,0.6735905044510386,0.14629992009999998
baseline_ensemble,5793,0.09190727938186255,0.6706231454005934,0.1466332813
baseline_ensemble,5794,0.0919446704637917,0.6706231454005934,0.1466332929
baseline_ensemble,5795,0.09198209198209198,0.6706231454005934,0.14696667130000002
baseline_ensemble,5796,0.09201954397394137,0.6706231454005934,0.147233367
baseline_ensemble,5797,0.09205702647657842,0.6706231454005934,0.1472334139
baseline_ensemble,5798,0.09209453952730236,0.6706231454005934,0.1474998918
baseline_ensemble,5799,0.0921320831634733,0.6706231454005934,0.147633254
baseline_ensemble,5800,0.09216965742251224,0.6706231454005934,0.1477000022
baseline_ensemble,5801,0.09220726234190127,0.6706231454005934,0.1477998812
baseline_ensemble,5802,0.09224489795918367,0.6706231454005934,0.1479332986
baseline_ensemble,5803,0.09228256431196406,0.6706231454005934,0.1479665811
baseline_ensemble,5804,0.0923202614379085,0.6706231454005934,0.1479666065
baseline_ensemble,5805,0.09235798937474458,0.6706231454005934,0.147999941
baseline_ensemble,5806,0.09239574816026165,0.6706231454005934,0.1480665643
baseline_ensemble,5807,0.09243353783231084,0.6706231454005934,0.14816655269999998
baseline_ensemble,5808,0.09247135842880523,0.6706231454005934,0.14819991840000002
baseline_ensemble,5809,0.09250920998772001,0.6706231454005934,0.1482332393
baseline_ensemble,5810,0.09254709254709255,0.6706231454005934,0.1482335891
baseline_ensemble,5811,0.09258500614502253,0.6706231454005934,0.14839991840000002
baseline_ensemble,5812,0.09262295081967213,0.6706231454005934,0.1485332991
baseline_ensemble,5813,0.09266092660926609,0.6706231454005934,0.1485665524
baseline_ensemble,5814,0.09269893355209188,0.6706231454005934,0.1489333223
baseline_ensemble,5815,0.09273697168649979,0.6706231454005934,0.149033229
baseline_ensemble,5816,0.09277504105090312,0.6706231454005934,0.14906669250000001
baseline_ensemble,5817,0.09281314168377823,0.6706231454005934,0.1490667313
baseline_ensemble,5818,0.09285127362366474,0.6706231454005934,0.1490999023
baseline_ensemble,5819,0.09288943690916564,0.6706231454005934,0.14919993010000002
baseline_ensemble,5820,0.09292763157894737,0.6706231454005934,0.1492332927
baseline_ensemble,5821,0.09296585767174002,0.6706231454005934,0.14949992469999998
baseline_ensemble,5822,0.09300411522633745,0.6706231454005934,0.1495665849
baseline_ensemble,5823,0.09304240428159737,0.6706231454005934,0.1495666124
baseline_ensemble,5824,0.09308072487644152,0.6706231454005934,0.1496999267
baseline_ensemble,5825,0.0931190770498558,0.6706231454005934,0.1496999637
baseline_ensemble,5826,0.09315746084089035,0.6706231454005934,0.1498000473
baseline_ensemble,5827,0.09319587628865979,0.6706231454005934,0.1498332299
baseline_ensemble,5828,0.09323432343234324,0.6706231454005934,0.1498998911
baseline_ensemble,5829,0.09327280231118448,0.6706231454005934,0.14993327080000002
baseline_ensemble,5830,0.09331131296449216,0.6706231454005934,0.15006660889999998
baseline_ensemble,5831,0.09334985543163982,0.6706231454005934,0.1503665581
baseline_ensemble,5832,0.09338842975206611,0.6706231454005934,0.15049993820000002
baseline_ensemble,5833,0.09342703596527491,0.6706231454005934,0.1505332816
baseline_ensemble,5834,0.0934656741108354,0.6706231454005934,0.1507998768
baseline_ensemble,5835,0.09350434422838229,0.6706231454005934,0.1509999309
baseline_ensemble,5836,0.0935430463576159,0.6706231454005934,0.1510332789
baseline_ensemble,5837,0.09358178053830228,0.6706231454005934,0.1511332579
baseline_ensemble,5838,0.0936205468102734,0.6706231454005934,0.151166625
baseline_ensemble,5839,0.09365934521342727,0.6706231454005934,0.1515332759
baseline_ensemble,5840,0.09369817578772803,0.6706231454005934,0.1515999909
baseline_ensemble,5841,0.09373703857320614,0.6706231454005934,0.1516666165
baseline_ensemble,5842,0.0937759336099585,0.6706231454005934,0.151933258
baseline_ensemble,5843,0.09381486093814861,0.6706231454005934,0.15206654909999998
baseline_ensemble,5844,0.09385382059800665,0.6706231454005934,0.1520666107
baseline_ensemble,5845,0.09389281262982967,0.6706231454005934,0.152166572
baseline_ensemble,5846,0.09393183707398171,0.6706231454005934,0.15219987710000002
baseline_ensemble,5847,0.09397089397089398,0.6706231454005934,0.1522998977
baseline_ensemble,5848,0.09400998336106489,0.6706231454005934,0.1524999703
baseline_ensemble,5849,0.09404910528506034,0.6706231454005934,0.1525333254
baseline_ensemble,5850,0.09408825978351373,0.6706231454005934,0.15276657209999997
baseline_ensemble,5851,0.0941274468971262,0.6706231454005934,0.15289990229999997
baseline_ensemble,5852,0.09416666666666666,0.6706231454005934,0.1530999157
baseline_ensemble,5853,0.09420591913297208,0.6706231454005934,0.1532332208
baseline_ensemble,5854,0.09424520433694746,0.6706231454005934,0.153266587
baseline_ensemble,5855,0.09428452231956612,0.6706231454005934,0.1533000384
baseline_ensemble,5856,0.09432387312186978,0.6706231454005934,0.1535999171
baseline_ensemble,5857,0.09436325678496868,0.6706231454005934,0.1541665294
baseline_ensemble,5858,0.09440267335004177,0.6706231454005934,0.1543666068
baseline_ensemble,5859,0.09444212285833682,0.6706231454005934,0.1544000406
baseline_ensemble,5860,0.09448160535117058,0.6706231454005934,0.1544332589
baseline_ensemble,5861,0.0945211208699289,0.6706231454005934,0.1544665593
baseline_ensemble,5862,0.09456066945606695,0.6706231454005934,0.1544666082
baseline_ensemble,5863,0.09460025115110925,0.6706231454005934,0.1545332228
baseline_ensemble,5864,0.09463986599664992,0.6706231454005934,0.1545332342
baseline_ensemble,5865,0.09467951403435275,0.6706231454005934,0.15463327870000002
baseline_ensemble,5866,0.09471919530595138,0.6706231454005934,0.1549665986
baseline_ensemble,5867,0.09475890985324947,0.6706231454005934,0.1550332271
baseline_ensemble,5868,0.09479865771812081,0.6706231454005934,0.1550333001
baseline_ensemble,5869,0.09483843894250944,0.6706231454005934,0.1550999032
baseline_ensemble,5870,0.0948782535684299,0.6706231454005934,0.15539987859999999
baseline_ensemble,5871,0.09491810163796724,0.6706231454005934,0.15549990789999998
baseline_ensemble,5872,0.0949579831932773,0.6706231454005934,0.1555665958
baseline_ensemble,5873,0.09457755359394704,0.6676557863501483,0.15560002290000002
baseline_ensemble,5874,0.09461732548359966,0.6676557863501483,0.1556332145
baseline_ensemble,5875,0.09465713083718974,0.6676557863501483,0.1557999148
baseline_ensemble,5876,0.0946969696969697,0.6676557863501483,0.15586658
baseline_ensemble,5877,0.09473684210526316,0.6676557863501483,0.1558665827
baseline_ensemble,5878,0.09477674810446504,0.6676557863501483,0.1560332849
baseline_ensemble,5879,0.09481668773704172,0.6676557863501483,0.1560666118
baseline_ensemble,5880,0.0948566610455312,0.6676557863501483,0.156133241
baseline_ensemble,5881,0.09489666807254322,0.6676557863501483,0.15616656459999997
baseline_ensemble,5882,0.0949367088607595,0.6676557863501483,0.15629992739999998
baseline_ensemble,5883,0.09497678345293373,0.6676557863501483,0.1562999977
baseline_ensemble,5884,0.09501689189189189,0.6676557863501483,0.15633320399999998
baseline_ensemble,5885,0.09505703422053231,0.6676557863501483,0.1563332142
baseline_ensemble,5886,0.09509721048182587,0.6676557863501483,0.15639987049999998
baseline_ensemble,5887,0.09513742071881606,0.6676557863501483,0.1568332931
baseline_ensemble,5888,0.09517766497461928,0.6676557863501483,0.1569333035
baseline_ensemble,5889,0.09521794329242489,0.6676557863501483,0.1570668268
baseline_ensemble,5890,0.09525825571549534,0.6676557863501483,0.1571332426
baseline_ensemble,5891,0.09529860228716645,0.6676557863501483,0.1571665316
baseline_ensemble,5892,0.09533898305084745,0.6676557863501483,0.1573666764
baseline_ensemble,5893,0.0953793980500212,0.6676557863501483,0.15739989379999997
baseline_ensemble,5894,0.09541984732824428,0.6676557863501483,0.15746655869999998
baseline_ensemble,5895,0.09546033092914723,0.6676557863501483,0.15766654410000003
baseline_ensemble,5896,0.09550084889643463,0.6676557863501483,0.1576998715
baseline_ensemble,5897,0.09554140127388536,0.6676557863501483,0.1576999701
baseline_ensemble,5898,0.0955819881053526,0.6676557863501483,0.15776658789999998
baseline_ensemble,5899,0.09562260943476412,0.6676557863501483,0.1578002322
baseline_ensemble,5900,0.09566326530612244,0.6676557863501483,0.1579665482
baseline_ensemble,5901,0.09570395576350489,0.6676557863501483,0.1581999375
baseline_ensemble,5902,0.09574468085106383,0.6676557863501483,0.1583666244
baseline_ensemble,5903,0.09578544061302682,0.6676557863501483,0.1583998615
baseline_ensemble,5904,0.09582623509369677,0.6676557863501483,0.1583998709
baseline_ensemble,5905,0.09586706433745207,0.6676557863501483,0.1584000096
baseline_ensemble,5906,0.0959079283887468,0.6676557863501483,0.15866660269999996
baseline_ensemble,5907,0.09594882729211088,0.6676557863501483,0.1587666612
baseline_ensemble,5908,0.09598976109215017,0.6676557863501483,0.1587999228
baseline_ensemble,5909,0.09603072983354674,0.6676557863501483,0.1588666249
baseline_ensemble,5910,0.09607173356105893,0.6676557863501483,0.1589333395
baseline_ensemble,5911,0.09611277231952157,0.6676557863501483,0.1590999897
baseline_ensemble,5912,0.09615384615384616,0.6676557863501483,0.15929994260000002
baseline_ensemble,5913,0.09576742197520308,0.6646884272997032,0.1593000061
baseline_ensemble,5914,0.09580838323353294,0.6646884272997032,0.1595999336
baseline_ensemble,5915,0.09584937954642704,0.6646884272997032,0.159866644
baseline_ensemble,5916,0.0958904109589041,0.6646884272997032,0.1599665841
baseline_ensemble,5917,0.09593147751605996,0.6646884272997032,0.1601999012
baseline_ensemble,5918,0.0959725792630677,0.6646884272997032,0.1603333355
baseline_ensemble,5919,0.09601371624517788,0.6646884272997032,0.1603999516
baseline_ensemble,5920,0.09605488850771869,0.6646884272997032,0.1605666107
baseline_ensemble,5921,0.0960960960960961,0.6646884272997032,0.1607665849
baseline_ensemble,5922,0.096137339055794,0.6646884272997032,0.1608334286
baseline_ensemble,5923,0.09617861743237441,0.6646884272997032,0.1610665808
baseline_ensemble,5924,0.09579037800687286,0.6617210682492581,0.1611333092
baseline_ensemble,5925,0.09583154275891706,0.6617210682492581,0.1613332855
baseline_ensemble,5926,0.09587274290627687,0.6617210682492581,0.1615332747
baseline_ensemble,5927,0.09591397849462366,0.6617210682492581,0.16156665650000002
baseline_ensemble,5928,0.0959552495697074,0.6617210682492581,0.1616332393
baseline_ensemble,5929,0.09599655617735686,0.6617210682492581,0.16176660340000001
baseline_ensemble,5930,0.09603789836347976,0.6617210682492581,0.1617999744
baseline_ensemble,5931,0.09607927617406291,0.6617210682492581,0.1619332091
baseline_ensemble,5932,0.09612068965517241,0.6617210682492581,0.1621000063
baseline_ensemble,5933,0.09616213885295385,0.6617210682492581,0.16236658189999997
baseline_ensemble,5934,0.09620362381363244,0.6617210682492581,0.1625665357
baseline_ensemble,5935,0.09624514458351316,0.6617210682492581,0.16259992069999998
baseline_ensemble,5936,0.096286701208981,0.6617210682492581,0.1628999478
baseline_ensemble,5937,0.09632829373650108,0.6617210682492581,0.16296663979999998
baseline_ensemble,5938,0.09636992221261884,0.6617210682492581,0.1633665429
baseline_ensemble,5939,0.0959792477302205,0.658753709198813,0.1637332677
baseline_ensemble,5940,0.09602076124567474,0.658753709198813,0.1637665236
baseline_ensemble,5941,0.09606231068801385,0.658753709198813,0.16393322030000002
baseline_ensemble,5942,0.09610389610389611,0.658753709198813,0.1641333451
baseline_ensemble,5943,0.09571242962321351,0.655786350148368,0.16436686500000003
baseline_ensemble,5944,0.09575389948006932,0.655786350148368,0.1643999418
baseline_ensemble,5945,0.09579540528825314,0.655786350148368,0.16443321529999996
baseline_ensemble,5946,0.095836947094536,0.655786350148368,0.1644666792
baseline_ensemble,5947,0.09587852494577007,0.655786350148368,0.1644998848
baseline_ensemble,5948,0.0959201388888889,0.655786350148368,0.16456665139999999
baseline_ensemble,5949,0.09596178897090751,0.655786350148368,0.1646665414
baseline_ensemble,5950,0.09600347523892268,0.655786350148368,0.1647999796
baseline_ensemble,5951,0.096045197740113,0.655786350148368,0.16483327180000001
baseline_ensemble,5952,0.09608695652173913,0.655786350148368,0.1648667029
baseline_ensemble,5953,0.09612875163114397,0.655786350148368,0.1649332739
baseline_ensemble,5954,0.09617058311575283,0.655786350148368,0.1651333076
baseline_ensemble,5955,0.09577710056595559,0.6528189910979229,0.1651666248
baseline_ensemble,5956,0.09581881533101046,0.6528189910979229,0.1653665567
baseline_ensemble,5957,0.09586056644880174,0.6528189910979229,0.1654332858
baseline_ensemble,5958,0.0959023539668701,0.6528189910979229,0.1655998493
baseline_ensemble,5959,0.09594417793283908,0.6528189910979229,0.16586656640000003
baseline_ensemble,5960,0.09598603839441536,0.6528189910979229,0.1660666038
baseline_ensemble,5961,0.09602793539938892,0.6528189910979229,0.1660666763
baseline_ensemble,5962,0.09606986899563319,0.6528189910979229,0.1662999661
baseline_ensemble,5963,0.09611183923110529,0.6528189910979229,0.1663666298
baseline_ensemble,5964,0.09615384615384616,0.6528189910979229,0.1664998684
baseline_ensemble,5965,0.09619588981198077,0.6528189910979229,0.16673326859999998
baseline_ensemble,5966,0.09623797025371829,0.6528189910979229,0.1667998893
baseline_ensemble,5967,0.0962800875273523,0.6528189910979229,0.1668665631
baseline_ensemble,5968,0.09632224168126094,0.6528189910979229,0.16746656199999999
baseline_ensemble,5969,0.09636443276390715,0.6528189910979229,0.1676998458
baseline_ensemble,5970,0.09640666082383874,0.6528189910979229,0.1676999111
baseline_ensemble,5971,0.09644892590968873,0.6528189910979229,0.1680332295
baseline_ensemble,5972,0.09649122807017543,0.6528189910979229,0.1680999174
baseline_ensemble,5973,0.09653356735410268,0.6528189910979229,0.1682668588
baseline_ensemble,5974,0.09657594381035997,0.6528189910979229,0.1683666545
baseline_ensemble,5975,0.0966183574879227,0.6528189910979229,0.1684000096
baseline_ensemble,5976,0.09666080843585237,0.6528189910979229,0.1684999169
baseline_ensemble,5977,0.0967032967032967,0.6528189910979229,0.16853319719999998
baseline_ensemble,5978,0.09630606860158311,0.6498516320474778,0.16870003090000002
baseline_ensemble,5979,0.0963484381874175,0.6498516320474778,0.1688998719
baseline_ensemble,5980,0.09639084507042253,0.6498516320474778,0.168966579
baseline_ensemble,5981,0.0964332892998679,0.6498516320474778,0.16909987320000003
baseline_ensemble,5982,0.09647577092511013,0.6498516320474778,0.1691666417
baseline_ensemble,5983,0.09651828999559277,0.6498516320474778,0.1691667558
baseline_ensemble,5984,0.09656084656084656,0.6498516320474778,0.16919988379999998
baseline_ensemble,5985,0.09660344067048963,0.6498516320474778,0.16919989249999998
baseline_ensemble,5986,0.09664607237422772,0.6498516320474778,0.1698666094
baseline_ensemble,5987,0.09668874172185431,0.6498516320474778,0.16996665449999998
baseline_ensemble,5988,0.09673144876325088,0.6498516320474778,0.1700333081
baseline_ensemble,5989,0.0967741935483871,0.6498516320474778,0.1701999326
baseline_ensemble,5990,0.09681697612732096,0.6498516320474778,0.1702666178
baseline_ensemble,5991,0.09685979655019902,0.6498516320474778,0.1704000122
baseline_ensemble,5992,0.09690265486725663,0.6498516320474778,0.1704667127
baseline_ensemble,5993,0.09694555112881806,0.6498516320474778,0.1706331833
baseline_ensemble,5994,0.09654561558901682,0.6468842729970327,0.17069989770000002
baseline_ensemble,5995,0.09658839167035889,0.6468842729970327,0.1707999529
baseline_ensemble,5996,0.09663120567375887,0.6468842729970327,0.1710999171
baseline_ensemble,5997,0.09667405764966741,0.6468842729970327,0.1712332493
baseline_ensemble,5998,0.09671694764862467,0.6468842729970327,0.17133330930000001
baseline_ensemble,5999,0.09675987572126055,0.6468842729970327,0.17159987649999997
baseline_ensemble,6000,0.09635879218472469,0.6439169139465876,0.1716002376
baseline_ensemble,6001,0.0964015992892048,0.6439169139465876,0.1716334202
baseline_ensemble,6002,0.09644444444444444,0.6439169139465876,0.1716665667
baseline_ensemble,6003,0.09648732770120054,0.6439169139465876,0.1717666838
baseline_ensemble,6004,0.09608540925266904,0.6409495548961425,0.1718332777
baseline_ensemble,6005,0.09612817089452604,0.6409495548961425,0.17199986569999998
baseline_ensemble,6006,0.09617097061442564,0.6409495548961425,0.17199988489999998
baseline_ensemble,6007,0.0957683741648107,0.6379821958456974,0.1721332041
baseline_ensemble,6008,0.09581105169340463,0.6379821958456974,0.1721333665
baseline_ensemble,6009,0.09585376727596968,0.6379821958456974,0.1721999316
baseline_ensemble,6010,0.09589652096342552,0.6379821958456974,0.172233306
baseline_ensemble,6011,0.09593931280678268,0.6379821958456974,0.17229990280000002
baseline_ensemble,6012,0.09598214285714286,0.6379821958456974,0.1724665932
baseline_ensemble,6013,0.09602501116569898,0.6379821958456974,0.1724665949
baseline_ensemble,6014,0.09606791778373548,0.6379821958456974,0.17256658679999998
baseline_ensemble,6015,0.09611086276262852,0.6379821958456974,0.17256663390000002
baseline_ensemble,6016,0.09615384615384616,0.6379821958456974,0.172766685
baseline_ensemble,6017,0.09619686800894854,0.6379821958456974,0.1728665366
baseline_ensemble,6018,0.09623992837958818,0.6379821958456974,0.17289987810000002
baseline_ensemble,6019,0.09628302731751008,0.6379821958456974,0.1730999808
baseline_ensemble,6020,0.09632616487455196,0.6379821958456974,0.1731999407
baseline_ensemble,6021,0.09636934110264456,0.6379821958456974,0.17326654409999998
baseline_ensemble,6022,0.09641255605381166,0.6379821958456974,0.17333324349999998
baseline_ensemble,6023,0.09600717810677434,0.6350148367952523,0.17359999329999998
baseline_ensemble,6024,0.09605026929982047,0.6350148367952523,0.17386655690000002
baseline_ensemble,6025,0.09609339919173776,0.6350148367952523,0.1738998877
baseline_ensemble,6026,0.09613656783468104,0.6350148367952523,0.17393319770000001
baseline_ensemble,6027,0.09617977528089888,0.6350148367952523,0.17393322290000002
baseline_ensemble,6028,0.09622302158273381,0.6350148367952523,0.1746666806
baseline_ensemble,6029,0.09581646423751687,0.6320474777448071,0.1747666402
baseline_ensemble,6030,0.09585958595859587,0.6320474777448071,0.17493317679999998
baseline_ensemble,6031,0.09590274651058082,0.6320474777448071,0.1750665648
baseline_ensemble,6032,0.09594594594594595,0.6320474777448071,0.175199944
baseline_ensemble,6033,0.09598918431726003,0.6320474777448071,0.17519996040000002
baseline_ensemble,6034,0.09603246167718665,0.6320474777448071,0.1752666318
baseline_ensemble,6035,0.09562471808750564,0.629080118694362,0.17526663879999999
baseline_ensemble,6036,0.09566787003610108,0.629080118694362,0.1752998705
baseline_ensemble,6037,0.09525959367945824,0.6261127596439169,0.17529992419999998
baseline_ensemble,6038,0.09530261969286359,0.6261127596439169,0.175566561
baseline_ensemble,6039,0.09534568459105287,0.6261127596439169,0.1756332859
baseline_ensemble,6040,0.09538878842676311,0.6261127596439169,0.1757998952
baseline_ensemble,6041,0.09497964721845319,0.6231454005934718,0.1760332878
baseline_ensemble,6042,0.09502262443438914,0.6231454005934718,0.176333264
baseline_ensemble,6043,0.09506564056133997,0.6231454005934718,0.17639993939999998
baseline_ensemble,6044,0.09510869565217392,0.6231454005934718,0.17643322800000003
baseline_ensemble,6045,0.09515178975985501,0.6231454005934718,0.1764998921
baseline_ensemble,6046,0.09519492293744333,0.6231454005934718,0.1765332318
baseline_ensemble,6047,0.09523809523809523,0.6231454005934718,0.1766999052
baseline_ensemble,6048,0.09528130671506352,0.6231454005934718,0.1766999204
baseline_ensemble,6049,0.09532455742169768,0.6231454005934718,0.17723330059999998
baseline_ensemble,6050,0.09536784741144415,0.6231454005934718,0.17723334300000002
baseline_ensemble,6051,0.09541117673784644,0.6231454005934718,0.1774332186
baseline_ensemble,6052,0.09545454545454546,0.6231454005934718,0.1774332373
baseline_ensemble,6053,0.09549795361527967,0.6231454005934718,0.17756658479999998
baseline_ensemble,6054,0.09554140127388536,0.6231454005934718,0.17783334879999999
baseline_ensemble,6055,0.09558488848429676,0.6231454005934718,0.17796694559999998
baseline_ensemble,6056,0.09562841530054644,0.6231454005934718,0.17803319679999996
baseline_ensemble,6057,0.09567198177676538,0.6231454005934718,0.17820001209999997
baseline_ensemble,6058,0.09571558796718323,0.6231454005934718,0.1783332107
baseline_ensemble,6059,0.09575923392612859,0.6231454005934718,0.17843318349999998
baseline_ensemble,6060,0.09580291970802919,0.6231454005934718,0.1784665295
baseline_ensemble,6061,0.09584664536741214,0.6231454005934718,0.1784666147
baseline_ensemble,6062,0.0958904109589041,0.6231454005934718,0.1784666316
baseline_ensemble,6063,0.09593421653723161,0.6231454005934718,0.1785665447
baseline_ensemble,6064,0.09597806215722121,0.6231454005934718,0.17873327660000002
baseline_ensemble,6065,0.09602194787379972,0.6231454005934718,0.17873336979999999
baseline_ensemble,6066,0.09606587374199452,0.6231454005934718,0.17889992459999998
baseline_ensemble,6067,0.09610983981693363,0.6231454005934718,0.17899994069999997
baseline_ensemble,6068,0.09615384615384616,0.6231454005934718,0.179033204
baseline_ensemble,6069,0.0961978928080623,0.6231454005934718,0.1792998719
baseline_ensemble,6070,0.09624197983501374,0.6231454005934718,0.1793333885
baseline_ensemble,6071,0.09628610729023383,0.6231454005934718,0.1795665229
baseline_ensemble,6072,0.0963302752293578,0.6231454005934718,0.1795666122
baseline_ensemble,6073,0.09591555759522717,0.6201780415430267,0.1796999233
baseline_ensemble,6074,0.09595959595959595,0.6201780415430267,0.1799999293
baseline_ensemble,6075,0.09600367478180984,0.6201780415430267,0.1800999022
baseline_ensemble,6076,0.09604779411764706,0.6201780415430267,0.1802333152
baseline_ensemble,6077,0.09609195402298851,0.6201780415430267,0.1804332106
baseline_ensemble,6078,0.09613615455381785,0.6201780415430267,0.1805003105
baseline_ensemble,6079,0.09618039576622181,0.6201780415430267,0.1805332006
baseline_ensemble,6080,0.09622467771639043,0.6201780415430267,0.18069999799999997
baseline_ensemble,6081,0.09626900046061723,0.6201780415430267,0.18106660079999998
baseline_ensemble,6082,0.09585253456221199,0.6172106824925816,0.18129989900000001
baseline_ensemble,6083,0.0958967266021208,0.6172106824925816,0.1812999694
baseline_ensemble,6084,0.0959409594095941,0.6172106824925816,0.1815332207
baseline_ensemble,6085,0.09598523304107061,0.6172106824925816,0.1815666114
baseline_ensemble,6086,0.09602954755309326,0.6172106824925816,0.1817331893
baseline_ensemble,6087,0.09607390300230947,0.6172106824925816,0.18176650330000002
baseline_ensemble,6088,0.09611829944547134,0.6172106824925816,0.1818332392
baseline_ensemble,6089,0.09616273693943597,0.6172106824925816,0.18196658100000002
baseline_ensemble,6090,0.09620721554116558,0.6172106824925816,0.18216653249999998
baseline_ensemble,6091,0.0962517353077279,0.6172106824925816,0.18243333530000003
baseline_ensemble,6092,0.0962962962962963,0.6172106824925816,0.1826998961
baseline_ensemble,6093,0.09634089856415007,0.6172106824925816,0.182933244
baseline_ensemble,6094,0.0963855421686747,0.6172106824925816,0.1830332257
baseline_ensemble,6095,0.09643022716736208,0.6172106824925816,0.1830665836
baseline_ensemble,6096,0.09647495361781076,0.6172106824925816,0.1836000105
baseline_ensemble,6097,0.09651972157772622,0.6172106824925816,0.1836666314
baseline_ensemble,6098,0.09656453110492108,0.6172106824925816,0.18373322039999998
baseline_ensemble,6099,0.09614491407338598,0.6142433234421365,0.18396661749999998
baseline_ensemble,6100,0.09618959107806692,0.6142433234421365,0.18429999150000004
baseline_ensemble,6101,0.09623430962343096,0.6142433234421365,0.1844331746
baseline_ensemble,6102,0.09627906976744185,0.6142433234421365,0.1844999751
baseline_ensemble,6103,0.09632387156817124,0.6142433234421365,0.1845999202
baseline_ensemble,6104,0.09636871508379888,0.6142433234421365,0.18469986789999998
baseline_ensemble,6105,0.09641360037261294,0.6142433234421365,0.1847998532
baseline_ensemble,6106,0.09645852749301025,0.6142433234421365,0.1849000369
baseline_ensemble,6107,0.0965034965034965,0.6142433234421365,0.18506661310000003
baseline_ensemble,6108,0.09654850746268656,0.6142433234421365,0.1851669152
baseline_ensemble,6109,0.09659356042930471,0.6142433234421365,0.1852331992
baseline_ensemble,6110,0.09663865546218488,0.6142433234421365,0.1853998615
baseline_ensemble,6111,0.0966837926202709,0.6142433234421365,0.1858999865
baseline_ensemble,6112,0.09672897196261682,0.6142433234421365,0.18606657129999998
baseline_ensemble,6113,0.0967741935483871,0.6142433234421365,0.18616660499999999
baseline_ensemble,6114,0.09681945743685688,0.6142433234421365,0.18636651489999997
baseline_ensemble,6115,0.09639681796911559,0.6112759643916914,0.1870667218
baseline_ensemble,6116,0.09597378277153558,0.6083086053412463,0.1872000271
baseline_ensemble,6117,0.09601873536299765,0.6083086053412463,0.187266534
baseline_ensemble,6118,0.09606373008434864,0.6083086053412463,0.18736662299999995
baseline_ensemble,6119,0.09610876699484294,0.6083086053412463,0.1873999543
baseline_ensemble,6120,0.09615384615384616,0.6083086053412463,0.1875665788
baseline_ensemble,6121,0.09619896762083528,0.6083086053412463,0.1878666624
baseline_ensemble,6122,0.09624413145539906,0.6083086053412463,0.18823315399999999
baseline_ensemble,6123,0.09581963363081258,0.6053412462908012,0.18823335
baseline_ensemble,6124,0.09539473684210527,0.6023738872403561,0.18839986439999998
baseline_ensemble,6125,0.09543958627174425,0.6023738872403561,0.1886332304
baseline_ensemble,6126,0.09501411100658513,0.599406528189911,0.1888332855
baseline_ensemble,6127,0.09505882352941177,0.599406528189911,0.188933229
baseline_ensemble,6128,0.09463276836158192,0.5964391691394659,0.1889666059
baseline_ensemble,6129,0.09420631182289213,0.5934718100890207,0.18899992339999996
baseline_ensemble,6130,0.0942507068803016,0.5934718100890207,0.1892332064
baseline_ensemble,6131,0.0942951438000943,0.5934718100890207,0.1892665817
baseline_ensemble,6132,0.09433962264150944,0.5934718100890207,0.1893665138
baseline_ensemble,6133,0.09438414346389806,0.5934718100890207,0.1893665541
baseline_ensemble,6134,0.09395656279508971,0.5905044510385756,0.18949985549999998
baseline_ensemble,6135,0.09400094473311289,0.5905044510385756,0.189533221
baseline_ensemble,6136,0.0940453686200378,0.5905044510385756,0.18996653419999998
baseline_ensemble,6137,0.09408983451536643,0.5905044510385756,0.19020002540000003
baseline_ensemble,6138,0.09413434247871334,0.5905044510385756,0.19023326489999998
baseline_ensemble,6139,0.09417889256980597,0.5905044510385756,0.19043339870000003
baseline_ensemble,6140,0.09422348484848485,0.5905044510385756,0.19046669710000003
baseline_ensemble,6141,0.09426811937470393,0.5905044510385756,0.19053326569999998
baseline_ensemble,6142,0.09431279620853081,0.5905044510385756,0.1906666971
baseline_ensemble,6143,0.09435751541014699,0.5905044510385756,0.1907665648
baseline_ensemble,6144,0.0944022770398482,0.5905044510385756,0.1908331967
baseline_ensemble,6145,0.09444708115804461,0.5905044510385756,0.19103330120000003
baseline_ensemble,6146,0.09449192782526115,0.5905044510385756,0.19139993489999998
baseline_ensemble,6147,0.09453681710213777,0.5905044510385756,0.1915331652
baseline_ensemble,6148,0.09458174904942966,0.5905044510385756,0.19163319680000002
baseline_ensemble,6149,0.09415121255349501,0.5875370919881305,0.1916665477
baseline_ensemble,6150,0.09419600380589914,0.5875370919881305,0.191833237
baseline_ensemble,6151,0.09424083769633508,0.5875370919881305,0.1920000188
baseline_ensemble,6152,0.09428571428571429,0.5875370919881305,0.1921333353
baseline_ensemble,6153,0.09433063363506432,0.5875370919881305,0.1921999294
baseline_ensemble,6154,0.09389895138226882,0.5845697329376854,0.1925333279
baseline_ensemble,6155,0.09394372913686218,0.5845697329376854,0.1926332374
baseline_ensemble,6156,0.09398854961832061,0.5845697329376854,0.19313317179999998
baseline_ensemble,6157,0.09403341288782817,0.5845697329376854,0.19316655779999997
baseline_ensemble,6158,0.09407831900668577,0.5845697329376854,0.1931666402
baseline_ensemble,6159,0.09412326803631152,0.5845697329376854,0.1932666198
baseline_ensemble,6160,0.09416826003824091,0.5845697329376854,0.1935665551
baseline_ensemble,6161,0.0942132950741272,0.5845697329376854,0.1935999189
baseline_ensemble,6162,0.09425837320574162,0.5845697329376854,0.1936333127
baseline_ensemble,6163,0.09430349449497367,0.5845697329376854,0.19379984560000002
baseline_ensemble,6164,0.09434865900383142,0.5845697329376854,0.1941666138
baseline_ensemble,6165,0.09439386679444178,0.5845697329376854,0.1941666638
baseline_ensemble,6166,0.09443911792905081,0.5845697329376854,0.19443321139999997
baseline_ensemble,6167,0.09400479616306955,0.5816023738872403,0.1946998454
baseline_ensemble,6168,0.09404990403071017,0.5816023738872403,0.1947665825
baseline_ensemble,6169,0.09409505520883342,0.5816023738872403,0.1948000612
baseline_ensemble,6170,0.0941402497598463,0.5816023738872403,0.19483327369999998
baseline_ensemble,6171,0.09418548774627583,0.5816023738872403,0.1951332618
baseline_ensemble,6172,0.09423076923076923,0.5816023738872403,0.1953332633
baseline_ensemble,6173,0.09427609427609428,0.5816023738872403,0.1953999912
baseline_ensemble,6174,0.09432146294513956,0.5816023738872403,0.195433215
baseline_ensemble,6175,0.09388541165142032,0.5786350148367952,0.1954333663
baseline_ensemble,6176,0.09393063583815028,0.5786350148367952,0.19559996599999996
baseline_ensemble,6177,0.09397590361445783,0.5786350148367952,0.1957665732
baseline_ensemble,6178,0.0940212150433944,0.5786350148367952,0.1958333545
baseline_ensemble,6179,0.09406657018813314,0.5786350148367952,0.19583337439999998
baseline_ensemble,6180,0.09411196911196912,0.5786350148367952,0.1959666492
baseline_ensemble,6181,0.09415741187831965,0.5786350148367952,0.19663321599999997
baseline_ensemble,6182,0.09420289855072464,0.5786350148367952,0.19666669479999999
baseline_ensemble,6183,0.09424842919284679,0.5786350148367952,0.19686649369999998
baseline_ensemble,6184,0.09429400386847195,0.5786350148367952,0.1971999066
baseline_ensemble,6185,0.09433962264150944,0.5786350148367952,0.1972331678
baseline_ensemble,6186,0.09438528557599225,0.5786350148367952,0.1973665385
baseline_ensemble,6187,0.09443099273607748,0.5786350148367952,0.19736657439999997
baseline_ensemble,6188,0.09447674418604651,0.5786350148367952,0.19853337669999999
baseline_ensemble,6189,0.09452253999030538,0.5786350148367952,0.19859991659999998
baseline_ensemble,6190,0.09456838021338507,0.5786350148367952,0.1986333289
baseline_ensemble,6191,0.09461426491994178,0.5786350148367952,0.19886684820000003
baseline_ensemble,6192,0.09466019417475728,0.5786350148367952,0.19893326909999998
baseline_ensemble,6193,0.0947061680427392,0.5786350148367952,0.1989665016
baseline_ensemble,6194,0.09475218658892129,0.5786350148367952,0.1992331431
baseline_ensemble,6195,0.09479824987846379,0.5786350148367952,0.19923323090000003
baseline_ensemble,6196,0.09484435797665369,0.5786350148367952,0.19923337280000003
baseline_ensemble,6197,0.0948905109489051,0.5786350148367952,0.19959991919999998
baseline_ensemble,6198,0.0949367088607595,0.5786350148367952,0.1996332744
baseline_ensemble,6199,0.09498295177788602,0.5786350148367952,0.19986649199999998
baseline_ensemble,6200,0.09502923976608187,0.5786350148367952,0.19996650989999998
baseline_ensemble,6201,0.09507557289127255,0.5786350148367952,0.2000665512
baseline_ensemble,6202,0.0951219512195122,0.5786350148367952,0.200099939
baseline_ensemble,6203,0.0951683748169839,0.5786350148367952,0.2001998981
baseline_ensemble,6204,0.09521484375,0.5786350148367952,0.2001999213
baseline_ensemble,6205,0.09477283829995115,0.5756676557863502,0.2004999344
baseline_ensemble,6206,0.09481915933528837,0.5756676557863502,0.200533262
baseline_ensemble,6207,0.09486552567237164,0.5756676557863502,0.200666548
baseline_ensemble,6208,0.0949119373776908,0.5756676557863502,0.2006665548
baseline_ensemble,6209,0.09495839451786588,0.5756676557863502,0.200833329
baseline_ensemble,6210,0.09500489715964741,0.5756676557863502,0.2008667981
baseline_ensemble,6211,0.0950514453699167,0.5756676557863502,0.200933236
baseline_ensemble,6212,0.09509803921568627,0.5756676557863502,0.20126661869999998
baseline_ensemble,6213,0.09514467876410004,0.5756676557863502,0.20136668130000002
baseline_ensemble,6214,0.09519136408243375,0.5756676557863502,0.20153326279999997
baseline_ensemble,6215,0.09523809523809523,0.5756676557863502,0.20159984830000002
baseline_ensemble,6216,0.09528487229862476,0.5756676557863502,0.2017666061
baseline_ensemble,6217,0.09533169533169533,0.5756676557863502,0.2019666222
baseline_ensemble,6218,0.09537856440511308,0.5756676557863502,0.20199999759999998
baseline_ensemble,6219,0.0954254795868175,0.5756676557863502,0.2021666046
baseline_ensemble,6220,0.09547244094488189,0.5756676557863502,0.2022998861
baseline_ensemble,6221,0.09551944854751354,0.5756676557863502,0.2025000239
baseline_ensemble,6222,0.09556650246305419,0.5756676557863502,0.20259995470000003
baseline_ensemble,6223,0.09561360275998028,0.5756676557863502,0.20346652820000002
baseline_ensemble,6224,0.09566074950690336,0.5756676557863502,0.20363316089999997
baseline_ensemble,6225,0.0957079427725703,0.5756676557863502,0.20373324649999996
baseline_ensemble,6226,0.09575518262586377,0.5756676557863502,0.20393316359999997
baseline_ensemble,6227,0.09580246913580247,0.5756676557863502,0.2039666059
baseline_ensemble,6228,0.0958498023715415,0.5756676557863502,0.2040001344
baseline_ensemble,6229,0.09589718240237272,0.5756676557863502,0.2040331545
baseline_ensemble,6230,0.09545004945598418,0.5727002967359051,0.204033181
baseline_ensemble,6231,0.09549727857496289,0.5727002967359051,0.20409991300000002
baseline_ensemble,6232,0.09554455445544555,0.5727002967359051,0.2041998606
baseline_ensemble,6233,0.09559187716691431,0.5727002967359051,0.2044332547
baseline_ensemble,6234,0.09563924677898909,0.5727002967359051,0.2044333001
baseline_ensemble,6235,0.09568666336142786,0.5727002967359051,0.2049664955
baseline_ensemble,6236,0.09523809523809523,0.56973293768546,0.20506651660000003
baseline_ensemble,6237,0.09528535980148883,0.56973293768546,0.20519993220000002
baseline_ensemble,6238,0.09533267130089375,0.56973293768546,0.2052001088
baseline_ensemble,6239,0.09538002980625931,0.56973293768546,0.20523319529999998
baseline_ensemble,6240,0.09542743538767395,0.56973293768546,0.20573325480000001
baseline_ensemble,6241,0.09547488811536549,0.56973293768546,0.20576674760000002
baseline_ensemble,6242,0.0955223880597015,0.56973293768546,0.205833251
baseline_ensemble,6243,0.09556993529118965,0.56973293768546,0.2059666898
baseline_ensemble,6244,0.09561752988047809,0.56973293768546,0.205999862
baseline_ensemble,6245,0.09566517189835576,0.56973293768546,0.20599998649999998
baseline_ensemble,6246,0.09571286141575275,0.56973293768546,0.20613325559999995
baseline_ensemble,6247,0.09576059850374065,0.56973293768546,0.20623326329999997
baseline_ensemble,6248,0.09580838323353294,0.56973293768546,0.2064665668
baseline_ensemble,6249,0.09585621567648527,0.56973293768546,0.20656668050000002
baseline_ensemble,6250,0.0959040959040959,0.56973293768546,0.2066666566
baseline_ensemble,6251,0.095952023988006,0.56973293768546,0.2069998944
baseline_ensemble,6252,0.096,0.56973293768546,0.20703320549999998
baseline_ensemble,6253,0.096048024012006,0.56973293768546,0.2072666081
baseline_ensemble,6254,0.0960960960960961,0.56973293768546,0.2073666965
baseline_ensemble,6255,0.09614421632448673,0.56973293768546,0.20749998479999998
baseline_ensemble,6256,0.09619238476953908,0.56973293768546,0.2078666459
baseline_ensemble,6257,0.0962406015037594,0.56973293768546,0.2084001176
baseline_ensemble,6258,0.09628886659979939,0.56973293768546,0.2084999044
baseline_ensemble,6259,0.0963371801304566,0.56973293768546,0.20866659329999998
baseline_ensemble,6260,0.0963855421686747,0.56973293768546,0.2088332436
baseline_ensemble,6261,0.09593169261677549,0.5667655786350149,0.20913347
baseline_ensemble,6262,0.09597989949748743,0.5667655786350149,0.20919986770000001
baseline_ensemble,6263,0.09602815485168427,0.5667655786350149,0.20943321660000003
baseline_ensemble,6264,0.0960764587525151,0.5667655786350149,0.2094998897
baseline_ensemble,6265,0.0961248112732763,0.5667655786350149,0.2099665805
baseline_ensemble,6266,0.09566968781470292,0.5637982195845698,0.2100665774
baseline_ensemble,6267,0.09571788413098237,0.5637982195845698,0.21009998359999998
baseline_ensemble,6268,0.09526209677419355,0.5608308605341247,0.21066688490000002
baseline_ensemble,6269,0.09531013615733737,0.5608308605341247,0.2108665845
baseline_ensemble,6270,0.09535822401614531,0.5608308605341247,0.2109332367
baseline_ensemble,6271,0.09540636042402827,0.5608308605341247,0.2110332105
baseline_ensemble,6272,0.09545454545454546,0.5608308605341247,0.2110332516
baseline_ensemble,6273,0.09499747347145023,0.5578635014836796,0.21113317239999999
baseline_ensemble,6274,0.09504550050556117,0.5578635014836796,0.21116648959999995
baseline_ensemble,6275,0.09509357612544259,0.5578635014836796,0.2121334447
baseline_ensemble,6276,0.09463562753036438,0.5548961424332344,0.21299994100000003
baseline_ensemble,6277,0.09468354430379747,0.5548961424332344,0.21336667339999998
baseline_ensemble,6278,0.09473150962512665,0.5548961424332344,0.2134332089
baseline_ensemble,6279,0.09477952356817029,0.5548961424332344,0.21369994539999998
baseline_ensemble,6280,0.09482758620689655,0.5548961424332344,0.21373318249999995
baseline_ensemble,6281,0.09487569761542364,0.5548961424332344,0.2139332402
baseline_ensemble,6282,0.09492385786802031,0.5548961424332344,0.2139332694
baseline_ensemble,6283,0.09497206703910614,0.5548961424332344,0.21409994910000002
baseline_ensemble,6284,0.09502032520325203,0.5548961424332344,0.2141332911
baseline_ensemble,6285,0.09506863243518048,0.5548961424332344,0.2142998427
baseline_ensemble,6286,0.09460834181078331,0.5519287833827893,0.2143999941
baseline_ensemble,6287,0.09465648854961832,0.5519287833827893,0.2147331966
baseline_ensemble,6288,0.09470468431771895,0.5519287833827893,0.2148331803
baseline_ensemble,6289,0.09475292919001528,0.5519287833827893,0.21549989199999997
baseline_ensemble,6290,0.09480122324159021,0.5519287833827893,0.21549998869999998
baseline_ensemble,6291,0.09484956654767976,0.5519287833827893,0.21556650509999997
baseline_ensemble,6292,0.09489795918367347,0.5519287833827893,0.21569985660000002
baseline_ensemble,6293,0.09494640122511486,0.5519287833827893,0.21569986
baseline_ensemble,6294,0.09499489274770173,0.5519287833827893,0.216133311
baseline_ensemble,6295,0.09453244762391415,0.5489614243323442,0.2161333329
baseline_ensemble,6296,0.09406952965235174,0.5459940652818991,0.21620021320000002
baseline_ensemble,6297,0.09411764705882353,0.5459940652818991,0.21626655749999998
baseline_ensemble,6298,0.09416581371545547,0.5459940652818991,0.2164998421
baseline_ensemble,6299,0.09421402969790067,0.5459940652818991,0.2165665527
baseline_ensemble,6300,0.0942622950819672,0.5459940652818991,0.2167001918
baseline_ensemble,6301,0.09431060994361866,0.5459940652818991,0.21699981200000001
baseline_ensemble,6302,0.09435897435897436,0.5459940652818991,0.2174332013
baseline_ensemble,6303,0.0944073884043099,0.5459940652818991,0.2176332228
baseline_ensemble,6304,0.0944558521560575,0.5459940652818991,0.2176665895
baseline_ensemble,6305,0.09450436569080636,0.5459940652818991,0.2180665152
baseline_ensemble,6306,0.09403905447070915,0.543026706231454,0.21826673479999997
baseline_ensemble,6307,0.09408740359897172,0.543026706231454,0.218466548
baseline_ensemble,6308,0.0941358024691358,0.543026706231454,0.2185333171
baseline_ensemble,6309,0.0941842511580031,0.543026706231454,0.2186664885
baseline_ensemble,6310,0.09423274974253347,0.543026706231454,0.21929989579999998
baseline_ensemble,6311,0.09428129829984544,0.543026706231454,0.21933324489999997
baseline_ensemble,6312,0.09432989690721649,0.543026706231454,0.2193665123
baseline_ensemble,6313,0.09437854564208355,0.543026706231454,0.2193667112
baseline_ensemble,6314,0.09442724458204334,0.543026706231454,0.2194332264
baseline_ensemble,6315,0.09447599380485286,0.543026706231454,0.2200999006
baseline_ensemble,6316,0.09452479338842976,0.543026706231454,0.22016651040000002
baseline_ensemble,6317,0.09457364341085271,0.543026706231454,0.2202666321
baseline_ensemble,6318,0.09410548086866598,0.5400593471810089,0.2205331796
baseline_ensemble,6319,0.0941541645111226,0.5400593471810089,0.2205334301
baseline_ensemble,6320,0.09420289855072464,0.5400593471810089,0.22076647859999998
baseline_ensemble,6321,0.09425168306576903,0.5400593471810089,0.2208332536
baseline_ensemble,6322,0.09430051813471503,0.5400593471810089,0.2210667622
baseline_ensemble,6323,0.09434940383618455,0.5400593471810089,0.22113317669999996
baseline_ensemble,6324,0.09439834024896265,0.5400593471810089,0.22133349600000002
baseline_ensemble,6325,0.09444732745199792,0.5400593471810089,0.2214333239
baseline_ensemble,6326,0.09449636552440291,0.5400593471810089,0.22153334430000002
baseline_ensemble,6327,0.09454545454545454,0.5400593471810089,0.22156663389999998
baseline_ensemble,6328,0.0945945945945946,0.5400593471810089,0.2216332357
baseline_ensemble,6329,0.09464378575143005,0.5400593471810089,0.2216999215
baseline_ensemble,6330,0.09469302809573361,0.5400593471810089,0.222033347
baseline_ensemble,6331,0.09474232170744404,0.5400593471810089,0.22219980439999998
baseline_ensemble,6332,0.09479166666666666,0.5400593471810089,0.2222665231
baseline_ensemble,6333,0.09484106305367379,0.5400593471810089,0.2226332649
baseline_ensemble,6334,0.0948905109489051,0.5400593471810089,0.22269983570000002
baseline_ensemble,6335,0.09494001043296818,0.5400593471810089,0.2232332295
baseline_ensemble,6336,0.09498956158663883,0.5400593471810089,0.22323329300000003
baseline_ensemble,6337,0.09503916449086162,0.5400593471810089,0.2233665688
baseline_ensemble,6338,0.09508881922675026,0.5400593471810089,0.22369980449999996
baseline_ensemble,6339,0.09513852587558808,0.5400593471810089,0.22376651589999996
baseline_ensemble,6340,0.09518828451882845,0.5400593471810089,0.2238666413
baseline_ensemble,6341,0.09523809523809523,0.5400593471810089,0.2239333469
baseline_ensemble,6342,0.09528795811518324,0.5400593471810089,0.2240000681
baseline_ensemble,6343,0.09533787323205867,0.5400593471810089,0.22413321469999997
baseline_ensemble,6344,0.09538784067085954,0.5400593471810089,0.2246998501
baseline_ensemble,6345,0.09543786051389617,0.5400593471810089,0.2247332204
baseline_ensemble,6346,0.09548793284365163,0.5400593471810089,0.22473322340000002
baseline_ensemble,6347,0.09553805774278215,0.5400593471810089,0.2249666784
baseline_ensemble,6348,0.09558823529411764,0.5400593471810089,0.22499988259999998
baseline_ensemble,6349,0.09563846558066211,0.5400593471810089,0.2252332515
baseline_ensemble,6350,0.09568874868559411,0.5400593471810089,0.2252332659
baseline_ensemble,6351,0.09573908469226723,0.5400593471810089,0.2252998883
baseline_ensemble,6352,0.09578947368421052,0.5400593471810089,0.2255665241
baseline_ensemble,6353,0.09583991574512901,0.5400593471810089,0.2255998818
baseline_ensemble,6354,0.0958904109589041,0.5400593471810089,0.225633173
baseline_ensemble,6355,0.0959409594095941,0.5400593471810089,0.2260333069
baseline_ensemble,6356,0.09599156118143459,0.5400593471810089,0.22630014180000002
baseline_ensemble,6357,0.09604221635883906,0.5400593471810089,0.22663315679999999
baseline_ensemble,6358,0.09609292502639916,0.5400593471810089,0.2271666763
baseline_ensemble,6359,0.09614368726888536,0.5400593471810089,0.2276332667
baseline_ensemble,6360,0.09566596194503171,0.5370919881305638,0.2276332673
baseline_ensemble,6361,0.09571655208884189,0.5370919881305638,0.2277665523
baseline_ensemble,6362,0.09576719576719576,0.5370919881305638,0.2279665664
baseline_ensemble,6363,0.09581789306511382,0.5370919881305638,0.22859989370000003
baseline_ensemble,6364,0.0958686440677966,0.5370919881305638,0.22879985869999997
baseline_ensemble,6365,0.09591944886062533,0.5370919881305638,0.22883321239999999
baseline_ensemble,6366,0.09597030752916225,0.5370919881305638,0.2292331322
baseline_ensemble,6367,0.0960212201591512,0.5370919881305638,0.2300332342
baseline_ensemble,6368,0.09607218683651805,0.5370919881305638,0.23006661269999998
baseline_ensemble,6369,0.09612320764737121,0.5370919881305638,0.23019987069999998
baseline_ensemble,6370,0.09617428267800213,0.5370919881305638,0.2301999336
baseline_ensemble,6371,0.0962254120148857,0.5370919881305638,0.23026662529999997
baseline_ensemble,6372,0.09627659574468085,0.5370919881305638,0.2307999123
baseline_ensemble,6373,0.09632783395423097,0.5370919881305638,0.231033375
baseline_ensemble,6374,0.09584664536741214,0.5341246290801187,0.2323665401
baseline_ensemble,6375,0.09589770911028236,0.5341246290801187,0.232499941
baseline_ensemble,6376,0.09594882729211088,0.5341246290801187,0.23326651559999997
baseline_ensemble,6377,0.096,0.5341246290801187,0.2332665866
baseline_ensemble,6378,0.096051227321238,0.5341246290801187,0.2334999289
baseline_ensemble,6379,0.09610250934329952,0.5341246290801187,0.23353319849999998
baseline_ensemble,6380,0.09615384615384616,0.5341246290801187,0.2336665917
baseline_ensemble,6381,0.09620523784072689,0.5341246290801187,0.23393323210000003
baseline_ensemble,6382,0.0962566844919786,0.5341246290801187,0.2339666318
baseline_ensemble,6383,0.09630818619582665,0.5341246290801187,0.23399997169999998
baseline_ensemble,6384,0.09635974304068523,0.5341246290801187,0.2342001443
baseline_ensemble,6385,0.09641135511515801,0.5341246290801187,0.2344001068
baseline_ensemble,6386,0.09646302250803858,0.5341246290801187,0.2348665415
baseline_ensemble,6387,0.09651474530831099,0.5341246290801187,0.2352333142
baseline_ensemble,6388,0.09656652360515021,0.5341246290801187,0.2352666203
baseline_ensemble,6389,0.0966183574879227,0.5341246290801187,0.23576653009999998
baseline_ensemble,6390,0.09613319011815252,0.5311572700296736,0.2369000335
baseline_ensemble,6391,0.09618484685652874,0.5311572700296736,0.23696673090000003
baseline_ensemble,6392,0.09623655913978495,0.5311572700296736,0.2371665968
baseline_ensemble,6393,0.09628832705755783,0.5311572700296736,0.2375998802
baseline_ensemble,6394,0.09634015069967707,0.5311572700296736,0.23769998139999998
baseline_ensemble,6395,0.09639203015616586,0.5311572700296736,0.2377666792
baseline_ensemble,6396,0.09644396551724138,0.5311572700296736,0.2378332585
baseline_ensemble,6397,0.09595687331536389,0.5281899109792285,0.2378665329
baseline_ensemble,6398,0.09546925566343042,0.5252225519287834,0.23803322859999998
baseline_ensemble,6399,0.09552077711818673,0.5252225519287834,0.2388998426
baseline_ensemble,6400,0.09557235421166306,0.5252225519287834,0.23909984339999998
baseline_ensemble,6401,0.09562398703403566,0.5252225519287834,0.2395999637
baseline_ensemble,6402,0.09567567567567567,0.5252225519287834,0.2399332726
baseline_ensemble,6403,0.0957274202271498,0.5252225519287834,0.24026656850000003
baseline_ensemble,6404,0.09577922077922078,0.5252225519287834,0.2405999258
baseline_ensemble,6405,0.09583107742284785,0.5252225519287834,0.24126658890000002
baseline_ensemble,6406,0.09588299024918744,0.5252225519287834,0.2416333316
baseline_ensemble,6407,0.0959349593495935,0.5252225519287834,0.24210004610000002
baseline_ensemble,6408,0.09598698481561822,0.5252225519287834,0.24226654649999999
baseline_ensemble,6409,0.09603906673901248,0.5252225519287834,0.24239991830000002
baseline_ensemble,6410,0.09609120521172639,0.5252225519287834,0.2424665795
baseline_ensemble,6411,0.09614340032590983,0.5252225519287834,0.242533205
baseline_ensemble,6412,0.09619565217391304,0.5252225519287834,0.24269979600000002
baseline_ensemble,6413,0.09624796084828711,0.5252225519287834,0.2428332258
baseline_ensemble,6414,0.09630032644178455,0.5252225519287834,0.2429332312
baseline_ensemble,6415,0.09635274904735983,0.5252225519287834,0.24313328129999998
baseline_ensemble,6416,0.09640522875816994,0.5252225519287834,0.2434333073
baseline_ensemble,6417,0.09645776566757493,0.5252225519287834,0.24473314040000002
baseline_ensemble,6418,0.0965103598691385,0.5252225519287834,0.2449998593
baseline_ensemble,6419,0.09656301145662848,0.5252225519287834,0.2450331966
baseline_ensemble,6420,0.09606986899563319,0.5222551928783383,0.24509986479999998
baseline_ensemble,6421,0.0961223375204806,0.5222551928783383,0.2453998649
baseline_ensemble,6422,0.09617486338797815,0.5222551928783383,0.24679985399999999
baseline_ensemble,6423,0.09622744669218151,0.5222551928783383,0.24699986200000001
baseline_ensemble,6424,0.09573304157549234,0.5192878338278932,0.2476666039
baseline_ensemble,6425,0.09578544061302682,0.5192878338278932,0.24770027579999998
baseline_ensemble,6426,0.09583789704271632,0.5192878338278932,0.2479332789
baseline_ensemble,6427,0.0958904109589041,0.5192878338278932,0.2482331701
baseline_ensemble,6428,0.09594298245614036,0.5192878338278932,0.24863324550000002
baseline_ensemble,6429,0.09599561162918267,0.5192878338278932,0.2486998858
baseline_ensemble,6430,0.09604829857299671,0.5192878338278932,0.24876660849999999
baseline_ensemble,6431,0.09610104338275673,0.5192878338278932,0.24876668670000002
baseline_ensemble,6432,0.09615384615384616,0.5192878338278932,0.24893326779999997
baseline_ensemble,6433,0.09620670698185817,0.5192878338278932,0.2490331556
baseline_ensemble,6434,0.09625962596259625,0.5192878338278932,0.2490332387
baseline_ensemble,6435,0.09631260319207485,0.5192878338278932,0.2491000382
baseline_ensemble,6436,0.09636563876651982,0.5192878338278932,0.2491002309
baseline_ensemble,6437,0.09641873278236915,0.5192878338278932,0.24919978489999997
baseline_ensemble,6438,0.09647188533627343,0.5192878338278932,0.2492998874
baseline_ensemble,6439,0.09652509652509653,0.5192878338278932,0.24953318619999998
baseline_ensemble,6440,0.09657836644591611,0.5192878338278932,0.2499665185
baseline_ensemble,6441,0.0966316951960243,0.5192878338278932,0.2499666947
baseline_ensemble,6442,0.09668508287292818,0.5192878338278932,0.25003330430000004
baseline_ensemble,6443,0.09673852957435047,0.5192878338278932,0.2505665265
baseline_ensemble,6444,0.09679203539823009,0.5192878338278932,0.2510665482
baseline_ensemble,6445,0.09684560044272275,0.5192878338278932,0.2511332928
baseline_ensemble,6446,0.09689922480620156,0.5192878338278932,0.2517332437
baseline_ensemble,6447,0.096398891966759,0.516320474777448,0.2518664842
baseline_ensemble,6448,0.09645232815964523,0.516320474777448,0.2532331385
baseline_ensemble,6449,0.09650582362728785,0.516320474777448,0.25356661
baseline_ensemble,6450,0.09655937846836848,0.516320474777448,0.25433322820000004
baseline_ensemble,6451,0.0966129927817879,0.516320474777448,0.25439983909999997
baseline_ensemble,6452,0.09666666666666666,0.516320474777448,0.25523319899999997
baseline_ensemble,6453,0.09672040022234575,0.516320474777448,0.2552664985
baseline_ensemble,6454,0.0967741935483871,0.516320474777448,0.2553998705
baseline_ensemble,6455,0.09682804674457429,0.516320474777448,0.2557999308
baseline_ensemble,6456,0.09632516703786191,0.5133531157270029,0.2559332232
baseline_ensemble,6457,0.09637883008356546,0.5133531157270029,0.2560998197
baseline_ensemble,6458,0.09643255295429208,0.5133531157270029,0.2562998996
baseline_ensemble,6459,0.09648633575013943,0.5133531157270029,0.2563331214
baseline_ensemble,6460,0.09654017857142858,0.5133531157270029,0.25633337970000003
baseline_ensemble,6461,0.09659408151870463,0.5133531157270029,0.2563999087
baseline_ensemble,6462,0.09608938547486033,0.5103857566765578,0.2565666293
baseline_ensemble,6463,0.09614309670206819,0.5103857566765578,0.2572667173
baseline_ensemble,6464,0.09619686800894854,0.5103857566765578,0.2572998927
baseline_ensemble,6465,0.09625069949636261,0.5103857566765578,0.257633299
baseline_ensemble,6466,0.09630459126539753,0.5103857566765578,0.2585667934
baseline_ensemble,6467,0.09635854341736695,0.5103857566765578,0.25873333070000004
baseline_ensemble,6468,0.09641255605381166,0.5103857566765578,0.25886653649999997
baseline_ensemble,6469,0.09646662927650028,0.5103857566765578,0.2593998681
baseline_ensemble,6470,0.09652076318742986,0.5103857566765578,0.2594665448
baseline_ensemble,6471,0.09601347557551937,0.5074183976261127,0.2596999004
baseline_ensemble,6472,0.09606741573033707,0.5074183976261127,0.25993312319999995
baseline_ensemble,6473,0.09612141652613827,0.5074183976261127,0.260033293
baseline_ensemble,6474,0.09617547806524185,0.5074183976261127,0.2601998789
baseline_ensemble,6475,0.09622960045019696,0.5074183976261127,0.26129990049999996
baseline_ensemble,6476,0.09628378378378379,0.5074183976261127,0.2615999049
baseline_ensemble,6477,0.09633802816901409,0.5074183976261127,0.26166655710000003
baseline_ensemble,6478,0.0963923337091319,0.5074183976261127,0.2622665826
baseline_ensemble,6479,0.09644670050761421,0.5074183976261127,0.262333376
baseline_ensemble,6480,0.09650112866817155,0.5074183976261127,0.26249978599999996
baseline_ensemble,6481,0.09655561829474874,0.5074183976261127,0.26269985269999996
baseline_ensemble,6482,0.09661016949152543,0.5074183976261127,0.26326649
baseline_ensemble,6483,0.0966647823629169,0.5074183976261127,0.2637665024
baseline_ensemble,6484,0.09671945701357466,0.5074183976261127,0.2653666335
baseline_ensemble,6485,0.0967741935483871,0.5074183976261127,0.2657332776
baseline_ensemble,6486,0.09682899207248018,0.5074183976261127,0.2658331243
baseline_ensemble,6487,0.09631728045325778,0.5044510385756676,0.2658332455
baseline_ensemble,6488,0.0963718820861678,0.5044510385756676,0.2658998902
baseline_ensemble,6489,0.09642654566080544,0.5044510385756676,0.2659332237
baseline_ensemble,6490,0.09648127128263337,0.5044510385756676,0.2661332392
baseline_ensemble,6491,0.09653605905735378,0.5044510385756676,0.2662331962
baseline_ensemble,6492,0.09659090909090909,0.5044510385756676,0.266433358
baseline_ensemble,6493,0.09664582148948266,0.5044510385756676,0.2667332939
baseline_ensemble,6494,0.09670079635949944,0.5044510385756676,0.26689979799999997
baseline_ensemble,6495,0.09675583380762663,0.5044510385756676,0.26689986
baseline_ensemble,6496,0.09681093394077449,0.5044510385756676,0.2670666304
baseline_ensemble,6497,0.0962962962962963,0.5014836795252225,0.26719993729999997
baseline_ensemble,6498,0.09635119726339794,0.5014836795252225,0.2673332112
baseline_ensemble,6499,0.09640616086708499,0.5014836795252225,0.2681331723
baseline_ensemble,6500,0.0958904109589041,0.49851632047477745,0.2682332286
baseline_ensemble,6501,0.09537407195888065,0.49554896142433236,0.2684332142
baseline_ensemble,6502,0.09542857142857143,0.49554896142433236,0.2688665655
baseline_ensemble,6503,0.09491137793024586,0.49258160237388726,0.2690331653
baseline_ensemble,6504,0.09496567505720824,0.49258160237388726,0.2690999219
baseline_ensemble,6505,0.09502003434459072,0.49258160237388726,0.2693665326
baseline_ensemble,6506,0.09507445589919816,0.49258160237388726,0.2704998076
baseline_ensemble,6507,0.09512893982808023,0.49258160237388726,0.270500054
baseline_ensemble,6508,0.09518348623853211,0.49258160237388726,0.2706998737
baseline_ensemble,6509,0.09523809523809523,0.49258160237388726,0.2707665368
baseline_ensemble,6510,0.09529276693455797,0.49258160237388726,0.2718331751
baseline_ensemble,6511,0.09534750143595634,0.49258160237388726,0.2718999759
baseline_ensemble,6512,0.09540229885057472,0.49258160237388726,0.27203321540000003
baseline_ensemble,6513,0.09545715928694652,0.49258160237388726,0.2730666995
baseline_ensemble,6514,0.09551208285385501,0.49258160237388726,0.2733332011
baseline_ensemble,6515,0.0955670696603339,0.49258160237388726,0.27376643920000004
baseline_ensemble,6516,0.0956221198156682,0.49258160237388726,0.2747999987
baseline_ensemble,6517,0.09567723342939481,0.49258160237388726,0.2751999124
baseline_ensemble,6518,0.09573241061130335,0.49258160237388726,0.276033221
baseline_ensemble,6519,0.09578765147143682,0.49258160237388726,0.2761331974
baseline_ensemble,6520,0.09584295612009237,0.49258160237388726,0.2762998029
baseline_ensemble,6521,0.09589832466782207,0.49258160237388726,0.2763332243
baseline_ensemble,6522,0.09595375722543352,0.49258160237388726,0.2764332309
baseline_ensemble,6523,0.09600925390399075,0.49258160237388726,0.2764999171
baseline_ensemble,6524,0.09606481481481481,0.49258160237388726,0.27689975809999995
baseline_ensemble,6525,0.09554140127388536,0.4896142433234421,0.2774000185
baseline_ensemble,6526,0.09559675550405562,0.4896142433234421,0.2775664363
baseline_ensemble,6527,0.09565217391304348,0.4896142433234421,0.2775998342
baseline_ensemble,6528,0.0951276102088167,0.486646884272997,0.2780664738
baseline_ensemble,6529,0.09518282066163668,0.486646884272997,0.2780998488
baseline_ensemble,6530,0.09523809523809523,0.486646884272997,0.2782331662
baseline_ensemble,6531,0.09529343404997094,0.486646884272997,0.27890012070000003
baseline_ensemble,6532,0.09534883720930233,0.486646884272997,0.27919986490000004
baseline_ensemble,6533,0.0954043048283886,0.486646884272997,0.2793999772
baseline_ensemble,6534,0.09545983701979045,0.486646884272997,0.2808998335
baseline_ensemble,6535,0.09551543389633081,0.486646884272997,0.281599959
baseline_ensemble,6536,0.09557109557109557,0.486646884272997,0.2819332598
baseline_ensemble,6537,0.09504373177842565,0.4836795252225519,0.28223327730000003
baseline_ensemble,6538,0.09509918319719954,0.4836795252225519,0.2829000038
baseline_ensemble,6539,0.09457092819614711,0.4807121661721068,0.2832332736
baseline_ensemble,6540,0.09462616822429906,0.4807121661721068,0.2832665082
baseline_ensemble,6541,0.09409701928696669,0.47774480712166173,0.2835331919
baseline_ensemble,6542,0.0935672514619883,0.47477744807121663,0.28363316439999997
baseline_ensemble,6543,0.09362200117027501,0.47477744807121663,0.28363337310000003
baseline_ensemble,6544,0.09309133489461359,0.47181008902077154,0.2842666465
baseline_ensemble,6545,0.09314586994727592,0.47181008902077154,0.284766627
baseline_ensemble,6546,0.09320046893317702,0.47181008902077154,0.28476673269999997
baseline_ensemble,6547,0.09325513196480939,0.47181008902077154,0.2848998563
baseline_ensemble,6548,0.09330985915492958,0.47181008902077154,0.2850332041
baseline_ensemble,6549,0.09336465061655902,0.47181008902077154,0.2862664801
baseline_ensemble,6550,0.09341950646298472,0.47181008902077154,0.286700085
baseline_ensemble,6551,0.09347442680776014,0.47181008902077154,0.2867331875
baseline_ensemble,6552,0.09352941176470589,0.47181008902077154,0.2867332997
baseline_ensemble,6553,0.09358446144791054,0.47181008902077154,0.2869332319
baseline_ensemble,6554,0.09363957597173145,0.47181008902077154,0.2870332795
baseline_ensemble,6555,0.09369475545079552,0.47181008902077154,0.28889976559999997
baseline_ensemble,6556,0.09375,0.47181008902077154,0.2890333158
baseline_ensemble,6557,0.09321533923303835,0.4688427299703264,0.2891666167
baseline_ensemble,6558,0.09327036599763873,0.4688427299703264,0.28916664290000005
baseline_ensemble,6559,0.09332545776727702,0.4688427299703264,0.2892330936
baseline_ensemble,6560,0.0933806146572104,0.4688427299703264,0.2895998608
baseline_ensemble,6561,0.09343583678296866,0.4688427299703264,0.28969980430000003
baseline_ensemble,6562,0.09349112426035502,0.4688427299703264,0.29036660670000003
baseline_ensemble,6563,0.09354647720544701,0.4688427299703264,0.2911665302
baseline_ensemble,6564,0.09360189573459715,0.4688427299703264,0.2912664607
baseline_ensemble,6565,0.0936573799644339,0.4688427299703264,0.2914999125
baseline_ensemble,6566,0.09311981020166074,0.4658753709198813,0.2924997717
baseline_ensemble,6567,0.09317507418397626,0.4658753709198813,0.2924999342
baseline_ensemble,6568,0.09323040380047506,0.4658753709198813,0.2932332876
baseline_ensemble,6569,0.0932857991681521,0.4658753709198813,0.2934998466
baseline_ensemble,6570,0.09334126040428062,0.4658753709198813,0.2956666473
baseline_ensemble,6571,0.09280190362879238,0.4629080118694362,0.2957331551
baseline_ensemble,6572,0.09226190476190477,0.4599406528189911,0.2961999183
baseline_ensemble,6573,0.09231685527099463,0.4599406528189911,0.29623321820000004
baseline_ensemble,6574,0.09237187127532777,0.4599406528189911,0.2972331866
baseline_ensemble,6575,0.09242695289206918,0.4599406528189911,0.2975331326
baseline_ensemble,6576,0.09248210023866349,0.4599406528189911,0.297699781
baseline_ensemble,6577,0.09253731343283582,0.4599406528189911,0.2977335385
baseline_ensemble,6578,0.09259259259259259,0.4599406528189911,0.2981998831
baseline_ensemble,6579,0.09264793783622235,0.4599406528189911,0.2990331412
baseline_ensemble,6580,0.09270334928229665,0.4599406528189911,0.2995665608
baseline_ensemble,6581,0.0921603830041891,0.456973293768546,0.2996665426
baseline_ensemble,6582,0.09221556886227544,0.456973293768546,0.29973352119999996
baseline_ensemble,6583,0.09227082085080887,0.456973293768546,0.2999331826
baseline_ensemble,6584,0.09232613908872901,0.456973293768546,0.3009999568
baseline_ensemble,6585,0.09238152369526095,0.456973293768546,0.3011667766
baseline_ensemble,6586,0.09243697478991597,0.456973293768546,0.3012665693
baseline_ensemble,6587,0.09249249249249249,0.456973293768546,0.3016666404
baseline_ensemble,6588,0.09254807692307693,0.456973293768546,0.3018332039
baseline_ensemble,6589,0.0926037282020445,0.456973293768546,0.3021332142
baseline_ensemble,6590,0.09265944645006016,0.456973293768546,0.30229983169999997
baseline_ensemble,6591,0.09271523178807947,0.456973293768546,0.30256648369999994
baseline_ensemble,6592,0.09216867469879518,0.4540059347181009,0.30296641059999996
baseline_ensemble,6593,0.0922242314647378,0.4540059347181009,0.3035332836
baseline_ensemble,6594,0.09167671893848009,0.45103857566765576,0.3041333155
baseline_ensemble,6595,0.09112854556427279,0.44807121661721067,0.3043997822
baseline_ensemble,6596,0.09118357487922706,0.44807121661721067,0.3053665554
baseline_ensemble,6597,0.09123867069486405,0.44807121661721067,0.30676644329999997
baseline_ensemble,6598,0.0912938331318017,0.44807121661721067,0.30693330669999996
baseline_ensemble,6599,0.09134906231094979,0.44807121661721067,0.30719975110000003
baseline_ensemble,6600,0.09140435835351089,0.44807121661721067,0.30739975199999997
baseline_ensemble,6601,0.09145972138098123,0.44807121661721067,0.3085664633
baseline_ensemble,6602,0.09151515151515152,0.44807121661721067,0.3089665929
baseline_ensemble,6603,0.09157064887810794,0.44807121661721067,0.30936680650000004
baseline_ensemble,6604,0.09162621359223301,0.44807121661721067,0.3094998524
baseline_ensemble,6605,0.09168184578020644,0.44807121661721067,0.3096998513
baseline_ensemble,6606,0.0911300121506683,0.44510385756676557,0.3098332854
baseline_ensemble,6607,0.0911854103343465,0.44510385756676557,0.31033341200000003
baseline_ensemble,6608,0.09063260340632603,0.4421364985163205,0.31236654059999996
baseline_ensemble,6609,0.09068776628119293,0.4421364985163205,0.3128998098
baseline_ensemble,6610,0.0907429963459196,0.4421364985163205,0.3132664669
baseline_ensemble,6611,0.09018890920170627,0.4391691394658754,0.31379973969999997
baseline_ensemble,6612,0.09024390243902439,0.4391691394658754,0.314399966
baseline_ensemble,6613,0.09029896278218426,0.4391691394658754,0.3144997586
baseline_ensemble,6614,0.09035409035409035,0.4391691394658754,0.3148332086
baseline_ensemble,6615,0.09040928527794746,0.4391691394658754,0.31506641280000003
baseline_ensemble,6616,0.09046454767726161,0.4391691394658754,0.3150664273
baseline_ensemble,6617,0.08990825688073395,0.4362017804154303,0.3157998146
baseline_ensemble,6618,0.08996328029375765,0.4362017804154303,0.31593314180000004
baseline_ensemble,6619,0.09001837109614207,0.4362017804154303,0.3166331861
baseline_ensemble,6620,0.0900735294117647,0.4362017804154303,0.31733318959999995
baseline_ensemble,6621,0.09012875536480687,0.4362017804154303,0.31736659489999997
baseline_ensemble,6622,0.09018404907975461,0.4362017804154303,0.317766663
baseline_ensemble,6623,0.09023941068139964,0.4362017804154303,0.3180332047
baseline_ensemble,6624,0.09029484029484029,0.4362017804154303,0.31819991849999996
baseline_ensemble,6625,0.09035033804548248,0.4362017804154303,0.31959983719999996
baseline_ensemble,6626,0.09040590405904059,0.4362017804154303,0.3202665333
baseline_ensemble,6627,0.09046153846153847,0.4362017804154303,0.3202667174
baseline_ensemble,6628,0.09051724137931035,0.4362017804154303,0.3205997487
baseline_ensemble,6629,0.09057301293900184,0.4362017804154303,0.322500225
baseline_ensemble,6630,0.0906288532675709,0.4362017804154303,0.3232998489
baseline_ensemble,6631,0.09068476249228871,0.4362017804154303,0.32359974340000003
baseline_ensemble,6632,0.09074074074074075,0.4362017804154303,0.3237334223
baseline_ensemble,6633,0.09079678814082767,0.4362017804154303,0.3237665733
baseline_ensemble,6634,0.09085290482076638,0.4362017804154303,0.32436659019999997
baseline_ensemble,6635,0.09090909090909091,0.4362017804154303,0.32586666109999995
baseline_ensemble,6636,0.09096534653465346,0.4362017804154303,0.3265664589
baseline_ensemble,6637,0.09102167182662539,0.4362017804154303,0.32859985039999995
baseline_ensemble,6638,0.09107806691449814,0.4362017804154303,0.3286331238
baseline_ensemble,6639,0.09051456912585244,0.4332344213649852,0.32919987749999996
baseline_ensemble,6640,0.09057071960297766,0.4332344213649852,0.32933314199999997
baseline_ensemble,6641,0.09062693978895096,0.4332344213649852,0.3294335426
baseline_ensemble,6642,0.0906832298136646,0.4332344213649852,0.33006665420000003
baseline_ensemble,6643,0.09073958980733375,0.4332344213649852,0.3312332298999999
baseline_ensemble,6644,0.09079601990049752,0.4332344213649852,0.3314331794
baseline_ensemble,6645,0.09085252022401992,0.4332344213649852,0.3320333136
baseline_ensemble,6646,0.09090909090909091,0.4332344213649852,0.3321664663
baseline_ensemble,6647,0.09096573208722741,0.4332344213649852,0.3326664765
baseline_ensemble,6648,0.09039900249376559,0.43026706231454004,0.333333
baseline_ensemble,6649,0.1362126245847176,0.3649851632047478,0.33393317800000005
baseline_ensemble,6650,0.13636363636363635,0.3649851632047478,0.334333002
baseline_ensemble,6651,0.13666666666666666,0.3649851632047478,0.3343663354
baseline_ensemble,6652,0.13681868743047831,0.3649851632047478,0.3346330026
baseline_ensemble,6653,0.13697104677060135,0.3649851632047478,0.3347996696
baseline_ensemble,6654,0.13712374581939799,0.3649851632047478,0.3350998722
baseline_ensemble,6655,0.13727678571428573,0.3649851632047478,0.3351996704
baseline_ensemble,6656,0.13743016759776536,0.3649851632047478,0.3352663372
baseline_ensemble,6657,0.13758389261744966,0.3649851632047478,0.335499671
baseline_ensemble,6658,0.13773796192609183,0.3649851632047478,0.3355665821
baseline_ensemble,6659,0.1367713004484305,0.3620178041543027,0.33586633839999996
baseline_ensemble,6660,0.136986301369863,0.3560830860534125,0.33589967179999997
baseline_ensemble,6661,0.13714285714285715,0.3560830860534125,0.33593300519999997
baseline_ensemble,6662,0.13729977116704806,0.3560830860534125,0.33596633859999997
baseline_ensemble,6663,0.13745704467353953,0.3560830860534125,0.33599967199999997
baseline_ensemble,6664,0.1377726750861079,0.3560830860534125,0.3360330054
baseline_ensemble,6665,0.13793103448275862,0.3560830860534125,0.3360663388
baseline_ensemble,6666,0.1380897583429229,0.3560830860534125,0.3360996722
baseline_ensemble,6667,0.13856812933025403,0.3560830860534125,0.3361330056
baseline_ensemble,6668,0.1388888888888889,0.3560830860534125,0.3361332267
baseline_ensemble,6669,0.13789107763615296,0.35311572700296734,0.336166339
baseline_ensemble,6670,0.13821138211382114,0.35311572700296734,0.3361996724
baseline_ensemble,6671,0.13934426229508196,0.35311572700296734,0.3362330058
baseline_ensemble,6672,0.1398354876615746,0.35311572700296734,0.3362663392
baseline_ensemble,6673,0.13981042654028436,0.35014836795252224,0.3362996726
baseline_ensemble,6674,0.14182692307692307,0.35014836795252224,0.336333006
baseline_ensemble,6675,0.14407814407814407,0.35014836795252224,0.3365996703
baseline_ensemble,6676,0.14425427872860636,0.35014836795252224,0.33666634
baseline_ensemble,6677,0.14443084455324356,0.35014836795252224,0.3369999809
baseline_ensemble,6678,0.14460784313725492,0.35014836795252224,0.3370330074
baseline_ensemble,6679,0.14478527607361963,0.35014836795252224,0.337133005
baseline_ensemble,6680,0.14373464373464373,0.34718100890207715,0.3373996748
baseline_ensemble,6681,0.14391143911439114,0.34718100890207715,0.337466692
baseline_ensemble,6682,0.1440886699507389,0.34718100890207715,0.337666342
baseline_ensemble,6683,0.1442663378545006,0.34718100890207715,0.33779973649999995
baseline_ensemble,6684,0.14320987654320988,0.34421364985163205,0.3380996709
baseline_ensemble,6685,0.1433868974042027,0.34421364985163205,0.3382996698
baseline_ensemble,6686,0.14232673267326731,0.34124629080118696,0.33859987970000005
baseline_ensemble,6687,0.1412639405204461,0.33827893175074186,0.3389663413
baseline_ensemble,6688,0.141439205955335,0.33827893175074186,0.3390998268
baseline_ensemble,6689,0.14161490683229813,0.33827893175074186,0.3391330033
baseline_ensemble,6690,0.1417910447761194,0.33827893175074186,0.3391333373
baseline_ensemble,6691,0.14072229140722292,0.3353115727002967,0.3392330118
baseline_ensemble,6692,0.14107365792759052,0.3353115727002967,0.3392663364
baseline_ensemble,6693,0.14125,0.3353115727002967,0.3392666347
baseline_ensemble,6694,0.1414267834793492,0.3353115727002967,0.3395996691
baseline_ensemble,6695,0.14160401002506265,0.3353115727002967,0.3399330024
baseline_ensemble,6696,0.14052697616060225,0.3323442136498516,0.33999967999999997
baseline_ensemble,6697,0.1407035175879397,0.3323442136498516,0.34036633409999995
baseline_ensemble,6698,0.14088050314465408,0.3323442136498516,0.3406330009
baseline_ensemble,6699,0.1397984886649874,0.3293768545994065,0.3409663347
baseline_ensemble,6700,0.13997477931904162,0.3293768545994065,0.34116653519999995
baseline_ensemble,6701,0.14015151515151514,0.3293768545994065,0.3412996661
baseline_ensemble,6702,0.14032869785082175,0.3293768545994065,0.34133300099999997
baseline_ensemble,6703,0.14050632911392405,0.3293768545994065,0.3413996675
baseline_ensemble,6704,0.14068441064638784,0.3293768545994065,0.3414330162
baseline_ensemble,6705,0.14086294416243655,0.3293768545994065,0.34143366900000005
baseline_ensemble,6706,0.14104193138500634,0.3293768545994065,0.34156633399999997
baseline_ensemble,6707,0.14122137404580154,0.3293768545994065,0.34173300019999997
baseline_ensemble,6708,0.14140127388535031,0.3293768545994065,0.341766334
baseline_ensemble,6709,0.14158163265306123,0.3293768545994065,0.3418996666
baseline_ensemble,6710,0.1417624521072797,0.3293768545994065,0.3419664639
baseline_ensemble,6711,0.14066496163682865,0.3264094955489614,0.3419996666
baseline_ensemble,6712,0.14084507042253522,0.3264094955489614,0.3420663328
baseline_ensemble,6713,0.14102564102564102,0.3264094955489614,0.3420996668
baseline_ensemble,6714,0.14120667522464697,0.3264094955489614,0.342266825
baseline_ensemble,6715,0.14138817480719795,0.3264094955489614,0.3422996664
baseline_ensemble,6716,0.14157014157014158,0.3264094955489614,0.3426663349
baseline_ensemble,6717,0.14175257731958762,0.3264094955489614,0.3428663368
baseline_ensemble,6718,0.14193548387096774,0.3264094955489614,0.34299968599999997
baseline_ensemble,6719,0.1421188630490956,0.3264094955489614,0.34333299899999997
baseline_ensemble,6720,0.1423027166882277,0.3264094955489614,0.34333324479999994
baseline_ensemble,6721,0.14248704663212436,0.3264094955489614,0.3433663534
baseline_ensemble,6722,0.14267185473411154,0.3264094955489614,0.3436996652
baseline_ensemble,6723,0.14285714285714285,0.3264094955489614,0.34373299809999996
baseline_ensemble,6724,0.14304291287386217,0.3264094955489614,0.34376633059999995
baseline_ensemble,6725,0.14322916666666666,0.3264094955489614,0.34399986029999996
baseline_ensemble,6726,0.14341590612777053,0.3264094955489614,0.3441332572
baseline_ensemble,6727,0.1422976501305483,0.32344213649851633,0.34416633069999997
baseline_ensemble,6728,0.14248366013071895,0.32344213649851633,0.34433299759999997
baseline_ensemble,6729,0.14267015706806283,0.32344213649851633,0.3443663314
baseline_ensemble,6730,0.14285714285714285,0.32344213649851633,0.344632997
baseline_ensemble,6731,0.14173228346456693,0.32047477744807124,0.34470002580000003
baseline_ensemble,6732,0.14191852825229961,0.32047477744807124,0.344966332
baseline_ensemble,6733,0.14210526315789473,0.32047477744807124,0.3453331104
baseline_ensemble,6734,0.1422924901185771,0.32047477744807124,0.3454331082
baseline_ensemble,6735,0.1424802110817942,0.32047477744807124,0.3457665834
baseline_ensemble,6736,0.142668428005284,0.32047477744807124,0.3459331866
baseline_ensemble,6737,0.14285714285714285,0.32047477744807124,0.3460663297
baseline_ensemble,6738,0.14304635761589404,0.32047477744807124,0.3462330258
baseline_ensemble,6739,0.14323607427055704,0.32047477744807124,0.34649966429999995
baseline_ensemble,6740,0.14342629482071714,0.32047477744807124,0.3466999844
baseline_ensemble,6741,0.14361702127659576,0.32047477744807124,0.34676632879999997
baseline_ensemble,6742,0.14380825565912117,0.32047477744807124,0.34683311910000003
baseline_ensemble,6743,0.144,0.32047477744807124,0.3468996618
baseline_ensemble,6744,0.14285714285714285,0.31750741839762614,0.3470663295
baseline_ensemble,6745,0.14304812834224598,0.31750741839762614,0.3471004163
baseline_ensemble,6746,0.14323962516733602,0.31750741839762614,0.3474329963
baseline_ensemble,6747,0.14209115281501342,0.314540059347181,0.347632997
baseline_ensemble,6748,0.14228187919463087,0.314540059347181,0.3486665463
baseline_ensemble,6749,0.1424731182795699,0.314540059347181,0.3488329933
baseline_ensemble,6750,0.1426648721399731,0.314540059347181,0.3488331818
baseline_ensemble,6751,0.14285714285714285,0.314540059347181,0.34883391450000006
baseline_ensemble,6752,0.14304993252361672,0.314540059347181,0.3491331857
baseline_ensemble,6753,0.14324324324324325,0.314540059347181,0.3495329904
baseline_ensemble,6754,0.14343707713125844,0.314540059347181,0.34969965929999997
baseline_ensemble,6755,0.14363143631436315,0.314540059347181,0.3497329923
baseline_ensemble,6756,0.14382632293080055,0.314540059347181,0.35013311739999997
baseline_ensemble,6757,0.14266304347826086,0.3115727002967359,0.3503332472
baseline_ensemble,6758,0.14285714285714285,0.3115727002967359,0.3504665932
baseline_ensemble,6759,0.14305177111716622,0.3115727002967359,0.35049965980000003
baseline_ensemble,6760,0.1432469304229195,0.3115727002967359,0.35059985689999995
baseline_ensemble,6761,0.14207650273224043,0.3086053412462908,0.35103323080000004
baseline_ensemble,6762,0.14227086183310533,0.3086053412462908,0.3510996579
baseline_ensemble,6763,0.14246575342465753,0.3086053412462908,0.3519329942
baseline_ensemble,6764,0.14266117969821673,0.3086053412462908,0.3522667221
baseline_ensemble,6765,0.14285714285714285,0.3086053412462908,0.3524999953
baseline_ensemble,6766,0.14305364511691884,0.3086053412462908,0.3526998539
baseline_ensemble,6767,0.1418732782369146,0.3056379821958457,0.35289985570000004
baseline_ensemble,6768,0.14206896551724138,0.3056379821958457,0.3531332406
baseline_ensemble,6769,0.14226519337016574,0.3056379821958457,0.3538329884
baseline_ensemble,6770,0.14246196403872752,0.3056379821958457,0.3538998822
baseline_ensemble,6771,0.14265927977839335,0.3056379821958457,0.354466661
baseline_ensemble,6772,0.14285714285714285,0.3056379821958457,0.35486647629999996
baseline_ensemble,6773,0.14305555555555555,0.3056379821958457,0.35506675860000003
baseline_ensemble,6774,0.14325452016689846,0.3056379821958457,0.35529974090000005
baseline_ensemble,6775,0.14345403899721448,0.3056379821958457,0.3557998793
baseline_ensemble,6776,0.14365411436541142,0.3056379821958457,0.3561333058
baseline_ensemble,6777,0.1424581005586592,0.3026706231454006,0.3564663257
baseline_ensemble,6778,0.14265734265734265,0.3026706231454006,0.3577663409
baseline_ensemble,6779,0.14145658263305322,0.2997032640949555,0.3580996509
baseline_ensemble,6780,0.14165497896213183,0.2997032640949555,0.3590664852
baseline_ensemble,6781,0.14185393258426968,0.2997032640949555,0.359133188
baseline_ensemble,6782,0.1420534458509142,0.2997032640949555,0.3591998489
baseline_ensemble,6783,0.14084507042253522,0.29673590504451036,0.36009984279999996
baseline_ensemble,6784,0.14104372355430184,0.29673590504451036,0.36070008
baseline_ensemble,6785,0.14124293785310735,0.29673590504451036,0.36096659650000007
baseline_ensemble,6786,0.14144271570014144,0.29673590504451036,0.3610998037
baseline_ensemble,6787,0.141643059490085,0.29673590504451036,0.3611998628
baseline_ensemble,6788,0.14184397163120568,0.29673590504451036,0.3613666216
baseline_ensemble,6789,0.14204545454545456,0.29673590504451036,0.3616665174
baseline_ensemble,6790,0.1422475106685633,0.29673590504451036,0.3622998115
baseline_ensemble,6791,0.14245014245014245,0.29673590504451036,0.3624997926
baseline_ensemble,6792,0.14265335235378032,0.29673590504451036,0.3632000905
baseline_ensemble,6793,0.14285714285714285,0.29673590504451036,0.36323321880000004
baseline_ensemble,6794,0.1430615164520744,0.29673590504451036,0.3636997581
baseline_ensemble,6795,0.14326647564469913,0.29673590504451036,0.3640329831
baseline_ensemble,6796,0.14347202295552366,0.29673590504451036,0.36436684080000004
baseline_ensemble,6797,0.14367816091954022,0.29673590504451036,0.36476659520000004
baseline_ensemble,6798,0.14388489208633093,0.29673590504451036,0.3655331746
baseline_ensemble,6799,0.1440922190201729,0.29673590504451036,0.36636647389999993
baseline_ensemble,6800,0.1443001443001443,0.29673590504451036,0.366533022
baseline_ensemble,6801,0.14450867052023122,0.29673590504451036,0.3666331558
baseline_ensemble,6802,0.1447178002894356,0.29673590504451036,0.36839975030000005
baseline_ensemble,6803,0.14492753623188406,0.29673590504451036,0.36856650440000005
baseline_ensemble,6804,0.14513788098693758,0.29673590504451036,0.3687998394
baseline_ensemble,6805,0.1438953488372093,0.29376854599406527,0.3690665237
baseline_ensemble,6806,0.14264919941775836,0.29080118694362017,0.3693999562
baseline_ensemble,6807,0.14285714285714285,0.29080118694362017,0.3694665353
baseline_ensemble,6808,0.14306569343065692,0.29080118694362017,0.37020038229999996
baseline_ensemble,6809,0.14327485380116958,0.29080118694362017,0.3704334542
baseline_ensemble,6810,0.14348462664714495,0.29080118694362017,0.37109989179999997
baseline_ensemble,6811,0.1436950146627566,0.29080118694362017,0.3716666746
baseline_ensemble,6812,0.14390602055800295,0.29080118694362017,0.371999744
baseline_ensemble,6813,0.14411764705882352,0.29080118694362017,0.3725666279
baseline_ensemble,6814,0.14432989690721648,0.29080118694362017,0.3736998461
baseline_ensemble,6815,0.14454277286135694,0.29080118694362017,0.37423308
baseline_ensemble,6816,0.1447562776957164,0.29080118694362017,0.37533308550000005
baseline_ensemble,6817,0.14497041420118342,0.29080118694362017,0.37593322380000005
baseline_ensemble,6818,0.1451851851851852,0.29080118694362017,0.3764998396
baseline_ensemble,6819,0.14540059347181009,0.29080118694362017,0.3774664442999999
baseline_ensemble,6820,0.14413075780089152,0.2878338278931751,0.37856673080000003
baseline_ensemble,6821,0.14434523809523808,0.2878338278931751,0.3787333608
baseline_ensemble,6822,0.14456035767511177,0.2878338278931751,0.37906666969999997
baseline_ensemble,6823,0.14328358208955225,0.28486646884273,0.3792667242
baseline_ensemble,6824,0.14200298953662183,0.2818991097922849,0.3793664065
baseline_ensemble,6825,0.14221556886227546,0.2818991097922849,0.38023315150000003
baseline_ensemble,6826,0.1424287856071964,0.2818991097922849,0.3805665213
baseline_ensemble,6827,0.14264264264264265,0.2818991097922849,0.3815666887
baseline_ensemble,6828,0.14285714285714285,0.2818991097922849,0.3817671562
baseline_ensemble,6829,0.1430722891566265,0.2818991097922849,0.3826998424
baseline_ensemble,6830,0.14328808446455504,0.2818991097922849,0.383033371
baseline_ensemble,6831,0.14350453172205438,0.2818991097922849,0.3831665044
baseline_ensemble,6832,0.1437216338880484,0.2818991097922849,0.38353314149999995
baseline_ensemble,6833,0.14393939393939395,0.2818991097922849,0.38386651069999994
baseline_ensemble,6834,0.1441578148710167,0.2818991097922849,0.3845001329
baseline_ensemble,6835,0.14437689969604864,0.2818991097922849,0.38489967880000003
baseline_ensemble,6836,0.1445966514459665,0.2818991097922849,0.38566660440000006
baseline_ensemble,6837,0.1448170731707317,0.2818991097922849,0.3858000829
baseline_ensemble,6838,0.1450381679389313,0.2818991097922849,0.3865332343
baseline_ensemble,6839,0.1452599388379205,0.2818991097922849,0.38693310420000004
baseline_ensemble,6840,0.14548238897396631,0.2818991097922849,0.3895330987
baseline_ensemble,6841,0.14570552147239263,0.2818991097922849,0.3898331256
baseline_ensemble,6842,0.1443932411674347,0.2789317507418398,0.3899666158
baseline_ensemble,6843,0.14461538461538462,0.2789317507418398,0.39059974350000004
baseline_ensemble,6844,0.14329738058551617,0.27596439169139464,0.3906331375
baseline_ensemble,6845,0.14351851851851852,0.27596439169139464,0.3909665107
baseline_ensemble,6846,0.14219474497681608,0.27299703264094954,0.3917001752
baseline_ensemble,6847,0.14241486068111456,0.27299703264094954,0.39203315699999997
baseline_ensemble,6848,0.14263565891472868,0.27299703264094954,0.3956997188
baseline_ensemble,6849,0.14285714285714285,0.27299703264094954,0.3961665076
baseline_ensemble,6850,0.14152410575427682,0.27002967359050445,0.3967330225
baseline_ensemble,6851,0.14174454828660435,0.27002967359050445,0.39713338919999996
baseline_ensemble,6852,0.1419656786271451,0.27002967359050445,0.3977333001
baseline_ensemble,6853,0.1421875,0.27002967359050445,0.39789990030000005
baseline_ensemble,6854,0.14084507042253522,0.26706231454005935,0.40033313169999996
baseline_ensemble,6855,0.14106583072100312,0.26706231454005935,0.40039982469999996
baseline_ensemble,6856,0.141287284144427,0.26706231454005935,0.400799957
baseline_ensemble,6857,0.14150943396226415,0.26706231454005935,0.4014331934
baseline_ensemble,6858,0.14173228346456693,0.26706231454005935,0.4016001711
baseline_ensemble,6859,0.14195583596214512,0.26706231454005935,0.40289984879999996
baseline_ensemble,6860,0.1406003159557662,0.26409495548961426,0.4039997687
baseline_ensemble,6861,0.14082278481012658,0.26409495548961426,0.4047666233
baseline_ensemble,6862,0.1410459587955626,0.26409495548961426,0.4070666017
baseline_ensemble,6863,0.14126984126984127,0.26409495548961426,0.4072665945
baseline_ensemble,6864,0.14149443561208266,0.26409495548961426,0.4074663996
baseline_ensemble,6865,0.14012738853503184,0.26112759643916916,0.4085665786
baseline_ensemble,6866,0.13875598086124402,0.258160237388724,0.4086663886
baseline_ensemble,6867,0.13738019169329074,0.2551928783382789,0.4087331146
baseline_ensemble,6868,0.1376,0.2551928783382789,0.4096332037
baseline_ensemble,6869,0.13782051282051283,0.2551928783382789,0.4106998974
baseline_ensemble,6870,0.13804173354735153,0.2551928783382789,0.4108331982000001
baseline_ensemble,6871,0.1382636655948553,0.2551928783382789,0.412133698
baseline_ensemble,6872,0.13848631239935588,0.2551928783382789,0.412499916
baseline_ensemble,6873,0.13870967741935483,0.2551928783382789,0.4125666818
baseline_ensemble,6874,0.13893376413570274,0.2551928783382789,0.4141664331
baseline_ensemble,6875,0.13754045307443366,0.2522255192878338,0.41449973489999997
baseline_ensemble,6876,0.13776337115072934,0.2522255192878338,0.4151998002
baseline_ensemble,6877,0.137987012987013,0.2522255192878338,0.4184669272
baseline_ensemble,6878,0.13821138211382114,0.2522255192878338,0.41873308769999995
baseline_ensemble,6879,0.13843648208469056,0.2522255192878338,0.41876651239999996
baseline_ensemble,6880,0.1370309951060359,0.24925816023738873,0.4204333745
baseline_ensemble,6881,0.13562091503267973,0.24629080118694363,0.42123340750000005
baseline_ensemble,6882,0.13584288052373159,0.24629080118694363,0.4217331517
baseline_ensemble,6883,0.1360655737704918,0.24629080118694363,0.4222331005
baseline_ensemble,6884,0.13628899835796388,0.24629080118694363,0.42273336
baseline_ensemble,6885,0.13651315789473684,0.24629080118694363,0.424933067
baseline_ensemble,6886,0.13673805601317957,0.24629080118694363,0.4256665817
baseline_ensemble,6887,0.1353135313531353,0.2433234421364985,0.4276997045
baseline_ensemble,6888,0.13553719008264462,0.2433234421364985,0.42789984489999994
baseline_ensemble,6889,0.1357615894039735,0.2433234421364985,0.43089995719999996
baseline_ensemble,6890,0.13598673300165837,0.2433234421364985,0.43096657239999997
baseline_ensemble,6891,0.1362126245847176,0.2433234421364985,0.431166482
baseline_ensemble,6892,0.13477537437603992,0.2403560830860534,0.4322001245
baseline_ensemble,6893,0.13333333333333333,0.23738872403560832,0.4325331511
baseline_ensemble,6894,0.1318864774624374,0.2344213649851632,0.43486644779999994
baseline_ensemble,6895,0.13210702341137123,0.2344213649851632,0.43496672419999993
baseline_ensemble,6896,0.1323283082077052,0.2344213649851632,0.4365997833
baseline_ensemble,6897,0.13087248322147652,0.2314540059347181,0.436666687
baseline_ensemble,6898,0.13109243697478992,0.2314540059347181,0.4368998935
baseline_ensemble,6899,0.13131313131313133,0.2314540059347181,0.4395331656
baseline_ensemble,6900,0.12984822934232715,0.228486646884273,0.4421667255
baseline_ensemble,6901,0.13006756756756757,0.228486646884273,0.44319987189999993
baseline_ensemble,6902,0.12859560067681894,0.22551928783382788,0.4440665306
baseline_ensemble,6903,0.1288135593220339,0.22551928783382788,0.44419979499999995
baseline_ensemble,6904,0.1273344651952462,0.22255192878338279,0.4443998314
baseline_ensemble,6905,0.12585034013605442,0.2195845697329377,0.4448664026
baseline_ensemble,6906,0.12436115843270869,0.2166172106824926,0.4477997538
baseline_ensemble,6907,0.12457337883959044,0.2166172106824926,0.44986652979999997
baseline_ensemble,6908,0.12307692307692308,0.21364985163204747,0.45246674680000004
baseline_ensemble,6909,0.1232876712328767,0.21364985163204747,0.4525003812
baseline_ensemble,6910,0.1234991423670669,0.21364985163204747,0.45486698690000005
baseline_ensemble,6911,0.12371134020618557,0.21364985163204747,0.4555332216
baseline_ensemble,6912,0.12392426850258176,0.21364985163204747,0.45596661569999997
baseline_ensemble,6913,0.12413793103448276,0.21364985163204747,0.457233112
baseline_ensemble,6914,0.1226252158894646,0.21068249258160238,0.4584665525
baseline_ensemble,6915,0.12283737024221453,0.21068249258160238,0.4629997936
baseline_ensemble,6916,0.12131715771230503,0.20771513353115728,0.46599984339999995
baseline_ensemble,6917,0.11979166666666667,0.20474777448071216,0.46783319560000003
baseline_ensemble,6918,0.12,0.20474777448071216,0.4680000785
baseline_ensemble,6919,0.12020905923344948,0.20474777448071216,0.4695669301
baseline_ensemble,6920,0.12041884816753927,0.20474777448071216,0.4702998995
baseline_ensemble,6921,0.11888111888111888,0.20178041543026706,0.4711328795
baseline_ensemble,6922,0.1190893169877408,0.20178041543026706,0.4716998687
baseline_ensemble,6923,0.11929824561403508,0.20178041543026706,0.4733670669
baseline_ensemble,6924,0.1195079086115993,0.20178041543026706,0.4740000499
baseline_ensemble,6925,0.11795774647887323,0.19881305637982197,0.4755664293
baseline_ensemble,6926,0.11816578483245149,0.19881305637982197,0.47606669209999997
baseline_ensemble,6927,0.1166077738515901,0.19584569732937684,0.4766331706
baseline_ensemble,6928,0.1168141592920354,0.19584569732937684,0.4776664566
baseline_ensemble,6929,0.11524822695035461,0.19287833827893175,0.4778664976
baseline_ensemble,6930,0.11545293072824156,0.19287833827893175,0.4782665168
baseline_ensemble,6931,0.11387900355871886,0.18991097922848665,0.47919980509999993
baseline_ensemble,6932,0.11229946524064172,0.18694362017804153,0.47936704640000005
baseline_ensemble,6933,0.1125,0.18694362017804153,0.4794665393
baseline_ensemble,6934,0.11270125223613596,0.18694362017804153,0.4832664967
baseline_ensemble,6935,0.1111111111111111,0.18397626112759644,0.48536649339999993
baseline_ensemble,6936,0.11131059245960502,0.18397626112759644,0.4856665626000001
baseline_ensemble,6937,0.11151079136690648,0.18397626112759644,0.48756664510000003
baseline_ensemble,6938,0.11171171171171171,0.18397626112759644,0.4884000694
baseline_ensemble,6939,0.11191335740072202,0.18397626112759644,0.48893351279999997
baseline_ensemble,6940,0.11030741410488246,0.18100890207715134,0.48989983350000005
baseline_ensemble,6941,0.1105072463768116,0.18100890207715134,0.4902337235
baseline_ensemble,6942,0.11070780399274047,0.18100890207715134,0.49243295429999995
baseline_ensemble,6943,0.11090909090909092,0.18100890207715134,0.4944000733
baseline_ensemble,6944,0.1111111111111111,0.18100890207715134,0.49503374940000006
baseline_ensemble,6945,0.11131386861313869,0.18100890207715134,0.4958330265
baseline_ensemble,6946,0.10968921389396709,0.17804154302670624,0.4962670672
baseline_ensemble,6947,0.10989010989010989,0.17804154302670624,0.4998665836
baseline_ensemble,6948,0.11009174311926606,0.17804154302670624,0.4999995
baseline_ensemble,6949,0.2874251497005988,0.142433234421365,0.49999981480000005
baseline_ensemble,6950,0.28313253012048195,0.1394658753709199,0.5022670856
baseline_ensemble,6951,0.28484848484848485,0.1394658753709199,0.5024328382
baseline_ensemble,6952,0.2865853658536585,0.1394658753709199,0.502499505
baseline_ensemble,6953,0.2883435582822086,0.1394658753709199,0.5025328384
baseline_ensemble,6954,0.29375,0.1394658753709199,0.5026328386
baseline_ensemble,6955,0.29559748427672955,0.1394658753709199,0.5027328388
baseline_ensemble,6956,0.2974683544303797,0.1394658753709199,0.502832839
baseline_ensemble,6957,0.29936305732484075,0.1394658753709199,0.5028661724
baseline_ensemble,6958,0.30718954248366015,0.1394658753709199,0.5028995058
baseline_ensemble,6959,0.32413793103448274,0.1394658753709199,0.5029328392
baseline_ensemble,6960,0.3333333333333333,0.1394658753709199,0.5029661726
baseline_ensemble,6961,0.35384615384615387,0.13649851632047477,0.502999506
baseline_ensemble,6962,0.371900826446281,0.13353115727002968,0.5030328394
baseline_ensemble,6963,0.37815126050420167,0.13353115727002968,0.5030661728
baseline_ensemble,6964,0.38461538461538464,0.13353115727002968,0.5030995062
baseline_ensemble,6965,0.3879310344827586,0.13353115727002968,0.5032328398
baseline_ensemble,6966,0.391304347826087,0.13353115727002968,0.5032995066
baseline_ensemble,6967,0.39473684210526316,0.13353115727002968,0.5036328406
baseline_ensemble,6968,0.39823008849557523,0.13353115727002968,0.5042668844
baseline_ensemble,6969,0.4017857142857143,0.13353115727002968,0.5043331583
baseline_ensemble,6970,0.40540540540540543,0.13353115727002968,0.5072997949
baseline_ensemble,6971,0.4090909090909091,0.13353115727002968,0.5083331048999999
baseline_ensemble,6972,0.41284403669724773,0.13353115727002968,0.5091994997000001
baseline_ensemble,6973,0.4166666666666667,0.13353115727002968,0.5093661663000001
baseline_ensemble,6974,0.4205607476635514,0.13353115727002968,0.5098667648999999
baseline_ensemble,6975,0.42452830188679247,0.13353115727002968,0.5107667121
baseline_ensemble,6976,0.42857142857142855,0.13353115727002968,0.5107994979
baseline_ensemble,6977,0.4326923076923077,0.13353115727002968,0.511533411
baseline_ensemble,6978,0.4368932038834951,0.13353115727002968,0.5116332215999999
baseline_ensemble,6979,0.4411764705882353,0.13353115727002968,0.5131331940999999
baseline_ensemble,6980,0.44554455445544555,0.13353115727002968,0.5146333567
baseline_ensemble,6981,0.45,0.13353115727002968,0.5150999094
baseline_ensemble,6982,0.45454545454545453,0.13353115727002968,0.5162330996
baseline_ensemble,6983,0.45918367346938777,0.13353115727002968,0.5175002368999999
baseline_ensemble,6984,0.4639175257731959,0.13353115727002968,0.5180665987999999
baseline_ensemble,6985,0.46875,0.13353115727002968,0.5197666838
baseline_ensemble,6986,0.47368421052631576,0.13353115727002968,0.5209000433
baseline_ensemble,6987,0.4787234042553192,0.13353115727002968,0.5220331448000001
baseline_ensemble,6988,0.4731182795698925,0.13056379821958458,0.5229663660999999
baseline_ensemble,6989,0.4673913043478261,0.12759643916913946,0.5244663943
baseline_ensemble,6990,0.4725274725274725,0.12759643916913946,0.5252663895999999
baseline_ensemble,6991,0.4777777777777778,0.12759643916913946,0.5299998533
baseline_ensemble,6992,0.48314606741573035,0.12759643916913946,0.5308337679
baseline_ensemble,6993,0.48863636363636365,0.12759643916913946,0.5310331923
baseline_ensemble,6994,0.4827586206896552,0.12462908011869436,0.5314334537000001
baseline_ensemble,6995,0.4883720930232558,0.12462908011869436,0.5318666881
baseline_ensemble,6996,0.4823529411764706,0.12166172106824925,0.5344331757
baseline_ensemble,6997,0.47619047619047616,0.11869436201780416,0.5376998361
baseline_ensemble,6998,0.46987951807228917,0.11572700296735905,0.5387998216
baseline_ensemble,6999,0.4634146341463415,0.11275964391691394,0.5394996804000001
baseline_ensemble,7000,0.4691358024691358,0.11275964391691394,0.5406331816000001
baseline_ensemble,7001,0.475,0.11275964391691394,0.5414997428
baseline_ensemble,7002,0.4810126582278481,0.11275964391691394,0.5426670633
baseline_ensemble,7003,0.48717948717948717,0.11275964391691394,0.5432665993000001
baseline_ensemble,7004,0.4935064935064935,0.11275964391691394,0.5434999242999999
baseline_ensemble,7005,0.5,0.11275964391691394,0.5445331217
baseline_ensemble,7006,0.5066666666666667,0.11275964391691394,0.5448333465999999
baseline_ensemble,7007,0.5135135135135135,0.11275964391691394,0.5453996365
baseline_ensemble,7008,0.5068493150684932,0.10979228486646884,0.5459331041
baseline_ensemble,7009,0.5,0.10682492581602374,0.5483331667
baseline_ensemble,7010,0.49295774647887325,0.10385756676557864,0.5501330842
baseline_ensemble,7011,0.5,0.10385756676557864,0.5511330933999999
baseline_ensemble,7012,0.5072463768115942,0.10385756676557864,0.5511333656
baseline_ensemble,7013,0.5147058823529411,0.10385756676557864,0.5519001196
baseline_ensemble,7014,0.5223880597014925,0.10385756676557864,0.5524997035
baseline_ensemble,7015,0.5303030303030303,0.10385756676557864,0.5560998629999999
baseline_ensemble,7016,0.5230769230769231,0.10089020771513353,0.5562998257
baseline_ensemble,7017,0.53125,0.10089020771513353,0.5574997892999999
baseline_ensemble,7018,0.5396825396825397,0.10089020771513353,0.5633999508
baseline_ensemble,7019,0.532258064516129,0.09792284866468842,0.5644663891
baseline_ensemble,7020,0.5245901639344263,0.09495548961424333,0.5650665141
baseline_ensemble,7021,0.5166666666666667,0.09198813056379822,0.5671663678
baseline_ensemble,7022,0.5084745762711864,0.08902077151335312,0.5684664294999999
baseline_ensemble,7023,0.5172413793103449,0.08902077151335312,0.5688332275
baseline_ensemble,7024,0.5087719298245614,0.08605341246290801,0.5690000617
baseline_ensemble,7025,0.5178571428571429,0.08605341246290801,0.5725332254
baseline_ensemble,7026,0.509090909090909,0.0830860534124629,0.5788335078
baseline_ensemble,7027,0.5185185185185185,0.0830860534124629,0.5805663891
baseline_ensemble,7028,0.5094339622641509,0.08011869436201781,0.5844663689999999
baseline_ensemble,7029,0.5192307692307693,0.08011869436201781,0.6019999722
baseline_ensemble,7030,0.5294117647058824,0.08011869436201781,0.6033998681
baseline_ensemble,7031,0.54,0.08011869436201781,0.6077999963
baseline_ensemble,7032,0.5306122448979592,0.0771513353115727,0.6141665918000001
baseline_ensemble,7033,0.5416666666666666,0.0771513353115727,0.6199664156
baseline_ensemble,7034,0.5319148936170213,0.07418397626112759,0.6207997099999999
baseline_ensemble,7035,0.5217391304347826,0.0712166172106825,0.6216334511
baseline_ensemble,7036,0.5333333333333333,0.0712166172106825,0.6221668357000001
baseline_ensemble,7037,0.5454545454545454,0.0712166172106825,0.6235000119999999
baseline_ensemble,7038,0.5581395348837209,0.0712166172106825,0.6267668143
baseline_ensemble,7039,0.5714285714285714,0.0712166172106825,0.6320999878
baseline_ensemble,7040,0.5853658536585366,0.0712166172106825,0.6362330919000001
baseline_ensemble,7041,0.575,0.06824925816023739,0.6386666535
baseline_ensemble,7042,0.5897435897435898,0.06824925816023739,0.6465330359
baseline_ensemble,7043,0.5789473684210527,0.06528189910979229,0.6472997379000001
baseline_ensemble,7044,0.5945945945945946,0.06528189910979229,0.6548002785
baseline_ensemble,7045,0.6111111111111112,0.06528189910979229,0.6574667129
baseline_ensemble,7046,0.6285714285714286,0.06528189910979229,0.6638330579
baseline_ensemble,7047,0.6176470588235294,0.06231454005934718,0.6647666414
baseline_ensemble,7048,0.6363636363636364,0.06231454005934718,0.6657003007
baseline_ensemble,7049,0.65625,0.06231454005934718,0.6668666057000001
baseline_ensemble,7050,0.6451612903225806,0.05934718100890208,0.6702002127
baseline_ensemble,7051,0.6666666666666666,0.05934718100890208,0.6768662847999999
baseline_ensemble,7052,0.6551724137931034,0.05637982195845697,0.6849332673999999
baseline_ensemble,7053,0.6785714285714286,0.05637982195845697,0.6853666077
baseline_ensemble,7054,0.6666666666666666,0.05341246290801187,0.6885662875
baseline_ensemble,7055,0.6538461538461539,0.050445103857566766,0.6885999944000001
baseline_ensemble,7056,0.68,0.050445103857566766,0.71113319
baseline_ensemble,7057,0.6666666666666666,0.04747774480712166,0.7151001269
baseline_ensemble,7058,0.6956521739130435,0.04747774480712166,0.7186666369000001
baseline_ensemble,7059,0.7272727272727273,0.04747774480712166,0.7205998666000001
baseline_ensemble,7060,0.7619047619047619,0.04747774480712166,0.7312664048999999
baseline_ensemble,7061,0.8,0.04747774480712166,0.7317331671
baseline_ensemble,7062,0.7894736842105263,0.04451038575667656,0.7331002507
baseline_ensemble,7063,0.8333333333333334,0.04451038575667656,0.7375332341999999
baseline_ensemble,7064,0.8235294117647058,0.04154302670623145,0.7394332269
baseline_ensemble,7065,0.8125,0.03857566765578635,0.7401664143
baseline_ensemble,7066,0.8,0.03560830860534125,0.7420999478
baseline_ensemble,7067,0.7857142857142857,0.032640949554896145,0.7421001519
baseline_ensemble,7068,0.8461538461538461,0.032640949554896145,0.7481663632
baseline_ensemble,7069,0.8333333333333334,0.02967359050445104,0.766766466
baseline_ensemble,7070,0.8181818181818182,0.026706231454005934,0.7845331905999999
baseline_ensemble,7071,0.8,0.02373887240356083,0.7956666894
baseline_ensemble,7072,0.8888888888888888,0.02373887240356083,0.7982997537000001
baseline_ensemble,7073,0.875,0.020771513353115726,0.8100664866
baseline_ensemble,7074,1.0,0.020771513353115726,0.8148333258
baseline_ensemble,7075,1.0,0.017804154302670624,0.8216332345999999
baseline_ensemble,7076,1.0,0.01483679525222552,0.8439666214000001
baseline_ensemble,7077,1.0,0.011869436201780416,0.8738664825
baseline_ensemble,7078,1.0,0.008902077151335312,0.9114998541
baseline_ensemble,7079,1.0,0.005934718100890208,0.9144333454
baseline_ensemble,7080,1.0,0.002967359050445104,0.9344999041000001
baseline_ensemble,7081,1.0,0.0,
