weight_id,threshold_id,threshold_quantile,w_gmic,w_nyu,w_glam,roc_auc_mean,roc_auc_std,average_precision_mean,average_precision_std,auprc_mean,auprc_std,balanced_accuracy_mean,balanced_accuracy_std,sensitivity_mean,sensitivity_std,specificity_mean,specificity_std,precision_ppv_mean,precision_ppv_std,npv_mean,npv_std,fpr_mean,fpr_std,accuracy_mean,accuracy_std,f1_mean,f1_std,tn_mean,tn_std,fp_mean,fp_std,fn_mean,fn_std,tp_mean,tp_std,threshold_mean,threshold_std,full_configuration_threshold,baseline_distance,is_best_auc_weight
W17,T05,0.5,0.1,0.1,0.8,0.7242440219922628,0.04116476903460254,0.1529060489392679,0.050060426819278865,0.1529060489392679,0.050060426819278865,0.6735648425707345,0.034546500352993566,0.8339901477832512,0.07396548033246622,0.5131395373582175,0.009402634772046942,0.067083195638073,0.00450405613503505,0.986606721570042,0.005916647356672767,0.48686046264178245,0.009402634772046949,0.5260504201680672,0.00795981638004647,0.12416844264696343,0.008466094038514298,351.6,6.228964600958969,333.6,6.6558245169175,4.8,2.16794833886788,24.0,1.8708286933869707,0.040963,0.0002299075901313382,0.040985,0.7330487729742134,True
W17,T06,0.6,0.1,0.1,0.8,0.7242440219922628,0.04116476903460254,0.1529060489392679,0.050060426819278865,0.1529060489392679,0.050060426819278865,0.671821313545734,0.02538377497136968,0.7298029556650246,0.05929006821622744,0.6138396714264434,0.010296638377292411,0.07347850128343272,0.0031624221065939665,0.9818471069141086,0.003913616421873257,0.38616032857355664,0.01029663837729242,0.6184873949579832,0.008021188270743032,0.1334974124927233,0.006130316331873077,420.6,6.8410525505948305,264.6,7.197221686178635,7.8,1.7888543819998317,21.0,1.4142135623730951,0.058820000000000004,0.0007417883795261283,0.05856,0.7221738065964454,True
W17,T08,0.8,0.1,0.1,0.8,0.7242440219922628,0.04116476903460254,0.1529060489392679,0.050060426819278865,0.1529060489392679,0.050060426819278865,0.6708287060104686,0.03273568154297651,0.5275862068965518,0.0640488814517473,0.8140712051243856,0.009875851506666514,0.10672666300835314,0.013688900460076696,0.9762041547338031,0.0031327760210918677,0.18592879487561448,0.009875851506666491,0.8025210084033614,0.009903456319139288,0.1774720925055737,0.022181253196107573,557.8,6.610597552415369,127.4,6.804410334481597,13.6,1.8165902124584947,15.2,1.9235384061671346,0.109026,0.0010304028338470332,0.10895800000000003,0.6925168439092294,True
W17,T07,0.7,0.1,0.1,0.8,0.7242440219922628,0.04116476903460254,0.1529060489392679,0.050060426819278865,0.1529060489392679,0.050060426819278865,0.6584104439661593,0.03994773634071229,0.6113300492610838,0.07324014942953937,0.705490838671235,0.014263576107990323,0.08042467581611537,0.011025637479460615,0.977340565474325,0.004463176104432777,0.2945091613287651,0.014263576107990335,0.7016806722689075,0.015084495258079846,0.14211445432250153,0.01902204872533266,483.4,9.633275663033837,201.8,9.833615815151619,11.2,2.16794833886788,17.6,2.073644135332772,0.1,0.0,0.1,0.6976143156028265,True
W17,T09,0.85,0.1,0.1,0.8,0.7242440219922628,0.04116476903460254,0.1529060489392679,0.050060426819278865,0.1529060489392679,0.050060426819278865,0.6354359308715756,0.034733820341032166,0.4100985221674877,0.06471086037152539,0.8607733395756634,0.012877679263145527,0.11083145844150018,0.02028865471497625,0.9719795384900927,0.003341786183509952,0.13922666042433657,0.012877679263145531,0.8425770308123249,0.013272109513145317,0.17429825401187657,0.030107432781348545,589.8,8.67179335547153,95.4,8.848728722251577,17.0,2.0,11.8,1.7888543819998317,0.14790150000000002,0.0016911604743489101,0.14794050000000003,0.6712761167166981,True
W17,T10,0.9,0.1,0.1,0.8,0.7242440219922628,0.04116476903460254,0.1529060489392679,0.050060426819278865,0.1529060489392679,0.050060426819278865,0.6350521413124597,0.04259137289412793,0.36847290640394087,0.08883400259192,0.9016313762209786,0.026180891212918205,0.13929643929643928,0.038193738126879095,0.9714019305828124,0.003956584438963928,0.09836862377902152,0.026180891212918233,0.8801120448179273,0.024431648099098868,0.2006831068199988,0.04936996488150164,617.8,18.03330252615975,67.4,17.924843095547587,18.2,2.6832815729997477,10.6,2.5099800796022267,0.151507,0.0015247524389224666,0.15155599999999994,0.6693869990297093,True
W17,T04,0.4,0.1,0.1,0.8,0.7242440219922628,0.04116476903460254,0.1529060489392679,0.050060426819278865,0.1529060489392679,0.050060426819278865,0.6325389821528554,0.02677554544799136,0.8546798029556649,0.06563011130282873,0.41039816135004575,0.016082188998433083,0.057364327728453915,0.002886651955851842,0.9854644481786725,0.006144699251911605,0.5896018386499542,0.016082188998433063,0.4282913165266106,0.01366533436151313,0.10750339897946204,0.005519142742189752,281.2,10.871982339941505,404.0,11.247221879201994,4.2,1.9235384061671346,24.6,1.6733200530681513,0.030082000000000005,0.0003371498183300707,0.030090000000000016,0.7399196857997494,True
W17,T11,0.92,0.1,0.1,0.8,0.7242440219922628,0.04116476903460254,0.1529060489392679,0.050060426819278865,0.1529060489392679,0.050060426819278865,0.6319914121486213,0.0380910641260309,0.33374384236453203,0.07400442949543652,0.9302389819327106,0.005409018987093184,0.16735920104267055,0.0366432092091023,0.9707607253117058,0.0034361287091587947,0.06976101806728949,0.005409018987093165,0.9061624649859944,0.007002801120448154,0.22277166962362652,0.04860005158381612,637.4,3.781534080237805,47.8,3.70135110466435,19.2,2.280350850198276,9.6,2.073644135332772,0.17122319999999996,0.001077242405403723,0.1709884,0.6594803759540991,True
W17,T12,0.94,0.1,0.1,0.8,0.7242440219922628,0.04116476903460254,0.1529060489392679,0.050060426819278865,0.1529060489392679,0.050060426819278865,0.6064577259475218,0.03357693153862147,0.2642857142857143,0.06493079884684591,0.9486297376093293,0.005480313927216638,0.17843995435458848,0.04699012549741175,0.9684171955255376,0.0030167953344452146,0.05137026239067055,0.0054803139272166295,0.9210084033613445,0.006613848153007086,0.21263664603508065,0.05305906254101892,650.0,3.5355339059327457,35.2,3.768288736283354,21.2,2.04939015319192,7.6,1.816590212458495,0.21116939999999987,0.0019136680224114235,0.21078159999999982,0.6405568017221893,True
W17,T03,0.3,0.1,0.1,0.8,0.7242440219922628,0.04116476903460254,0.1529060489392679,0.050060426819278865,0.1529060489392679,0.050060426819278865,0.5949375008714067,0.01858594126934442,0.882512315270936,0.05180910216174177,0.3073626864718776,0.01596944344664163,0.050783112480089806,0.0012137571170018036,0.9843936711436712,0.006515821186480403,0.6926373135281224,0.015969443446641633,0.33053221288515405,0.013722631612230689,0.0960337148227854,0.002435155845327072,210.6,10.830512453249847,474.6,11.216059914247964,3.4,1.51657508881031,25.4,1.1401754250991378,0.022144000000000004,0.0001536798620509518,0.022130000000000004,0.7450003155932218,True
W17,T13,0.95,0.1,0.1,0.8,0.7242440219922628,0.04116476903460254,0.1529060489392679,0.050060426819278865,0.1529060489392679,0.050060426819278865,0.5927419777374832,0.04292729445801743,0.22955665024630542,0.08458000406437342,0.9559273052286608,0.005761907431883517,0.17895383230540549,0.06440088840210631,0.9672260686057639,0.003724110652773769,0.044072694771339196,0.005761907431883536,0.9266106442577031,0.0069040658509054356,0.20051943009522452,0.07190448636071677,655.0,3.674234614174773,30.2,3.9623225512317894,22.2,2.588435821108957,6.6,2.4083189157584592,0.242288,0.0050436672545876695,0.24431349999999996,0.6261320304985603,True
W17,T14,0.96,0.1,0.1,0.8,0.7242440219922628,0.04116476903460254,0.1529060489392679,0.050060426819278865,0.1529060489392679,0.050060426819278865,0.5878197402437297,0.037788763537015,0.20862068965517241,0.07425812230123457,0.9670187908322869,0.004778367993259103,0.20949283621494574,0.0711957055923383,0.9667406827511572,0.003247209428181839,0.032981209167712966,0.004778367993259097,0.9364145658263305,0.005908970058747595,0.20839216444274697,0.07153021336163659,662.6,2.96647939483826,22.6,3.2863353450309964,22.8,2.2803508501982757,6.0,2.1213203435596424,0.2816487999999994,0.0040169328099930535,0.281806,0.6117796621088347,True
W17,T15,0.97,0.1,0.1,0.8,0.7242440219922628,0.04116476903460254,0.1529060489392679,0.050060426819278865,0.1529060489392679,0.050060426819278865,0.5676904234780101,0.03845857535218947,0.15960591133004925,0.07524217334038434,0.9757749356259708,0.004558534665563908,0.2155549301060137,0.09818379329266216,0.9650737732276834,0.003056830037460195,0.02422506437402907,0.004558534665563931,0.9428571428571428,0.005892348450409679,0.18276097906822222,0.08490077770147118,668.6,2.880972058177591,16.6,3.130495168499705,24.2,2.16794833886788,4.6,2.1908902300206647,0.3358764999999998,0.007909261477849877,0.3383691999999996,0.5939614876762972,True
W17,T16,0.98,0.1,0.1,0.8,0.7242440219922628,0.04116476903460254,0.1529060489392679,0.050060426819278865,0.1529060489392679,0.050060426819278865,0.5547261581271249,0.039596776786524006,0.12463054187192117,0.0789638424082318,0.9848217743823285,0.002444092958737576,0.24556998556998555,0.11819042478179885,0.9640069231904755,0.0029993767809447245,0.01517822561767147,0.0024440929587375804,0.9501400560224089,0.004034974871397207,0.16426791417390132,0.09507358219979767,674.8,1.7888543819998206,10.4,1.6733200530681511,25.2,2.1679483388678804,3.6,2.3021728866442674,0.43411000000000033,0.006533147365550864,0.432392,0.5755315586464395,True
W17,T02,0.2,0.1,0.1,0.8,0.7242440219922628,0.04116476903460254,0.1529060489392679,0.050060426819278865,0.1529060489392679,0.050060426819278865,0.5542010575759555,0.017544526157947805,0.9032019704433498,0.05077417589727592,0.20520014470856124,0.01741524190665278,0.045547251464726005,0.0011996634202355437,0.9810295893402132,0.008445645675336734,0.7947998552914388,0.01741524190665278,0.23333333333333334,0.01503891282414132,0.08671755297013609,0.0023905764359423935,140.6,11.886967653695372,544.6,12.116104984688775,2.8,1.4832396974191326,26.0,1.224744871391589,0.015346000000000002,0.0001802220852171011,0.015330000000000002,0.7493802387533314,True
W17,T17,0.99,0.1,0.1,0.8,0.7242440219922628,0.04116476903460254,0.1529060489392679,0.050060426819278865,0.1529060489392679,0.050060426819278865,0.5270480627618348,0.022490052181628133,0.06256157635467981,0.04506783452801057,0.9915345491689898,0.0029936813822521472,0.21999999999999997,0.1591644851508443,0.9617800346429405,0.001945296697408445,0.008465450831010194,0.0029936813822521134,0.9540616246498599,0.003625260253654039,0.09694371675795824,0.06953731729107958,679.4,2.3021728866442546,5.8,2.04939015319192,27.0,1.4142135623730951,1.8,1.3038404810405297,0.557595499999999,0.012107622459633099,0.5614740999999995,0.5748432815166321,True
W17,T01,0.1,0.1,0.1,0.8,0.7242440219922628,0.04116476903460254,0.1529060489392679,0.050060426819278865,0.1529060489392679,0.050060426819278865,0.5233702088220855,0.015942665250046003,0.9445812807881774,0.030640037696120028,0.10215913685599369,0.010312114355378234,0.042342754057458486,0.0012714096495396847,0.9776353245952615,0.012864522665942322,0.8978408631440062,0.010312114355378262,0.13613445378151262,0.009823909197058925,0.08105128882136538,0.002423656040031397,70.0,7.0710678118654755,615.2,7.014271166700084,1.6,0.8944271909999159,27.2,0.8366600265340756,0.00937,0.00010937321427113665,0.009376000000000002,0.7532447429023319,True
W19,T05,0.5,0.1,0.3,0.6,0.7231219011333583,0.040822092439642105,0.15511417272814876,0.04620314079941435,0.15511417272814876,0.04620314079941435,0.6734171547156131,0.02769769920352489,0.8339901477832512,0.06072315306103042,0.5128441616479751,0.008754531666860979,0.0670444967519819,0.002926761028855698,0.9865808863205391,0.0048099541103812544,0.48715583835202486,0.008754531666861015,0.5257703081232493,0.00704469262742815,0.12410534741832362,0.005677315149775587,351.4,5.941380311005184,333.8,6.0580524923443795,4.8,1.7888543819998317,24.0,1.4142135623730951,0.048794000000000004,0.00029722466250295924,0.04886,0.5746246017479585,False
W19,T06,0.6,0.1,0.3,0.6,0.7231219011333583,0.040822092439642105,0.15511417272814876,0.04620314079941435,0.15511417272814876,0.04620314079941435,0.6691040287245027,0.030906111168141903,0.7229064039408867,0.0666732890819663,0.6153016535081186,0.016707924326726603,0.07316429693356788,0.0053881614196477565,0.9814261783904475,0.004463680479093505,0.38469834649188145,0.01670792432672657,0.6196078431372549,0.015233305805242276,0.1328504202841357,0.009741571047667763,421.6,11.238327277669034,263.6,11.58878768465451,8.0,2.0,20.8,1.6431676725154984,0.069106,0.0008418610336629247,0.068924,0.5590104212892636,False
W19,T08,0.8,0.1,0.3,0.6,0.7231219011333583,0.040822092439642105,0.15511417272814876,0.04620314079941435,0.15511417272814876,0.04620314079941435,0.6672128888950856,0.03646592908414799,0.520935960591133,0.06503815727345268,0.8134898171990381,0.016777115740737675,0.10582148188902137,0.017752584068722033,0.9758259517261207,0.00348051855646558,0.1865101828009619,0.01677711574073769,0.8016806722689076,0.017170434236724867,0.17574306395359027,0.027571687394198532,557.4,11.304866208850076,127.8,11.541230437002804,13.8,1.9235384061671346,15.0,1.8708286933869707,0.120218,0.0015914678758931979,0.12001400000000002,0.520629900726034,False
W19,T07,0.7,0.1,0.3,0.6,0.7231219011333583,0.040822092439642105,0.15511417272814876,0.04620314079941435,0.15511417272814876,0.04620314079941435,0.6552137239779591,0.04415949199153848,0.6253694581280789,0.08036315871258704,0.6850579898278394,0.01665883024051495,0.07722504517949427,0.011089684621752364,0.9774849534306982,0.005129622357573926,0.3149420101721606,0.01665883024051492,0.6826330532212885,0.017537788058821883,0.13743870861861263,0.019330276886924822,469.4,11.32695899171529,215.8,11.45425685062108,10.8,2.3874672772626644,18.0,2.2360679774997902,0.1,0.0,0.1,0.5354121154157796,False
W19,T04,0.4,0.1,0.3,0.6,0.7231219011333583,0.040822092439642105,0.15511417272814876,0.04620314079941435,0.15511417272814876,0.04620314079941435,0.6361321793828458,0.016457408071037315,0.8615763546798029,0.04122949656881961,0.4106880040858888,0.013700434159260658,0.057862266937211214,0.001342013122114588,0.9860653409286663,0.00403501243056229,0.5893119959141112,0.01370043415926072,0.4288515406162465,0.012225855934339053,0.10843471418842199,0.0025709382259966936,281.4,9.262828941527529,403.8,9.57601169589929,4.0,1.224744871391589,24.8,0.8366600265340757,0.03696,0.00020161845153656251,0.036938,0.5840312912661443,False
W19,T09,0.85,0.1,0.3,0.6,0.7231219011333583,0.040822092439642105,0.15511417272814876,0.04620314079941435,0.15511417272814876,0.04620314079941435,0.6317413495907874,0.027020151726799894,0.4027093596059113,0.04513172956110518,0.8607733395756634,0.014657817685967332,0.10952875492210587,0.019469535245884236,0.9716499138127765,0.0023316035655902563,0.13922666042433657,0.014657817685967321,0.842296918767507,0.01497355435395423,0.17198811974251277,0.027512231420323118,589.8,9.909591313470006,95.4,10.064790112068906,17.2,1.3038404810405297,11.6,1.3416407864998738,0.1601235,0.0034294631504070737,0.16106800000000002,0.49146824308189024,False
W19,T03,0.3,0.1,0.3,0.6,0.7231219011333583,0.040822092439642105,0.15511417272814876,0.04620314079941435,0.15511417272814876,0.04620314079941435,0.5986775347296878,0.023754134347009345,0.8894088669950738,0.05624992416699976,0.3079462024643017,0.013283084274831831,0.051209338859450046,0.002169701732111728,0.985280732145829,0.00729951834334062,0.6920537975356983,0.01328308427483178,0.3313725490196079,0.011617053979455321,0.0968375782155399,0.004156724926214795,211.0,8.972179222463183,474.2,9.418067742376886,3.2,1.6431676725154984,25.6,1.341640786499874,0.027724,0.00019060430215501486,0.027721,0.5913658657506367,False
W19,T10,0.9,0.1,0.3,0.6,0.7231219011333583,0.040822092439642105,0.15511417272814876,0.04620314079941435,0.15511417272814876,0.04620314079941435,0.597530433193737,0.03103584500627595,0.29137931034482756,0.05041445350763257,0.9036815560426465,0.012769376368268609,0.11535809004068767,0.03327449171262579,0.9680865159471944,0.002371857704009936,0.09631844395735353,0.012769376368268607,0.8789915966386556,0.013886044322627942,0.16492524366749234,0.0419653839388361,619.2,8.526429498916883,66.0,8.77496438739212,20.4,1.3416407864998738,8.4,1.51657508881031,0.25,0.0,0.25,0.43493233190233166,False
W19,T11,0.92,0.1,0.3,0.6,0.7231219011333583,0.040822092439642105,0.15511417272814876,0.04620314079941435,0.15511417272814876,0.04620314079941435,0.597530433193737,0.03103584500627595,0.29137931034482756,0.05041445350763257,0.9036815560426465,0.012769376368268609,0.11535809004068767,0.03327449171262579,0.9680865159471944,0.002371857704009936,0.09631844395735353,0.012769376368268607,0.8789915966386556,0.013886044322627942,0.16492524366749234,0.0419653839388361,619.2,8.526429498916883,66.0,8.77496438739212,20.4,1.3416407864998738,8.4,1.51657508881031,0.25,0.0,0.25,0.43493233190233166,False
W19,T12,0.94,0.1,0.3,0.6,0.7231219011333583,0.040822092439642105,0.15511417272814876,0.04620314079941435,0.15511417272814876,0.04620314079941435,0.597530433193737,0.03103584500627595,0.29137931034482756,0.05041445350763257,0.9036815560426465,0.012769376368268609,0.11535809004068767,0.03327449171262579,0.9680865159471944,0.002371857704009936,0.09631844395735353,0.012769376368268607,0.8789915966386556,0.013886044322627942,0.16492524366749234,0.0419653839388361,619.2,8.526429498916883,66.0,8.77496438739212,20.4,1.3416407864998738,8.4,1.51657508881031,0.25,0.0,0.25,0.43493233190233166,False
W19,T13,0.95,0.1,0.3,0.6,0.7231219011333583,0.040822092439642105,0.15511417272814876,0.04620314079941435,0.15511417272814876,0.04620314079941435,0.5969417364587055,0.02480968898257554,0.23620689655172417,0.04545319422918645,0.9576765763656871,0.0042562587498520725,0.19163254163254162,0.047287851647696895,0.9675575689978311,0.002149841786942613,0.042323423634312955,0.004256258749852097,0.9285714285714286,0.005942073791483571,0.21146486577938192,0.04677167613265369,656.2,2.949576240750528,29.0,2.9154759474226504,22.0,1.414213562373095,6.8,1.3038404810405297,0.25652149999999996,0.000784905647195911,0.2566979999999999,0.43111714943620605,False
W19,T14,0.96,0.1,0.3,0.6,0.7231219011333583,0.040822092439642105,0.15511417272814876,0.04620314079941435,0.15511417272814876,0.04620314079941435,0.5804066809565148,0.036658116735886315,0.19408866995073892,0.07058272752544667,0.9667246919622906,0.0054060019736502625,0.19809308338720105,0.07415173823429842,0.9661605472753886,0.0028058479232076507,0.03327530803770935,0.005406001973650275,0.9355742296918768,0.007002801120448154,0.1957297283613073,0.07210036475514464,662.4,3.7815340802377997,22.8,3.7013511046643495,23.2,1.9235384061671346,5.6,2.073644135332772,0.2913859999999996,0.003841521313229676,0.2915891999999998,0.41243326113522905,False
W19,T15,0.97,0.1,0.3,0.6,0.7231219011333583,0.040822092439642105,0.15511417272814876,0.04620314079941435,0.15511417272814876,0.04620314079941435,0.5709925011319116,0.03693930635002762,0.1665024630541872,0.07433365324113866,0.9754825392096359,0.006049097950922281,0.21936035741527732,0.08595276591639107,0.96534651671729,0.0029192373668357604,0.024517460790364112,0.006049097950922318,0.9428571428571428,0.006056512131775792,0.18784721470479987,0.07951971198618207,668.4,4.037325847637264,16.8,4.147288270665544,24.0,2.1213203435596424,4.8,2.1679483388678804,0.34037319999999993,0.009524863329728185,0.3404231999999995,0.39003959854384035,False
W19,T16,0.98,0.1,0.3,0.6,0.7231219011333583,0.040822092439642105,0.15511417272814876,0.04620314079941435,0.15511417272814876,0.04620314079941435,0.5545577656469801,0.03552836456619456,0.12487684729064039,0.07125637473808151,0.9842386840033198,0.003914359893742,0.24535087719298243,0.10183923413454411,0.9639866375728223,0.0028201132772841873,0.015761315996680215,0.003914359893741985,0.9495798319327731,0.004428960308359081,0.16355529861202012,0.08258473716358446,674.4,2.607680962081055,10.8,2.6832815729997477,25.2,2.04939015319192,3.6,2.073644135332772,0.4142680000000002,0.007355733580004039,0.4122809999999999,0.366552528698139,False
W19,T02,0.2,0.1,0.3,0.6,0.7231219011333583,0.040822092439642105,0.15511417272814876,0.04620314079941435,0.15511417272814876,0.04620314079941435,0.553617754390239,0.017505416665222782,0.9032019704433498,0.05077417589727592,0.2040335383371284,0.01805100453411956,0.04548531104006735,0.001258341218913549,0.9809351003502982,0.008500118171241636,0.7959664616628717,0.018051004534119557,0.2322128851540616,0.015733721759085273,0.08660498110666819,0.002485123162529799,139.8,12.316655390161728,545.4,12.581732790041276,2.8,1.4832396974191326,26.0,1.224744871391589,0.019728000000000002,0.0002764416755845617,0.019694,0.5977959409112779,False
W19,T17,0.99,0.1,0.3,0.6,0.7231219011333583,0.040822092439642105,0.15511417272814876,0.04620314079941435,0.15511417272814876,0.04620314079941435,0.5340908126941403,0.031118230409015915,0.07635467980295566,0.0616255960748611,0.9918269455853249,0.003027991040803299,0.2571428571428572,0.20677306894471612,0.9623369935427633,0.0025033467128716576,0.008173054414675151,0.0030279910408032885,0.9549019607843137,0.004248109492465889,0.1173824373824374,0.09437282837005874,679.6,2.19089023002067,5.6,2.0736441353327724,26.6,1.8165902124584952,2.2,1.7888543819998317,0.5302206999999992,0.007395893460225531,0.5337099999999997,0.3574947516174188,False
W19,T01,0.1,0.1,0.3,0.6,0.7231219011333583,0.040822092439642105,0.15511417272814876,0.04620314079941435,0.15511417272814876,0.04620314079941435,0.5196312389973429,0.022495887838229825,0.9376847290640395,0.044774097899933134,0.10157774893064628,0.013575467268198839,0.042019780344306944,0.0018895082688560282,0.9748432313340059,0.017567454746303036,0.8984222510693536,0.013575467268198853,0.13529411764705884,0.013010895420160897,0.08043352961681807,0.00360552556684395,69.6,9.289779329994875,615.6,9.396807968666808,1.8,1.3038404810405297,27.0,1.224744871391589,0.013312,0.00014197711083128867,0.013309999999999999,0.6029372184846445,False
W18,T06,0.6,0.1,0.2,0.7,0.7229116386714026,0.04096868875850002,0.15459169706274034,0.0544024672919515,0.15459169706274034,0.0544024672919515,0.6715297683562296,0.029441113721214475,0.7298029556650246,0.06410805339527383,0.6132565810474346,0.01350738703554583,0.07342041220381909,0.004705146394611522,0.9818212826104904,0.004311307332792998,0.38674341895256537,0.01350738703554584,0.6179271708683474,0.012023628028758927,0.13339672297484345,0.00864665728086695,420.2,9.06642156531451,265.0,9.380831519646854,7.8,1.9235384061671346,21.0,1.5811388300841898,0.06429599999999999,0.0006154916733799095,0.064294,0.6296869474349932,False
W18,T08,0.8,0.1,0.2,0.7,0.7229116386714026,0.04096868875850002,0.15459169706274034,0.0544024672919515,0.15459169706274034,0.0544024672919515,0.6710984825414111,0.03784054499180216,0.527832512315271,0.07478726492380032,0.8143644527675512,0.011005746125908595,0.1068750581454961,0.015259176842382309,0.9762174759183815,0.0037462810231505238,0.18563554723244877,0.01100574612590859,0.8028011204481793,0.010911793378589644,0.17767012390183673,0.024913712491190423,558.0,7.314369419163908,127.2,7.596051605933174,13.6,2.1908902300206643,15.2,2.1679483388678804,0.114838,0.0006768825599762526,0.114782,0.595868140495865,False
W18,T05,0.5,0.1,0.2,0.7,0.7229116386714026,0.04096868875850002,0.15459169706274034,0.0544024672919515,0.15459169706274034,0.0544024672919515,0.6702612752698792,0.03291775000389469,0.8270935960591134,0.07228130368285589,0.5134289544806452,0.006684340937357454,0.06657399465807552,0.0038435491914282196,0.9860671845496445,0.005682937679737675,0.48657104551935476,0.006684340937357445,0.5260504201680672,0.0037841053462482487,0.12322246577048288,0.0073751472897675835,351.8,4.43846820423443,333.4,4.7222875812470395,5.0,2.1213203435596424,23.8,1.7888543819998317,0.045306,0.00026721714016881496,0.045405,0.6429016622773656,False
W18,T07,0.7,0.1,0.2,0.7,0.7229116386714026,0.04096868875850002,0.15459169706274034,0.0544024672919515,0.15459169706274034,0.0544024672919515,0.6531564591605583,0.040170553622247515,0.6113300492610838,0.07324014942953937,0.6949828690600327,0.01600886232078634,0.07789608506633713,0.010807672975796084,0.9770032136488471,0.0045453291239373785,0.30501713093996724,0.016008862320786334,0.6915966386554622,0.01664252187956632,0.13814725890913243,0.01867846804010945,476.2,10.848963084092409,209.0,11.0227038425243,11.2,2.16794833886788,17.6,2.073644135332772,0.1,0.0,0.1,0.6055294652896752,False
W18,T09,0.85,0.1,0.2,0.7,0.7229116386714026,0.04096868875850002,0.15459169706274034,0.0544024672919515,0.15459169706274034,0.0544024672919515,0.6383228850131977,0.032313147285079745,0.41674876847290643,0.05492113786076347,0.859897001553489,0.016781100291071258,0.11252569758595228,0.02184561062362053,0.9722581707699381,0.002927301299298032,0.14010299844651103,0.01678110029107125,0.8420168067226891,0.017221765993209473,0.17691304277702316,0.03115522447786121,589.2,11.41052146047672,96.0,11.510864433221338,16.8,1.6431676725154984,12.0,1.5811388300841898,0.154223,0.00220544666677749,0.15445150000000002,0.57102513008295,False
W18,T04,0.4,0.1,0.2,0.7,0.7229116386714026,0.04096868875850002,0.15459169706274034,0.0544024672919515,0.15459169706274034,0.0544024672919515,0.6361330306096765,0.01543115606392106,0.8615763546798029,0.04122949656881961,0.41068970653955017,0.015017051071271716,0.05786408734691636,0.0013083812877673065,0.986081790616554,0.0039978571286771675,0.5893102934604498,0.01501705107127175,0.4288515406162465,0.013411781086693683,0.10843660436095862,0.0024760699851754226,281.4,10.139033484509257,403.8,10.52140675005011,4.0,1.224744871391589,24.8,0.8366600265340757,0.033608,0.000310193488003859,0.033626,0.6512838407407325,False
W18,T12,0.94,0.1,0.2,0.7,0.7229116386714026,0.04096868875850002,0.15459169706274034,0.0544024672919515,0.15459169706274034,0.0544024672919515,0.610051774404343,0.033343100080808305,0.27118226600985224,0.06370936170083098,0.9489212827988338,0.005732139293203783,0.18345589261472486,0.047500407442529084,0.9687130444438287,0.0029713716477251387,0.05107871720116618,0.00573213929320381,0.9215686274509803,0.007072482449833414,0.21848301498429373,0.05328245655617941,650.2,3.768288736283352,35.0,3.9370039370059056,21.0,2.0,7.8,1.7888543819998317,0.2201181999999997,0.003463683761546226,0.2202275999999998,0.5337963367575316,False
W18,T10,0.9,0.1,0.2,0.7,0.7229116386714026,0.04096868875850002,0.15459169706274034,0.0544024672919515,0.15459169706274034,0.0544024672919515,0.6069912617162935,0.03269983032536793,0.3263546798029557,0.05724945467571164,0.8876278436296312,0.011899288189644162,0.11011680391135095,0.026702177362917176,0.9690767162065559,0.0027936066500199664,0.11237215637036879,0.011899288189644145,0.864985994397759,0.012821056012712426,0.16444790454533578,0.03673637182248693,608.2,7.918333157931648,77.0,8.18535277187245,19.4,1.673320053068151,9.4,1.6733200530681511,0.2,0.0,0.2,0.5446704814234015,False
W18,T11,0.92,0.1,0.2,0.7,0.7229116386714026,0.04096868875850002,0.15459169706274034,0.0544024672919515,0.15459169706274034,0.0544024672919515,0.6069912617162935,0.03269983032536793,0.3263546798029557,0.05724945467571164,0.8876278436296312,0.011899288189644162,0.11011680391135095,0.026702177362917176,0.9690767162065559,0.0027936066500199664,0.11237215637036879,0.011899288189644145,0.864985994397759,0.012821056012712426,0.16444790454533578,0.03673637182248693,608.2,7.918333157931648,77.0,8.18535277187245,19.4,1.673320053068151,9.4,1.6733200530681511,0.2,0.0,0.2,0.5446704814234015,False
W18,T03,0.3,0.1,0.2,0.7,0.7229116386714026,0.04096868875850002,0.15459169706274034,0.0544024672919515,0.15459169706274034,0.0544024672919515,0.5989692927258998,0.02313034448130396,0.8894088669950738,0.05624992416699976,0.3085297184567257,0.013261094545639035,0.051246487439704946,0.0020448719169612363,0.9853253396886081,0.007227779771758691,0.6914702815432743,0.013261094545639028,0.33193277310924374,0.011378205048509758,0.09690403988859018,0.003938454023059945,211.4,8.96102672688794,473.8,9.391485505499118,3.2,1.6431676725154984,25.6,1.341640786499874,0.025095,0.00027150046040476687,0.025093999999999998,0.6574204455065266,False
W18,T13,0.95,0.1,0.2,0.7,0.7229116386714026,0.04096868875850002,0.15459169706274034,0.0544024672919515,0.15459169706274034,0.0544024672919515,0.5969421620721209,0.03462653874576998,0.23620689655172417,0.06666418941096967,0.9576774275925178,0.003409694900826166,0.19006339377856404,0.055062591491518466,0.9675623717949058,0.0029286332086047896,0.04232257240748229,0.003409694900826166,0.9285714285714286,0.00551401111625475,0.21051642801642806,0.06005574508668351,656.2,2.1679483388678804,29.0,2.3452078799117144,22.0,1.9999999999999998,6.8,1.9235384061671346,0.24673050000000002,0.00040771236797528004,0.24665599999999988,0.5204316628242367,False
W18,T14,0.96,0.1,0.2,0.7,0.7229116386714026,0.04096868875850002,0.15459169706274034,0.0544024672919515,0.15459169706274034,0.0544024672919515,0.5843940842670533,0.038717808481041845,0.20147783251231527,0.07499989888933302,0.9673103360217914,0.0047824571804301495,0.2061959706959707,0.07839016539014575,0.9664654573867548,0.0032157648523893985,0.03268966397820859,0.0047824571804301825,0.9364145658263305,0.0064638547670668265,0.20331882608421412,0.07589661747166726,662.8,3.0331501776206253,22.4,3.286335345030997,23.0,2.23606797749979,5.8,2.16794833886788,0.2861971999999996,0.0030230420440344394,0.2852711999999998,0.5027667360550417,False
W18,T15,0.97,0.1,0.2,0.7,0.7229116386714026,0.04096868875850002,0.15459169706274034,0.0544024672919515,0.15459169706274034,0.0544024672919515,0.5671064818721707,0.03851454203175145,0.15960591133004925,0.07524217334038434,0.974607052414292,0.005006739370403531,0.20852158266345908,0.09568295040238564,0.965032793278449,0.0030692675867869325,0.025392947585707905,0.005006739370403533,0.9417366946778711,0.006310297101439087,0.18008654466101276,0.08365147401786303,667.8,3.2710854467592214,17.4,3.4351128074635344,24.2,2.16794833886788,4.6,2.1908902300206647,0.33863399999999966,0.007643960851548229,0.34282369999999934,0.48100969077108013,False
W18,T16,0.98,0.1,0.2,0.7,0.7229116386714026,0.04096868875850002,0.15459169706274034,0.0544024672919515,0.15459169706274034,0.0544024672919515,0.5581518141038012,0.03747713844328595,0.13177339901477833,0.07443356274020481,0.9845302291928242,0.0043298503291090175,0.2600373482726424,0.11161360767420875,0.9642710972118568,0.0029455871090016262,0.015469770807175843,0.004329850329109008,0.9501400560224089,0.00529626621882046,0.17310146049028513,0.08949940458378472,674.6,2.966479394838274,10.6,2.9664793948382653,25.0,2.121320343559642,3.8,2.16794833886788,0.41812080000000024,0.0060871918566774,0.41660659999999994,0.462190861547002,False
W18,T02,0.2,0.1,0.2,0.7,0.7229116386714026,0.04096868875850002,0.15459169706274034,0.0544024672919515,0.15459169706274034,0.0544024672919515,0.5539095123864511,0.01715688060337397,0.9032019704433498,0.05077417589727592,0.20461705432955246,0.018399093041889285,0.04551613639950165,0.0011893909186628893,0.9810015894653696,0.008414399142725234,0.7953829456704475,0.01839909304188923,0.23277310924369748,0.01601177880899474,0.08666083375281876,0.0023650825637399637,140.2,12.557866060760485,545.0,12.806248474865697,2.8,1.4832396974191326,26.0,1.224744871391589,0.017632000000000002,0.00026013458055398816,0.017604,0.6628512911279573,False
W18,T17,0.99,0.1,0.2,0.7,0.7229116386714026,0.04096868875850002,0.15459169706274034,0.0544024672919515,0.15459169706274034,0.0544024672919515,0.5307883094268234,0.027668295692500292,0.06945812807881772,0.05453315443303895,0.9921184907748293,0.0031997417287953837,0.2533333333333333,0.20083160441856093,0.9620737681932588,0.0022803453315840974,0.007881509225170776,0.003199741728795378,0.9549019607843137,0.004362020028682788,0.10860801263278044,0.08539961544205892,679.8,2.3874672772626577,5.4,2.1908902300206643,26.8,1.6431676725154984,2.0,1.5811388300841898,0.5431620999999985,0.014856456695659492,0.5439265999999996,0.45672254107013366,False
W18,T01,0.1,0.1,0.2,0.7,0.7229116386714026,0.04096868875850002,0.15459169706274034,0.0544024672919515,0.15459169706274034,0.0544024672919515,0.5271115195206125,0.01948089697274537,0.9514778325123153,0.039212101145135805,0.1027452065289098,0.014486279517882441,0.04266938201166038,0.0017498160194835235,0.9807293314252717,0.015322666137137116,0.8972547934710903,0.014486279517882481,0.1369747899159664,0.013772571169680144,0.08167435241468715,0.0033255817681730627,70.4,9.914635646356349,614.8,10.009995004993742,1.4,1.140175425099138,27.4,1.1401754250991378,0.011462,0.00011611416795550867,0.01145,0.667343266867959,False
W21,T05,0.5,0.1,0.5,0.4,0.7228264053917463,0.043387001748806865,0.15332734919870503,0.059083803840231666,0.15332734919870503,0.059083803840231666,0.6843465623277825,0.01866211977227107,0.8546798029556649,0.04392254802986949,0.5140133216999,0.013404801780393053,0.06879366385549895,0.001668748750660646,0.9882627168119169,0.0034974095362563253,0.4859866783001,0.013404801780393041,0.5277310924369748,0.011941778009687501,0.12732755088818065,0.0032064251831705323,352.2,9.093954035511723,333.0,9.273618495495704,4.2,1.3038404810405297,24.6,0.8944271909999161,0.055857000000000004,0.00047085825892724927,0.055875,0.5328353863614915,False
W21,T06,0.6,0.1,0.5,0.4,0.7228264053917463,0.043387001748806865,0.15332734919870503,0.059083803840231666,0.15332734919870503,0.059083803840231666,0.6759781733699557,0.03469196882230982,0.7369458128078817,0.07746687202289078,0.6150105339320295,0.018233160585963252,0.0743808324695197,0.005625115031705018,0.9823632444697894,0.005134781602927945,0.38498946606797046,0.01823316058596322,0.6198879551820728,0.01613989948558872,0.13508748934162584,0.010289330889564997,421.4,12.280065146406997,263.8,12.637246535539303,7.6,2.3021728866442674,21.2,1.9235384061671343,0.07889,0.0013682835963352068,0.078742,0.5139307695575349,False
W21,T07,0.7,0.1,0.5,0.4,0.7228264053917463,0.043387001748806865,0.15332734919870503,0.059083803840231666,0.15332734919870503,0.059083803840231666,0.6663492348865043,0.05168493682416897,0.6674876847290641,0.10008004755620709,0.6652107850439446,0.013043633178447386,0.07730628379518886,0.011089086853922554,0.9793819063993338,0.006377068980455652,0.3347892149560554,0.01304363317844736,0.665266106442577,0.013900163334229141,0.13853826588640952,0.019815813427043878,455.8,8.786353054595523,229.4,9.016651263079881,9.6,2.9664793948382653,19.2,2.6832815729997477,0.1,0.0,0.1,0.49665534662781996,False
W21,T08,0.8,0.1,0.5,0.4,0.7228264053917463,0.043387001748806865,0.15332734919870503,0.059083803840231666,0.15332734919870503,0.059083803840231666,0.6635945180992104,0.037116286493790285,0.5142857142857142,0.06989173949807467,0.8129033219127066,0.016239339652003134,0.10399513338738182,0.014941716703296139,0.9754763735514299,0.003778567202181675,0.1870966780872933,0.01623933965200314,0.8008403361344538,0.016254948058772128,0.17286738189583067,0.024026207281221807,557.0,11.045361017187249,128.2,11.144505372604026,14.0,2.1213203435596424,14.8,1.9235384061671343,0.131612,0.001626443973827556,0.13185600000000003,0.47137727784652494,False
W21,T04,0.4,0.1,0.5,0.4,0.7228264053917463,0.043387001748806865,0.15332734919870503,0.059083803840231666,0.15332734919870503,0.059083803840231666,0.6355469609367604,0.020303723501194082,0.8615763546798029,0.04122949656881961,0.4095175671937179,0.013675781094299929,0.05776875297707743,0.001996043002489919,0.9859674621431658,0.004262192219852673,0.590482432806282,0.013675781094299937,0.42773109243697477,0.0129352939932984,0.10827221877862729,0.0037498953172268937,280.6,9.316651759081697,404.6,9.449867723941955,4.0,1.224744871391589,24.8,0.8366600265340757,0.042812,0.00022785960589801973,0.042806000000000004,0.5437765046137981,False
W21,T09,0.85,0.1,0.5,0.4,0.7228264053917463,0.043387001748806865,0.15332734919870503,0.059083803840231666,0.15332734919870503,0.059083803840231666,0.6320343844272454,0.035693016697590285,0.4027093596059113,0.051297205910488995,0.8613594092485796,0.021681117905811634,0.1116520307307105,0.029194419127514755,0.9716372844668539,0.002947642053193693,0.1386405907514205,0.021681117905811623,0.8428571428571429,0.0225703224180811,0.17437668873767817,0.04029110286665384,590.2,14.68672870315238,95.0,14.882876066137214,17.2,1.4832396974191329,11.6,1.51657508881031,0.174699,0.004777943006671385,0.1749420000000001,0.43855357334993855,False
W21,T03,0.3,0.1,0.5,0.4,0.7228264053917463,0.043387001748806865,0.15332734919870503,0.059083803840231666,0.15332734919870503,0.059083803840231666,0.5942097019311842,0.01695306444248486,0.882512315270936,0.05180910216174177,0.3059070885914324,0.022745051422112885,0.050694353114741776,0.0013181510854934834,0.9843925034135632,0.006496783122702253,0.6940929114085677,0.0227450514221129,0.3291316526610644,0.020416498231251058,0.09587184123704517,0.002533812128025864,209.6,15.469324484281788,475.6,15.883954167649815,3.4,1.51657508881031,25.4,1.1401754250991378,0.032678,0.00047913463661063165,0.032831,0.5521896484859165,False
W21,T10,0.9,0.1,0.5,0.4,0.7228264053917463,0.043387001748806865,0.15332734919870503,0.059083803840231666,0.15332734919870503,0.059083803840231666,0.5919699443547151,0.03180056728641339,0.2773399014778325,0.05223765730662386,0.9065999872315975,0.013465709422788033,0.11375806451612905,0.03328445847270971,0.9675822015411549,0.002341250928777636,0.09340001276840246,0.01346570942278802,0.881232492997199,0.014467183763156028,0.16094356459137563,0.04192276735450436,621.2,9.038805230781335,64.0,9.246621004453463,20.8,1.3038404810405302,8.0,1.5811388300841898,0.274763,0.005619026383636238,0.276852,0.3694070427563611,False
W21,T15,0.97,0.1,0.5,0.4,0.7228264053917463,0.043387001748806865,0.15332734919870503,0.059083803840231666,0.15332734919870503,0.059083803840231666,0.5747549420688775,0.04153258595923958,0.17315270935960592,0.08372391823257326,0.9763571747781491,0.00959541079233649,0.24149561403508774,0.09805006825931906,0.965655965343843,0.0031528927924249603,0.023642825221850995,0.00959541079233647,0.9439775910364145,0.009342902005690677,0.19771273953345805,0.08526264009349893,669.0,6.59545297913646,16.2,6.572670690061994,23.8,2.280350850198276,5.0,2.4494897427831783,0.3572429,0.004090066753733989,0.35371159999999996,0.3287351963337056,False
W21,T11,0.92,0.1,0.5,0.4,0.7228264053917463,0.043387001748806865,0.15332734919870503,0.059083803840231666,0.15332734919870503,0.059083803840231666,0.5724790917409717,0.048908180057739725,0.22142857142857145,0.08872295897754907,0.923529612053372,0.013091498383396424,0.1124674920850294,0.05276791150285331,0.9657947053269391,0.0036951832525579046,0.07647038794662808,0.01309149838339646,0.8952380952380953,0.014868383223630509,0.14866473902257976,0.06592895483424469,632.8,8.75785361832452,52.4,8.988882021697693,22.4,2.302172886644268,6.4,2.6076809620810595,0.34842719999999994,0.0035168877150117328,0.35,0.3304035915876218,False
W21,T12,0.94,0.1,0.5,0.4,0.7228264053917463,0.043387001748806865,0.15332734919870503,0.059083803840231666,0.15332734919870503,0.059083803840231666,0.5724790917409717,0.048908180057739725,0.22142857142857145,0.08872295897754907,0.923529612053372,0.013091498383396424,0.1124674920850294,0.05276791150285331,0.9657947053269391,0.0036951832525579046,0.07647038794662808,0.01309149838339646,0.8952380952380953,0.014868383223630509,0.14866473902257976,0.06592895483424469,632.8,8.75785361832452,52.4,8.988882021697693,22.4,2.302172886644268,6.4,2.6076809620810595,0.35,0.0,0.35,0.3304035915876218,False
W21,T13,0.95,0.1,0.5,0.4,0.7228264053917463,0.043387001748806865,0.15332734919870503,0.059083803840231666,0.15332734919870503,0.059083803840231666,0.5724790917409717,0.048908180057739725,0.22142857142857145,0.08872295897754907,0.923529612053372,0.013091498383396424,0.1124674920850294,0.05276791150285331,0.9657947053269391,0.0036951832525579046,0.07647038794662808,0.01309149838339646,0.8952380952380953,0.014868383223630509,0.14866473902257976,0.06592895483424469,632.8,8.75785361832452,52.4,8.988882021697693,22.4,2.302172886644268,6.4,2.6076809620810595,0.35,0.0,0.35,0.3304035915876218,False
W21,T14,0.96,0.1,0.5,0.4,0.7228264053917463,0.043387001748806865,0.15332734919870503,0.059083803840231666,0.15332734919870503,0.059083803840231666,0.5724790917409717,0.048908180057739725,0.22142857142857145,0.08872295897754907,0.923529612053372,0.013091498383396424,0.1124674920850294,0.05276791150285331,0.9657947053269391,0.0036951832525579046,0.07647038794662808,0.01309149838339646,0.8952380952380953,0.014868383223630509,0.14866473902257976,0.06592895483424469,632.8,8.75785361832452,52.4,8.988882021697693,22.4,2.302172886644268,6.4,2.6076809620810595,0.35,0.0,0.35,0.3304035915876218,False
W21,T16,0.98,0.1,0.5,0.4,0.7228264053917463,0.043387001748806865,0.15332734919870503,0.059083803840231666,0.15332734919870503,0.059083803840231666,0.5611629849883213,0.031981001778534225,0.13866995073891625,0.06403704050186669,0.9836560192377263,0.007175379319339356,0.27809523809523806,0.1285880843610999,0.9645165925315412,0.002438270166175578,0.016343980762273627,0.007175379319339382,0.9495798319327731,0.006932419423397545,0.18027950827756076,0.07693890913483749,674.0,4.743416490252569,11.2,4.919349550499538,24.8,1.7888543819998322,4.0,1.8708286933869707,0.40739000000000025,0.011069783015037011,0.406872,0.3087707203055367,False
W21,T02,0.2,0.1,0.5,0.4,0.7228264053917463,0.043387001748806865,0.15332734919870503,0.059083803840231666,0.15332734919870503,0.059083803840231666,0.5537641654051143,0.018404407312538215,0.9032019704433498,0.05077417589727592,0.20432636036687873,0.016016751486555354,0.045503434055134656,0.0014374359741184414,0.9809393598118099,0.00875573632730288,0.7956736396331212,0.0160167514865553,0.23249299719887953,0.013900163334229153,0.08663799840532184,0.002801793434429117,140.0,10.908712114635716,545.2,11.256109452204173,2.8,1.4832396974191326,26.0,1.224744871391589,0.023858,0.00023080294625502532,0.023866000000000005,0.5597947117381514,False
W21,T17,0.99,0.1,0.5,0.4,0.7228264053917463,0.043387001748806865,0.15332734919870503,0.059083803840231666,0.15332734919870503,0.059083803840231666,0.5449967491940864,0.03795584891182083,0.09729064039408866,0.07486023603659671,0.992702857994084,0.0027311409240710484,0.335,0.23953079134006966,0.9631881328364391,0.00309151467574496,0.007297142005916027,0.0027311409240710323,0.9565826330532212,0.004749530800507931,0.14967032967032967,0.11219786797159992,680.2,1.9235384061671463,5.0,1.8708286933869707,26.0,2.23606797749979,2.8,2.16794833886788,0.5015649999999995,0.0030875202428488264,0.5033685,0.29441107337573086,False
W21,T01,0.1,0.1,0.5,0.4,0.7228264053917463,0.043387001748806865,0.15332734919870503,0.059083803840231666,0.15332734919870503,0.059083803840231666,0.5127331976262512,0.03132879476906393,0.9238916256157635,0.06613885270124989,0.10157476963673895,0.01573133165591782,0.04140872600057824,0.0025246362602141972,0.9699012236347425,0.024355066011250648,0.898425230363261,0.01573133165591789,0.134733893557423,0.01429669485173652,0.07926352736406865,0.004860374868788538,69.6,10.784247771634332,615.6,10.714476188783104,2.2,1.9235384061671343,26.6,1.8165902124584952,0.017137,0.00016403505722863086,0.017148,0.5655197496445195,False
W22,T05,0.5,0.1,0.6,0.3,0.7228037679471795,0.043207385557446666,0.14502856444471585,0.05394373907508871,0.14502856444471585,0.05394373907508871,0.6846391715508252,0.016968277395187092,0.8546798029556649,0.04392254802986949,0.5145985401459854,0.014097232055348885,0.06886520100867788,0.0011684508145949617,0.9882921763749304,0.003443020342643922,0.48540145985401456,0.014097232055348867,0.5282913165266107,0.012305816603074938,0.12744825472065985,0.002340162330620863,352.6,9.528903399657276,332.6,9.787747442593725,4.2,1.3038404810405297,24.6,0.8944271909999161,0.059486,0.00044695357700772555,0.05942,0.5663722007072733,False
W22,T06,0.6,0.1,0.6,0.3,0.7228037679471795,0.043207385557446666,0.14502856444471585,0.05394373907508871,0.14502856444471585,0.05394373907508871,0.6781127934255936,0.03050374168597796,0.7438423645320198,0.06949131024465953,0.6123832223191675,0.019019884954254114,0.07457874109914615,0.004778336259735345,0.9827413792977922,0.004625548848837958,0.38761677768083247,0.019019884954254038,0.6176470588235294,0.01695198660631682,0.13552941598352045,0.008713648226588645,419.6,12.837445228704969,265.6,13.164345787011216,7.4,2.073644135332772,21.4,1.673320053068151,0.083008,0.001093924128996155,0.083268,0.5480258143171725,False
W22,T07,0.7,0.1,0.6,0.3,0.7228037679471795,0.043207385557446666,0.14502856444471585,0.05394373907508871,0.14502856444471585,0.05394373907508871,0.6712957947193117,0.04652080663837587,0.6881773399014779,0.0924482379325754,0.6544142495371454,0.01653183223660442,0.07723998067309695,0.009992478568918328,0.9803525019908879,0.005875774967238604,0.3455857504628546,0.016531832236604448,0.6557422969187675,0.01616418828711886,0.13885343931646232,0.017807877423620708,448.4,11.104053313993054,236.8,11.454256850621084,9.0,2.7386127875258306,19.8,2.489979919597747,0.1,0.0,0.1,0.5354126757315333,False
W22,T08,0.8,0.1,0.6,0.3,0.7228037679471795,0.043207385557446666,0.14502856444471585,0.05394373907508871,0.14502856444471585,0.05394373907508871,0.6591469643123151,0.036388231668703044,0.5071428571428571,0.06418371388146489,0.8111510714817731,0.017942387379129506,0.10210757011168752,0.015685975334106674,0.9750667504033801,0.0035836180090411452,0.18884892851822688,0.01794238737912948,0.7988795518207283,0.018330759930920298,0.1698543872930125,0.024892377429676205,555.8,12.255610959882835,129.4,12.300406497347963,14.2,1.9235384061671343,14.6,1.8165902124584952,0.13569599999999998,0.0017840487661496267,0.13592,0.5091374860820994,False
W22,T04,0.4,0.1,0.6,0.3,0.7228037679471795,0.043207385557446666,0.14502856444471585,0.05394373907508871,0.14502856444471585,0.05394373907508871,0.6437349741953522,0.02582234445503304,0.875615763546798,0.057222956430980014,0.41185418484390623,0.015056291703943148,0.05884702756838186,0.002479673911072705,0.9874941045560739,0.005699407643017504,0.5881458151560938,0.015056291703943129,0.43053221288515403,0.013600586427238342,0.11027504778389856,0.004735979509541196,282.2,10.232301793829187,403.0,10.440306508910549,3.6,1.6733200530681511,25.2,1.3038404810405297,0.04532799999999999,0.0003288920795641005,0.045364,0.5773739047012776,False
W22,T09,0.85,0.1,0.6,0.3,0.7228037679471795,0.043207385557446666,0.14502856444471585,0.05394373907508871,0.14502856444471585,0.05394373907508871,0.6212735821019286,0.03661969340757505,0.38177339901477836,0.058182324192205495,0.8607737651890787,0.018392651705854166,0.10535393070276519,0.026933004092446578,0.9706695821420543,0.0030598664191971987,0.13922623481092122,0.018392651705854177,0.8414565826330532,0.01941683677941,0.16485095860057078,0.03826315554787602,589.8,12.477980605851267,95.4,12.621410380777581,17.8,1.6431676725154984,11.0,1.7320508075688772,0.1809245,0.0040633392979174164,0.17997300000000005,0.47862721826385923,False
W22,T10,0.9,0.1,0.6,0.3,0.7228037679471795,0.043207385557446666,0.14502856444471585,0.05394373907508871,0.14502856444471585,0.05394373907508871,0.5958553251943328,0.03262233247493911,0.28423645320197044,0.059461209367512945,0.9074741971866953,0.012732904696723349,0.1162529298657126,0.030590516760423868,0.9679245993996457,0.002468780450735565,0.09252580281330466,0.012732904696723352,0.8823529411764707,0.013138419495303753,0.1646011217725861,0.039827341788357985,621.8,8.613942186943207,63.4,8.73498712076898,20.6,1.5165750888103107,8.2,1.7888543819998317,0.280408,0.01081576546065973,0.278111,0.41940608204340574,False
W22,T03,0.3,0.1,0.6,0.3,0.7228037679471795,0.043207385557446666,0.14502856444471585,0.05394373907508871,0.14502856444471585,0.05394373907508871,0.5907610004556998,0.01984050980799346,0.875615763546798,0.057222956430980014,0.3059062373646017,0.022164513080170017,0.0503063946541177,0.0015223363490072359,0.9834964875657771,0.0071745528433618064,0.6940937626353982,0.022164513080170006,0.3288515406162465,0.01966777555354842,0.09513757478108117,0.0029665399730332206,209.6,15.076471735787521,475.6,15.469324484281788,3.6,1.6733200530681511,25.2,1.3038404810405297,0.03471,0.0004510127492654723,0.034706,0.5858030725166948,False
W22,T11,0.92,0.1,0.6,0.3,0.7228037679471795,0.043207385557446666,0.14502856444471585,0.05394373907508871,0.14502856444471585,0.05394373907508871,0.5701986990905816,0.04109315773887968,0.2145320197044335,0.0733994280412871,0.9258653784767296,0.01577372653621603,0.11344606554647538,0.0477877390323598,0.9655856242696803,0.0029557859486686764,0.07413462152327041,0.01577372653621605,0.8971988795518208,0.0164707311489827,0.14743109048391542,0.057046871155703914,634.4,10.597169433391173,50.8,10.825894882179487,22.6,1.8165902124584954,6.2,2.16794833886788,0.36373999999999984,0.01655227343901732,0.3620032,0.38171959622770213,False
W22,T16,0.98,0.1,0.6,0.3,0.7228037679471795,0.043207385557446666,0.14502856444471585,0.05394373907508871,0.14502856444471585,0.05394373907508871,0.5582982251186764,0.03267673982630074,0.1317733990147783,0.0659643435509462,0.9848230512225745,0.006154879611687689,0.27785087719298246,0.12204111014562154,0.964282703548505,0.002545889600204284,0.015176948777425463,0.006154879611687705,0.9504201680672268,0.005908970058747627,0.17429587023651974,0.07659612076088439,674.8,4.086563348340501,10.4,4.219004621945797,25.0,1.8708286933869709,3.8,1.9235384061671346,0.4183620000000001,0.006970536134329849,0.4180483999999997,0.36521609777850705,False
W22,T12,0.94,0.1,0.6,0.3,0.7228037679471795,0.043207385557446666,0.14502856444471585,0.05394373907508871,0.14502856444471585,0.05394373907508871,0.558156782039701,0.0363469329106726,0.18694581280788178,0.06143086259904063,0.92936775127152,0.0136865186337522,0.10525108722240657,0.04665550503706139,0.9645366871448017,0.0026089389299476617,0.07063224872847992,0.013686518633752231,0.8994397759103642,0.014868383223630502,0.13402738246886436,0.05361094522836629,636.8,9.148770409186127,48.4,9.396807968666806,23.4,1.5165750888103102,5.4,1.816590212458495,0.4,0.0,0.4,0.36968464038150134,False
W22,T13,0.95,0.1,0.6,0.3,0.7228037679471795,0.043207385557446666,0.14502856444471585,0.05394373907508871,0.14502856444471585,0.05394373907508871,0.558156782039701,0.0363469329106726,0.18694581280788178,0.06143086259904063,0.92936775127152,0.0136865186337522,0.10525108722240657,0.04665550503706139,0.9645366871448017,0.0026089389299476617,0.07063224872847992,0.013686518633752231,0.8994397759103642,0.014868383223630502,0.13402738246886436,0.05361094522836629,636.8,9.148770409186127,48.4,9.396807968666806,23.4,1.5165750888103102,5.4,1.816590212458495,0.4,0.0,0.4,0.36968464038150134,False
W22,T14,0.96,0.1,0.6,0.3,0.7228037679471795,0.043207385557446666,0.14502856444471585,0.05394373907508871,0.14502856444471585,0.05394373907508871,0.558156782039701,0.0363469329106726,0.18694581280788178,0.06143086259904063,0.92936775127152,0.0136865186337522,0.10525108722240657,0.04665550503706139,0.9645366871448017,0.0026089389299476617,0.07063224872847992,0.013686518633752231,0.8994397759103642,0.014868383223630502,0.13402738246886436,0.05361094522836629,636.8,9.148770409186127,48.4,9.396807968666806,23.4,1.5165750888103102,5.4,1.816590212458495,0.4,0.0,0.4,0.36968464038150134,False
W22,T02,0.2,0.1,0.6,0.3,0.7228037679471795,0.043207385557446666,0.14502856444471585,0.05394373907508871,0.14502856444471585,0.05394373907508871,0.5577963828730226,0.022274326041729835,0.9100985221674878,0.05740818729461416,0.2054942435785576,0.016813446440911387,0.045899508640992834,0.0019662887257465094,0.9824665000122682,0.010037101818469289,0.7945057564214424,0.01681344644091131,0.23389355742296916,0.014655776986313984,0.08738749367313663,0.0037904605454375517,140.8,11.45425685062108,544.4,11.802542099056453,2.6,1.6733200530681511,26.2,1.4832396974191324,0.025644,0.0003423886680367778,0.025582,0.5930760255296111,False
W22,T15,0.97,0.1,0.6,0.3,0.7228037679471795,0.043207385557446666,0.14502856444471585,0.05394373907508871,0.14502856444471585,0.05394373907508871,0.5550558507535193,0.034953893848361436,0.17315270935960592,0.06353772799670088,0.9369589921474326,0.028610001827894232,0.13382251579383514,0.09457544942730685,0.9642390680971827,0.0025157443962281925,0.06304100785256751,0.028610001827894253,0.9061624649859944,0.027355777289390194,0.1374338678930373,0.05683404252150943,642.0,19.42935922772545,43.2,19.613770672667712,23.8,1.6431676725154984,5.0,1.8708286933869707,0.4004302,0.0009619564439203969,0.4,0.36968464038150134,False
W22,T17,0.99,0.1,0.6,0.3,0.7228037679471795,0.043207385557446666,0.14502856444471585,0.05394373907508871,0.14502856444471585,0.05394373907508871,0.544996962000794,0.036853363504625335,0.09729064039408866,0.07486023603659671,0.9927032836074993,0.0027294359689160512,0.31111111111111106,0.2100852266798782,0.9631933630160656,0.003009835982117459,0.007296716392500692,0.002729435968916066,0.9565826330532212,0.00297103689574183,0.14630736366294775,0.10653488477543059,680.2,1.7888543819998426,5.0,1.8708286933869707,26.0,2.23606797749979,2.8,2.16794833886788,0.5020145999999993,0.006279048200166242,0.5028395999999998,0.35591402987541804,False
W22,T01,0.1,0.1,0.6,0.3,0.7228037679471795,0.043207385557446666,0.14502856444471585,0.05394373907508871,0.14502856444471585,0.05394373907508871,0.5122952414218717,0.0304619420030612,0.9238916256157635,0.06613885270124989,0.10069885722797982,0.014137948407230932,0.04136522087501865,0.002433532647156544,0.9701365594843855,0.02393718376180372,0.8993011427720201,0.014137948407230946,0.1338935574229692,0.012393177482145063,0.07918397660617085,0.004695970734935077,69.0,9.695359714832659,616.2,9.602083107326253,2.2,1.9235384061671343,26.6,1.8165902124584952,0.018807,0.0001774683070297323,0.01878,0.5985310532745982,False
W24,T06,0.6,0.1,0.8,0.1,0.7226545613545324,0.044092832482218236,0.13482570628042226,0.05379765901257596,0.13482570628042226,0.05379765901257596,0.6792808894439801,0.029801727717168387,0.7438423645320198,0.06949131024465953,0.6147194143559405,0.02132558105062504,0.07501418781660174,0.0047994104499491826,0.9828145608150083,0.004574545138047142,0.3852805856440595,0.02132558105062503,0.6198879551820728,0.019065118012308827,0.13624100863873626,0.008670798568318667,421.2,14.411800720243116,264.0,14.747881203752623,7.4,2.073644135332772,21.4,1.673320053068151,0.09189800000000001,0.0013441614486362898,0.09228000000000001,0.7020703182260307,False
W24,T07,0.7,0.1,0.8,0.1,0.7226545613545324,0.044092832482218236,0.13482570628042226,0.05379765901257596,0.13482570628042226,0.05379765901257596,0.6777458779707632,0.048953878350819005,0.716256157635468,0.09996480731898753,0.6392355983060586,0.01763361852903684,0.07695575299265424,0.009332067358789884,0.9816775816291534,0.006509370304978922,0.3607644016939414,0.017633618529036832,0.6422969187675069,0.01664841408080583,0.13893921651592725,0.016838827535560687,438.0,11.895377253370324,247.2,12.194260945215172,8.2,2.9495762407505253,20.6,2.6076809620810595,0.1,0.0,0.1,0.6976153190218806,False
W24,T05,0.5,0.1,0.8,0.1,0.7226545613545324,0.044092832482218236,0.13482570628042226,0.05379765901257596,0.13482570628042226,0.05379765901257596,0.6773274963144079,0.015419429913368575,0.84064039408867,0.03803405496762988,0.5140145985401461,0.019092859107552405,0.06778426553775116,0.002171846048301882,0.9871555940646187,0.0029501106301641784,0.48598540145985397,0.01909285910755242,0.527170868347339,0.01753778805882188,0.12543705576136605,0.003845376631159303,352.2,12.988456413292536,333.0,13.171939872319491,4.6,1.140175425099138,24.2,0.8366600265340753,0.066099,0.000745204669872649,0.06604000000000002,0.717626932977017,False
W24,T08,0.8,0.1,0.8,0.1,0.7226545613545324,0.044092832482218236,0.13482570628042226,0.05379765901257596,0.13482570628042226,0.05379765901257596,0.6567216502940034,0.023187507966508997,0.5002463054187192,0.03479363734421647,0.8131969951692877,0.018063844992613765,0.10195980257300541,0.013377730521486443,0.9747890215556518,0.002237543186363376,0.18680300483071227,0.01806384499261375,0.8005602240896359,0.018006869411344738,0.16922565621642566,0.01986028398393556,557.2,12.23519513534623,128.0,12.40967364599086,14.4,1.1401754250991378,14.4,0.8944271909999157,0.142986,0.002125107056126819,0.142926,0.6739205997816063,False
W24,T04,0.4,0.1,0.8,0.1,0.7226545613545324,0.044092832482218236,0.13482570628042226,0.05379765901257596,0.13482570628042226,0.05379765901257596,0.6395588993930605,0.020888001043185073,0.8687192118226601,0.05613656592046072,0.4103985869634611,0.01794131726960053,0.05825852872184669,0.001462013819221454,0.9868438165879084,0.0054643387224909854,0.5896014130365389,0.017941317269600524,0.4288515406162465,0.015577101079438969,0.10918340821637099,0.0029226248164981017,281.2,12.153188881935472,404.0,12.509996003196804,3.8,1.6431676725154984,25.0,1.224744871391589,0.050454,0.0004005371393516453,0.05041600000000001,0.7271814810554516,False
W24,T09,0.85,0.1,0.8,0.1,0.7226545613545324,0.044092832482218236,0.13482570628042226,0.05379765901257596,0.13482570628042226,0.05379765901257596,0.6274182253534976,0.03600795600073289,0.3958128078817734,0.06218663098262759,0.8590236428252218,0.012599968372962539,0.10658426034742219,0.022808176350368303,0.9712691723162552,0.003181449782965944,0.14097635717477813,0.012599968372962555,0.8403361344537815,0.013900163334229176,0.16780355397990984,0.03367725411420546,588.6,8.384509526501832,96.6,8.677557259966653,17.4,1.8165902124584947,11.4,1.8165902124584947,0.189178,0.0026663056135784306,0.1892755,0.6505511880200129,False
W24,T10,0.9,0.1,0.8,0.1,0.7226545613545324,0.044092832482218236,0.13482570628042226,0.05379765901257596,0.13482570628042226,0.05379765901257596,0.596024143287893,0.04268648434119809,0.28399014778325127,0.08028385480788437,0.9080581387925347,0.016403339089551043,0.11743258903154889,0.03900707679664342,0.9679454147339701,0.0032579190716393916,0.09194186120746525,0.01640333908955107,0.8829131652661065,0.016589397893373728,0.16547797218509303,0.05159318825228779,622.2,11.144505372604016,63.0,11.247221879201993,20.6,2.0736441353327724,8.2,2.3874672772626644,0.294388,0.01431257165920925,0.29412399999999994,0.6074965520149066,False
W24,T03,0.3,0.1,0.8,0.1,0.7226545613545324,0.044092832482218236,0.13482570628042226,0.05379765901257596,0.13482570628042226,0.05379765901257596,0.5917826854592112,0.02019727916622771,0.875615763546798,0.057222956430980014,0.30794960737162436,0.02042679562878446,0.0504457962565613,0.0015861819146289825,0.983592182389326,0.007180626434804779,0.6920503926283756,0.020426795628784467,0.330812324929972,0.018001421863372148,0.09538737871344952,0.0030890228439811418,211.0,13.874436925511606,474.2,14.307340773183533,3.6,1.6733200530681511,25.2,1.3038404810405297,0.03873,0.0004408372715640066,0.038678000000000004,0.7344965085131447,False
W24,T11,0.92,0.1,0.8,0.1,0.7226545613545324,0.044092832482218236,0.13482570628042226,0.05379765901257596,0.13482570628042226,0.05379765901257596,0.562572433165852,0.04258900569754925,0.20073891625615764,0.07357279325735885,0.9244059500755464,0.015327820683513259,0.1057821242640977,0.05031124833044324,0.9649369324025073,0.003146332728975671,0.07559404992445362,0.01532782068351324,0.8952380952380953,0.01667196206157198,0.13784559511052302,0.06010337031019158,633.4,10.285912696499043,51.8,10.521406750050108,23.0,1.8708286933869707,5.8,2.16794833886788,0.3949011999999999,0.012942656728817357,0.396992,0.580756215117841,False
W24,T02,0.2,0.1,0.8,0.1,0.7226545613545324,0.044092832482218236,0.13482570628042226,0.05379765901257596,0.13482570628042226,0.05379765901257596,0.5575046248768106,0.024970477412714503,0.9100985221674878,0.05740818729461416,0.20491072758613355,0.016373077969989148,0.04587874301608564,0.0023105674157918176,0.9822470857152362,0.010415832412335013,0.7950892724138665,0.01637307796998911,0.23333333333333334,0.014907909345361537,0.08734995830677875,0.004409797636242731,140.4,11.148990985734988,544.8,11.51954860226735,2.6,1.6733200530681511,26.2,1.4832396974191324,0.029064,0.00025967287112826925,0.029006000000000004,0.7406095336747969,False
W24,T12,0.94,0.1,0.8,0.1,0.7226545613545324,0.044092832482218236,0.13482570628042226,0.05379765901257596,0.13482570628042226,0.05379765901257596,0.5451705352235461,0.037921045285810556,0.1522167487684729,0.06646596334613902,0.9381243216786194,0.011302070682605376,0.09852623437515902,0.05098263577536771,0.9634147788212244,0.002738361055438973,0.06187567832138069,0.011302070682605395,0.9064425770308123,0.012736630301837104,0.11919680379933913,0.05780505404925914,642.8,7.463243262818127,42.4,7.76530746332687,24.4,1.6733200530681507,4.4,1.9493588689617927,0.5,0.0,0.5,0.5715480148981362,False
W24,T13,0.95,0.1,0.8,0.1,0.7226545613545324,0.044092832482218236,0.13482570628042226,0.05379765901257596,0.13482570628042226,0.05379765901257596,0.5451705352235461,0.037921045285810556,0.1522167487684729,0.06646596334613902,0.9381243216786194,0.011302070682605376,0.09852623437515902,0.05098263577536771,0.9634147788212244,0.002738361055438973,0.06187567832138069,0.011302070682605395,0.9064425770308123,0.012736630301837104,0.11919680379933913,0.05780505404925914,642.8,7.463243262818127,42.4,7.76530746332687,24.4,1.6733200530681507,4.4,1.9493588689617927,0.5,0.0,0.5,0.5715480148981362,False
W24,T14,0.96,0.1,0.8,0.1,0.7226545613545324,0.044092832482218236,0.13482570628042226,0.05379765901257596,0.13482570628042226,0.05379765901257596,0.5451705352235461,0.037921045285810556,0.1522167487684729,0.06646596334613902,0.9381243216786194,0.011302070682605376,0.09852623437515902,0.05098263577536771,0.9634147788212244,0.002738361055438973,0.06187567832138069,0.011302070682605395,0.9064425770308123,0.012736630301837104,0.11919680379933913,0.05780505404925914,642.8,7.463243262818127,42.4,7.76530746332687,24.4,1.6733200530681507,4.4,1.9493588689617927,0.5,0.0,0.5,0.5715480148981362,False
W24,T15,0.97,0.1,0.8,0.1,0.7226545613545324,0.044092832482218236,0.13482570628042226,0.05379765901257596,0.13482570628042226,0.05379765901257596,0.5451705352235461,0.037921045285810556,0.1522167487684729,0.06646596334613902,0.9381243216786194,0.011302070682605376,0.09852623437515902,0.05098263577536771,0.9634147788212244,0.002738361055438973,0.06187567832138069,0.011302070682605395,0.9064425770308123,0.012736630301837104,0.11919680379933913,0.05780505404925914,642.8,7.463243262818127,42.4,7.76530746332687,24.4,1.6733200530681507,4.4,1.9493588689617927,0.5,0.0,0.5,0.5715480148981362,False
W24,T16,0.98,0.1,0.8,0.1,0.7226545613545324,0.044092832482218236,0.13482570628042226,0.05379765901257596,0.13482570628042226,0.05379765901257596,0.5420696039373644,0.03680614243861421,0.13842364532019705,0.06835585558348438,0.9457155625545317,0.025997709552773522,0.1322104449014748,0.10514630617305083,0.963129006900837,0.0026709078174341583,0.05428443744546828,0.025997709552773522,0.9131652661064426,0.024877198415030267,0.12011528829991318,0.05843508704311752,648.0,17.621010186706087,37.2,17.82414093301554,24.8,1.7888543819998317,4.0,2.0,0.5000936,0.00020929596269398895,0.5,0.5715480148981362,False
W24,T17,0.99,0.1,0.8,0.1,0.7226545613545324,0.044092832482218236,0.13482570628042226,0.05379765901257596,0.13482570628042226,0.05379765901257596,0.5379770447605888,0.028804780865826277,0.0832512315270936,0.05756384754725986,0.992702857994084,0.002308236773642619,0.3130519480519481,0.1611378388318216,0.9626420056526543,0.002288919398607402,0.007297142005916027,0.0023082367736426217,0.9560224089635854,0.0032243317740116165,0.1297183738360209,0.08245717890314906,680.2,1.64316767251551,5.0,1.5811388300841898,26.4,1.6733200530681516,2.4,1.6733200530681511,0.5246460999999994,0.00533319377109055,0.5246413,0.5720789517188078,False
W24,T01,0.1,0.1,0.8,0.1,0.7226545613545324,0.044092832482218236,0.13482570628042226,0.05379765901257596,0.13482570628042226,0.05379765901257596,0.5157443685107713,0.02415869431052831,0.9307881773399014,0.054329749781097524,0.10070055968164118,0.013811023216317626,0.041668369268404566,0.0019153778903583801,0.9728999543118864,0.020791721258588077,0.8992994403183587,0.013811023216317662,0.1341736694677871,0.012185678842664539,0.07976448975009329,0.003696533247383268,69.0,9.460443964212251,616.2,9.47100839404127,2.0,1.5811388300841898,26.8,1.4832396974191324,0.022340000000000002,0.00019560802642018668,0.022279,0.7449056901212395,False
W20,T05,0.5,0.1,0.4,0.5,0.7212810452750987,0.04188711359656126,0.1589222096458926,0.053786118244457864,0.1589222096458926,0.053786118244457864,0.6810438462537581,0.022111621897121292,0.8477832512315271,0.05132380851409194,0.514304441275989,0.011351949412839697,0.06828929032321436,0.001987674596392048,0.9877251646000615,0.004043617282150903,0.485695558724011,0.01135194941283967,0.5277310924369748,0.009622164726788576,0.12638879589620133,0.0039370051062161335,352.4,7.700649323271381,332.8,7.854934754662193,4.4,1.51657508881031,24.4,1.1401754250991378,0.052254,0.0002568413907453368,0.052270000000000004,0.5358437143738835,False
W20,T06,0.6,0.1,0.4,0.5,0.7212810452750987,0.04188711359656126,0.1589222096458926,0.053786118244457864,0.1589222096458926,0.053786118244457864,0.670924909318659,0.035405216402045955,0.7300492610837439,0.08037259444143079,0.6118005575535741,0.01888611432023275,0.07314801883100171,0.005512734190512974,0.9818257959706191,0.005332454868081263,0.3881994424464259,0.01888611432023277,0.6165266106442576,0.016524236642860034,0.1329354261606184,0.01015807419603548,419.2,12.716131487209468,266.0,13.095800853708795,7.8,2.3874672772626644,21.0,2.0,0.07426,0.0011948221624995135,0.07445800000000001,0.5174478979549535,False
W20,T08,0.8,0.1,0.4,0.5,0.7212810452750987,0.04188711359656126,0.1589222096458926,0.053786118244457864,0.1589222096458926,0.053786118244457864,0.6706372680315159,0.03846005170574218,0.5280788177339901,0.0689127172969992,0.8131957183290417,0.016316546447751542,0.10689591836734694,0.0176977576974122,0.9761569656620772,0.003778021717818963,0.18680428167095825,0.016316546447751525,0.8016806722689076,0.0169404113324466,0.17764758475753653,0.027707317217231537,557.2,11.077003204838404,128.0,11.202678251204038,13.6,2.0736441353327724,15.2,1.9235384061671346,0.125448,0.0014477465247756689,0.125772,0.4761438115926742,False
W20,T07,0.7,0.1,0.4,0.5,0.7212810452750987,0.04188711359656126,0.1589222096458926,0.053786118244457864,0.1589222096458926,0.053786118244457864,0.6571254290073154,0.04848837880350165,0.6394088669950738,0.09105974954840472,0.6748419910195569,0.011558453269734509,0.07640108540561888,0.01117023045826386,0.9779915348517608,0.005794304834119131,0.32515800898044306,0.011558453269734472,0.673389355742297,0.01322769630601414,0.13647414641779676,0.019797740508497842,462.4,7.797435475847172,222.8,7.981227975693969,10.4,2.701851217221259,18.4,2.5099800796022262,0.1,0.0,0.1,0.4966551452809082,False
W20,T09,0.85,0.1,0.4,0.5,0.7212810452750987,0.04188711359656126,0.1589222096458926,0.053786118244457864,0.1589222096458926,0.053786118244457864,0.6392224813408877,0.0348278488950844,0.4165024630541872,0.05268575964465511,0.8619424996275882,0.01855271527380231,0.11474851220213558,0.026590443203426812,0.9723043915735312,0.0028763878595077924,0.13805750037241174,0.01855271527380231,0.8439775910364146,0.019597836582310204,0.17959886843576683,0.0373387674571075,590.6,12.541929676090518,94.6,12.739701723352864,16.8,1.4832396974191329,12.0,1.5811388300841898,0.1693415,0.0035587096502805653,0.16868450000000001,0.4432113422220262,False
W20,T04,0.4,0.1,0.4,0.5,0.7212810452750987,0.04188711359656126,0.1589222096458926,0.053786118244457864,0.1589222096458926,0.053786118244457864,0.6364237245723502,0.017794771835007068,0.8615763546798029,0.04122949656881961,0.41127109446489757,0.012141764762192454,0.057918423051256294,0.0015846167026178845,0.9860653155795365,0.004118509265116642,0.5887289055351025,0.012141764762192473,0.4294117647058823,0.010965590549615326,0.10853430431771201,0.0030142193729599796,281.8,8.19756061276768,403.4,8.50294066779253,4.0,1.224744871391589,24.8,0.8366600265340757,0.039988,0.00028621670111997295,0.039938,0.5461898728262911,False
W20,T03,0.3,0.1,0.4,0.5,0.7212810452750987,0.04188711359656126,0.1589222096458926,0.053786118244457864,0.1589222096458926,0.053786118244457864,0.5983857767334757,0.023517539413871427,0.8894088669950738,0.05624992416699976,0.3073626864718776,0.014719442808903279,0.05116952629844035,0.0021454974912227622,0.9852634074269483,0.007309873415831978,0.6926373135281224,0.014719442808903242,0.330812324929972,0.013003355057070216,0.0967659806749275,0.004107789797959682,210.6,9.964938534682487,474.6,10.382677881933928,3.2,1.6431676725154984,25.6,1.341640786499874,0.030129,0.00023665375551636645,0.030167,0.5544451111002784,False
W20,T10,0.9,0.1,0.4,0.5,0.7212810452750987,0.04188711359656126,0.1589222096458926,0.053786118244457864,0.1589222096458926,0.053786118244457864,0.5925308404617465,0.02623407135622838,0.2775862068965517,0.040617996515137075,0.9074754740269413,0.013090654127534102,0.11454992307381037,0.03009869015562476,0.9676148332363924,0.002013951720442121,0.09252452597305867,0.013090654127534134,0.8820728291316527,0.013843600888685258,0.1617736275371787,0.036833531254891715,621.8,8.786353054595516,63.4,8.988882021697691,20.8,1.095445115010332,8.0,1.2247448713915892,0.27285600000000004,0.009876028680598259,0.27231099999999975,0.3721674543199608,False
W20,T14,0.96,0.1,0.4,0.5,0.7212810452750987,0.04188711359656126,0.1589222096458926,0.053786118244457864,0.1589222096458926,0.053786118244457864,0.5799685119454276,0.036305755130559454,0.19408866995073892,0.07058272752544667,0.9658483539401163,0.005127584664750771,0.19311035985275338,0.06897468371582671,0.9661319755475336,0.00279295525236679,0.034151646059883814,0.005127584664750786,0.934733893557423,0.006613848153007032,0.19325307118167961,0.06952503681803032,661.8,3.7013511046643375,23.4,3.5071355833500366,23.2,1.9235384061671346,5.6,2.073644135332772,0.30454240000000005,0.00012465472313548552,0.30450000000000005,0.35339295880648214,False
W20,T15,0.97,0.1,0.4,0.5,0.7212810452750987,0.04188711359656126,0.1589222096458926,0.053786118244457864,0.1589222096458926,0.053786118244457864,0.5786183414432258,0.03887287415685784,0.18029556650246306,0.07801313456090307,0.9769411163839884,0.008088404981156334,0.25083333333333335,0.08870206060490114,0.9659529384916536,0.0030421158532393977,0.023058883616011577,0.00808840498115636,0.9448179271708683,0.00808209414355936,0.2068733384371376,0.0803796618945834,669.4,5.549774770204636,15.8,5.540758070878027,23.6,2.1908902300206647,5.2,2.280350850198276,0.3404682999999997,0.01190701091059378,0.3353855,0.33728958914299445,False
W20,T11,0.92,0.1,0.4,0.5,0.7212810452750987,0.04188711359656126,0.1589222096458926,0.053786118244457864,0.1589222096458926,0.053786118244457864,0.5779848452271492,0.04300749875276907,0.24236453201970445,0.07546759443752726,0.9136051584345939,0.011291100613678742,0.1085050331222509,0.0433475700463333,0.9663269057797267,0.003226129026389435,0.08639484156540614,0.011291100613678749,0.8865546218487396,0.013433701745974032,0.14966151309008452,0.055652239080040786,626.0,7.516648189186442,59.2,7.758865896508329,21.8,1.9235384061671348,7.0,2.23606797749979,0.30000000000000004,0.0,0.30000000000000004,0.35590214010876636,False
W20,T12,0.94,0.1,0.4,0.5,0.7212810452750987,0.04188711359656126,0.1589222096458926,0.053786118244457864,0.1589222096458926,0.053786118244457864,0.5779848452271492,0.04300749875276907,0.24236453201970445,0.07546759443752726,0.9136051584345939,0.011291100613678742,0.1085050331222509,0.0433475700463333,0.9663269057797267,0.003226129026389435,0.08639484156540614,0.011291100613678749,0.8865546218487396,0.013433701745974032,0.14966151309008452,0.055652239080040786,626.0,7.516648189186442,59.2,7.758865896508329,21.8,1.9235384061671348,7.0,2.23606797749979,0.30000000000000004,0.0,0.30000000000000004,0.35590214010876636,False
W20,T13,0.95,0.1,0.4,0.5,0.7212810452750987,0.04188711359656126,0.1589222096458926,0.053786118244457864,0.1589222096458926,0.053786118244457864,0.5779848452271492,0.04300749875276907,0.24236453201970445,0.07546759443752726,0.9136051584345939,0.011291100613678742,0.1085050331222509,0.0433475700463333,0.9663269057797267,0.003226129026389435,0.08639484156540614,0.011291100613678749,0.8865546218487396,0.013433701745974032,0.14966151309008452,0.055652239080040786,626.0,7.516648189186442,59.2,7.758865896508329,21.8,1.9235384061671348,7.0,2.23606797749979,0.30000000000000004,0.0,0.30000000000000004,0.35590214010876636,False
W20,T16,0.98,0.1,0.4,0.5,0.7212810452750987,0.04188711359656126,0.1589222096458926,0.053786118244457864,0.1589222096458926,0.053786118244457864,0.5581522397172166,0.03263915892980933,0.1317733990147783,0.0659643435509462,0.9845310804196549,0.005706018519244822,0.26896198830409357,0.10764299801527308,0.9642726294027926,0.0025447212421742813,0.015468919580345176,0.005706018519244842,0.9501400560224089,0.005478321348909799,0.173216248104266,0.07599345799578598,674.6,3.7815340802378126,10.6,3.9115214431215892,25.0,1.8708286933869709,3.8,1.9235384061671346,0.41059680000000043,0.011785995532834681,0.4141299999999999,0.3066594042810362,False
W20,T02,0.2,0.1,0.4,0.5,0.7212810452750987,0.04188711359656126,0.1589222096458926,0.053786118244457864,0.1589222096458926,0.053786118244457864,0.5542014831893708,0.017648771502724706,0.9032019704433498,0.05077417589727592,0.2052009959353919,0.017054848682466938,0.045548414818511004,0.001270946457344481,0.9810374934422958,0.008523570128231272,0.7947990040646081,0.017054848682466945,0.2333333333333333,0.014742518058196926,0.08671954759688638,0.00251102756226438,140.6,11.631852818876279,544.6,11.907980517283361,2.8,1.4832396974191326,26.0,1.224744871391589,0.02184,0.00020161845153655918,0.021800000000000003,0.5615528232802325,False
W20,T17,0.99,0.1,0.4,0.5,0.7212810452750987,0.04188711359656126,0.1589222096458926,0.053786118244457864,0.1589222096458926,0.053786118244457864,0.5416944587334772,0.03545992772005077,0.09039408866995075,0.0717019568635952,0.9929948287970036,0.0021649599410569985,0.3059523809523809,0.223891828837964,0.9629294857986007,0.0029313954893750043,0.007005171202996319,0.0021649599410570276,0.9565826330532212,0.0029710368957417857,0.13798683701122724,0.10572649120471285,680.4,1.5165750888103138,4.8,1.4832396974191326,26.2,2.16794833886788,2.6,2.073644135332772,0.5122831999999992,0.009188500221744457,0.5141174,0.2947297648978806,False
W20,T01,0.1,0.1,0.4,0.5,0.7212810452750987,0.04188711359656126,0.1589222096458926,0.053786118244457864,0.1589222096458926,0.053786118244457864,0.5163276716964877,0.028678212348860383,0.9307881773399014,0.06434891105037761,0.101867166053074,0.017644722968668734,0.041715154979143465,0.0023491601541919286,0.9732300527592829,0.021146492742102573,0.8981328339469259,0.017644722968668734,0.13529411764705884,0.01567751856465628,0.07984999942829885,0.004530163560630749,69.8,12.091319200153475,615.4,12.054044964243326,2.0,1.8708286933869707,26.8,1.788854381999832,0.015217,0.0001741622806465277,0.015199000000000002,0.5671845757202852,False
W23,T06,0.6,0.1,0.7,0.2,0.7211147111494884,0.04478554406224497,0.13762022281328562,0.05266067521915297,0.13762022281328562,0.05266067521915297,0.680010390837864,0.031464117895797006,0.7438423645320198,0.06949131024465953,0.6161784171437084,0.023748040260758815,0.07534466548660035,0.005712492423009045,0.9828380823424399,0.004630561483808407,0.38382158285629164,0.023748040260758805,0.6212885154061625,0.021801104432516184,0.13677946110696887,0.010122140970336693,422.2,16.099689437998485,263.0,16.385969608173937,7.4,2.073644135332772,21.4,1.673320053068151,0.087964,0.0012467878728957891,0.087784,0.6136684479342245,False
W23,T05,0.5,0.1,0.7,0.2,0.7211147111494884,0.04478554406224497,0.13762022281328562,0.05266067521915297,0.13762022281328562,0.05266067521915297,0.6774736945225754,0.013725733305523397,0.84064039408867,0.03803405496762988,0.5143069949564809,0.018024446237431924,0.06780696616440242,0.0016582864196967645,0.9871741002456709,0.002878473330349066,0.485693005043519,0.01802444623743196,0.5274509803921569,0.01629111039058304,0.12547652147989302,0.0029453853891249784,352.4,12.239281024635394,332.8,12.45792920191795,4.6,1.140175425099138,24.2,0.8366600265340753,0.062845,0.0005164421555217924,0.06287999999999999,0.630666970543091,False
W23,T07,0.7,0.1,0.7,0.2,0.7211147111494884,0.04478554406224497,0.13762022281328562,0.05266067521915297,0.13762022281328562,0.05266067521915297,0.667647010909646,0.04802615865550764,0.6881773399014779,0.0924482379325754,0.647116681917814,0.017141995977364897,0.07582141673822489,0.010298192531537027,0.9801140945085418,0.006052703486918468,0.3528833180821859,0.017141995977364908,0.6487394957983194,0.017363557995932786,0.13655822316465696,0.018322111508874646,443.4,11.54556191789729,241.8,11.861703081766969,9.0,2.7386127875258306,19.8,2.489979919597747,0.1,0.0,0.1,0.6055302910127618,False
W23,T08,0.8,0.1,0.7,0.2,0.7211147111494884,0.04478554406224497,0.13762022281328562,0.05266067521915297,0.13762022281328562,0.05266067521915297,0.660606605520206,0.023490622007617656,0.5071428571428571,0.033865875485300644,0.8140703538975549,0.017877315370948832,0.10366036729660366,0.013377599019810952,0.9751516843789412,0.002237579870934461,0.18592964610244517,0.017877315370948832,0.8016806722689076,0.018006869411344686,0.17198219828880404,0.01991456444226922,557.8,12.194260945215158,127.4,12.259690045021529,14.2,1.0954451150103321,14.6,0.8944271909999157,0.140134,0.0020244085556033386,0.14019600000000002,0.579763617132017,False
W23,T04,0.4,0.1,0.7,0.2,0.7211147111494884,0.04478554406224497,0.13762022281328562,0.05266067521915297,0.13762022281328562,0.05266067521915297,0.6444661780428975,0.024496388653339553,0.875615763546798,0.057222956430980014,0.41331659253899683,0.019515120807398256,0.05899480276795953,0.0024737459373061306,0.9875726962287581,0.005653646273229705,0.5866834074610032,0.01951512080739825,0.43193277310924366,0.017732442056601006,0.11053067629249236,0.004665777430021671,283.2,13.255187663703595,402.0,13.546217184144066,3.6,1.6733200530681511,25.2,1.3038404810405297,0.048010000000000004,0.00046909487313335986,0.04792000000000001,0.6411265551620834,False
W23,T09,0.85,0.1,0.7,0.2,0.7211147111494884,0.04478554406224497,0.13762022281328562,0.05266067521915297,0.13762022281328562,0.05266067521915297,0.6239699494914286,0.03274007998599454,0.3889162561576355,0.05657255327778209,0.8590236428252218,0.013887331741651767,0.10492996468088434,0.02160411161868174,0.9709519485117081,0.0028980987548946446,0.14097635717477813,0.013887331741651767,0.8400560224089636,0.014602141757959033,0.16509025110987705,0.03153897775354624,588.6,9.289779329994886,96.6,9.555103348473004,17.6,1.673320053068151,11.2,1.6431676725154984,0.1860795,0.0018725203603699358,0.186752,0.5520790186540329,False
W23,T10,0.9,0.1,0.7,0.2,0.7211147111494884,0.04478554406224497,0.13762022281328562,0.05266067521915297,0.13762022281328562,0.05266067521915297,0.5993260081350867,0.04112005809917765,0.29088669950738916,0.07712742612213054,0.9077653167627844,0.01569374689152796,0.11946860232492892,0.03772609572784638,0.9682359313665827,0.003090366971152737,0.09223468323721563,0.015693746891527992,0.8829131652661065,0.015956555034875215,0.16875277187979665,0.04975551858742396,622.0,10.700467279516348,63.2,10.756393447619883,20.4,1.949358868961793,8.4,2.3021728866442674,0.28335,0.010583102097211385,0.28378499999999995,0.5034042705013536,False
W23,T03,0.3,0.1,0.7,0.2,0.7211147111494884,0.04478554406224497,0.13762022281328562,0.05266067521915297,0.13762022281328562,0.05266067521915297,0.5907618516825306,0.01833010556439613,0.875615763546798,0.057222956430980014,0.30590793981826303,0.024163794611355042,0.050306954254695925,0.0013909431769602767,0.9835493738646133,0.007066783107453915,0.694092060181737,0.024163794611355028,0.3288515406162465,0.02150213476529445,0.09513739087893469,0.0027131193895799616,209.6,16.44080290010193,475.6,16.86119805944999,3.6,1.6733200530681511,25.2,1.3038404810405297,0.036771,0.00046972598395234836,0.036784,0.6490269609114863,False
W23,T11,0.92,0.1,0.7,0.2,0.7211147111494884,0.04478554406224497,0.13762022281328562,0.05266067521915297,0.13762022281328562,0.05266067521915297,0.5667504232285125,0.041514370832836385,0.20763546798029556,0.07184987017260731,0.9258653784767296,0.01597510469671935,0.11107959579180508,0.05057969868988941,0.9652851809755596,0.0030068566656969477,0.07413462152327041,0.01597510469671935,0.8969187675070028,0.017055810564001014,0.14383983998200983,0.05949559114320463,634.4,10.737783756436905,50.8,10.963576058932595,22.8,1.7888543819998322,6.0,2.1213203435596424,0.3806747999999999,0.011667045264333237,0.37714439999999994,0.47091446334271786,False
W23,T02,0.2,0.1,0.7,0.2,0.7211147111494884,0.04478554406224497,0.13762022281328562,0.05266067521915297,0.13762022281328562,0.05266067521915297,0.5576499718581475,0.023334623696389258,0.9100985221674878,0.05740818729461416,0.20520142154880722,0.01471238433937168,0.045884483156843035,0.002054001709345171,0.9823669127857958,0.010229763973278294,0.7947985784511928,0.014712384339371694,0.23361344537815124,0.01273663030183715,0.08736081348856375,0.003954849252083214,140.6,10.014988766843425,544.6,10.358571330062853,2.6,1.6733200530681511,26.2,1.4832396974191324,0.027448,0.00024752777621915556,0.027418,0.6557443709693588,False
W23,T16,0.98,0.1,0.7,0.2,0.7211147111494884,0.04478554406224497,0.13762022281328562,0.05266067521915297,0.13762022281328562,0.05266067521915297,0.5542664332641835,0.03735270157485059,0.12487684729064039,0.07531268991252586,0.9836560192377263,0.0054931166870009545,0.2361111111111111,0.11702985796078277,0.9639684700517952,0.002943909832961904,0.016343980762273627,0.005493116687000974,0.9490196078431372,0.005388062762372953,0.16102854055517576,0.09135315114826781,674.0,3.5355339059327355,11.2,3.7682887362833544,25.2,2.16794833886788,3.6,2.1908902300206647,0.45177199999999995,1.788854382001e-05,0.45177999999999996,0.45715653963822933,False
W23,T12,0.94,0.1,0.7,0.2,0.7211147111494884,0.04478554406224497,0.13762022281328562,0.05266067521915297,0.13762022281328562,0.05266067521915297,0.5537415565269652,0.041053999256429635,0.17315270935960592,0.07229179428590421,0.9343304036943245,0.011819621566015489,0.10439145332080635,0.053036451314900236,0.9641406990079903,0.0031075206779659255,0.06566959630567556,0.011819621566015457,0.9036414565826331,0.013448295668524183,0.12984270433651152,0.06159927230863537,640.2,7.791020472312985,45.0,8.12403840463596,23.8,1.9235384061671348,5.0,2.1213203435596424,0.45,0.0,0.44999999999999996,0.4573477160039175,False
W23,T13,0.95,0.1,0.7,0.2,0.7211147111494884,0.04478554406224497,0.13762022281328562,0.05266067521915297,0.13762022281328562,0.05266067521915297,0.5537415565269652,0.041053999256429635,0.17315270935960592,0.07229179428590421,0.9343304036943245,0.011819621566015489,0.10439145332080635,0.053036451314900236,0.9641406990079903,0.0031075206779659255,0.06566959630567556,0.011819621566015457,0.9036414565826331,0.013448295668524183,0.12984270433651152,0.06159927230863537,640.2,7.791020472312985,45.0,8.12403840463596,23.8,1.9235384061671348,5.0,2.1213203435596424,0.45,0.0,0.44999999999999996,0.4573477160039175,False
W23,T14,0.96,0.1,0.7,0.2,0.7211147111494884,0.04478554406224497,0.13762022281328562,0.05266067521915297,0.13762022281328562,0.05266067521915297,0.5537415565269652,0.041053999256429635,0.17315270935960592,0.07229179428590421,0.9343304036943245,0.011819621566015489,0.10439145332080635,0.053036451314900236,0.9641406990079903,0.0031075206779659255,0.06566959630567556,0.011819621566015457,0.9036414565826331,0.013448295668524183,0.12984270433651152,0.06159927230863537,640.2,7.791020472312985,45.0,8.12403840463596,23.8,1.9235384061671348,5.0,2.1213203435596424,0.45,0.0,0.44999999999999996,0.4573477160039175,False
W23,T15,0.97,0.1,0.7,0.2,0.7211147111494884,0.04478554406224497,0.13762022281328562,0.05266067521915297,0.13762022281328562,0.05266067521915297,0.5537415565269652,0.041053999256429635,0.17315270935960592,0.07229179428590421,0.9343304036943245,0.011819621566015489,0.10439145332080635,0.053036451314900236,0.9641406990079903,0.0031075206779659255,0.06566959630567556,0.011819621566015457,0.9036414565826331,0.013448295668524183,0.12984270433651152,0.06159927230863537,640.2,7.791020472312985,45.0,8.12403840463596,23.8,1.9235384061671348,5.0,2.1213203435596424,0.45,0.0,0.44999999999999996,0.4573477160039175,False
W23,T17,0.99,0.1,0.7,0.2,0.7211147111494884,0.04478554406224497,0.13762022281328562,0.05266067521915297,0.13762022281328562,0.05266067521915297,0.5412795480279056,0.03752443763416641,0.09014778325123152,0.07538716428099021,0.9924113128045796,0.0033278641909593037,0.31,0.2408318915758459,0.9629081120990237,0.002943488836119358,0.007588687195420399,0.003327864190959274,0.9560224089635854,0.0040349748713972055,0.13656574574795521,0.10772560484641897,680.0,2.236067977499788,5.2,2.2803508501982757,26.2,2.16794833886788,2.6,2.1908902300206647,0.5048267999999991,0.006387119250882959,0.5065153,0.45465303525665585,False
W23,T01,0.1,0.1,0.7,0.2,0.7211147111494884,0.04478554406224497,0.13762022281328562,0.05266067521915297,0.13762022281328562,0.05266067521915297,0.516035700893568,0.026415516981431,0.9307881773399014,0.054329749781097524,0.10128322444723459,0.012097051907449653,0.041700130465104304,0.0021085168524714016,0.972298157978664,0.021214713423866386,0.8987167755527654,0.012097051907449646,0.134733893557423,0.011178190442148418,0.07982306648549384,0.00405335664176397,69.4,8.294576541331088,615.8,8.228000972289678,2.0,1.5811388300841898,26.8,1.4832396974191324,0.020662,0.00010721473779289829,0.020658999999999997,0.6606320667474446,False
W11,T05,0.5,0.2,0.5,0.3,0.7181866473120888,0.04449498038691125,0.14868617522537725,0.0492959783995893,0.14868617522537725,0.0492959783995893,0.6816269366327667,0.02289727891321642,0.8477832512315271,0.05132380851409194,0.5154706220340065,0.011638665421606928,0.06844660585174804,0.002163937148083634,0.9877434709749359,0.004043915154982156,0.4845293779659935,0.01163866542160691,0.5288515406162465,0.01012867491975606,0.12665927631808244,0.004247153015194927,353.2,7.949842765740722,332.0,7.999999999999996,4.4,1.51657508881031,24.4,1.1401754250991378,0.060897,0.0007586221061898991,0.060805,0.4894476288215114,False
W11,T06,0.6,0.2,0.5,0.3,0.7181866473120888,0.04449498038691125,0.14868617522537725,0.0492959783995893,0.14868617522537725,0.0492959783995893,0.6792802510238571,0.030034574808151877,0.7438423645320198,0.06949131024465953,0.6147181375156945,0.014819623700377435,0.07494767316491731,0.004233218258636943,0.9828091146187562,0.004610793829105405,0.3852818624843055,0.01481962370037742,0.6198879551820728,0.012550457600683358,0.13614651907056247,0.00792527445410308,421.2,9.90959131347,264.0,10.319883720275147,7.4,2.073644135332772,21.4,1.673320053068151,0.08732,0.0009626785548665792,0.08738399999999999,0.46574531322386914,False
W11,T07,0.7,0.2,0.5,0.3,0.7181866473120888,0.04449498038691125,0.14868617522537725,0.0492959783995893,0.14868617522537725,0.0492959783995893,0.6632034270685729,0.05136562535534192,0.611576354679803,0.09359443866888667,0.7148304994573429,0.019413622661403496,0.08303472843863159,0.014496153698689087,0.9776151049767753,0.005701757553944835,0.2851695005426571,0.01941362266140351,0.7106442577030813,0.02040688820566278,0.14615309087017897,0.024852121372053074,489.8,13.21741275741966,195.4,13.33416664062663,11.2,2.7748873851023212,17.6,2.6076809620810595,0.14101999999999998,0.0014313848189777757,0.140982,0.4189995914771278,False
W11,T04,0.4,0.2,0.5,0.3,0.7181866473120888,0.04449498038691125,0.14868617522537725,0.0492959783995893,0.14868617522537725,0.0492959783995893,0.6394340442300397,0.022443139693326227,0.8684729064039409,0.0441154939452968,0.41039518205613845,0.018060662833420386,0.05830767744020672,0.0026706338417748425,0.9866850025376521,0.00456910033479034,0.5896048179438615,0.018060662833420425,0.4288515406162465,0.01725021763327974,0.1092705854032614,0.004929812361728479,281.2,12.296340919151515,404.0,12.489995996796798,3.8,1.3038404810405297,25.0,1.0,0.045742,0.0004418936523644565,0.04582,0.5029375763790175,False
W11,T08,0.8,0.2,0.5,0.3,0.7181866473120888,0.04449498038691125,0.14868617522537725,0.0492959783995893,0.14868617522537725,0.0492959783995893,0.6319426317145103,0.05071604454294193,0.49359605911330046,0.09303696116899385,0.7702892043157201,0.015269094347293989,0.08318511982243157,0.017411280796708395,0.9730608571604955,0.005281368315011074,0.22971079568427996,0.015269094347294022,0.7591036414565826,0.01680672268907562,0.14231098479832413,0.029123228669941027,527.8,10.329569206893398,157.4,10.502380682492896,14.6,2.792848008753788,14.2,2.588435821108957,0.2,0.0,0.2,0.36968464038150134,False
W11,T09,0.85,0.2,0.5,0.3,0.7181866473120888,0.04449498038691125,0.14868617522537725,0.0492959783995893,0.14868617522537725,0.0492959783995893,0.6311350009062631,0.03358683721879024,0.40295566502463054,0.053669719014639794,0.8593143367878955,0.01862263982092574,0.10923719437702495,0.024154843119328653,0.9715884350013413,0.0030117027675056343,0.14068566321210446,0.018622639820925695,0.8408963585434174,0.019269795032342,0.17156000106070726,0.03421251076517173,588.8,12.63724653553931,96.4,12.778888840583912,17.2,1.6431676725154984,11.6,1.51657508881031,0.2026415,0.0001047854951794385,0.20267000000000002,0.3675212405208711,False
W11,T03,0.3,0.2,0.5,0.3,0.7181866473120888,0.04449498038691125,0.14868617522537725,0.0492959783995893,0.14868617522537725,0.0492959783995893,0.6024190582349225,0.021572928890916488,0.8963054187192118,0.05413398641819215,0.3085326977506331,0.019607795689164088,0.05164090940359254,0.0021419728490446113,0.9862726591418243,0.006919583807203294,0.6914673022493669,0.019607795689164088,0.3322128851540616,0.017782151538491758,0.09764770610739562,0.004052842477233431,211.4,13.31540461270329,473.8,13.736811857195981,3.0,1.5811388300841898,25.8,1.30384048104053,0.034866999999999995,0.00038753386948755673,0.034842000000000005,0.5128729845663544,False
W11,T10,0.9,0.2,0.5,0.3,0.7181866473120888,0.04449498038691125,0.14868617522537725,0.0492959783995893,0.14868617522537725,0.0492959783995893,0.5995725263605136,0.029565718364161067,0.29137931034482756,0.0504144535076326,0.9077657423761997,0.012894431894142001,0.11940478806332464,0.02977410915295439,0.968229970780612,0.0023152477901171413,0.0922342576238003,0.012894431894141998,0.8829131652661065,0.013600586427238364,0.1690246070990234,0.03788186919411651,622.0,8.746427842267938,63.2,8.843076387773658,20.4,1.3416407864998734,8.4,1.51657508881031,0.283768,0.007168563838036198,0.28483600000000003,0.3048971633682412,False
W11,T11,0.92,0.2,0.5,0.3,0.7181866473120888,0.04449498038691125,0.14868617522537725,0.0492959783995893,0.14868617522537725,0.0492959783995893,0.5846760641619562,0.04143824880743371,0.24261083743842365,0.07173579250842708,0.9267412908854886,0.01465110292521833,0.12772356331678364,0.052563282133740175,0.9667879252538143,0.0031768757255053463,0.0732587091145113,0.014651102925218332,0.8991596638655462,0.015999523331646875,0.16646703860334275,0.061101754761301245,635.0,9.797958971132712,50.2,10.059821071967434,21.8,1.9235384061671348,7.0,2.1213203435596424,0.3751195999999999,0.011529324559574144,0.37074840000000003,0.25173936807055025,False
W11,T12,0.94,0.2,0.5,0.3,0.7181866473120888,0.04449498038691125,0.14868617522537725,0.0492959783995893,0.14868617522537725,0.0492959783995893,0.5549088013185209,0.03229691418486707,0.17315270935960592,0.053366489831072825,0.9366648932774361,0.012076297513612359,0.1083960379243398,0.0468933001489194,0.9642260246284776,0.0022792656173429766,0.0633351067225639,0.01207629751361235,0.9058823529411765,0.013264717638713201,0.1327646471344885,0.0510704232593415,641.8,8.012490249604037,43.4,8.294576541331088,23.8,1.3038404810405293,5.0,1.5811388300841898,0.45,0.0,0.45,0.22173572859149243,False
W11,T13,0.95,0.2,0.5,0.3,0.7181866473120888,0.04449498038691125,0.14868617522537725,0.0492959783995893,0.14868617522537725,0.0492959783995893,0.5549088013185209,0.03229691418486707,0.17315270935960592,0.053366489831072825,0.9366648932774361,0.012076297513612359,0.1083960379243398,0.0468933001489194,0.9642260246284776,0.0022792656173429766,0.0633351067225639,0.01207629751361235,0.9058823529411765,0.013264717638713201,0.1327646471344885,0.0510704232593415,641.8,8.012490249604037,43.4,8.294576541331088,23.8,1.3038404810405293,5.0,1.5811388300841898,0.45,0.0,0.45,0.22173572859149243,False
W11,T14,0.96,0.2,0.5,0.3,0.7181866473120888,0.04449498038691125,0.14868617522537725,0.0492959783995893,0.14868617522537725,0.0492959783995893,0.5549088013185209,0.03229691418486707,0.17315270935960592,0.053366489831072825,0.9366648932774361,0.012076297513612359,0.1083960379243398,0.0468933001489194,0.9642260246284776,0.0022792656173429766,0.0633351067225639,0.01207629751361235,0.9058823529411765,0.013264717638713201,0.1327646471344885,0.0510704232593415,641.8,8.012490249604037,43.4,8.294576541331088,23.8,1.3038404810405293,5.0,1.5811388300841898,0.45,0.0,0.45,0.22173572859149243,False
W11,T15,0.97,0.2,0.5,0.3,0.7181866473120888,0.04449498038691125,0.14868617522537725,0.0492959783995893,0.14868617522537725,0.0492959783995893,0.5549088013185209,0.03229691418486707,0.17315270935960592,0.053366489831072825,0.9366648932774361,0.012076297513612359,0.1083960379243398,0.0468933001489194,0.9642260246284776,0.0022792656173429766,0.0633351067225639,0.01207629751361235,0.9058823529411765,0.013264717638713201,0.1327646471344885,0.0510704232593415,641.8,8.012490249604037,43.4,8.294576541331088,23.8,1.3038404810405293,5.0,1.5811388300841898,0.45,0.0,0.45,0.22173572859149243,False
W11,T16,0.98,0.2,0.5,0.3,0.7181866473120888,0.04449498038691125,0.14868617522537725,0.0492959783995893,0.14868617522537725,0.0492959783995893,0.5545579784536878,0.026774184360030654,0.12487684729064039,0.05195526591817625,0.9842391096167351,0.0036289123631690046,0.2534965034965035,0.10669484240951865,0.9639809050440522,0.002086348337219347,0.01576089038326488,0.0036289123631689764,0.9495798319327731,0.004538333822414517,0.1663203463203463,0.06753135752223509,674.4,2.302172886644264,10.8,2.4899799195977463,25.2,1.4832396974191329,3.6,1.51657508881031,0.4525188000000001,0.00012301097512001916,0.45258000000000004,0.22116823852895331,False
W11,T02,0.2,0.2,0.5,0.3,0.7181866473120888,0.04449498038691125,0.14868617522537725,0.0492959783995893,0.14868617522537725,0.0492959783995893,0.5540552849812033,0.02060393169563003,0.9032019704433498,0.05077417589727592,0.20490859951905685,0.011622027749292151,0.04553733091534609,0.001641212118070843,0.9808648008417593,0.009186309456643792,0.7950914004809432,0.011622027749292139,0.23305322128851538,0.009833887776774207,0.08670040179288974,0.0031802432140772305,140.4,7.893034904268446,544.8,8.25832912882502,2.8,1.4832396974191326,26.0,1.224744871391589,0.025179999999999998,0.00021435951110225875,0.025204,0.5216301131549059,False
W11,T17,0.99,0.2,0.5,0.3,0.7181866473120888,0.04449498038691125,0.14868617522537725,0.0492959783995893,0.14868617522537725,0.0492959783995893,0.5488827684538272,0.032386755083299856,0.10418719211822661,0.0645324897512306,0.9935783447894277,0.0022145427150125877,0.3981385281385281,0.1863467670641148,0.9634918753671767,0.0026443052488322235,0.006421655210572237,0.002214542715012585,0.9577030812324929,0.0036252602536539884,0.16263002498296614,0.09115874566589034,680.8,1.6431676725154927,4.4,1.51657508881031,25.8,1.9235384061671341,3.0,1.8708286933869707,0.4971354999999992,0.007705455891769542,0.4969610999999999,0.21604621784981562,False
W11,T01,0.1,0.2,0.5,0.3,0.7181866473120888,0.04449498038691125,0.14868617522537725,0.0492959783995893,0.14868617522537725,0.0492959783995893,0.5131722178641691,0.030832234902104162,0.9238916256157635,0.06613885270124989,0.10245281011257475,0.01672861506610261,0.04144842740354592,0.002535934196580547,0.9702527891635443,0.023904551979481888,0.8975471898874252,0.01672861506610264,0.13557422969187677,0.01525903775906425,0.07933574476855285,0.0048758520849978134,70.2,11.454256850621082,615.0,11.510864433221345,2.2,1.9235384061671343,26.6,1.8165902124584952,0.017924000000000002,0.0002191859940780885,0.01794,0.5282504869226341,False
W16,T06,0.6,0.2,0.2,0.6,0.7177515467011657,0.04216586464257493,0.15831550372148875,0.050473061145036545,0.15831550372148875,0.050473061145036545,0.6755400043588684,0.028027311822255957,0.7369458128078817,0.0693689816771026,0.6141341959098551,0.01509616843931142,0.07415855343976724,0.002966272961419199,0.9823522576449705,0.004522245857649954,0.3858658040901449,0.01509616843931146,0.6190476190476191,0.012129207335916473,0.13472724600877845,0.005940188770847284,420.8,10.109401564880084,264.4,10.502380682492904,7.6,2.073644135332772,21.2,1.6431676725154987,0.072204,0.0009532470823453986,0.072196,0.5382215117867364,False
W16,T05,0.5,0.2,0.2,0.6,0.7177515467011657,0.04216586464257493,0.15831550372148875,0.050473061145036545,0.15831550372148875,0.050473061145036545,0.6696762696305015,0.030656622276486672,0.8270935960591134,0.06352579176996136,0.5122589432018897,0.008101347830834433,0.06645939178856622,0.00351939284380133,0.9859919656506161,0.005109688073388119,0.48774105679811025,0.008101347830834417,0.5249299719887955,0.0072369807746576155,0.12302818215921793,0.0067225684964206615,351.0,5.5677643628300215,334.2,5.540758070878031,5.0,1.8708286933869707,23.8,1.4832396974191326,0.049402,0.00029166761904606323,0.04942,0.5564966035242264,False
W16,T07,0.7,0.2,0.2,0.6,0.7177515467011657,0.04216586464257493,0.15831550372148875,0.050473061145036545,0.15831550372148875,0.050473061145036545,0.6619134551810728,0.03907898809239227,0.6113300492610838,0.07324014942953937,0.7124968611010619,0.01925732071794027,0.08230337621809389,0.011639936449097084,0.9775676379438407,0.004311235943224889,0.2875031388989381,0.01925732071794026,0.7084033613445377,0.019085684488636633,0.1450081312429226,0.019777469741303216,488.2,13.065221008463649,197.0,13.247641299491768,11.2,2.16794833886788,17.6,2.073644135332772,0.12345199999999996,0.002368579743221671,0.12342399999999999,0.49847328625514126,False
W16,T04,0.4,0.2,0.2,0.6,0.7177515467011657,0.04216586464257493,0.15831550372148875,0.050473061145036545,0.15831550372148875,0.050473061145036545,0.6400190498694174,0.018565483865919,0.8684729064039409,0.0441154939452968,0.41156519333489394,0.017423673761348596,0.05839701352484879,0.002088834380605193,0.9867874825678046,0.004324030782255258,0.5884348066651061,0.017423673761348603,0.4299719887955182,0.01599952333164686,0.10942618731091969,0.0038716027188462495,282.0,11.811011811017714,403.2,12.132600710482484,3.8,1.3038404810405297,25.0,1.0,0.036484,0.00046095552930841663,0.036532,0.5669821164357831,False
W16,T08,0.8,0.2,0.2,0.6,0.7177515467011657,0.04216586464257493,0.15831550372148875,0.050473061145036545,0.15831550372148875,0.050473061145036545,0.619809039001599,0.04579723814427426,0.45911330049261084,0.0883546666197922,0.7805047775105871,0.01097857079279627,0.08082161908632901,0.015033283516519778,0.9716607747734158,0.004900925118088018,0.2194952224894129,0.010978570792796247,0.7675070028011205,0.011884147582967205,0.13739454473345716,0.025430338395366296,534.8,7.362064927722396,150.4,7.569676347110222,15.6,2.701851217221259,13.2,2.3874672772626644,0.2,0.0,0.2,0.4434705552051906,False
W16,T09,0.85,0.2,0.2,0.6,0.7177515467011657,0.04216586464257493,0.15831550372148875,0.050473061145036545,0.15831550372148875,0.050473061145036545,0.6197939370635169,0.043615203735616406,0.4246305418719212,0.0869007963397042,0.8149573322551127,0.05513253532225259,0.09280909700432548,0.026579097326003373,0.9711242699684931,0.0045850286237691185,0.1850426677448873,0.05513253532225262,0.7991596638655463,0.05185478478151071,0.15053017587641562,0.036158450098454344,558.4,37.613827244777944,126.8,37.811373950175366,16.6,2.7018512172212596,12.2,2.280350850198276,0.20095999999999997,0.001343149284331408,0.2,0.4434705552051906,False
W16,T10,0.9,0.2,0.2,0.6,0.7177515467011657,0.04216586464257493,0.15831550372148875,0.050473061145036545,0.15831550372148875,0.050473061145036545,0.6027083396013471,0.028602533288800032,0.2985221674876847,0.04536301254471463,0.9068945117150093,0.016606139214593703,0.12220543620088813,0.034718571736686146,0.968499530459263,0.00224915985345442,0.09310548828499074,0.01660613921459376,0.8823529411764707,0.01689403092691153,0.17272546464316063,0.04191309414755603,621.4,11.104053313993063,63.8,11.41052146047673,20.2,1.30384048104053,8.6,1.3416407864998738,0.27001,0.008459810872590469,0.27175799999999994,0.3984476677030498,False
W16,T03,0.3,0.2,0.2,0.6,0.7177515467011657,0.04216586464257493,0.15831550372148875,0.050473061145036545,0.15831550372148875,0.050473061145036545,0.6024173557812611,0.024560070093652447,0.8963054187192118,0.05413398641819215,0.30852929284331043,0.013724501505619562,0.05164126387334629,0.0023982465029854664,0.986157835760619,0.007143597154242608,0.6914707071566896,0.013724501505619541,0.3322128851540616,0.012620594202878218,0.09765101586065043,0.004547905571107292,211.4,9.289779329994873,473.8,9.679876032264051,3.0,1.5811388300841898,25.8,1.30384048104053,0.027326,0.00023190515302597072,0.02722,0.5746190579279458,False
W16,T14,0.96,0.2,0.2,0.6,0.7177515467011657,0.04216586464257493,0.15831550372148875,0.050473061145036545,0.15831550372148875,0.050473061145036545,0.5945700937597002,0.04107780975622745,0.2224137931034483,0.08003789233403559,0.9667263944159521,0.00453252250232623,0.2191598746081505,0.0746705311307359,0.9672941316949224,0.0034653670584972214,0.03327360558404801,0.004532522502326261,0.9366946778711485,0.00637216423869876,0.2202116594754396,0.07624278433836976,662.4,2.880972058177585,22.8,3.114482300479487,22.4,2.4083189157584592,6.4,2.3021728866442674,0.30605199999999994,0.0014646337426125605,0.3054432,0.38015586508725596,False
W16,T11,0.92,0.2,0.2,0.6,0.7177515467011657,0.04216586464257493,0.15831550372148875,0.050473061145036545,0.15831550372148875,0.050473061145036545,0.5927315612160509,0.037902550056374856,0.2706896551724138,0.0655399234784421,0.9147734672596879,0.01279569858681785,0.12079832810867293,0.04055646905501226,0.9675649713755368,0.003093700991348291,0.08522653274031197,0.01279569858681784,0.888795518207283,0.01420032700911664,0.16664033791016086,0.05096358692954364,626.8,8.526429498916881,58.4,8.792041856133308,21.0,1.8708286933869709,7.8,1.9235384061671346,0.30000000000000004,0.0,0.30000000000000004,0.38297014679214875,False
W16,T12,0.94,0.2,0.2,0.6,0.7177515467011657,0.04216586464257493,0.15831550372148875,0.050473061145036545,0.15831550372148875,0.050473061145036545,0.5927315612160509,0.037902550056374856,0.2706896551724138,0.0655399234784421,0.9147734672596879,0.01279569858681785,0.12079832810867293,0.04055646905501226,0.9675649713755368,0.003093700991348291,0.08522653274031197,0.01279569858681784,0.888795518207283,0.01420032700911664,0.16664033791016086,0.05096358692954364,626.8,8.526429498916881,58.4,8.792041856133308,21.0,1.8708286933869709,7.8,1.9235384061671346,0.30000000000000004,0.0,0.30000000000000004,0.38297014679214875,False
W16,T13,0.95,0.2,0.2,0.6,0.7177515467011657,0.04216586464257493,0.15831550372148875,0.050473061145036545,0.15831550372148875,0.050473061145036545,0.5927315612160509,0.037902550056374856,0.2706896551724138,0.0655399234784421,0.9147734672596879,0.01279569858681785,0.12079832810867293,0.04055646905501226,0.9675649713755368,0.003093700991348291,0.08522653274031197,0.01279569858681784,0.888795518207283,0.01420032700911664,0.16664033791016086,0.05096358692954364,626.8,8.526429498916881,58.4,8.792041856133308,21.0,1.8708286933869709,7.8,1.9235384061671346,0.30000000000000004,0.0,0.30000000000000004,0.38297014679214875,False
W16,T15,0.97,0.2,0.2,0.6,0.7177515467011657,0.04216586464257493,0.15831550372148875,0.050473061145036545,0.15831550372148875,0.050473061145036545,0.5784495233496656,0.03657120816015866,0.18054187192118226,0.07466548792444577,0.9763571747781491,0.004547261577225807,0.23674725274725272,0.07681643750731038,0.9659360942113555,0.0029982912839155605,0.023642825221850995,0.004547261577225878,0.9442577030812325,0.00436202002868274,0.20360063217206076,0.0766029459989019,669.0,3.1622776601683795,16.2,3.1144823004794877,23.6,2.190890230020664,5.2,2.16794833886788,0.35374959999999994,0.005104499466157268,0.35354599999999964,0.3579314284189083,False
W16,T16,0.98,0.2,0.2,0.6,0.7177515467011657,0.04216586464257493,0.15831550372148875,0.050473061145036545,0.15831550372148875,0.050473061145036545,0.5654628509200955,0.03274840769566344,0.1458128078817734,0.06623738448855808,0.9851128939584175,0.003920694784762994,0.2870735662686127,0.09149031342531282,0.9648433153143099,0.0026822664093849066,0.014887106041582433,0.003920694784762964,0.9512605042016806,0.00436202002868275,0.1914447382748697,0.07653417748245143,675.0,2.9154759474226504,10.2,2.6832815729997477,24.6,1.9493588689617927,4.2,1.9235384061671346,0.42485280000000014,0.005078145448881923,0.42479959999999994,0.33514360130272514,False
W16,T02,0.2,0.2,0.2,0.6,0.7177515467011657,0.04216586464257493,0.15831550372148875,0.050473061145036545,0.15831550372148875,0.050473061145036545,0.553325996394027,0.017880251019829176,0.9032019704433498,0.05077417589727592,0.2034500223447043,0.016356708847085216,0.045453331592036246,0.0013234443139308702,0.9808744444769463,0.008642030515603694,0.7965499776552957,0.01635670884708529,0.23165266106442575,0.014096344694774386,0.08654725609806693,0.0026032026833315686,139.4,11.148990985734986,545.8,11.454256850621068,2.8,1.4832396974191326,26.0,1.224744871391589,0.018984,0.00031887301547794895,0.019032000000000004,0.5813745353539317,False
W16,T17,0.99,0.2,0.2,0.6,0.7177515467011657,0.04216586464257493,0.15831550372148875,0.050473061145036545,0.15831550372148875,0.050473061145036545,0.5450191562727713,0.028149963008692585,0.09704433497536946,0.056371126471213756,0.9929939775701729,0.002993213303085294,0.36928571428571433,0.1620325126244492,0.9631968537770499,0.0021722246982276015,0.007006022429826989,0.0029932133030853235,0.9568627450980391,0.0037580974411761526,0.1511353101597004,0.07958823641767261,680.4,2.302172886644264,4.8,2.0493901531919194,26.0,1.5811388300841898,2.8,1.6431676725154984,0.5383973999999989,0.010158765343288566,0.5370093999999999,0.3286880421043028,False
W16,T01,0.1,0.2,0.2,0.6,0.7177515467011657,0.04216586464257493,0.15831550372148875,0.050473061145036545,0.15831550372148875,0.050473061145036545,0.523662392431713,0.020701815688776107,0.9445812807881774,0.04612886896632521,0.10274350407524846,0.014581822020480941,0.042361369118908865,0.001716548552871881,0.978506219692178,0.017324923157571448,0.8972564959247515,0.01458182202048096,0.13669467787114847,0.01319800446990447,0.0810848910358822,0.0032971271449231607,70.4,9.98999499499374,614.8,9.98498873309328,1.6,1.3416407864998738,27.2,1.3038404810405297,0.01222,0.00017146428199482248,0.012178000000000001,0.5870574392834146,False
W26,T05,0.5,0.2,0.4,0.4,0.7174636076942938,0.04273871148034114,0.1548950789928247,0.052657409384335684,0.1548950789928247,0.052657409384335684,0.6778866899677781,0.027292894415707435,0.8408866995073891,0.06176326312771423,0.5148866804281671,0.011945665804986611,0.0678254222608832,0.0028330839840152726,0.9872000603710717,0.004787570387386465,0.48511331957183285,0.011945665804986577,0.5280112044817927,0.009952850422655403,0.1255182483940882,0.005532325091018951,352.8,8.167006795638168,332.4,8.203657720797478,4.6,1.816590212458495,24.2,1.4832396974191326,0.056966,0.0005385443342938442,0.05699,0.4721486984351434,False
W26,T06,0.6,0.2,0.4,0.4,0.7174636076942938,0.04273871148034114,0.1548950789928247,0.052657409384335684,0.1548950789928247,0.052657409384335684,0.6758552334673038,0.0223600276850027,0.7366995073891626,0.055325592251682786,0.6150109595454449,0.015707763776090233,0.07438133259390307,0.0032728931964962097,0.9823467767876813,0.003592958207963498,0.3849890404545551,0.015707763776090247,0.6198879551820728,0.013600586427238302,0.13509136995590096,0.006011433812029993,421.4,10.502380682492904,263.8,10.940749517286282,7.6,1.6733200530681511,21.2,1.3038404810405297,0.08316799999999999,0.0010687001450360196,0.08296400000000001,0.4478677914630611,False
W26,T07,0.7,0.2,0.4,0.4,0.7174636076942938,0.04273871148034114,0.1548950789928247,0.052657409384335684,0.1548950789928247,0.052657409384335684,0.6617446370875127,0.049990342726956856,0.611576354679803,0.09359443866888668,0.7119129194952225,0.017265192591328426,0.08213335811606345,0.013659738490373437,0.977543250444428,0.005620415927427157,0.2880870805047775,0.017265192591328398,0.7078431372549019,0.018034082468145564,0.14476381601001684,0.023593151925235804,487.8,11.691877522451222,197.4,11.88696765369537,11.2,2.7748873851023212,17.6,2.6076809620810595,0.1343759999999999,0.002021096237194098,0.13458399999999998,0.40024415847080147,False
W26,T04,0.4,0.2,0.4,0.4,0.7174636076942938,0.04273871148034114,0.1548950789928247,0.052657409384335684,0.1548950789928247,0.052657409384335684,0.6358410598067568,0.017675479562422557,0.8615763546798029,0.04122949656881961,0.41010576493371076,0.01863463673732362,0.05783072302141512,0.0019127884072329307,0.9860364582961566,0.004119148342572918,0.5898942350662894,0.01863463673732362,0.4282913165266106,0.01727862242385562,0.10837655961913169,0.0035125552107816275,281.0,12.649110640673518,404.2,12.949903474543738,4.0,1.224744871391589,24.8,0.8366600265340757,0.042808,0.00039359878048591607,0.042864000000000006,0.48542749801592405,False
W26,T09,0.85,0.2,0.4,0.4,0.7174636076942938,0.04273871148034114,0.1548950789928247,0.052657409384335684,0.1548950789928247,0.052657409384335684,0.6252377271069516,0.024986286719712196,0.3894088669950739,0.0506904690030271,0.8610665872188292,0.01748504673383306,0.10610593737712382,0.014585428443346695,0.9710398823413333,0.0026350396241263258,0.13893341278117086,0.01748504673383309,0.8420168067226891,0.016375178602872863,0.1664017082224631,0.020755193928306586,590.0,11.811011811017732,95.2,12.008330441822462,17.6,1.673320053068151,11.2,1.3038404810405297,0.202927,0.0005922478366359904,0.20312000000000002,0.33882778477273673,False
W26,T08,0.8,0.2,0.4,0.4,0.7174636076942938,0.04273871148034114,0.1548950789928247,0.052657409384335684,0.1548950789928247,0.052657409384335684,0.6236409613286182,0.045411106621788565,0.4729064039408867,0.0848235239296678,0.7743755187163499,0.01384457329321904,0.08117211399179061,0.015390019241351202,0.9721412305587283,0.004816091860144588,0.22562448128365004,0.013844573293219045,0.7621848739495798,0.01486838322363049,0.13849758861816147,0.025760818226387754,530.6,9.343446901438462,154.6,9.52890339965728,15.2,2.588435821108957,13.6,2.3021728866442674,0.2,0.0,0.2,0.34156483035289215,False
W26,T10,0.9,0.2,0.4,0.4,0.7174636076942938,0.04273871148034114,0.1548950789928247,0.052657409384335684,0.1548950789928247,0.052657409384335684,0.6028750296278303,0.029275427834641383,0.2982758620689655,0.05011876501292632,0.9074741971866953,0.010635312214751004,0.12117542823855407,0.030604511110057034,0.9685233151452696,0.002223777618303959,0.09252580281330466,0.010635312214750989,0.8829131652661065,0.011659190693707239,0.1720746415547543,0.03894858143471986,621.8,7.155417527999312,63.4,7.300684899377592,20.2,1.3038404810405297,8.6,1.51657508881031,0.28072,0.004601575817043555,0.2800459999999999,0.2739457892540056,False
W26,T03,0.3,0.2,0.4,0.4,0.7174636076942938,0.04273871148034114,0.1548950789928247,0.052657409384335684,0.1548950789928247,0.052657409384335684,0.6021266618185874,0.022751435664673147,0.8963054187192118,0.05413398641819215,0.30794790491796303,0.01713695515506403,0.05159938175687788,0.0022512010637715796,0.9862039999873611,0.007031215764563377,0.692052095082037,0.017136955155064026,0.3316526610644258,0.015577101079438969,0.097574530805933,0.00426328282507993,211.0,11.618950038622252,474.2,12.049896265113658,3.0,1.5811388300841898,25.8,1.30384048104053,0.032600000000000004,0.00029605742686175077,0.032654,0.49505435767196315,False
W26,T11,0.92,0.2,0.4,0.4,0.7174636076942938,0.04273871148034114,0.1548950789928247,0.052657409384335684,0.1548950789928247,0.052657409384335684,0.5810818028984274,0.03600019215610284,0.2357142857142857,0.06017871980894233,0.926449320082569,0.013759098809252693,0.12365956075465845,0.047229633101068334,0.9664841236498243,0.0026975565612680262,0.073550679917431,0.013759098809252709,0.8985994397759104,0.01500626917196514,0.16154391423854397,0.05443254912243039,634.8,9.176055797563565,50.4,9.44986772394196,22.0,1.58113883008419,6.8,1.7888543819998317,0.3697791999999997,0.015751159550966193,0.36760000000000004,0.21022914482535476,False
W26,T12,0.94,0.2,0.4,0.4,0.7174636076942938,0.04273871148034114,0.1548950789928247,0.052657409384335684,0.1548950789928247,0.052657409384335684,0.5722192364055039,0.04133676871382098,0.2147783251231527,0.07352949027407012,0.9296601476878552,0.011516855578412075,0.11753417100839365,0.04906481283152006,0.965722357778288,0.003139496760431058,0.07033985231214487,0.011516855578412042,0.9008403361344538,0.013116005342793492,0.1515215094982537,0.059108473327148,637.0,7.582875444051564,48.2,7.91833315793166,22.6,1.9493588689617931,6.2,2.16794833886788,0.4,0.0,0.4,0.19148507339737997,False
W26,T13,0.95,0.2,0.4,0.4,0.7174636076942938,0.04273871148034114,0.1548950789928247,0.052657409384335684,0.1548950789928247,0.052657409384335684,0.5722192364055039,0.04133676871382098,0.2147783251231527,0.07352949027407012,0.9296601476878552,0.011516855578412075,0.11753417100839365,0.04906481283152006,0.965722357778288,0.003139496760431058,0.07033985231214487,0.011516855578412042,0.9008403361344538,0.013116005342793492,0.1515215094982537,0.059108473327148,637.0,7.582875444051564,48.2,7.91833315793166,22.6,1.9493588689617931,6.2,2.16794833886788,0.4,0.0,0.4,0.19148507339737997,False
W26,T14,0.96,0.2,0.4,0.4,0.7174636076942938,0.04273871148034114,0.1548950789928247,0.052657409384335684,0.1548950789928247,0.052657409384335684,0.5722192364055039,0.04133676871382098,0.2147783251231527,0.07352949027407012,0.9296601476878552,0.011516855578412075,0.11753417100839365,0.04906481283152006,0.965722357778288,0.003139496760431058,0.07033985231214487,0.011516855578412042,0.9008403361344538,0.013116005342793492,0.1515215094982537,0.059108473327148,637.0,7.582875444051564,48.2,7.91833315793166,22.6,1.9493588689617931,6.2,2.16794833886788,0.4,0.0,0.4,0.19148507339737997,False
W26,T16,0.98,0.2,0.4,0.4,0.7174636076942938,0.04273871148034114,0.1548950789928247,0.052657409384335684,0.1548950789928247,0.052657409384335684,0.5687886124929278,0.03862234423403313,0.15246305418719214,0.07883889802060066,0.9851141707986635,0.004545198078637221,0.2970155334861217,0.11393730763806156,0.965124600591215,0.0029675703965081806,0.014885829201336426,0.004545198078637214,0.9515406162464985,0.0041547330459919965,0.19786685777990126,0.08705865559135831,675.0,3.082207001484488,10.2,3.1144823004794877,24.4,2.1908902300206643,4.4,2.3021728866442674,0.41995080000000024,0.004772611570199119,0.4216572,0.18111909795998876,False
W26,T15,0.97,0.2,0.4,0.4,0.7174636076942938,0.04273871148034114,0.1548950789928247,0.052657409384335684,0.1548950789928247,0.052657409384335684,0.5674772278477389,0.04205420254389841,0.187192118226601,0.09255317353722137,0.9477623374688771,0.030332092390502666,0.1516389011745049,0.08106203909127253,0.965252396576121,0.003281112997418365,0.05223766253112298,0.03033209239050266,0.9170868347338935,0.0273629469336725,0.1550850529544891,0.06600808193344243,649.4,20.525593779474438,35.8,20.80144225768973,23.4,2.6076809620810595,5.4,2.701851217221259,0.4010232,0.0014181181897147867,0.4,0.19148507339737997,False
W26,T02,0.2,0.2,0.4,0.4,0.7174636076942938,0.04273871148034114,0.1548950789928247,0.052657409384335684,0.1548950789928247,0.052657409384335684,0.5539092995797434,0.02058011364945787,0.9032019704433498,0.05077417589727592,0.20461662871613714,0.011238044342653398,0.045520905328442454,0.0016328298913394883,0.9808388975971158,0.009187922639186408,0.7953833712838628,0.011238044342653375,0.23277310924369746,0.009416098775334239,0.0866706913753785,0.003166389069610352,140.2,7.628892449104262,545.0,8.0,2.8,1.4832396974191326,26.0,1.224744871391589,0.023084,0.00021789905919943826,0.023116000000000005,0.5040683314690578,False
W26,T17,0.99,0.2,0.4,0.4,0.7174636076942938,0.04273871148034114,0.1548950789928247,0.052657409384335684,0.1548950789928247,0.052657409384335684,0.5526228023121081,0.022741394781722525,0.11108374384236452,0.044848557861705496,0.9941618607818519,0.0020656755893367533,0.44761904761904764,0.16270809107876083,0.9637817111008922,0.0018671277039707104,0.005838139218148156,0.002065675589336778,0.9585434173669467,0.003224331774011568,0.17673489908784026,0.06642330410031894,681.2,1.6431676725155036,4.0,1.4142135623730951,25.6,1.3416407864998738,3.2,1.3038404810405297,0.5018663999999995,0.005076685611695786,0.5020057999999998,0.163311226091901,False
W26,T01,0.1,0.2,0.4,0.4,0.7174636076942938,0.04273871148034114,0.1548950789928247,0.052657409384335684,0.1548950789928247,0.052657409384335684,0.5158903539122311,0.02263453952384687,0.9307881773399014,0.05432974978109751,0.10099253048456087,0.016817624803282413,0.041678121866329555,0.0017781541149216738,0.9732168397266427,0.018988204002626505,0.8990074695154391,0.016817624803282392,0.13445378151260506,0.014789014062985209,0.07978202281560236,0.003443817494043382,69.2,11.519548602267365,616.0,11.532562594670793,2.0,1.5811388300841898,26.8,1.4832396974191326,0.016224,0.0001499333185119303,0.01624,0.5105783690424028,False
W13,T05,0.5,0.2,0.3,0.5,0.7173746366692375,0.04150105850863105,0.15415487313880377,0.050113020088966835,0.15415487313880377,0.050113020088966835,0.6775947191648584,0.028412156598680616,0.8408866995073891,0.06176326312771423,0.5143027388223277,0.009788131443573855,0.06775586973186201,0.0031703211907174607,0.9871701050306374,0.0048636761639438576,0.4856972611776723,0.009788131443573888,0.5274509803921569,0.00820254927974581,0.1254007810991253,0.006102181098603865,352.4,6.6932802122726125,332.8,6.723094525588641,4.6,1.816590212458495,24.2,1.4832396974191326,0.053281,0.00044558108128599726,0.053475,0.49603518923459455,False
W13,T06,0.6,0.2,0.3,0.5,0.7173746366692375,0.04150105850863105,0.15415487313880377,0.050113020088966835,0.15415487313880377,0.050113020088966835,0.6755630498576763,0.022503313516149613,0.7366995073891626,0.055325592251682786,0.6144265923261901,0.015281484937469114,0.07427317668943728,0.003222559395186245,0.9823284761731989,0.0035989815426265693,0.3855734076738099,0.015281484937469118,0.619327731092437,0.013190571067754703,0.134914248936069,0.005950401803158591,421.0,10.222524150130441,264.2,10.639548862616309,7.6,1.6733200530681511,21.2,1.3038404810405297,0.077312,0.0007627712632237745,0.077418,0.474596544507016,False
W13,T07,0.7,0.2,0.3,0.5,0.7173746366692375,0.04150105850863105,0.15415487313880377,0.050113020088966835,0.15415487313880377,0.050113020088966835,0.6591942550994725,0.048086824928350536,0.6044334975369459,0.08842330227577297,0.7139550126619991,0.01877952250889587,0.08188261428629813,0.013853512348494478,0.9772066825895168,0.005294880065709821,0.2860449873380009,0.01877952250889593,0.7095238095238094,0.01947232077472227,0.14416607590278188,0.023717966483783093,489.2,12.774975538137046,196.0,12.903487900563938,11.4,2.6076809620810595,17.4,2.509980079602227,0.13154499999999988,0.001907114967693435,0.13147699999999993,0.4271715520291584,False
W13,T04,0.4,0.2,0.3,0.5,0.7173746366692375,0.04150105850863105,0.15415487313880377,0.050113020088966835,0.15415487313880377,0.050113020088966835,0.6368618935834375,0.018084068404795064,0.8615763546798029,0.04122949656881961,0.412147432487072,0.014531448838330643,0.05800795646110154,0.0017729894525961192,0.9860929754183774,0.00413122995253919,0.587852567512928,0.01453144883833063,0.4302521008403361,0.013375166819398656,0.10869031249333579,0.0033170176019859028,282.4,9.838699100999074,402.8,10.134100848126584,4.0,1.224744871391589,24.8,0.8366600265340757,0.03977,0.00039591665789658314,0.03977400000000001,0.5084036825299361,False
W13,T08,0.8,0.2,0.3,0.5,0.7173746366692375,0.04150105850863105,0.15415487313880377,0.050113020088966835,0.15415487313880377,0.050113020088966835,0.622527813469784,0.040690242972776305,0.46600985221674873,0.07793533147526531,0.7790457747228192,0.012928570199035717,0.0815195453337146,0.013421242100547725,0.971959924319021,0.004398542669815624,0.22095422527718073,0.012928570199035724,0.7663865546218488,0.013338452045724536,0.13870028963917608,0.022552923740940325,533.8,8.700574693662496,151.4,8.905054744357273,15.4,2.4083189157584592,13.4,2.073644135332772,0.2,0.0,0.2,0.3696840993794566,False
W13,T09,0.85,0.2,0.3,0.5,0.7173746366692375,0.04150105850863105,0.15415487313880377,0.050113020088966835,0.15415487313880377,0.050113020088966835,0.6195023918740125,0.03879250106222074,0.4246305418719212,0.0869007963397042,0.814374241876104,0.057881425351064664,0.09242329188682467,0.02494938506130384,0.9711364551995734,0.004215367020285486,0.18562575812389606,0.057881425351064664,0.7985994397759104,0.05385695863584653,0.14981464173469838,0.03299644258460458,558.0,39.49683531626298,127.2,39.69508785731554,16.6,2.7018512172212596,12.2,2.280350850198276,0.2014455,0.0019837089630286016,0.200078,0.36962080490416116,False
W13,T03,0.3,0.2,0.3,0.5,0.7173746366692375,0.04150105850863105,0.15415487313880377,0.050113020088966835,0.15415487313880377,0.050113020088966835,0.6024179942013841,0.022603406291514166,0.8963054187192118,0.05413398641819215,0.3085305696835564,0.014799805665220577,0.05163433078167101,0.0021512790837680006,0.9862250716074528,0.0069920313586610055,0.6914694303164436,0.014799805665220567,0.33221288515406167,0.013190571067754743,0.09763791504915689,0.004099200434636177,211.4,10.014988766843425,473.8,10.449880382090504,3.0,1.5811388300841898,25.8,1.30384048104053,0.030083,0.00027560388241097065,0.030100000000000002,0.5171772842401337,False
W13,T10,0.9,0.2,0.3,0.5,0.7173746366692375,0.04150105850863105,0.15415487313880377,0.050113020088966835,0.15415487313880377,0.050113020088966835,0.5998657740036794,0.030628645402189878,0.29137931034482756,0.05041445350763257,0.908352237662531,0.014352640953636763,0.12082111589349634,0.03397797320105481,0.9682471520996684,0.002325510150679064,0.09164776233746888,0.014352640953636765,0.8834733893557424,0.015032389764704494,0.1703097470872407,0.04218675391535236,622.4,9.607288899580373,62.8,9.859006035092992,20.4,1.3416407864998738,8.4,1.51657508881031,0.278867,0.007529617852188793,0.278422,0.3094562059775179,False
W13,T11,0.92,0.2,0.3,0.5,0.7173746366692375,0.04150105850863105,0.15415487313880377,0.050113020088966835,0.15415487313880377,0.050113020088966835,0.5757357168173802,0.040166584024757736,0.22881773399014776,0.07036105634437895,0.9226536996446129,0.011508418762772445,0.11403230506053086,0.04553574326535736,0.9660582752054898,0.003160748644012675,0.07734630035538721,0.01150841876277246,0.8946778711484594,0.013301635933427217,0.15184620702422866,0.05583690894204173,632.2,7.661592523751185,53.0,7.905694150420949,22.2,1.9235384061671346,6.6,2.073644135332772,0.35,0.0,0.35,0.26299493024391174,False
W13,T12,0.94,0.2,0.3,0.5,0.7173746366692375,0.04150105850863105,0.15415487313880377,0.050113020088966835,0.15415487313880377,0.050113020088966835,0.5757357168173802,0.040166584024757736,0.22881773399014776,0.07036105634437895,0.9226536996446129,0.011508418762772445,0.11403230506053086,0.04553574326535736,0.9660582752054898,0.003160748644012675,0.07734630035538721,0.01150841876277246,0.8946778711484594,0.013301635933427217,0.15184620702422866,0.05583690894204173,632.2,7.661592523751185,53.0,7.905694150420949,22.2,1.9235384061671346,6.6,2.073644135332772,0.35,0.0,0.35,0.26299493024391174,False
W13,T13,0.95,0.2,0.3,0.5,0.7173746366692375,0.04150105850863105,0.15415487313880377,0.050113020088966835,0.15415487313880377,0.050113020088966835,0.5757357168173802,0.040166584024757736,0.22881773399014776,0.07036105634437895,0.9226536996446129,0.011508418762772445,0.11403230506053086,0.04553574326535736,0.9660582752054898,0.003160748644012675,0.07734630035538721,0.01150841876277246,0.8946778711484594,0.013301635933427217,0.15184620702422866,0.05583690894204173,632.2,7.661592523751185,53.0,7.905694150420949,22.2,1.9235384061671346,6.6,2.073644135332772,0.35,0.0,0.35,0.26299493024391174,False
W13,T14,0.96,0.2,0.3,0.5,0.7173746366692375,0.04150105850863105,0.15415487313880377,0.050113020088966835,0.15415487313880377,0.050113020088966835,0.5757357168173802,0.040166584024757736,0.22881773399014776,0.07036105634437895,0.9226536996446129,0.011508418762772445,0.11403230506053086,0.04553574326535736,0.9660582752054898,0.003160748644012675,0.07734630035538721,0.01150841876277246,0.8946778711484594,0.013301635933427217,0.15184620702422866,0.05583690894204173,632.2,7.661592523751185,53.0,7.905694150420949,22.2,1.9235384061671346,6.6,2.073644135332772,0.35,0.0,0.35,0.26299493024391174,False
W13,T15,0.97,0.2,0.3,0.5,0.7173746366692375,0.04150105850863105,0.15415487313880377,0.050113020088966835,0.15415487313880377,0.050113020088966835,0.5751698527744491,0.03837458506306019,0.17339901477832514,0.07658474793456166,0.9769406907705731,0.00477727985927878,0.23742954671747238,0.09421077772782471,0.9656731398301733,0.0030246705771567383,0.02305930922942691,0.004777279859278752,0.9445378151260504,0.005567116782731574,0.19923868218075189,0.08281744153989692,669.4,3.3615472627943155,15.8,3.271085446759225,23.8,2.1679483388678804,5.0,2.23606797749979,0.3574964999999998,0.0029806686120733106,0.35671459999999966,0.2592239170816614,False
W13,T16,0.98,0.2,0.3,0.5,0.7173746366692375,0.04150105850863105,0.15415487313880377,0.050113020088966835,0.15415487313880377,0.050113020088966835,0.5654632765335108,0.03281278427685859,0.1458128078817734,0.06623738448855808,0.9851137451852482,0.0037791614579228304,0.2860877684407096,0.0890389938105636,0.9648437555434821,0.0026727519147663366,0.014886254814751759,0.003779161457922822,0.9512605042016806,0.00413105916071502,0.19132092218800772,0.07772947829272026,675.0,2.6457513110645854,10.2,2.5884358211089573,24.6,1.9493588689617927,4.2,1.9235384061671346,0.4157674000000003,0.006401824997608022,0.4165285999999997,0.23158974060169427,False
W13,T02,0.2,0.2,0.3,0.5,0.7173746366692375,0.04150105850863105,0.15415487313880377,0.050113020088966835,0.15415487313880377,0.050113020088966835,0.554055497787911,0.018728809022338005,0.9032019704433498,0.05077417589727592,0.20490902513247217,0.01555027659336777,0.0455343826947034,0.0014192558425965452,0.9809579616844998,0.008724585236769571,0.7950909748675279,0.015550276593367806,0.23305322128851538,0.013419091951824643,0.08669440203558257,0.002776531603373903,140.4,10.597169433391162,544.8,10.894952959971867,2.8,1.4832396974191326,26.0,1.224744871391589,0.020964,0.0003089983818727854,0.020940000000000007,0.5255138598876341,False
W13,T17,0.99,0.2,0.3,0.5,0.7173746366692375,0.04150105850863105,0.15415487313880377,0.050113020088966835,0.15415487313880377,0.050113020088966835,0.5524768169106483,0.02220889165080128,0.11108374384236452,0.044848557861705496,0.9938698899789321,0.00190488727156743,0.42900432900432894,0.1179643750702883,0.963772811518371,0.001833192735757451,0.006130110021067864,0.0019048872715674199,0.9582633053221288,0.0025053982941174026,0.17481792717086836,0.06249989952399902,681.0,1.5811388300841898,4.2,1.3038404810405297,25.6,1.3416407864998738,3.2,1.3038404810405297,0.5188301999999997,0.006889218366404481,0.5209506999999999,0.21703747410180108,False
W13,T01,0.1,0.2,0.3,0.5,0.7173746366692375,0.04150105850863105,0.15415487313880377,0.050113020088966835,0.15415487313880377,0.050113020088966835,0.5197767987853874,0.022951901073799023,0.9376847290640395,0.0565135424906769,0.10186886850673534,0.017837192569065866,0.04201315299662235,0.0018883008069061397,0.9764464842385963,0.019252911464158366,0.8981311314932647,0.01783719256906585,0.13557422969187677,0.015639937563186147,0.08042096637488469,0.003651417424637843,69.8,12.214745187681977,615.4,12.259690045021525,1.8,1.6431676725154984,27.0,1.5811388300841898,0.014317,0.00018783636495631,0.014329,0.531547414230377,False
W25,T06,0.6,0.2,0.1,0.7,0.7167330422668716,0.041354410233223,0.15074667466271227,0.055176413718531866,0.15074667466271227,0.055176413718531866,0.6789882802209374,0.028030125878593395,0.7438423645320198,0.06949131024465954,0.6141341959098552,0.01670456438829252,0.07481782027578701,0.0032412609294186403,0.9828118794572184,0.004496954999306816,0.3858658040901449,0.016704564388292504,0.619327731092437,0.01384360088868519,0.13592804939559527,0.006330030009112897,420.8,11.233877335986895,264.4,11.588787684654504,7.4,2.073644135332772,21.4,1.6733200530681511,0.06703,0.001185495676921679,0.06711400000000001,0.6277389762711887,False
W25,T05,0.5,0.2,0.1,0.7,0.7167330422668716,0.041354410233223,0.15074667466271227,0.055176413718531866,0.15074667466271227,0.055176413718531866,0.6701138002214657,0.038508758625967775,0.8270935960591134,0.07628313826226349,0.5131340043838182,0.005410136341447545,0.06657631215466091,0.005101983627977749,0.9860005875009179,0.006182048670886697,0.4868659956161818,0.005410136341447588,0.5257703081232493,0.006152908301537456,0.12323022445963908,0.009575155286174001,351.6,3.7815340802378015,333.6,3.6469165057620963,5.0,2.23606797749979,23.8,1.9235384061671343,0.045178,0.00013437819763637208,0.04519,0.6430537064927003,False
W25,T07,0.7,0.2,0.1,0.7,0.7167330422668716,0.041354410233223,0.15074667466271227,0.055176413718531866,0.15074667466271227,0.055176413718531866,0.6655064396043556,0.03185222859497292,0.6182266009852218,0.0581823241922055,0.7127862782234896,0.017402406775002998,0.08319389919605871,0.009709669691364222,0.9779632375703387,0.0034947764048975935,0.2872137217765104,0.01740240677500298,0.7089635854341736,0.01727862242385566,0.14660191615933243,0.01639777776779897,488.4,11.86591757935306,196.8,11.945710527214361,11.0,1.7320508075688772,17.8,1.6431676725154982,0.11527599999999989,0.002465454826193301,0.11539099999999995,0.5954746142490038,False
W25,T04,0.4,0.2,0.1,0.7,0.7167330422668716,0.041354410233223,0.15074667466271227,0.055176413718531866,0.15074667466271227,0.055176413718531866,0.6321010259484758,0.028046130257546757,0.8546798029556649,0.06563011130282873,0.40952224894128664,0.014179606807727976,0.05729015090118952,0.0031143778522711657,0.9854081827603478,0.006280807975873589,0.5904777510587134,0.014179606807727984,0.42745098039215684,0.012104924614191551,0.10737416048780102,0.005921269549250378,280.6,9.555103348473004,404.6,9.964938534682485,4.2,1.9235384061671346,24.6,1.6733200530681513,0.033086000000000004,0.00037024316333998864,0.033100000000000004,0.6516606044053913,False
W25,T08,0.8,0.2,0.1,0.7,0.7167330422668716,0.041354410233223,0.15074667466271227,0.055176413718531866,0.15074667466271227,0.055176413718531866,0.6151251009914591,0.04714975485697329,0.4450738916256157,0.09022816680494754,0.7851763103573024,0.012982777074710534,0.08023659458163054,0.016661500833101132,0.9711203830957066,0.004931928501835831,0.21482368964269755,0.012982777074710563,0.7714285714285715,0.013772571169680156,0.1358908159126429,0.027804164947715482,538.0,8.689073598491373,147.2,8.955445270895245,16.0,2.7386127875258306,12.8,2.4899799195977463,0.2,0.0,0.2,0.5446704814234015,False
W25,T09,0.85,0.2,0.1,0.7,0.7167330422668716,0.041354410233223,0.15074667466271227,0.055176413718531866,0.15074667466271227,0.055176413718531866,0.6151251009914591,0.04714975485697329,0.4450738916256157,0.09022816680494754,0.7851763103573024,0.012982777074710534,0.08023659458163054,0.016661500833101132,0.9711203830957066,0.004931928501835831,0.21482368964269755,0.012982777074710563,0.7714285714285715,0.013772571169680156,0.1358908159126429,0.027804164947715482,538.0,8.689073598491373,147.2,8.955445270895245,16.0,2.7386127875258306,12.8,2.4899799195977463,0.2,0.0,0.2,0.5446704814234015,False
W25,T12,0.94,0.2,0.1,0.7,0.7167330422668716,0.041354410233223,0.15074667466271227,0.055176413718531866,0.15074667466271227,0.055176413718531866,0.6050214861393121,0.03178124656502046,0.29876847290640396,0.04058063975517346,0.9112744993722203,0.030295213728359086,0.1412305595638929,0.07783719351645466,0.968620729640822,0.0025293074309481467,0.08872550062777979,0.030295213728359045,0.8865546218487396,0.029924174536724784,0.18607429443209572,0.0706869793266575,624.4,20.5621010599598,60.8,20.77739155909615,20.2,1.3038404810405297,8.6,1.1401754250991376,0.25047899999999995,0.0010710765612222943,0.25,0.518812040467451,False
W25,T10,0.9,0.2,0.1,0.7,0.7167330422668716,0.041354410233223,0.15074667466271227,0.055176413718531866,0.15074667466271227,0.055176413718531866,0.604528156161965,0.030847269882403605,0.3056650246305419,0.051756382161716574,0.9033912876933881,0.015098421571086066,0.12005000400833735,0.032731384165484004,0.9686869878663723,0.0026410601937089076,0.0966087123066119,0.015098421571086018,0.8792717086834735,0.015577101079438962,0.17184766085062345,0.04102556864609554,619.0,10.074720839804943,66.2,10.377861051295685,20.0,1.5811388300841893,8.8,1.4832396974191324,0.25,0.0,0.25,0.518812040467451,False
W25,T11,0.92,0.2,0.1,0.7,0.7167330422668716,0.041354410233223,0.15074667466271227,0.055176413718531866,0.15074667466271227,0.055176413718531866,0.604528156161965,0.030847269882403605,0.3056650246305419,0.051756382161716574,0.9033912876933881,0.015098421571086066,0.12005000400833735,0.032731384165484004,0.9686869878663723,0.0026410601937089076,0.0966087123066119,0.015098421571086018,0.8792717086834735,0.015577101079438962,0.17184766085062345,0.04102556864609554,619.0,10.074720839804943,66.2,10.377861051295685,20.0,1.5811388300841893,8.8,1.4832396974191324,0.25,0.0,0.25,0.518812040467451,False
W25,T13,0.95,0.2,0.1,0.7,0.7167330422668716,0.041354410233223,0.15074667466271227,0.055176413718531866,0.15074667466271227,0.055176413718531866,0.6004918219849876,0.044293512497523294,0.24359605911330048,0.08683969018599114,0.9573875848566746,0.007518195044094726,0.19505411255411256,0.07301124808185565,0.9678448295003349,0.00387453968528997,0.042612415143325325,0.007518195044094778,0.9285714285714286,0.008461516788231467,0.21552159332738574,0.07618795238991169,656.0,4.847679857416329,29.2,5.167204273105526,21.8,2.6832815729997477,7.0,2.449489742783178,0.259079,0.0018635958185722608,0.25887499999999986,0.5145942080503821,False
W25,T03,0.3,0.2,0.1,0.7,0.7167330422668716,0.041354410233223,0.15074667466271227,0.055176413718531866,0.15074667466271227,0.055176413718531866,0.5979706532211965,0.01957318239392752,0.8891625615763546,0.044403340830837315,0.3067787448660382,0.017025094264238375,0.051148043877067596,0.002205350431182942,0.9851339746089373,0.005703615792103279,0.6932212551339618,0.017025094264238365,0.3302521008403361,0.015857904599123975,0.09672596757223495,0.0041241955054757045,210.2,11.562871615649808,475.0,11.916375287812984,3.2,1.3038404810405297,25.6,1.1401754250991383,0.024453,0.00023191054309797983,0.024497,0.6578518346428776,False
W25,T14,0.96,0.2,0.1,0.7,0.7167330422668716,0.041354410233223,0.15074667466271227,0.055176413718531866,0.15074667466271227,0.055176413718531866,0.5914366213926512,0.04047612198138974,0.21527093596059116,0.07854015159555383,0.9676023068247112,0.004759275362212647,0.2185680813439434,0.07785997066600328,0.9670396135957864,0.003312123626102849,0.032397693175288886,0.004759275362212683,0.9372549019607843,0.006524265937732254,0.21639917586147864,0.07750833128585695,663.0,3.0,22.2,3.271085446759225,22.6,2.302172886644267,6.2,2.280350850198276,0.29963279999999987,0.0019443243556566795,0.299986,0.49666038047140415,False
W25,T15,0.97,0.2,0.1,0.7,0.7167330422668716,0.041354410233223,0.15074667466271227,0.055176413718531866,0.15074667466271227,0.055176413718531866,0.5781349326613533,0.039924833086424166,0.18078817733990146,0.07934705266840422,0.9754816879828052,0.0031640949763337566,0.23172946859903382,0.08955955247889702,0.9659033862096361,0.003380767679126876,0.02451831201719478,0.003164094976333795,0.9434173669467787,0.004811082363394288,0.2025076304664334,0.08383038040140442,668.4,2.1908902300206607,16.8,2.16794833886788,23.6,2.408318915758459,5.2,2.280350850198276,0.3499203999999999,0.006225674575899363,0.3514526999999996,0.47825958816451347,False
W25,T16,0.98,0.2,0.1,0.7,0.7167330422668716,0.041354410233223,0.15074667466271227,0.055176413718531866,0.15074667466271227,0.055176413718531866,0.565316652711928,0.0333477725331036,0.1458128078817734,0.06623738448855808,0.9848204975420826,0.003669251736830755,0.2857991681521094,0.10617309885126688,0.9648304747317547,0.0027304680963395303,0.015179502457917474,0.0036692517368307823,0.9509803921568627,0.004951728159569662,0.1916538062089832,0.07958309116238056,674.8,2.8635642126552674,10.4,2.5099800796022267,24.6,1.9493588689617927,4.2,1.9235384061671346,0.4305224000000002,0.007650031653529375,0.42883979999999966,0.4601409647032526,False
W25,T02,0.2,0.2,0.1,0.7,0.7167330422668716,0.041354410233223,0.15074667466271227,0.055176413718531866,0.15074667466271227,0.055176413718531866,0.5612446587350917,0.011829092632156887,0.9169950738916256,0.03894041153435214,0.2054942435785576,0.01743570241374836,0.04624608976840687,0.0009191594263017643,0.9836714416097116,0.0065354480723214085,0.7945057564214424,0.017435702413748297,0.2341736694677871,0.01563993756318613,0.08804743731279377,0.0017713519713766727,140.8,11.882760622010354,544.4,12.218837915284738,2.4,1.140175425099138,26.4,0.8944271909999156,0.0169,0.0002575849374478253,0.016846,0.6634031361472449,False
W25,T17,0.99,0.2,0.1,0.7,0.7167330422668716,0.041354410233223,0.15074667466271227,0.055176413718531866,0.15074667466271227,0.055176413718531866,0.5379766191471734,0.020265593700103408,0.0832512315270936,0.03911528577557698,0.9927020067672533,0.002921305038704214,0.33555555555555555,0.14281128011608563,0.962637305820434,0.0016323596038088832,0.007297993232746697,0.002921305038704213,0.9560224089635854,0.004034974871397216,0.13244807350070506,0.060190167652377655,680.2,2.2803508501982797,5.0,2.0,26.4,1.1401754250991383,2.4,1.140175425099138,0.5570106999999979,0.008901091713943807,0.5620277999999999,0.45881737249894966,False
W25,T01,0.1,0.2,0.1,0.7,0.7167330422668716,0.041354410233223,0.15074667466271227,0.055176413718531866,0.15074667466271227,0.055176413718531866,0.523224010613918,0.015795310236519595,0.9445812807881774,0.030640037696120028,0.10186674043965867,0.011358002208860655,0.042329181093464986,0.0012337249925876699,0.9776017884967623,0.0127904578593102,0.8981332595603414,0.011358002208860695,0.1358543417366947,0.010712225868892408,0.08102643215097927,0.00235454539173761,69.8,7.791020472312983,615.4,7.700649323271374,1.6,0.8944271909999159,27.2,0.8366600265340756,0.010177,0.00017715106547802644,0.010267000000000002,0.6682098058416981,False
W27,T06,0.6,0.2,0.7,0.1,0.7163716907115533,0.04499045276142395,0.13137657828631624,0.04831853816304131,0.13137657828631624,0.04831853816304131,0.6864691991643301,0.03200867313163917,0.7576354679802956,0.06712895923589422,0.6153029303483646,0.021767614597511493,0.07650041907784103,0.006297871620535314,0.9837117515695002,0.004530986095130584,0.3846970696516354,0.021767614597511503,0.6210084033613446,0.020334668249727197,0.13892485175542704,0.011114840400866681,421.6,14.724129855444765,263.6,15.043270920913448,7.0,2.0,21.8,1.6431676725154984,0.094894,0.0016834280501405376,0.09494000000000001,0.6088848305993506,False
W27,T05,0.5,0.2,0.7,0.1,0.7163716907115533,0.04499045276142395,0.13137657828631624,0.04831853816304131,0.13137657828631624,0.04831853816304131,0.6809209063511061,0.011048318269873987,0.8475369458128078,0.029407464217190028,0.5143048668894044,0.012618824450173548,0.06831800552388786,0.0008722774964852244,0.9876999970697138,0.0023025718441774296,0.48569513311059564,0.01261882445017353,0.5277310924369748,0.011352316038744783,0.12643488687101223,0.0015543710669469156,352.4,8.561541917201597,332.8,8.72926113711808,4.4,0.8944271909999159,24.4,0.547722557505166,0.068009,0.0005465048032725844,0.068155,0.6270225174258098,False
W27,T07,0.7,0.2,0.7,0.1,0.7163716907115533,0.04499045276142395,0.13137657828631624,0.04831853816304131,0.13137657828631624,0.04831853816304131,0.6580257334676707,0.048757565524350364,0.6044334975369459,0.08499500023122737,0.7116179693983955,0.014885296460101045,0.08129664834412892,0.0138500217769448,0.9771039619689063,0.005308066959914327,0.28838203060160456,0.014885296460101076,0.707282913165266,0.017210372167289236,0.1432898815234825,0.023813418105904316,487.6,10.16366075781753,197.6,10.212737145349433,11.4,2.5099800796022262,17.4,2.408318915758459,0.14747899999999997,0.001767984021420999,0.14726499999999998,0.575403435477231,False
W27,T04,0.4,0.2,0.7,0.1,0.7163716907115533,0.04499045276142395,0.13137657828631624,0.04831853816304131,0.13137657828631624,0.04831853816304131,0.6437358254221828,0.02422441944941745,0.875615763546798,0.057222956430980014,0.4118558872975676,0.014313409404960169,0.05883724198562179,0.002202378389936012,0.987527566005066,0.005650495334305914,0.5881441127024324,0.014313409404960167,0.43053221288515403,0.012472065468287502,0.11025723164558898,0.0042473897161765415,282.2,9.67987603226405,403.0,10.0,3.6,1.6733200530681511,25.2,1.3038404810405297,0.05111600000000001,0.00039525940849017513,0.051146000000000004,0.6388560453263317,False
W27,T09,0.85,0.2,0.7,0.1,0.7163716907115533,0.04499045276142395,0.13137657828631624,0.04831853816304131,0.13137657828631624,0.04831853816304131,0.6351676439875867,0.03124044191517673,0.4098522167487685,0.052063162918681176,0.860483071226405,0.014525457702758725,0.11111335999887269,0.02172980549394468,0.971957184052888,0.0028024152294506732,0.13951692877359495,0.014525457702758753,0.842296918767507,0.015265463970239522,0.17461460406665888,0.03115791477481999,589.6,9.736529155710453,95.6,9.989994994993742,17.0,1.5811388300841893,11.8,1.4832396974191324,0.2021935,0.0013792826486982237,0.20171300000000003,0.5437299584380099,False
W27,T08,0.8,0.2,0.7,0.1,0.7163716907115533,0.04499045276142395,0.13137657828631624,0.04831853816304131,0.13137657828631624,0.04831853816304131,0.6333703702616569,0.04328970763292488,0.5002463054187192,0.07724532198141089,0.7664944351045945,0.013511326428107918,0.08295989283041491,0.014994189192702227,0.9732883624721813,0.0044578169945424795,0.2335055648954055,0.013511326428107862,0.7557422969187675,0.015136421384993042,0.14227299807922367,0.025035144669742628,525.2,9.121403400793099,160.0,9.30053761886914,14.4,2.3021728866442674,14.4,2.1908902300206647,0.2,0.0,0.2,0.5446715830057595,False
W27,T10,0.9,0.2,0.7,0.1,0.7163716907115533,0.04499045276142395,0.13137657828631624,0.04831853816304131,0.13137657828631624,0.04831853816304131,0.6099399738321131,0.03420356901282794,0.31182266009852216,0.06156650167475073,0.908057287565704,0.018254453600262188,0.1283916151858357,0.03700323536864656,0.9691456475198071,0.002443875349137691,0.09194271243429593,0.018254453600262174,0.8840336134453782,0.01819111542477947,0.18097856087953612,0.045726590964011604,622.2,12.457929201917954,63.0,12.509996003196802,19.8,1.4832396974191329,9.0,1.8708286933869707,0.29543699999999995,0.012128222046120376,0.2962299999999998,0.49818605584058656,False
W27,T03,0.3,0.2,0.7,0.1,0.7163716907115533,0.04499045276142395,0.13137657828631624,0.04831853816304131,0.13137657828631624,0.04831853816304131,0.5985347414288429,0.01707281820087029,0.8894088669950738,0.05069046900302712,0.30766061586261195,0.026022878989674578,0.051211018674375344,0.001725251560026959,0.9853972527619336,0.0063074353597168615,0.6923393841373879,0.026022878989674564,0.3310924369747899,0.023801283794115405,0.0968348519252667,0.003214856122230438,210.8,17.711578134090704,474.4,18.146625030566977,3.2,1.4832396974191326,25.6,1.1401754250991383,0.039089,0.0006713922102616375,0.039,0.6474473981212682,False
W27,T11,0.92,0.2,0.7,0.1,0.7163716907115533,0.04499045276142395,0.13137657828631624,0.04831853816304131,0.13137657828631624,0.04831853816304131,0.57391611306347,0.03582063454030451,0.22167487684729065,0.06103207730721117,0.9261573492796493,0.014550225944103424,0.11683016237911362,0.04540729429989693,0.9658876862476632,0.002570020699105041,0.0738426507203507,0.014550225944103469,0.8977591036414566,0.01543796056375954,0.1522757099531293,0.05282407721345561,634.6,9.736529155710455,50.6,9.989994994993742,22.4,1.5165750888103098,6.4,1.816590212458495,0.3893211999999998,0.01454439717554491,0.38822560000000006,0.468145970643089,False
W27,T02,0.2,0.2,0.7,0.1,0.7163716907115533,0.04499045276142395,0.13137657828631624,0.04831853816304131,0.13137657828631624,0.04831853816304131,0.5569196192374328,0.024592403341381578,0.9100985221674878,0.05740818729461416,0.20374071630737803,0.012583883985390426,0.04580613301441012,0.0021521365492531896,0.9821498800285839,0.010510576475196995,0.796259283692622,0.01258388398539045,0.23221288515406163,0.010866758958695143,0.08721939402788448,0.0041383687543727656,139.6,8.5615419172016,545.6,8.876936408468856,2.6,1.6733200530681511,26.2,1.4832396974191324,0.028988000000000003,0.00030564685504680085,0.029026000000000003,0.6545866191803801,False
W27,T17,0.99,0.2,0.7,0.1,0.7163716907115533,0.04499045276142395,0.13137657828631624,0.04831853816304131,0.13137657828631624,0.04831853816304131,0.5303512044492746,0.027158880904789146,0.06945812807881774,0.05453315443303895,0.9912442808197314,0.00230285453051128,0.23177489177489177,0.16962064278699732,0.9620445446985466,0.0022212916705833547,0.008755719180268563,0.002302854530511279,0.9540616246498599,0.0026940313811865168,0.10581453634085214,0.08083909296412763,679.2,1.30384048104052,6.0,1.5811388300841898,26.8,1.6431676725154982,2.0,1.5811388300841898,0.550896,5.47722557508501e-06,0.5509000000000001,0.45744720278300965,False
W27,T13,0.95,0.2,0.7,0.1,0.7163716907115533,0.04499045276142395,0.13137657828631624,0.04831853816304131,0.13137657828631624,0.04831853816304131,0.5295343569091366,0.031086894159319308,0.11773399014778325,0.0517358654309995,0.9413347236704901,0.010716435700652713,0.08279801162838099,0.04626549227789081,0.9620979127067791,0.0022868748476917527,0.05866527632950991,0.01071643570065272,0.9081232492997199,0.011990955066108637,0.09689765434367073,0.049608713679402214,645.0,7.0710678118654755,40.2,7.362064927722386,25.4,1.3416407864998743,3.4,1.51657508881031,0.55,0.0,0.55,0.45734793465588097,False
W27,T14,0.96,0.2,0.7,0.1,0.7163716907115533,0.04499045276142395,0.13137657828631624,0.04831853816304131,0.13137657828631624,0.04831853816304131,0.5295343569091366,0.031086894159319308,0.11773399014778325,0.0517358654309995,0.9413347236704901,0.010716435700652713,0.08279801162838099,0.04626549227789081,0.9620979127067791,0.0022868748476917527,0.05866527632950991,0.01071643570065272,0.9081232492997199,0.011990955066108637,0.09689765434367073,0.049608713679402214,645.0,7.0710678118654755,40.2,7.362064927722386,25.4,1.3416407864998743,3.4,1.51657508881031,0.55,0.0,0.55,0.45734793465588097,False
W27,T15,0.97,0.2,0.7,0.1,0.7163716907115533,0.04499045276142395,0.13137657828631624,0.04831853816304131,0.13137657828631624,0.04831853816304131,0.5295343569091366,0.031086894159319308,0.11773399014778325,0.0517358654309995,0.9413347236704901,0.010716435700652713,0.08279801162838099,0.04626549227789081,0.9620979127067791,0.0022868748476917527,0.05866527632950991,0.01071643570065272,0.9081232492997199,0.011990955066108637,0.09689765434367073,0.049608713679402214,645.0,7.0710678118654755,40.2,7.362064927722386,25.4,1.3416407864998743,3.4,1.51657508881031,0.55,0.0,0.55,0.45734793465588097,False
W27,T16,0.98,0.2,0.7,0.1,0.7163716907115533,0.04499045276142395,0.13137657828631624,0.04831853816304131,0.13137657828631624,0.04831853816304131,0.5295343569091366,0.031086894159319308,0.11773399014778325,0.0517358654309995,0.9413347236704901,0.010716435700652713,0.08279801162838099,0.04626549227789081,0.9620979127067791,0.0022868748476917527,0.05866527632950991,0.01071643570065272,0.9081232492997199,0.011990955066108637,0.09689765434367073,0.049608713679402214,645.0,7.0710678118654755,40.2,7.362064927722386,25.4,1.3416407864998743,3.4,1.51657508881031,0.55,0.0,0.55,0.45734793465588097,False
W27,T12,0.94,0.2,0.7,0.1,0.7163716907115533,0.04499045276142395,0.13137657828631624,0.04831853816304131,0.13137657828631624,0.04831853816304131,0.5293885843143845,0.0312612297634319,0.11773399014778325,0.0517358654309995,0.9410431784809857,0.01116107881589994,0.08264718206578672,0.04644398003159559,0.9620860650674212,0.002295518681970321,0.05895682151901428,0.011161078815899932,0.907843137254902,0.012385261047301997,0.09677107206518971,0.04975686213710938,644.8,7.362064927722399,40.4,7.668115805072325,25.4,1.3416407864998743,3.4,1.51657508881031,0.5385453999999994,0.0163566922328457,0.55,0.45734793465588097,False
W27,T01,0.1,0.2,0.7,0.1,0.7163716907115533,0.04499045276142395,0.13137657828631624,0.04831853816304131,0.13137657828631624,0.04831853816304131,0.5161823247151509,0.02771639851019832,0.9307881773399014,0.054329749781097524,0.10157647209040029,0.013165600844388028,0.04172009205891791,0.0022678109596950126,0.9719137268674695,0.022205137757914342,0.8984235279095998,0.013165600844388066,0.13501400560224092,0.012744328477397556,0.07985936043992536,0.004340974286722724,69.6,9.016651263079881,615.6,9.044335243676004,2.0,1.5811388300841898,26.8,1.4832396974191324,0.021473,0.00014648378749882327,0.02146,0.6600512593230923,False
W15,T06,0.6,0.2,0.6,0.2,0.7163514735501704,0.044371609852177134,0.13365967787654637,0.039320910564239996,0.13365967787654637,0.039320910564239996,0.6828747250940935,0.03040938626766318,0.7507389162561576,0.06875407417681931,0.6150105339320295,0.01814528545759518,0.07569949548956764,0.004937440314770824,0.9832690473187375,0.004572805492302071,0.38498946606797046,0.018145285457595143,0.6204481792717087,0.01618238096399348,0.13749601728321553,0.008969268562311679,421.4,12.218837915284743,263.8,12.577758146824094,7.2,2.04939015319192,21.6,1.673320053068151,0.091256,0.0012569327746542289,0.09128800000000004,0.5231753360757748,False
W15,T05,0.5,0.2,0.6,0.2,0.7163514735501704,0.044371609852177134,0.13365967787654637,0.039320910564239996,0.13365967787654637,0.039320910564239996,0.6812124515406105,0.011319383813826888,0.8475369458128078,0.029407464217190028,0.5148879572684131,0.012952318335417755,0.06839484101536536,0.0008201571072041328,0.9877121455887845,0.002302010426325621,0.48511204273158687,0.012952318335417755,0.5282913165266107,0.011692790736550029,0.12656684017736647,0.0014855432013025235,352.8,8.814760348415607,332.4,8.933084573650916,4.4,0.8944271909999159,24.4,0.547722557505166,0.064342,0.000525899229891047,0.06427000000000001,0.5445434475172757,False
W15,T07,0.7,0.2,0.6,0.2,0.7163514735501704,0.044371609852177134,0.13365967787654637,0.039320910564239996,0.13365967787654637,0.039320910564239996,0.6551394177461715,0.05372108929468296,0.5977832512315271,0.09693768989559054,0.7124955842608159,0.019004858745493333,0.08072416301067356,0.014870674833306828,0.9767515352686388,0.005987544619087285,0.28750441573918406,0.019004858745493312,0.7078431372549019,0.02043090479418544,0.14218341275394578,0.02557927281388824,488.2,12.930583900195694,197.0,13.057564857200596,11.6,2.8809720581775866,17.2,2.6832815729997477,0.1446539999999999,0.0025618606519481543,0.14455199999999988,0.48271131542361845,False
W15,T04,0.4,0.2,0.6,0.2,0.7163514735501704,0.044371609852177134,0.13365967787654637,0.039320910564239996,0.13365967787654637,0.039320910564239996,0.640310382252214,0.02042443603484776,0.8684729064039409,0.0441154939452968,0.4121478581004873,0.017504326294424534,0.058460292199121064,0.0023842577594040027,0.986775871565837,0.004416432416098474,0.5878521418995126,0.01750432629442456,0.43053221288515403,0.01638116696606549,0.10953786785024655,0.0044074525866006865,282.4,11.886967653695367,402.8,12.153188881935472,3.8,1.3038404810405297,25.0,1.0,0.048292,0.0005670273362017015,0.048116,0.5575536591127351,False
W15,T09,0.85,0.2,0.6,0.2,0.7163514735501704,0.044371609852177134,0.13365967787654637,0.039320910564239996,0.13365967787654637,0.039320910564239996,0.6339995479692002,0.033547723758245634,0.4098522167487685,0.052063162918681176,0.8581468791896321,0.01782623109181637,0.11007292980243799,0.024109805553074046,0.9718688539616422,0.0029732051989701433,0.14185312081036794,0.01782623109181641,0.8400560224089636,0.018748684067990535,0.17325749308560184,0.03423456065540888,588.0,12.083045973594587,97.2,12.23519513534623,17.0,1.5811388300841893,11.8,1.4832396974191324,0.20220700000000003,0.0006457515001918256,0.2018,0.4422557781804552,False
W15,T08,0.8,0.2,0.6,0.2,0.7163514735501704,0.044371609852177134,0.13365967787654637,0.039320910564239996,0.13365967787654637,0.039320910564239996,0.6299220943995879,0.04488462345605037,0.49334975369458134,0.08066079408302343,0.7664944351045946,0.013392504666080086,0.08189505896402448,0.015380824840202766,0.9729282889162094,0.0046411913882004295,0.2335055648954055,0.013392504666080069,0.7554621848739496,0.015103988475678325,0.14042864486450135,0.025749844490393765,525.2,9.038805230781342,160.0,9.219544457292884,14.6,2.4083189157584592,14.2,2.280350850198276,0.2,0.0,0.2,0.44347145718072994,False
W15,T10,0.9,0.2,0.6,0.2,0.7163514735501704,0.044371609852177134,0.13365967787654637,0.039320910564239996,0.13365967787654637,0.039320910564239996,0.5997419828741968,0.038785996197693386,0.2911330049261084,0.06941269519941753,0.9083509608222851,0.014027878100712406,0.12044981655952873,0.03685792521214048,0.9682496421913122,0.002990265855299752,0.09164903917771487,0.014027878100712442,0.8834733893557424,0.014901328939238552,0.169910845061387,0.04796509028092047,622.4,9.449867723941958,62.8,9.628083921528725,20.4,1.8165902124584952,8.4,2.073644135332772,0.290478,0.009268941147725555,0.28889000000000004,0.38888862857378587,False
W15,T03,0.3,0.2,0.6,0.2,0.7163514735501704,0.044371609852177134,0.13365967787654637,0.039320910564239996,0.13365967787654637,0.039320910564239996,0.5983876919938448,0.018722828926634436,0.8894088669950738,0.05069046900302712,0.3073665169926156,0.02169081928800047,0.05118375363168106,0.0017728550113836421,0.985322067788525,0.006476219185454103,0.6926334830073844,0.021690819288000495,0.330812324929972,0.01974243522559236,0.0967883252631964,0.0033412778938893477,210.6,14.741099009232657,474.6,15.175638372075156,3.2,1.4832396974191326,25.6,1.1401754250991383,0.037236,0.0006271204031125124,0.037248,0.5663976931785651,False
W15,T11,0.92,0.2,0.6,0.2,0.7163514735501704,0.044371609852177134,0.13365967787654637,0.039320910564239996,0.13365967787654637,0.039320910564239996,0.5849676093514605,0.03637797619526486,0.24261083743842365,0.06290439797597111,0.9273243812644975,0.014101453229048481,0.12779907364948348,0.04677916999650705,0.9668124884963298,0.0027197407383515535,0.07267561873550255,0.014101453229048511,0.8997198879551821,0.015038912824141316,0.16657946014308928,0.054203411904274724,635.4,9.449867723941958,49.8,9.679876032264051,21.8,1.6431676725154987,7.0,1.8708286933869707,0.38135759999999974,0.013504898252115686,0.38090240000000003,0.3476365510986438,False
W15,T02,0.2,0.2,0.6,0.2,0.7163514735501704,0.044371609852177134,0.13365967787654637,0.039320910564239996,0.13365967787654637,0.039320910564239996,0.5576495462447321,0.024269590490997053,0.9100985221674878,0.05740818729461416,0.20520057032197653,0.012029209735504896,0.045885185359224284,0.002128631029798188,0.9823019019197364,0.010445560506958562,0.7947994296780234,0.012029209735504946,0.23361344537815126,0.010215452397092706,0.08736264471658971,0.004095637167848023,140.6,8.17312669668102,544.6,8.53229160308062,2.6,1.6733200530681511,26.2,1.4832396974191324,0.027128000000000003,0.00027842413688471975,0.027100000000000003,0.5747184905099191,False
W15,T12,0.94,0.2,0.6,0.2,0.7163514735501704,0.044371609852177134,0.13365967787654637,0.039320910564239996,0.13365967787654637,0.039320910564239996,0.5395643810003237,0.022074579950057304,0.13866995073891625,0.03358706523359623,0.9404588112617309,0.010718566235043846,0.09334326634326635,0.03588633035226149,0.9629301979351922,0.0015560305898695546,0.05954118873826904,0.01071856623504389,0.9081232492997199,0.011317705238564062,0.11110003258875026,0.03648772084781059,644.4,7.092249290598872,40.8,7.3620649277223835,24.8,0.8366600265340756,4.0,1.0,0.4999352,0.00014489720494207699,0.5,0.32659904062014633,False
W15,T13,0.95,0.2,0.6,0.2,0.7163514735501704,0.044371609852177134,0.13365967787654637,0.039320910564239996,0.13365967787654637,0.039320910564239996,0.5395643810003237,0.022074579950057304,0.13866995073891625,0.03358706523359623,0.9404588112617309,0.010718566235043846,0.09334326634326635,0.03588633035226149,0.9629301979351922,0.0015560305898695546,0.05954118873826904,0.01071856623504389,0.9081232492997199,0.011317705238564062,0.11110003258875026,0.03648772084781059,644.4,7.092249290598872,40.8,7.3620649277223835,24.8,0.8366600265340756,4.0,1.0,0.5,0.0,0.5,0.32659904062014633,False
W15,T14,0.96,0.2,0.6,0.2,0.7163514735501704,0.044371609852177134,0.13365967787654637,0.039320910564239996,0.13365967787654637,0.039320910564239996,0.5395643810003237,0.022074579950057304,0.13866995073891625,0.03358706523359623,0.9404588112617309,0.010718566235043846,0.09334326634326635,0.03588633035226149,0.9629301979351922,0.0015560305898695546,0.05954118873826904,0.01071856623504389,0.9081232492997199,0.011317705238564062,0.11110003258875026,0.03648772084781059,644.4,7.092249290598872,40.8,7.3620649277223835,24.8,0.8366600265340756,4.0,1.0,0.5,0.0,0.5,0.32659904062014633,False
W15,T15,0.97,0.2,0.6,0.2,0.7163514735501704,0.044371609852177134,0.13365967787654637,0.039320910564239996,0.13365967787654637,0.039320910564239996,0.5395643810003237,0.022074579950057304,0.13866995073891625,0.03358706523359623,0.9404588112617309,0.010718566235043846,0.09334326634326635,0.03588633035226149,0.9629301979351922,0.0015560305898695546,0.05954118873826904,0.01071856623504389,0.9081232492997199,0.011317705238564062,0.11110003258875026,0.03648772084781059,644.4,7.092249290598872,40.8,7.3620649277223835,24.8,0.8366600265340756,4.0,1.0,0.5,0.0,0.5,0.32659904062014633,False
W15,T16,0.98,0.2,0.6,0.2,0.7163514735501704,0.044371609852177134,0.13365967787654637,0.039320910564239996,0.13365967787654637,0.039320910564239996,0.5395643810003237,0.022074579950057304,0.13866995073891625,0.03358706523359623,0.9404588112617309,0.010718566235043846,0.09334326634326635,0.03588633035226149,0.9629301979351922,0.0015560305898695546,0.05954118873826904,0.01071856623504389,0.9081232492997199,0.011317705238564062,0.11110003258875026,0.03648772084781059,644.4,7.092249290598872,40.8,7.3620649277223835,24.8,0.8366600265340756,4.0,1.0,0.5,0.0,0.5,0.32659904062014633,False
W15,T17,0.99,0.2,0.6,0.2,0.7163514735501704,0.044371609852177134,0.13365967787654637,0.039320910564239996,0.13365967787654637,0.039320910564239996,0.5385379408676203,0.026233254311068193,0.08349753694581281,0.052685759644655106,0.9935783447894277,0.0024433146151458312,0.33571428571428574,0.22508501795126756,0.962673578565925,0.00228088953556689,0.006421655210572237,0.002443314615145796,0.9568627450980391,0.003193768697756678,0.13222709458003576,0.08196728689940323,680.8,1.7888543819998246,4.4,1.6733200530681511,26.4,1.6733200530681513,2.4,1.51657508881031,0.5049363999999994,0.002938104967491097,0.5043496,0.326628003015908,False
W15,T01,0.1,0.2,0.6,0.2,0.7163514735501704,0.044371609852177134,0.13365967787654637,0.039320910564239996,0.13365967787654637,0.039320910564239996,0.5120034834256597,0.03253168215715984,0.9238916256157635,0.06613885270124989,0.10011534123555574,0.013309816381957166,0.04134853048174569,0.002636061872961826,0.9691953934614658,0.025247246903738817,0.8998846587644442,0.013309816381957225,0.13333333333333336,0.012424792782194334,0.07915348523147206,0.005065274444266035,68.6,9.126883367283709,616.6,9.04433524367602,2.2,1.9235384061671343,26.6,1.8165902124584952,0.01965,0.00017734147850967925,0.019618,0.5808905226098976,False
W07,T05,0.5,0.25,0.25,0.5,0.7162329679941857,0.040711685267329746,0.1588567727603603,0.05178508290959949,0.1588567727603603,0.05178508290959949,0.6741462304960818,0.02976366406992193,0.8339901477832512,0.06543570614519033,0.5143023132089124,0.01178768476041749,0.06722778502702752,0.0032641268680265543,0.9866294503803041,0.005120422603406837,0.4856976867910876,0.011787684760417451,0.527170868347339,0.009982369569302792,0.1244185496541731,0.00630826799854792,352.4,8.080841540334767,332.8,8.074651695274541,4.8,1.9235384061671346,24.0,1.5811388300841898,0.05343250000000001,0.0007423884596355218,0.0532375,0.491185366985062,False
W07,T06,0.6,0.25,0.25,0.5,0.7162329679941857,0.040711685267329746,0.1588567727603603,0.05178508290959949,0.1588567727603603,0.05178508290959949,0.6719690014008552,0.022719159360534476,0.7298029556650246,0.05929006821622744,0.6141350471366858,0.01846570770384939,0.07356320838881217,0.002806393472944706,0.9818809224570895,0.003774752344151045,0.38586495286331424,0.018465707703849345,0.6187675070028011,0.015919632760092745,0.13361955108055906,0.005302603186246354,420.8,12.437845472588885,264.4,12.798437404620932,7.8,1.7888543819998317,21.0,1.4142135623730951,0.078435,0.0012367548261478494,0.07836,0.4684513026281387,False
W07,T07,0.7,0.25,0.25,0.5,0.7162329679941857,0.040711685267329746,0.1588567727603603,0.05178508290959949,0.1588567727603603,0.05178508290959949,0.6650691218200991,0.03349797266280062,0.6182266009852218,0.0581823241922055,0.7119116426549764,0.01756904711375296,0.08303290442538903,0.010360885918589299,0.9779243046244475,0.0036246186283984483,0.2880883573450235,0.017569047113752914,0.7081232492997198,0.0178976034181848,0.1463508018486698,0.017450975095714846,487.8,11.945710527214358,197.4,12.074767078498862,11.0,1.7320508075688772,17.8,1.6431676725154982,0.13144999999999998,0.003039736830714135,0.13148499999999988,0.4212714547165522,False
W07,T04,0.4,0.25,0.25,0.5,0.7162329679941857,0.040711685267329746,0.1588567727603603,0.05178508290959949,0.1588567727603603,0.05178508290959949,0.6395819448918685,0.020358146447815313,0.8684729064039409,0.0441154939452968,0.41069098337979615,0.018970043771589142,0.058333842866393135,0.002602646717761059,0.9867390901887326,0.004433253670042479,0.5893090166202039,0.018970043771589173,0.4291316526610644,0.01784271950049421,0.10931406540892634,0.004767740997091078,281.4,12.856904759700138,403.8,13.217412757419659,3.8,1.3038404810405297,25.0,1.0,0.039525,0.00030413812651491266,0.039474999999999996,0.5037356538493181,False
W07,T08,0.8,0.25,0.25,0.5,0.7162329679941857,0.040711685267329746,0.1588567727603603,0.05178508290959949,0.1588567727603603,0.05178508290959949,0.6076533327364961,0.04719286565354967,0.4169950738916256,0.08638089407344914,0.7983115915813667,0.016027611436333175,0.08046513251179059,0.01931511233343725,0.9701849812362706,0.0046842970142309415,0.20168840841863336,0.016027611436333154,0.7829131652661065,0.01709601626853459,0.134799701350261,0.03133479408331015,547.0,10.793516572461451,138.2,11.03177229641729,16.8,2.588435821108957,12.0,2.4494897427831783,0.25,0.0,0.25,0.3227480957867916,False
W07,T09,0.85,0.25,0.25,0.5,0.7162329679941857,0.040711685267329746,0.1588567727603603,0.05178508290959949,0.1588567727603603,0.05178508290959949,0.6076533327364961,0.04719286565354967,0.4169950738916256,0.08638089407344914,0.7983115915813667,0.016027611436333175,0.08046513251179059,0.01931511233343725,0.9701849812362706,0.0046842970142309415,0.20168840841863336,0.016027611436333154,0.7829131652661065,0.01709601626853459,0.134799701350261,0.03133479408331015,547.0,10.793516572461451,138.2,11.03177229641729,16.8,2.588435821108957,12.0,2.4494897427831783,0.25,0.0,0.25,0.3227480957867916,False
W07,T10,0.9,0.25,0.25,0.5,0.7162329679941857,0.040711685267329746,0.1588567727603603,0.05178508290959949,0.1588567727603603,0.05178508290959949,0.6034374153818156,0.02785693259817891,0.2985221674876847,0.04536301254471463,0.9083526632759465,0.015387321536971633,0.12344779650863669,0.03295578719100401,0.9685508989440941,0.0022189241694224537,0.09164733672405354,0.01538732153697162,0.8837535014005603,0.01569002556191044,0.1740390794800823,0.04001122118887068,622.4,10.310189135025603,62.8,10.568822072492278,20.2,1.30384048104053,8.6,1.3416407864998738,0.28280500000000003,0.007078563590164356,0.28363,0.29745976237803995,False
W07,T03,0.3,0.25,0.25,0.5,0.7162329679941857,0.040711685267329746,0.1588567727603603,0.05178508290959949,0.1588567727603603,0.05178508290959949,0.6025637667961363,0.024534746221912082,0.8963054187192118,0.05413398641819215,0.3088221148730608,0.015218618547060652,0.05166565323250899,0.002450821410446568,0.9861778635601972,0.0071588167168821415,0.6911778851269392,0.015218618547060641,0.33249299719887954,0.014096344694774372,0.0976939851489091,0.004632682743231043,211.6,10.310189135025603,473.6,10.714476188783099,3.0,1.5811388300841898,25.8,1.30384048104053,0.029722500000000002,0.0002921365263023432,0.029725,0.5126645189195367,False
W07,T12,0.94,0.25,0.25,0.5,0.7162329679941857,0.040711685267329746,0.1588567727603603,0.05178508290959949,0.1588567727603603,0.05178508290959949,0.5771951452185635,0.03923486977106232,0.22881773399014776,0.07036105634437895,0.9255725564469792,0.010643672988487828,0.1173790825613287,0.04513887228201068,0.9661670672408006,0.0030791755356025913,0.07442744355302079,0.010643672988487778,0.8974789915966387,0.012185678842664556,0.1547819496844984,0.05510810816913006,634.2,7.049822692805831,51.0,7.3143694191638975,22.2,1.9235384061671346,6.6,2.073644135332772,0.375,0.0,0.375,0.2393560806288405,False
W07,T13,0.95,0.25,0.25,0.5,0.7162329679941857,0.040711685267329746,0.1588567727603603,0.05178508290959949,0.1588567727603603,0.05178508290959949,0.5771951452185635,0.03923486977106232,0.22881773399014776,0.07036105634437895,0.9255725564469792,0.010643672988487828,0.1173790825613287,0.04513887228201068,0.9661670672408006,0.0030791755356025913,0.07442744355302079,0.010643672988487778,0.8974789915966387,0.012185678842664556,0.1547819496844984,0.05510810816913006,634.2,7.049822692805831,51.0,7.3143694191638975,22.2,1.9235384061671346,6.6,2.073644135332772,0.375,0.0,0.375,0.2393560806288405,False
W07,T14,0.96,0.25,0.25,0.5,0.7162329679941857,0.040711685267329746,0.1588567727603603,0.05178508290959949,0.1588567727603603,0.05178508290959949,0.5771951452185635,0.03923486977106232,0.22881773399014776,0.07036105634437895,0.9255725564469792,0.010643672988487828,0.1173790825613287,0.04513887228201068,0.9661670672408006,0.0030791755356025913,0.07442744355302079,0.010643672988487778,0.8974789915966387,0.012185678842664556,0.1547819496844984,0.05510810816913006,634.2,7.049822692805831,51.0,7.3143694191638975,22.2,1.9235384061671346,6.6,2.073644135332772,0.375,0.0,0.375,0.2393560806288405,False
W07,T11,0.92,0.25,0.25,0.5,0.7162329679941857,0.040711685267329746,0.1588567727603603,0.05178508290959949,0.1588567727603603,0.05178508290959949,0.5770493726238113,0.039379521157005964,0.22881773399014776,0.07036105634437895,0.9252810112574748,0.0110522316981376,0.11713869794594409,0.045402609050088666,0.9661561628909132,0.0030861329733082345,0.07471898874252517,0.01105223169813761,0.8971988795518208,0.012550457600683407,0.1545481955938018,0.05535439406474904,634.0,7.314369419163909,51.2,7.596051605933176,22.2,1.9235384061671346,6.6,2.073644135332772,0.3729409999999999,0.0033081951272560515,0.375,0.2393560806288405,False
W07,T15,0.97,0.25,0.25,0.5,0.7162329679941857,0.040711685267329746,0.1588567727603603,0.05178508290959949,0.1588567727603603,0.05178508290959949,0.5750012474875966,0.0316153500701567,0.17364532019704434,0.06457008240846468,0.9763571747781491,0.005403913658402858,0.23281397939292675,0.07506890855044739,0.9656544552802885,0.0026286103633882023,0.023642825221850995,0.005403913658402832,0.9439775910364145,0.00514598685458649,0.19754261910596144,0.06885096182915464,669.0,3.741657386773943,16.2,3.7013511046643495,23.8,1.9235384061671343,5.0,1.8708286933869709,0.37938675,6.176821593668486e-05,0.3794,0.23708794430337446,False
W07,T16,0.98,0.25,0.25,0.5,0.7162329679941857,0.040711685267329746,0.1588567727603603,0.05178508290959949,0.1588567727603603,0.05178508290959949,0.5690575377970396,0.0307517425174902,0.15270935960591134,0.06240817467645285,0.9854057159881678,0.00372192422128614,0.29981325863678804,0.08375459436127368,0.965129462761609,0.0024731195976488815,0.014594284011832053,0.003721924221286113,0.9518207282913165,0.0037841053462482725,0.20057161599004286,0.07399310617664921,675.2,2.5884358211089644,10.0,2.5495097567963922,24.4,1.8165902124584952,4.4,1.816590212458495,0.4209630000000003,0.008564968695214177,0.4214644999999997,0.21871021488318748,False
W07,T02,0.2,0.25,0.25,0.5,0.7162329679941857,0.040711685267329746,0.1588567727603603,0.05178508290959949,0.1588567727603603,0.05178508290959949,0.5536183928103621,0.017084427555624962,0.9032019704433498,0.05077417589727592,0.2040348151773744,0.018444752752710607,0.0454862220453514,0.0012814660388206043,0.9809731866575454,0.008481084469881604,0.7959651848226257,0.01844475275271066,0.2322128851540616,0.01613382157180302,0.08660628904118266,0.002517492994975734,139.8,12.577758146824095,545.4,12.895735729302142,2.8,1.4832396974191326,26.0,1.224744871391589,0.020655,0.00036288772368323465,0.020730000000000005,0.520928081633156,False
W07,T17,0.99,0.25,0.25,0.5,0.7162329679941857,0.040711685267329746,0.1588567727603603,0.05178508290959949,0.1588567727603603,0.05178508290959949,0.5526225895054006,0.02178528256738175,0.11108374384236452,0.044848557861705496,0.9941614351684365,0.002732274704573849,0.45095238095238094,0.12803680734961012,0.9637838339115354,0.0018114947287112269,0.005838564831563491,0.0027322747045738617,0.9585434173669467,0.002730194494344238,0.17530285432724457,0.059991587648383506,681.2,2.167948338867889,4.0,1.8708286933869707,25.6,1.3416407864998738,3.2,1.3038404810405297,0.5272727499999996,0.009054025408278401,0.5283469999999998,0.20608223053674468,False
W07,T01,0.1,0.25,0.25,0.5,0.7162329679941857,0.040711685267329746,0.1588567727603603,0.05178508290959949,0.1588567727603603,0.05178508290959949,0.5206522855807312,0.023032621996566385,0.9376847290640395,0.0565135424906769,0.10361984209742289,0.016226926043675094,0.04209059240754945,0.0018893609701221322,0.9768752252706354,0.018922551285394423,0.8963801579025772,0.016226926043675045,0.13725490196078433,0.014005602240896371,0.08056306083678526,0.003656412670691465,71.0,11.113055385446435,614.2,11.144505372604039,1.8,1.6431676725154984,27.0,1.5811388300841898,0.0136225,0.00016498105951896332,0.013600000000000001,0.5274953017174655,False
W06,T06,0.6,0.25,0.5,0.25,0.7161747580214762,0.04030894420803497,0.1423669084832433,0.042640322474389994,0.1423669084832433,0.042640322474389994,0.6824596015818143,0.027707062028923025,0.7504926108374385,0.059824843220353495,0.6144265923261901,0.015035447242776199,0.07560647527946004,0.005112860896193144,0.9832263719043824,0.003984431507524369,0.3855734076738099,0.015035447242776216,0.6198879551820728,0.013744056498988305,0.137347708156132,0.009193055589985169,421.0,10.049875621120895,264.2,10.473776778220929,7.2,1.7888543819998317,21.6,1.51657508881031,0.09116500000000001,0.0011368267238238165,0.091375,0.45677261734806307,False
W06,T05,0.5,0.25,0.5,0.25,0.7161747580214762,0.04030894420803497,0.1423669084832433,0.042640322474389994,0.1423669084832433,0.042640322474389994,0.6819186946289789,0.023264078615071147,0.8477832512315271,0.05132380851409194,0.5160541380264305,0.010426192250799403,0.06852243999516806,0.0022467075234530675,0.9877524383138597,0.00405825833397522,0.4839458619735694,0.010426192250799366,0.5294117647058824,0.009022478099947587,0.1267901148981646,0.004399968475568102,353.6,7.127411872482184,331.6,7.1624018317879985,4.4,1.51657508881031,24.4,1.1401754250991378,0.06305000000000001,0.0006575879218781389,0.063,0.4823233700889892,False
W06,T07,0.7,0.25,0.5,0.25,0.7161747580214762,0.04030894420803497,0.1423669084832433,0.042640322474389994,0.1423669084832433,0.042640322474389994,0.6657760033285904,0.0517275749209269,0.6184729064039409,0.09568101665808527,0.71307910025324,0.019387530480520835,0.08338155759763352,0.014401401527797045,0.9779612337146373,0.005771139233469754,0.28692089974676,0.0193875304805209,0.7092436974789915,0.020165149181989906,0.14688693314076315,0.02476362630217558,488.6,13.202272531651511,196.6,13.31540461270329,11.0,2.82842712474619,17.8,2.6832815729997477,0.14433749999999992,0.002798548731039035,0.14468999999999999,0.4097707034842779,False
W06,T04,0.4,0.25,0.5,0.25,0.7161747580214762,0.04030894420803497,0.1423669084832433,0.042640322474389994,0.1423669084832433,0.042640322474389994,0.6404565804603817,0.020684887236158953,0.8684729064039409,0.0441154939452968,0.4124402545168223,0.019421942208251886,0.0584960424067256,0.0025010849081404944,0.9867832948216451,0.004430138927091405,0.5875597454831777,0.019421942208251834,0.43081232492997196,0.01825032619525146,0.10959944266988486,0.00459841711083056,282.6,13.202272531651516,402.6,13.464768843169937,3.8,1.3038404810405297,25.0,1.0,0.047025000000000004,0.00038568121551353965,0.04710500000000001,0.4967702832889665,False
W06,T08,0.8,0.25,0.5,0.25,0.7161747580214762,0.04030894420803497,0.1423669084832433,0.042640322474389994,0.1423669084832433,0.042640322474389994,0.6155153444643472,0.033336935461055844,0.43768472906403944,0.059085071256356564,0.793345959864655,0.010120160128521998,0.08200925412341922,0.01326068842003364,0.9710453971869235,0.003344876860272463,0.20665404013534508,0.010120160128521993,0.7789915966386555,0.011523810885559862,0.13810426968321704,0.021636597873894627,543.6,6.877499545619768,141.6,6.949820141557619,16.2,1.7888543819998315,12.6,1.673320053068151,0.25,0.0,0.25,0.3227488703837707,False
W06,T09,0.85,0.25,0.5,0.25,0.7161747580214762,0.04030894420803497,0.1423669084832433,0.042640322474389994,0.1423669084832433,0.042640322474389994,0.6155153444643472,0.033336935461055844,0.43768472906403944,0.059085071256356564,0.793345959864655,0.010120160128521998,0.08200925412341922,0.01326068842003364,0.9710453971869235,0.003344876860272463,0.20665404013534508,0.010120160128521993,0.7789915966386555,0.011523810885559862,0.13810426968321704,0.021636597873894627,543.6,6.877499545619768,141.6,6.949820141557619,16.2,1.7888543819998315,12.6,1.673320053068151,0.25,0.0,0.25,0.3227488703837707,False
W06,T10,0.9,0.25,0.5,0.25,0.7161747580214762,0.04030894420803497,0.1423669084832433,0.042640322474389994,0.1423669084832433,0.042640322474389994,0.6103557357645155,0.03721179293068017,0.3120689655172414,0.06688677496989939,0.9086425060117895,0.012385565055892535,0.12771953519820534,0.036131465711819515,0.9691660950596219,0.002909600883405812,0.0913574939882105,0.012385565055892498,0.8845938375350141,0.01338249768693701,0.18087660960001384,0.047091994619461106,622.6,8.32466215530698,62.6,8.502940667792528,19.8,1.7888543819998317,9.0,1.9999999999999998,0.2936025,0.00715473728553325,0.29480749999999983,0.28943184930178306,False
W06,T03,0.3,0.25,0.5,0.25,0.7161747580214762,0.04030894420803497,0.1423669084832433,0.042640322474389994,0.1423669084832433,0.042640322474389994,0.6019811020305429,0.02215083975891351,0.8963054187192118,0.05413398641819215,0.307656785341874,0.018304627564336377,0.0515789207449716,0.0022090562094707277,0.9862145184125145,0.006973415689102837,0.6923432146581261,0.01830462756433632,0.33137254901960783,0.016618932183967896,0.09753739194693242,0.004180217965212023,210.8,12.41772926102031,474.4,12.85690475970014,3.0,1.5811388300841898,25.8,1.30384048104053,0.0359,0.00044651427748729265,0.035925,0.5069836673493536,False
W06,T11,0.92,0.25,0.5,0.25,0.7161747580214762,0.04030894420803497,0.1423669084832433,0.042640322474389994,0.1423669084832433,0.042640322474389994,0.5922794973945854,0.0330237096804884,0.2566502463054187,0.05623104699557052,0.9279087484837522,0.01352537003389052,0.13471915309111465,0.044369825625383406,0.9674231797453043,0.0025176518578218375,0.07209125151624779,0.013525370033890566,0.9008403361344538,0.014330954893318211,0.17583715366366448,0.05026105409048667,635.8,9.011104260855047,49.4,9.289779329994875,21.4,1.5165750888103102,7.4,1.6733200530681511,0.3768239999999999,0.013509643037475134,0.373901,0.23993288881476837,False
W06,T02,0.2,0.25,0.5,0.25,0.7161747580214762,0.04030894420803497,0.1423669084832433,0.042640322474389994,0.1423669084832433,0.042640322474389994,0.554054859367788,0.0209355188158807,0.9032019704433498,0.05077417589727592,0.2049077482922262,0.010797474971424432,0.045536787693181285,0.001644039157351575,0.9808353001233246,0.009186014074152316,0.7950922517077739,0.010797474971424454,0.23305322128851538,0.009000710931686069,0.08669970284512564,0.003190572861346946,140.4,7.334848328356898,544.8,7.661592523751177,2.8,1.4832396974191326,26.0,1.224744871391589,0.025545,0.0002496247183273334,0.025525,0.5165204342124327,False
W06,T12,0.94,0.25,0.5,0.25,0.7161747580214762,0.04030894420803497,0.1423669084832433,0.042640322474389994,0.1423669084832433,0.042640322474389994,0.5500551939879903,0.028191636068332342,0.15935960591133005,0.04517875228829437,0.9407507820646506,0.011678925219351804,0.10704903283850653,0.045958422828336426,0.9638008697215467,0.00196960700075745,0.05924921793534932,0.01167892521935183,0.9092436974789916,0.01265939107952568,0.12748972121082158,0.04748449998963325,644.6,7.765307463326857,40.6,8.018728078691781,24.2,1.095445115010332,4.6,1.3416407864998738,0.5,0.0,0.5,0.20412455348144673,False
W06,T13,0.95,0.25,0.5,0.25,0.7161747580214762,0.04030894420803497,0.1423669084832433,0.042640322474389994,0.1423669084832433,0.042640322474389994,0.5500551939879903,0.028191636068332342,0.15935960591133005,0.04517875228829437,0.9407507820646506,0.011678925219351804,0.10704903283850653,0.045958422828336426,0.9638008697215467,0.00196960700075745,0.05924921793534932,0.01167892521935183,0.9092436974789916,0.01265939107952568,0.12748972121082158,0.04748449998963325,644.6,7.765307463326857,40.6,8.018728078691781,24.2,1.095445115010332,4.6,1.3416407864998738,0.5,0.0,0.5,0.20412455348144673,False
W06,T14,0.96,0.25,0.5,0.25,0.7161747580214762,0.04030894420803497,0.1423669084832433,0.042640322474389994,0.1423669084832433,0.042640322474389994,0.5500551939879903,0.028191636068332342,0.15935960591133005,0.04517875228829437,0.9407507820646506,0.011678925219351804,0.10704903283850653,0.045958422828336426,0.9638008697215467,0.00196960700075745,0.05924921793534932,0.01167892521935183,0.9092436974789916,0.01265939107952568,0.12748972121082158,0.04748449998963325,644.6,7.765307463326857,40.6,8.018728078691781,24.2,1.095445115010332,4.6,1.3416407864998738,0.5,0.0,0.5,0.20412455348144673,False
W06,T15,0.97,0.25,0.5,0.25,0.7161747580214762,0.04030894420803497,0.1423669084832433,0.042640322474389994,0.1423669084832433,0.042640322474389994,0.5500551939879903,0.028191636068332342,0.15935960591133005,0.04517875228829437,0.9407507820646506,0.011678925219351804,0.10704903283850653,0.045958422828336426,0.9638008697215467,0.00196960700075745,0.05924921793534932,0.01167892521935183,0.9092436974789916,0.01265939107952568,0.12748972121082158,0.04748449998963325,644.6,7.765307463326857,40.6,8.018728078691781,24.2,1.095445115010332,4.6,1.3416407864998738,0.5,0.0,0.5,0.20412455348144673,False
W06,T16,0.98,0.25,0.5,0.25,0.7161747580214762,0.04030894420803497,0.1423669084832433,0.042640322474389994,0.1423669084832433,0.042640322474389994,0.5500551939879903,0.028191636068332342,0.15935960591133005,0.04517875228829437,0.9407507820646506,0.011678925219351804,0.10704903283850653,0.045958422828336426,0.9638008697215467,0.00196960700075745,0.05924921793534932,0.01167892521935183,0.9092436974789916,0.01265939107952568,0.12748972121082158,0.04748449998963325,644.6,7.765307463326857,40.6,8.018728078691781,24.2,1.095445115010332,4.6,1.3416407864998738,0.5,0.0,0.5,0.20412455348144673,False
W06,T17,0.99,0.25,0.5,0.25,0.7161747580214762,0.04030894420803497,0.1423669084832433,0.042640322474389994,0.1423669084832433,0.042640322474389994,0.5488825556471195,0.021938128520208627,0.10418719211822661,0.04226489026730332,0.9935779191760125,0.003028296427333655,0.4255555555555556,0.17680288249703188,0.9634867691636734,0.001854350687571647,0.006422080823987572,0.0030282964273336535,0.9577030812324929,0.004248109492465863,0.16589406744205507,0.06461288952850168,680.8,2.280350850198266,4.4,2.073644135332772,25.8,1.3038404810405297,3.0,1.2247448713915892,0.5048114999999997,0.0030694769251044082,0.50387425,0.20416131648052846,False
W06,T01,0.1,0.25,0.5,0.25,0.7161747580214762,0.04030894420803497,0.1423669084832433,0.042640322474389994,0.1423669084832433,0.042640322474389994,0.5166207065329458,0.025043082043420647,0.9307881773399014,0.054329749781097524,0.10245323572599008,0.016921602081569308,0.041752477807022736,0.002044033053200794,0.9727882744246695,0.020737383134971088,0.8975467642740099,0.016921602081569342,0.1358543417366947,0.015564503340961383,0.07991808328092796,0.003925363116718438,70.2,11.584472366059664,615.0,11.661903789690605,2.0,1.5811388300841898,26.8,1.4832396974191324,0.01852,0.00022107690969434279,0.01852,0.5229625452496575,False
W03,T06,0.6,0.3,0.4,0.3,0.7157589845576761,0.03882732221907603,0.150518158971707,0.052116179587704065,0.150518158971707,0.052116179587704065,0.6793030837159574,0.023189813902140755,0.7435960591133005,0.05551715395939455,0.6150101083186141,0.014722887739961638,0.0750288471907689,0.003554660249611927,0.9827984309214406,0.003618164477113452,0.3849898916813858,0.014722887739961691,0.6201680672268908,0.012775074791026719,0.1362785334019347,0.006524934719214682,421.4,9.838699100999081,263.8,10.25670512396647,7.4,1.6733200530681511,21.4,1.3416407864998738,0.089472,0.0009015653054549093,0.08931000000000001,0.41872784649937006,False
W03,T05,0.5,0.3,0.4,0.3,0.7157589845576761,0.03882732221907603,0.150518158971707,0.052116179587704065,0.150518158971707,0.052116179587704065,0.6742928543176647,0.028218362846603135,0.8339901477832512,0.06543570614519033,0.514595560852078,0.013499926647729275,0.06725663520954851,0.002846721444629516,0.9866595001151097,0.005052526263341007,0.48540443914792186,0.013499926647729251,0.5274509803921569,0.011186961091157348,0.12446527825819884,0.00559389258060323,352.6,9.208691546577073,332.6,9.289779329994872,4.8,1.9235384061671346,24.0,1.5811388300841898,0.061231999999999995,0.0007011383600973491,0.06119,0.44634174063602877,False
W03,T07,0.7,0.3,0.4,0.3,0.7157589845576761,0.03882732221907603,0.150518158971707,0.052116179587704065,0.150518158971707,0.052116179587704065,0.669662235395039,0.03581627875952628,0.6253694581280789,0.06387578566310524,0.7139550126619991,0.018807872089476173,0.08445674041430921,0.010766554493228012,0.9783808176328714,0.003968019935840284,0.2860449873380009,0.018807872089476214,0.7103641456582632,0.018956777944749204,0.14875252417146556,0.018147955965295805,489.2,12.794530081249569,196.0,12.922847983320086,10.8,1.9235384061671346,18.0,1.7320508075688776,0.14330399999999996,0.0033567774725173556,0.14302399999999998,0.3661947540722013,False
W03,T04,0.4,0.3,0.4,0.3,0.7157589845576761,0.03882732221907603,0.150518158971707,0.052116179587704065,0.150518158971707,0.052116179587704065,0.6403108078656294,0.019301295586046638,0.8684729064039409,0.0441154939452968,0.41214870932731795,0.016589964510085813,0.058453049631132604,0.0022100782704927596,0.9867943894017535,0.004366551306960574,0.5878512906726819,0.016589964510085858,0.43053221288515403,0.015329577918781102,0.10952512939290049,0.004095968152019187,282.4,11.238327277669034,402.8,11.562871615649808,3.8,1.3038404810405297,25.0,1.0,0.045352,0.00038173289090671865,0.045276000000000004,0.4619963739143415,False
W03,T08,0.8,0.3,0.4,0.3,0.7157589845576761,0.03882732221907603,0.150518158971707,0.052116179587704065,0.150518158971707,0.052116179587704065,0.6090430669409183,0.037078356491079434,0.4098522167487685,0.06703852546287291,0.808233917133068,0.011274406826228003,0.08279811816798119,0.016132571092300832,0.9702044658092592,0.003607220037205386,0.19176608286693198,0.011274406826227991,0.7921568627450981,0.012511322932284206,0.13770596111124334,0.025890669213634948,553.8,7.563068160475613,131.4,7.765307463326874,17.0,1.9999999999999998,11.8,1.9235384061671343,0.28976999999999997,0.006081985695478078,0.28907000000000066,0.22618178139275438,False
W03,T10,0.9,0.3,0.4,0.3,0.7157589845576761,0.03882732221907603,0.150518158971707,0.052116179587704065,0.150518158971707,0.052116179587704065,0.603604743828422,0.02783876274408442,0.2982758620689655,0.05011876501292632,0.9089336255878786,0.010585428762874724,0.12246896027541188,0.027719103593247262,0.9685781485238811,0.002116134502601033,0.09106637441212147,0.010585428762874738,0.8843137254901962,0.011054670734269564,0.17334569561299112,0.0357290522275948,622.8,7.120393247567165,62.4,7.266360849833979,20.2,1.3038404810405297,8.6,1.51657508881031,0.307814,0.003869624335772162,0.30638299999999996,0.21012918888864543,False
W03,T09,0.85,0.3,0.4,0.3,0.7157589845576761,0.03882732221907603,0.150518158971707,0.052116179587704065,0.150518158971707,0.052116179587704065,0.6034825781018963,0.03905034187072798,0.3958128078817734,0.07110722688350492,0.8111523483220191,0.009874995246500654,0.08131207171440738,0.01698485255761596,0.969631460651436,0.0037229724703083758,0.1888476516779809,0.009874995246500637,0.7943977591036415,0.011523810885559795,0.13486752485336267,0.027371291268811684,555.8,6.610597552415364,129.4,6.804410334481602,17.4,2.073644135332773,11.4,2.073644135332772,0.3,0.0,0.3,0.2160248442517666,False
W03,T03,0.3,0.3,0.4,0.3,0.7157589845576761,0.03882732221907603,0.150518158971707,0.052116179587704065,0.150518158971707,0.052116179587704065,0.6019808892238352,0.021886014798754978,0.8963054187192118,0.05413398641819215,0.3076563597284586,0.017735622691571293,0.05157585941801133,0.002135612157734437,0.9862188978034446,0.006956109902061931,0.6923436402715414,0.017735622691571282,0.33137254901960783,0.015987258459524974,0.09753218007661321,0.004053343728203662,210.8,12.029131306956456,474.4,12.461942063739503,3.0,1.5811388300841898,25.8,1.30384048104053,0.034460000000000005,0.00040853396431630773,0.034459000000000004,0.47264696763546465,False
W03,T11,0.92,0.3,0.4,0.3,0.7157589845576761,0.03882732221907603,0.150518158971707,0.052116179587704065,0.150518158971707,0.052116179587704065,0.5889772069339763,0.02747176183836169,0.24975369458128077,0.04335255252944197,0.928200719286672,0.013712469199073053,0.13231778087842166,0.04140964406356787,0.967138055123806,0.002018759139875712,0.07179928071332808,0.013712469199073095,0.9008403361344538,0.014330954893318211,0.1721205450690071,0.04490843045913546,636.0,9.137833441248533,49.2,9.418067742376884,21.6,1.1401754250991378,7.2,1.3038404810405297,0.38103759999999964,0.012795561761798255,0.3783884,0.1464790585324742,False
W03,T12,0.94,0.3,0.4,0.3,0.7157589845576761,0.03882732221907603,0.150518158971707,0.052116179587704065,0.150518158971707,0.052116179587704065,0.5570975183068805,0.037166737689086654,0.17315270935960592,0.06353772799670089,0.941042327254155,0.011311286728806392,0.11582453494218199,0.05710217831018111,0.9643851017955953,0.0027411208219202637,0.058957672745844944,0.011311286728806427,0.9100840336134454,0.013041013273932558,0.13832076219225906,0.061446071577128544,644.8,7.529940238806693,40.4,7.765307463326869,23.8,1.6431676725154982,5.0,1.8708286933869707,0.5,0.0,0.5,0.08165006634412496,False
W03,T13,0.95,0.3,0.4,0.3,0.7157589845576761,0.03882732221907603,0.150518158971707,0.052116179587704065,0.150518158971707,0.052116179587704065,0.5570975183068805,0.037166737689086654,0.17315270935960592,0.06353772799670089,0.941042327254155,0.011311286728806392,0.11582453494218199,0.05710217831018111,0.9643851017955953,0.0027411208219202637,0.058957672745844944,0.011311286728806427,0.9100840336134454,0.013041013273932558,0.13832076219225906,0.061446071577128544,644.8,7.529940238806693,40.4,7.765307463326869,23.8,1.6431676725154982,5.0,1.8708286933869707,0.5,0.0,0.5,0.08165006634412496,False
W03,T14,0.96,0.3,0.4,0.3,0.7157589845576761,0.03882732221907603,0.150518158971707,0.052116179587704065,0.150518158971707,0.052116179587704065,0.5570975183068805,0.037166737689086654,0.17315270935960592,0.06353772799670089,0.941042327254155,0.011311286728806392,0.11582453494218199,0.05710217831018111,0.9643851017955953,0.0027411208219202637,0.058957672745844944,0.011311286728806427,0.9100840336134454,0.013041013273932558,0.13832076219225906,0.061446071577128544,644.8,7.529940238806693,40.4,7.765307463326869,23.8,1.6431676725154982,5.0,1.8708286933869707,0.5,0.0,0.5,0.08165006634412496,False
W03,T15,0.97,0.3,0.4,0.3,0.7157589845576761,0.03882732221907603,0.150518158971707,0.052116179587704065,0.150518158971707,0.052116179587704065,0.5570975183068805,0.037166737689086654,0.17315270935960592,0.06353772799670089,0.941042327254155,0.011311286728806392,0.11582453494218199,0.05710217831018111,0.9643851017955953,0.0027411208219202637,0.058957672745844944,0.011311286728806427,0.9100840336134454,0.013041013273932558,0.13832076219225906,0.061446071577128544,644.8,7.529940238806693,40.4,7.765307463326869,23.8,1.6431676725154982,5.0,1.8708286933869707,0.5,0.0,0.5,0.08165006634412496,False
W03,T16,0.98,0.3,0.4,0.3,0.7157589845576761,0.03882732221907603,0.150518158971707,0.052116179587704065,0.150518158971707,0.052116179587704065,0.5570975183068805,0.037166737689086654,0.17315270935960592,0.06353772799670089,0.941042327254155,0.011311286728806392,0.11582453494218199,0.05710217831018111,0.9643851017955953,0.0027411208219202637,0.058957672745844944,0.011311286728806427,0.9100840336134454,0.013041013273932558,0.13832076219225906,0.061446071577128544,644.8,7.529940238806693,40.4,7.765307463326869,23.8,1.6431676725154982,5.0,1.8708286933869707,0.5,0.0,0.5,0.08165006634412496,False
W03,T02,0.2,0.3,0.4,0.3,0.7157589845576761,0.03882732221907603,0.150518158971707,0.052116179587704065,0.150518158971707,0.052116179587704065,0.5540557105946186,0.019702150070764347,0.9032019704433498,0.05077417589727592,0.2049094507458875,0.014638429715347923,0.04553756249733949,0.0015762394579511986,0.9809164650906528,0.008937402813613101,0.7950905492541125,0.014638429715347945,0.2330532212885154,0.01274432847739757,0.08670023309735364,0.0030548770824314207,140.4,9.964938534682487,544.8,10.30533842239059,2.8,1.4832396974191326,26.0,1.224744871391589,0.024089999999999997,0.00028319604517012517,0.024170000000000004,0.4827845505336723,False
W03,T17,0.99,0.3,0.4,0.3,0.7157589845576761,0.03882732221907603,0.150518158971707,0.052116179587704065,0.150518158971707,0.052116179587704065,0.5526228023121081,0.023158472659886627,0.11108374384236452,0.044848557861705496,0.9941618607818519,0.0023092428439537497,0.4515873015873016,0.17858024669585415,0.9637805637161192,0.001895318196724984,0.005838139218148156,0.002309242843953746,0.9585434173669467,0.003784105346248249,0.1774838261525568,0.06922669888837381,681.2,1.7888543819998406,4.0,1.5811388300841898,25.6,1.3416407864998738,3.2,1.3038404810405297,0.5133355999999989,0.007513158418733902,0.5117571999999996,0.08249221227388678,False
W03,T01,0.1,0.3,0.4,0.3,0.7157589845576761,0.03882732221907603,0.150518158971707,0.052116179587704065,0.150518158971707,0.052116179587704065,0.5163289485367337,0.023159298624065388,0.9307881773399014,0.05432974978109751,0.101869719733566,0.014986427169754122,0.04171924271225755,0.0018834934874261276,0.9733512617094707,0.018721282549674163,0.8981302802664339,0.014986427169754095,0.13529411764705884,0.013198004469904486,0.07985730280819084,0.0036339421359837813,69.8,10.25670512396647,615.4,10.358571330062848,2.0,1.5811388300841898,26.8,1.4832396974191326,0.01689,0.00019429359227725475,0.016859,0.4899917950486518,False
W10,T05,0.5,0.3,0.5,0.2,0.7156981511919325,0.04020572960024917,0.13316161917071911,0.039509592961938574,0.13316161917071911,0.039509592961938574,0.6813343274097241,0.024082178288704112,0.8477832512315271,0.05132380851409194,0.5148854035879211,0.01257376913337944,0.0683803808569152,0.0025080591995906877,0.987716223097757,0.00407249782320447,0.48511459641207894,0.012573769133379447,0.5282913165266107,0.011395431712497487,0.12654672456154697,0.004826641482477191,352.8,8.64291617453276,332.4,8.590692637965818,4.4,1.51657508881031,24.4,1.1401754250991378,0.065442,0.0006347302576685636,0.065595,0.48515424079255454,False
W10,T06,0.6,0.3,0.5,0.2,0.7156981511919325,0.04020572960024917,0.13316161917071911,0.039509592961938574,0.13316161917071911,0.039509592961938574,0.6781362645378168,0.026208402890270734,0.7435960591133005,0.06063567188378054,0.6126764699623333,0.016838426886820912,0.07462890974552264,0.004539482785464499,0.9827383839907853,0.003960515272500817,0.3873235300376668,0.01683842688682098,0.6179271708683474,0.014967002809403373,0.1356138056280834,0.008210375521077643,419.8,11.278297743897342,265.4,11.717508267545625,7.4,1.816590212458495,21.4,1.51657508881031,0.09420200000000001,0.001352468114226727,0.09401200000000001,0.4598838869519131,False
W10,T07,0.7,0.3,0.5,0.2,0.7156981511919325,0.04020572960024917,0.13316161917071911,0.039509592961938574,0.13316161917071911,0.039509592961938574,0.6725261440378532,0.03622855795102363,0.6322660098522167,0.06509410007551543,0.7127862782234896,0.01870105836388246,0.08497356259781992,0.010688970442631522,0.9787390353024357,0.0040209344110310125,0.2872137217765104,0.01870105836388247,0.7095238095238094,0.01883219755066852,0.1497537624237974,0.018087547148720892,488.4,12.759310326189267,196.8,12.833549781724463,10.6,1.9493588689617927,18.2,1.7888543819998315,0.14836599999999991,0.0028162772413241337,0.14812399999999995,0.41289666105455497,False
W10,T04,0.4,0.3,0.5,0.2,0.7156981511919325,0.04020572960024917,0.13316161917071911,0.039509592961938574,0.13316161917071911,0.039509592961938574,0.6400192626761251,0.019762464210358602,0.8684729064039409,0.0441154939452968,0.4115656189483093,0.01895743465424456,0.05840928581191497,0.002392014412266216,0.9867719611919419,0.004388412346169979,0.5884343810516908,0.018957434654244563,0.4299719887955182,0.017688138571869877,0.10944690278282218,0.004398648919752969,282.0,12.864680330268607,403.2,13.179529581893277,3.8,1.3038404810405297,25.0,1.0,0.048398,0.0003913055072446597,0.048394000000000006,0.500614534916836,False
W10,T10,0.9,0.3,0.5,0.2,0.7156981511919325,0.04020572960024917,0.13316161917071911,0.039509592961938574,0.13316161917071911,0.039509592961938574,0.6105015083592675,0.03979979839771191,0.3120689655172414,0.07119249248987095,0.9089340512012939,0.01322150815120799,0.12851899294263402,0.039003252934303186,0.9691725842308448,0.0031525159455902713,0.09106594879870614,0.013221508151207984,0.884873949579832,0.014399230434145541,0.18161221017974022,0.05047957683336245,622.8,8.92748564826624,62.4,9.071934744033381,19.8,1.9235384061671346,9.0,2.1213203435596424,0.31246300000000005,0.003973332354585999,0.313584,0.2853381474496532,False
W10,T09,0.85,0.3,0.5,0.2,0.7156981511919325,0.04020572960024917,0.13316161917071911,0.039509592961938574,0.13316161917071911,0.039509592961938574,0.6092116722277707,0.043911678038851036,0.4096059113300493,0.07767217068962622,0.808817433125492,0.011439970786577613,0.08318492799836083,0.01921962308073427,0.9702123967549033,0.004128556290739771,0.19118256687450788,0.011439970786577543,0.792717086834734,0.01372263161223069,0.1382421054285557,0.03090103182530341,554.2,7.694153624668548,131.0,7.874007874011808,17.0,2.2360679774997902,11.8,2.280350850198276,0.3,0.0,0.3,0.2943924817891925,False
W10,T08,0.8,0.3,0.5,0.2,0.7156981511919325,0.04020572960024917,0.13316161917071911,0.039509592961938574,0.13316161917071911,0.039509592961938574,0.6087739288300987,0.044115868142084826,0.4096059113300493,0.07767217068962622,0.8079419463301484,0.01209692874191674,0.0828790174824295,0.01934025149920316,0.9701793900751534,0.004145313230404963,0.19205805366985168,0.012096928741916759,0.7918767507002802,0.014303553424859144,0.13781385254403497,0.031063654354406556,553.6,8.142481194328923,131.6,8.324662155306962,17.0,2.2360679774997902,11.8,2.280350850198276,0.2959,0.004095015262486814,0.29953600000000014,0.2947079039150459,False
W10,T03,0.3,0.3,0.5,0.2,0.7156981511919325,0.04020572960024917,0.13316161917071911,0.039509592961938574,0.13316161917071911,0.039509592961938574,0.6016899824544538,0.022140298939340837,0.8963054187192118,0.05413398641819215,0.3070745461896959,0.021342819678587727,0.051546060297932586,0.0023165536109340064,0.9862035915355299,0.006976034984972069,0.692925453810304,0.021342819678587713,0.330812324929972,0.019617844588115562,0.09747729240843805,0.00435352089824338,210.4,14.501724035437995,474.8,14.939879517586483,3.0,1.5811388300841898,25.8,1.30384048104053,0.036734,0.0004115580153514194,0.036748,0.5111451348081091,False
W10,T11,0.92,0.3,0.5,0.2,0.7156981511919325,0.04020572960024917,0.13316161917071911,0.039509592961938574,0.13316161917071911,0.039509592961938574,0.5919873137849581,0.033451796187496434,0.2566502463054187,0.05623104699557052,0.9273243812644975,0.013911256190984114,0.13416787024402044,0.04582787009380475,0.9674007600852839,0.0025567608157109783,0.07267561873550255,0.01391125619098412,0.900280112044818,0.014835364343826738,0.1753195766203342,0.05160886621768783,635.4,9.316651759081692,49.8,9.54986910905066,21.4,1.5165750888103102,7.4,1.6733200530681511,0.3817235999999998,0.014256455407989737,0.37789560000000005,0.24814596074359135,False
W10,T02,0.2,0.3,0.5,0.2,0.7156981511919325,0.04020572960024917,0.13316161917071911,0.039509592961938574,0.13316161917071911,0.039509592961938574,0.5539086611596205,0.021638443468730114,0.9032019704433498,0.05077417589727592,0.20461535187589114,0.010322347505929641,0.04552251181812758,0.0017139735901129738,0.9807630027956147,0.009308754021165187,0.7953846481241088,0.01032234750592959,0.23277310924369748,0.00871279048459147,0.0866740085801715,0.003317947874293167,140.2,7.014271166700076,545.0,7.314369419163892,2.8,1.4832396974191326,26.0,1.224744871391589,0.026134,0.00018270194306574806,0.026108000000000003,0.5208076045892571,False
W10,T12,0.94,0.3,0.5,0.2,0.7156981511919325,0.04020572960024917,0.13316161917071911,0.039509592961938574,0.13316161917071911,0.039509592961938574,0.540440080602375,0.02127569638891737,0.13866995073891625,0.03358706523359623,0.942210210465834,0.011308649762450839,0.09579074873192521,0.03659713244085767,0.9629987417077954,0.0014714193921519713,0.057789789534166115,0.01130864976245087,0.9098039215686274,0.011574763871929586,0.11269734247448635,0.03646907534082401,645.6,7.503332592921628,39.6,7.765307463326871,24.8,0.8366600265340757,4.0,1.0,0.532436,0.02405049750005189,0.5492313999999983,0.2215641308514531,False
W10,T17,0.99,0.3,0.5,0.2,0.7156981511919325,0.04020572960024917,0.13316161917071911,0.039509592961938574,0.13316161917071911,0.039509592961938574,0.5381006230833638,0.023069876352010105,0.08349753694581281,0.04670395002875019,0.9927037092209148,0.0017818693347195038,0.3079365079365079,0.12733582249548697,0.9626424544359447,0.002043260659652922,0.007296290779085357,0.0017818693347194732,0.9560224089635854,0.0018790487205880518,0.13021082117057348,0.06888591896286755,680.2,0.8366600265340688,5.0,1.224744871391589,26.4,1.5165750888103102,2.4,1.3416407864998738,0.5517796,7.092249290568218e-06,0.55178,0.22214432636013914,False
W10,T13,0.95,0.3,0.5,0.2,0.7156981511919325,0.04020572960024917,0.13316161917071911,0.039509592961938574,0.13316161917071911,0.039509592961938574,0.5372837755432258,0.023411196273771494,0.13177339901477833,0.037130082344042706,0.9427941520716733,0.010667239039884365,0.09260447422212129,0.03909464379869742,0.9627324120297012,0.0017291305684289493,0.057205847928326704,0.010667239039884386,0.9100840336134454,0.011265589665092512,0.10828175805890194,0.039593507722158916,646.0,7.035623639735158,39.2,7.3280283842245035,25.0,1.0,3.8,1.0954451150103321,0.55,0.0,0.55,0.22173617957834488,False
W10,T14,0.96,0.3,0.5,0.2,0.7156981511919325,0.04020572960024917,0.13316161917071911,0.039509592961938574,0.13316161917071911,0.039509592961938574,0.5372837755432258,0.023411196273771494,0.13177339901477833,0.037130082344042706,0.9427941520716733,0.010667239039884365,0.09260447422212129,0.03909464379869742,0.9627324120297012,0.0017291305684289493,0.057205847928326704,0.010667239039884386,0.9100840336134454,0.011265589665092512,0.10828175805890194,0.039593507722158916,646.0,7.035623639735158,39.2,7.3280283842245035,25.0,1.0,3.8,1.0954451150103321,0.55,0.0,0.55,0.22173617957834488,False
W10,T15,0.97,0.3,0.5,0.2,0.7156981511919325,0.04020572960024917,0.13316161917071911,0.039509592961938574,0.13316161917071911,0.039509592961938574,0.5372837755432258,0.023411196273771494,0.13177339901477833,0.037130082344042706,0.9427941520716733,0.010667239039884365,0.09260447422212129,0.03909464379869742,0.9627324120297012,0.0017291305684289493,0.057205847928326704,0.010667239039884386,0.9100840336134454,0.011265589665092512,0.10828175805890194,0.039593507722158916,646.0,7.035623639735158,39.2,7.3280283842245035,25.0,1.0,3.8,1.0954451150103321,0.55,0.0,0.55,0.22173617957834488,False
W10,T16,0.98,0.3,0.5,0.2,0.7156981511919325,0.04020572960024917,0.13316161917071911,0.039509592961938574,0.13316161917071911,0.039509592961938574,0.5372837755432258,0.023411196273771494,0.13177339901477833,0.037130082344042706,0.9427941520716733,0.010667239039884365,0.09260447422212129,0.03909464379869742,0.9627324120297012,0.0017291305684289493,0.057205847928326704,0.010667239039884386,0.9100840336134454,0.011265589665092512,0.10828175805890194,0.039593507722158916,646.0,7.035623639735158,39.2,7.3280283842245035,25.0,1.0,3.8,1.0954451150103321,0.55,0.0,0.55,0.22173617957834488,False
W10,T01,0.1,0.3,0.5,0.2,0.7156981511919325,0.04020572960024917,0.13316161917071911,0.039509592961938574,0.13316161917071911,0.039509592961938574,0.5205069385993943,0.02013035546942429,0.9376847290640393,0.050982841856836214,0.10332914813474921,0.0165413427071494,0.042081509694891814,0.0016668585527589955,0.9765659626092636,0.016632109274446694,0.8966708518652509,0.016541342707149402,0.1369747899159664,0.014501041014615995,0.08054621259735192,0.0032225510149654305,70.8,11.32254388377453,614.4,11.414902540100808,1.8,1.4832396974191326,27.0,1.4142135623730951,0.018937000000000002,0.00024014578905323327,0.018899,0.5273756777999911,False
W04,T06,0.6,0.3,0.3,0.4,0.7148827780982692,0.03930609973191972,0.15167449879520775,0.05110267117136111,0.15167449879520775,0.05110267117136111,0.675585669743069,0.020625983184518654,0.7364532019704433,0.04412924351519434,0.6147181375156945,0.016648211246471853,0.07440282790519505,0.004303234126253353,0.9822994929682736,0.0029462865526406184,0.3852818624843055,0.01664821124647189,0.6196078431372548,0.015520330730750808,0.1351247001105374,0.007542231187780469,421.2,11.189280584559492,264.0,11.554220008291336,7.6,1.3416407864998738,21.2,1.0954451150103324,0.08477799999999999,0.0010421228334510316,0.084834,0.42311858962943233,False
W04,T05,0.5,0.3,0.3,0.4,0.7148827780982692,0.03930609973191972,0.15167449879520775,0.05110267117136111,0.15167449879520775,0.05110267117136111,0.6745854635407074,0.026731820004392226,0.8339901477832512,0.06543570614519033,0.5151807792981635,0.015385272961413963,0.06732716998651238,0.002454589697772663,0.986695638678782,0.004990795064419054,0.48481922070183653,0.015385272961413973,0.5280112044817927,0.012721219975199566,0.12458301719417801,0.004921480520167179,353.0,10.46422476822818,332.2,10.616025621672167,4.8,1.9235384061671346,24.0,1.5811388300841898,0.057517,0.0007920353527463274,0.05751,0.4499599242532606,False
W04,T07,0.7,0.3,0.3,0.4,0.7148827780982692,0.03930609973191972,0.15167449879520775,0.05110267117136111,0.15167449879520775,0.05110267117136111,0.6660910196303181,0.033643959015457865,0.6182266009852218,0.0581823241922055,0.7139554382754144,0.018311026485367463,0.08360555945936717,0.010620785810094735,0.9779854136990643,0.003618897026116765,0.2860445617245856,0.018311026485367463,0.7100840336134453,0.018580531038405654,0.14723392893125423,0.017823330136572328,489.2,12.437845472588892,196.0,12.589678312014174,11.0,1.7320508075688772,17.8,1.6431676725154982,0.13853899999999997,0.0028368983943736995,0.13775600000000002,0.37133172348992755,False
W04,T04,0.4,0.3,0.3,0.4,0.7148827780982692,0.03930609973191972,0.15167449879520775,0.05110267117136111,0.15167449879520775,0.05110267117136111,0.637009368631851,0.01668945437313167,0.8615763546798029,0.04122949656881961,0.41244238258389904,0.019526529973648846,0.05804861089457656,0.0018917545513525555,0.9861315803350845,0.004045573305205993,0.587557617416101,0.01952652997364889,0.43053221288515403,0.018034082468145512,0.10875784470390955,0.003447800954547835,282.6,13.240090634130873,402.6,13.594116374373137,4.0,1.224744871391589,24.8,0.8366600265340757,0.042252,0.0002963443942442641,0.042286000000000004,0.4649393929642873,False
W04,T08,0.8,0.3,0.3,0.4,0.7148827780982692,0.03930609973191972,0.15167449879520775,0.05110267117136111,0.15167449879520775,0.05110267117136111,0.6045741701088764,0.0401506439643921,0.40295566502463054,0.07251592944516315,0.8061926751931221,0.014637415570176695,0.08086103506950978,0.017277187566495312,0.969788399401798,0.003914818998142637,0.1938073248068779,0.014637415570176735,0.7899159663865547,0.015501361079256754,0.13460374287953006,0.027741765480594725,552.4,9.813256340277666,132.8,10.084641788382967,17.2,2.16794833886788,11.6,2.073644135332772,0.288002,0.007228635417559816,0.2893020000000004,0.2259649984798527,False
W04,T03,0.3,0.3,0.3,0.4,0.7148827780982692,0.03930609973191972,0.15167449879520775,0.05110267117136111,0.15167449879520775,0.05110267117136111,0.6024182070080918,0.022698476711355168,0.8963054187192118,0.05413398641819215,0.3085309952969718,0.015339180736750863,0.0516363339868454,0.002197576169834492,0.9862246701029644,0.006991030520390965,0.6914690047030282,0.015339180736750854,0.33221288515406167,0.013772571169680142,0.09764125466525762,0.004177741435702214,211.4,10.382677881933928,473.8,10.825894882179483,3.0,1.5811388300841898,25.8,1.30384048104053,0.031861999999999994,0.00021070121024806986,0.031811,0.475255166258085,False
W04,T09,0.85,0.3,0.3,0.4,0.7148827780982692,0.03930609973191972,0.15167449879520775,0.05110267117136111,0.15167449879520775,0.05110267117136111,0.6008871691497785,0.041193337048688466,0.38916256157635465,0.07639439615404346,0.8126117767232023,0.009490251737469684,0.08051943323816137,0.01740032216497067,0.9693505501075187,0.004069840534416425,0.18738822327679766,0.009490251737469691,0.7955182072829132,0.011160628466743188,0.13338816200220055,0.028221489980848787,556.8,6.340346993658931,128.4,6.54217089351845,17.6,2.3021728866442674,11.2,2.16794833886788,0.3,0.0,0.3,0.21602438134155136,False
W04,T10,0.9,0.3,0.3,0.4,0.7148827780982692,0.03930609973191972,0.15167449879520775,0.05110267117136111,0.15167449879520775,0.05110267117136111,0.6000109081783085,0.02907923722051348,0.29137931034482756,0.05041445350763257,0.9086425060117895,0.01221228374489666,0.12025290498974708,0.030041063893182948,0.968262875301787,0.0022419124659133097,0.0913574939882105,0.012212283744896631,0.8837535014005603,0.012798086052168839,0.1698587922980099,0.03812177583049496,622.6,8.203657720797464,62.6,8.384509526501834,20.4,1.3416407864998738,8.4,1.51657508881031,0.30630999999999997,0.0033538038106007482,0.30586099999999994,0.2106097924005435,False
W04,T11,0.92,0.3,0.3,0.4,0.7148827780982692,0.03930609973191972,0.15167449879520775,0.05110267117136111,0.15167449879520775,0.05110267117136111,0.5814738809118988,0.032343942847011316,0.23620689655172417,0.05705307623370447,0.9267408652720734,0.012832852386361731,0.12282076630518635,0.04133418123478328,0.9665050880835191,0.0027526996577000476,0.07325913472792663,0.012832852386361759,0.8988795518207283,0.013448295668524164,0.16087187666135033,0.047702126092099395,635.0,8.54400374531753,50.2,8.814760348415605,22.0,1.732050807568877,6.8,1.6431676725154984,0.3817383999999997,0.01625165218677775,0.3822912,0.14325465064506632,False
W04,T16,0.98,0.3,0.3,0.4,0.7148827780982692,0.03930609973191972,0.15167449879520775,0.05110267117136111,0.15167449879520775,0.05110267117136111,0.5621609860729017,0.0361697922916657,0.13891625615763548,0.0731821439844488,0.9854057159881678,0.0017879740460361572,0.27235653235653234,0.09586001191900917,0.9645803297001392,0.0029653212565356165,0.014594284011832053,0.001787974046036147,0.9512605042016806,0.00269403138118647,0.18268469119532948,0.0857076583867877,675.2,1.3038404810405362,10.0,1.224744871391589,24.8,2.16794833886788,4.0,2.1213203435596424,0.45347599999999993,7.647221717719586e-05,0.45347999999999994,0.09397150490441242,False
W04,T12,0.94,0.3,0.3,0.4,0.7148827780982692,0.03930609973191972,0.15167449879520775,0.05110267117136111,0.15167449879520775,0.05110267117136111,0.5616361093356834,0.037182753993814516,0.18719211822660098,0.06636548564190876,0.9360801004447661,0.009050325717587694,0.11285729326868792,0.04914178398270238,0.9647903410157976,0.002890586728547591,0.06391989955523399,0.009050325717587663,0.9058823529411765,0.01082153712721669,0.14053716741309216,0.0568785393279076,641.4,5.941380311005164,43.8,6.220932405998316,23.4,1.8165902124584956,5.4,1.949358868961793,0.45,0.0,0.44999999999999996,0.09574201446595954,False
W04,T13,0.95,0.3,0.3,0.4,0.7148827780982692,0.03930609973191972,0.15167449879520775,0.05110267117136111,0.15167449879520775,0.05110267117136111,0.5616361093356834,0.037182753993814516,0.18719211822660098,0.06636548564190876,0.9360801004447661,0.009050325717587694,0.11285729326868792,0.04914178398270238,0.9647903410157976,0.002890586728547591,0.06391989955523399,0.009050325717587663,0.9058823529411765,0.01082153712721669,0.14053716741309216,0.0568785393279076,641.4,5.941380311005164,43.8,6.220932405998316,23.4,1.8165902124584956,5.4,1.949358868961793,0.45,0.0,0.44999999999999996,0.09574201446595954,False
W04,T14,0.96,0.3,0.3,0.4,0.7148827780982692,0.03930609973191972,0.15167449879520775,0.05110267117136111,0.15167449879520775,0.05110267117136111,0.5616361093356834,0.037182753993814516,0.18719211822660098,0.06636548564190876,0.9360801004447661,0.009050325717587694,0.11285729326868792,0.04914178398270238,0.9647903410157976,0.002890586728547591,0.06391989955523399,0.009050325717587663,0.9058823529411765,0.01082153712721669,0.14053716741309216,0.0568785393279076,641.4,5.941380311005164,43.8,6.220932405998316,23.4,1.8165902124584956,5.4,1.949358868961793,0.45,0.0,0.44999999999999996,0.09574201446595954,False
W04,T15,0.97,0.3,0.3,0.4,0.7148827780982692,0.03930609973191972,0.15167449879520775,0.05110267117136111,0.15167449879520775,0.05110267117136111,0.5616361093356834,0.037182753993814516,0.18719211822660098,0.06636548564190876,0.9360801004447661,0.009050325717587694,0.11285729326868792,0.04914178398270238,0.9647903410157976,0.002890586728547591,0.06391989955523399,0.009050325717587663,0.9058823529411765,0.01082153712721669,0.14053716741309216,0.0568785393279076,641.4,5.941380311005164,43.8,6.220932405998316,23.4,1.8165902124584956,5.4,1.949358868961793,0.45,0.0,0.44999999999999996,0.09574201446595954,False
W04,T17,0.99,0.3,0.3,0.4,0.7148827780982692,0.03930609973191972,0.15167449879520775,0.05110267117136111,0.15167449879520775,0.05110267117136111,0.5593731558280786,0.030604077505328196,0.12487684729064039,0.062357119070088174,0.9938694643655168,0.0036359476761009956,0.4723809523809524,0.18090224869460977,0.9643221096053741,0.002422689476099515,0.006130535634483199,0.003635947676100937,0.9588235294117646,0.0037841053462482487,0.1928125104869291,0.08309913156535527,681.0,2.738612787525824,4.2,2.489979919597747,25.2,1.7888543819998315,3.6,1.816590212458495,0.5158063999999989,0.01716833953240654,0.5174252999999998,0.08348757041673922,False
W04,T02,0.2,0.3,0.3,0.4,0.7148827780982692,0.03930609973191972,0.15167449879520775,0.05110267117136111,0.15167449879520775,0.05110267117136111,0.554056774628157,0.015886972361755448,0.9032019704433498,0.05077417589727592,0.2049115788129642,0.019906675395199518,0.04553372941007092,0.0011890953614195684,0.9811212936683166,0.008291317754695623,0.7950884211870358,0.019906675395199552,0.23305322128851538,0.01748177453964136,0.08669186828558118,0.002343941014740195,140.4,13.575713609236164,544.8,13.91761473816543,2.8,1.4832396974191326,26.0,1.224744871391589,0.022383999999999998,0.0003097256850827866,0.02235,0.4845782246799788,False
W04,T01,0.1,0.3,0.3,0.4,0.7148827780982692,0.03930609973191972,0.15167449879520775,0.05110267117136111,0.15167449879520775,0.05110267117136111,0.5203609531979344,0.024922061051955387,0.9376847290640395,0.0565135424906769,0.10303717733182949,0.013614867273888253,0.04207038759403846,0.0021035406440492862,0.9762996792920067,0.019527912142572636,0.8969628226681705,0.013614867273888267,0.13669467787114847,0.011990955066108692,0.08052616025386686,0.004046541595377156,70.6,9.316651759081694,614.6,9.423375191511807,1.8,1.6431676725154984,27.0,1.5811388300841898,0.014962999999999999,0.000149189476840695,0.01491,0.4919134491290109,False
W01,T06,0.6,0.333333,0.333333,0.333334,0.7141295152105953,0.038027387722318715,0.1485683268642878,0.04895090868857771,0.1485683268642878,0.04895090868857771,0.6755854569363613,0.018835222028414846,0.7364532019704433,0.04412924351519434,0.6147177119022792,0.015049106279934873,0.07436402174255011,0.0035326412181556407,0.9823104534717307,0.0028593323422522006,0.3852822880977208,0.015049106279934861,0.6196078431372549,0.013600586427238293,0.13506330820120466,0.006269943854494955,421.2,10.084641788382967,264.0,10.464224768228169,7.6,1.3416407864998738,21.2,1.0954451150103324,0.08816663304,0.0010632759705405874,0.08821327506000001,0.41178672494,False
W01,T05,0.5,0.333333,0.333333,0.333334,0.7141295152105953,0.038027387722318715,0.1485683268642878,0.04895090868857771,0.1485683268642878,0.04895090868857771,0.6750234197450868,0.026655691560806594,0.8339901477832512,0.06543570614519033,0.5160566917069226,0.015312498805446382,0.06744056454159428,0.0024557636086249388,0.9867194443313085,0.004989530399365903,0.4839433082930774,0.015312498805446393,0.5288515406162465,0.012628363113557245,0.12477700350857837,0.004919910297135251,353.6,10.406728592598157,331.6,10.573551910309043,4.8,1.9235384061671346,24.0,1.5811388300841898,0.05984663762,0.0008784731013074979,0.0597666479,0.44023335210000003,False
W01,T07,0.7,0.333333,0.333333,0.333334,0.7141295152105953,0.038027387722318715,0.1485683268642878,0.04895090868857771,0.1485683268642878,0.04895090868857771,0.6659454598422736,0.03384554716546151,0.6182266009852218,0.0581823241922055,0.7136643186993255,0.01932565565097931,0.08356395706739743,0.010873357726392825,0.9779755347534127,0.0036217716472090686,0.2863356813006746,0.019325655650979327,0.7098039215686274,0.0195175994528234,0.14716191027408476,0.018188051265888197,489.0,13.114877048604,196.2,13.292855223765889,11.0,1.7320508075688772,17.8,1.6431676725154982,0.14369330384999995,0.0033545815510305863,0.14286996740999994,0.3571300325900001,False
W01,T04,0.4,0.333333,0.333333,0.333334,0.7141295152105953,0.038027387722318715,0.1485683268642878,0.04895090868857771,0.1485683268642878,0.04895090868857771,0.6431755677352744,0.01775817198049206,0.8753694581280789,0.03845836501336326,0.4109816773424699,0.016667579816906662,0.0587951450660678,0.002245330088472172,0.9874253328530704,0.0039123246155017225,0.5890183226575301,0.016667579816906652,0.42969187675070025,0.015702522597393784,0.11018051952427126,0.004100226736485177,281.6,11.282730166054671,403.6,11.631852818876272,3.6,1.1401754250991378,25.2,0.8366600265340753,0.04401331658,0.00035403273527170534,0.044053313180000005,0.45594668682,False
W01,T08,0.8,0.333333,0.333333,0.333334,0.7141295152105953,0.038027387722318715,0.1485683268642878,0.04895090868857771,0.1485683268642878,0.04895090868857771,0.6127382866418294,0.04415300744536275,0.41724137931034483,0.08481637156033685,0.808235193973314,0.013563439178040893,0.08396837413205965,0.017446493002183035,0.9705595883284792,0.004512191391513885,0.19176480602668597,0.013563439178040875,0.792436974789916,0.013984578057553633,0.13970412765610754,0.02853011403375537,553.8,9.093954035511729,131.4,9.343446901438465,16.8,2.588435821108957,12.0,2.345207879911715,0.29351988628000003,0.006331213309866217,0.29299318916,0.20700681084,False
W01,T03,0.3,0.333333,0.333333,0.333334,0.7141295152105953,0.038027387722318715,0.1485683268642878,0.04895090868857771,0.1485683268642878,0.04895090868857771,0.6022720087999243,0.022651649089770565,0.8963054187192118,0.05413398641819215,0.3082385988806367,0.014239980966609824,0.05161292260955038,0.0021536547586554753,0.9862094967927932,0.006984161163362286,0.6917614011193634,0.014239980966609778,0.33193277310924374,0.012643886614333194,0.0975998055632101,0.004106018901478698,211.2,9.628083921528729,474.0,10.074720839804947,3.0,1.5811388300841898,25.8,1.30384048104053,0.033346653409999996,0.00021421682956366145,0.03336665606,0.46663334394,False
W01,T10,0.9,0.333333,0.333333,0.333334,0.7141295152105953,0.038027387722318715,0.1485683268642878,0.04895090868857771,0.1485683268642878,0.04895090868857771,0.5958327053089403,0.031725631570726186,0.28448275862068967,0.0551993468744211,0.9071826519971908,0.013966649196611754,0.11656208321028123,0.03182472465246489,0.9679093212352825,0.00253802610302489,0.09281734800280905,0.013966649196611735,0.8820728291316527,0.014534819399573807,0.1648633647894423,0.040469770533375825,621.6,9.449867723941964,63.6,9.581231653602789,20.6,1.5165750888103098,8.2,1.6431676725154984,0.33624300582,7.416213319493734e-05,0.33623633914,0.16376366086,False
W01,T09,0.85,0.333333,0.333333,0.333334,0.7141295152105953,0.038027387722318715,0.1485683268642878,0.04895090868857771,0.1485683268642878,0.04895090868857771,0.5902043604828217,0.04273214652707718,0.3610837438423645,0.07904063309292353,0.8193249771232789,0.007545927507746983,0.07776684459937239,0.01880606255817318,0.9682548131386477,0.004053340795917186,0.18067502287672108,0.007545927507746959,0.8008403361344538,0.009972539562419022,0.12794887703786886,0.03037490716052249,561.4,4.979959839195493,123.8,5.215361924162117,18.4,2.302172886644268,10.4,2.302172886644268,0.333333,0.0,0.333333,0.166667,False
W01,T11,0.92,0.333333,0.333333,0.333334,0.7141295152105953,0.038027387722318715,0.1485683268642878,0.04895090868857771,0.1485683268642878,0.04895090868857771,0.5820576097110306,0.032961534272817256,0.23620689655172417,0.05705307623370447,0.9279083228703369,0.013370912134341523,0.12520237267994,0.043595871001674585,0.9665428327929833,0.002798001463674422,0.07209167712966313,0.013370912134341549,0.9,0.014131090482497985,0.1628261871938659,0.04939459492946483,635.8,8.927485648266268,49.4,9.181503144910423,22.0,1.732050807568877,6.8,1.6431676725154984,0.3851840419879998,0.011669703093948332,0.38364391159600003,0.11635608840399997,False
W01,T17,0.99,0.333333,0.333333,0.333334,0.7141295152105953,0.038027387722318715,0.1485683268642878,0.04895090868857771,0.1485683268642878,0.04895090868857771,0.5596649138242906,0.03118838456443464,0.12487684729064039,0.062357119070088174,0.9944529803579408,0.003165575277326527,0.5071428571428571,0.22360679774997896,0.9643399762769447,0.002466013636835423,0.005547019642059117,0.0031655752773264976,0.9593837535014005,0.004201680672268893,0.19603658536585367,0.0873494182861004,681.4,2.5099800796022205,3.8,2.16794833886788,25.2,1.7888543819998315,3.6,1.816590212458495,0.5219504772909992,0.012194249466707418,0.5228934662649997,0.022893466264999662,False
W01,T12,0.94,0.333333,0.333333,0.333334,0.7141295152105953,0.038027387722318715,0.1485683268642878,0.04895090868857771,0.1485683268642878,0.04895090868857771,0.5569515329054207,0.03669576854141069,0.17315270935960592,0.06353772799670089,0.9407503564512354,0.01068211075249353,0.11456190867955574,0.05480214631338386,0.9643768276463505,0.002706181521219412,0.05924964354876465,0.010682110752493574,0.9098039215686274,0.012353544577703057,0.13747385836319784,0.05980402123513429,644.6,7.092249290598872,40.6,7.334848328356898,23.8,1.6431676725154982,5.0,1.8708286933869707,0.49999950000000004,0.0,0.4999995,5.000000000143778e-07,False
W01,T13,0.95,0.333333,0.333333,0.333334,0.7141295152105953,0.038027387722318715,0.1485683268642878,0.04895090868857771,0.1485683268642878,0.04895090868857771,0.5569515329054207,0.03669576854141069,0.17315270935960592,0.06353772799670089,0.9407503564512354,0.01068211075249353,0.11456190867955574,0.05480214631338386,0.9643768276463505,0.002706181521219412,0.05924964354876465,0.010682110752493574,0.9098039215686274,0.012353544577703057,0.13747385836319784,0.05980402123513429,644.6,7.092249290598872,40.6,7.334848328356898,23.8,1.6431676725154982,5.0,1.8708286933869707,0.49999950000000004,0.0,0.4999995,5.000000000143778e-07,False
W01,T14,0.96,0.333333,0.333333,0.333334,0.7141295152105953,0.038027387722318715,0.1485683268642878,0.04895090868857771,0.1485683268642878,0.04895090868857771,0.5569515329054207,0.03669576854141069,0.17315270935960592,0.06353772799670089,0.9407503564512354,0.01068211075249353,0.11456190867955574,0.05480214631338386,0.9643768276463505,0.002706181521219412,0.05924964354876465,0.010682110752493574,0.9098039215686274,0.012353544577703057,0.13747385836319784,0.05980402123513429,644.6,7.092249290598872,40.6,7.334848328356898,23.8,1.6431676725154982,5.0,1.8708286933869707,0.49999950000000004,0.0,0.4999995,5.000000000143778e-07,False
W01,T15,0.97,0.333333,0.333333,0.333334,0.7141295152105953,0.038027387722318715,0.1485683268642878,0.04895090868857771,0.1485683268642878,0.04895090868857771,0.5569515329054207,0.03669576854141069,0.17315270935960592,0.06353772799670089,0.9407503564512354,0.01068211075249353,0.11456190867955574,0.05480214631338386,0.9643768276463505,0.002706181521219412,0.05924964354876465,0.010682110752493574,0.9098039215686274,0.012353544577703057,0.13747385836319784,0.05980402123513429,644.6,7.092249290598872,40.6,7.334848328356898,23.8,1.6431676725154982,5.0,1.8708286933869707,0.49999950000000004,0.0,0.4999995,5.000000000143778e-07,False
W01,T16,0.98,0.333333,0.333333,0.333334,0.7141295152105953,0.038027387722318715,0.1485683268642878,0.04895090868857771,0.1485683268642878,0.04895090868857771,0.5569515329054207,0.03669576854141069,0.17315270935960592,0.06353772799670089,0.9407503564512354,0.01068211075249353,0.11456190867955574,0.05480214631338386,0.9643768276463505,0.002706181521219412,0.05924964354876465,0.010682110752493574,0.9098039215686274,0.012353544577703057,0.13747385836319784,0.05980402123513429,644.6,7.092249290598872,40.6,7.334848328356898,23.8,1.6431676725154982,5.0,1.8708286933869707,0.49999950000000004,0.0,0.4999995,5.000000000143778e-07,False
W01,T02,0.2,0.333333,0.333333,0.333334,0.7141295152105953,0.038027387722318715,0.1485683268642878,0.04895090868857771,0.1485683268642878,0.04895090868857771,0.5542025472229091,0.016641626742444286,0.9032019704433498,0.05077417589727592,0.20520312400246854,0.018688655867594377,0.04555001168084933,0.001269186822133725,0.9811101635276621,0.008410313528019572,0.7947968759975315,0.018688655867594415,0.2333333333333333,0.0163512032187073,0.08672169273705874,0.002491183064903624,140.6,12.73970172335287,544.6,13.08816259067712,2.8,1.4832396974191326,26.0,1.224744871391589,0.02350665484,0.0003226634571571191,0.023586650240000007,0.47641334976,False
W01,T01,0.1,0.333333,0.333333,0.333334,0.7141295152105953,0.038027387722318715,0.1485683268642878,0.04895090868857771,0.1485683268642878,0.04895090868857771,0.5200685567815995,0.024798507583132907,0.9376847290640395,0.0565135424906769,0.10245238449915942,0.0123668138849229,0.04204201601181584,0.002060614106581938,0.9762547130289067,0.019671581303327784,0.8975476155008406,0.0123668138849229,0.13613445378151262,0.010592532437640932,0.08047445671631633,0.003971547898947723,70.2,8.467585252006618,615.0,8.514693182963198,1.8,1.6431676725154984,27.0,1.5811388300841898,0.01580332646,0.00015916200972534755,0.01576665867,0.48423334133,False
W28,T06,0.6,0.3,0.1,0.6,0.7140072913029253,0.038344580400991396,0.160755147382254,0.05264079068198465,0.160755147382254,0.05264079068198465,0.6794486435040019,0.021739980884072533,0.7435960591133005,0.05551715395939455,0.6153012278947033,0.014355751098132506,0.07505352582652293,0.002693306095445389,0.9828161369229,0.0035395492982413426,0.38469877210529674,0.014355751098132573,0.6204481792717087,0.011966391800164579,0.13631988262827757,0.005164598422758929,421.6,9.607288899580364,263.6,9.989994994993742,7.4,1.6733200530681511,21.4,1.341640786499874,0.07430600000000001,0.0008752599613829048,0.07420400000000002,0.5549489768888668,False
W28,T05,0.5,0.3,0.1,0.6,0.7140072913029253,0.038344580400991396,0.160755147382254,0.05264079068198465,0.160755147382254,0.05264079068198465,0.6705517564258453,0.0370799046121559,0.8270935960591134,0.07628313826226349,0.5140099167925773,0.00490494154525566,0.06666462077936465,0.004706894291822962,0.9860497398343803,0.006076401484601805,0.4859900832074227,0.00490494154525569,0.5266106442577031,0.004083299646250196,0.12338102017977345,0.008909214745268368,352.2,3.4205262752974073,333.0,3.3166247903554,5.0,2.23606797749979,23.8,1.9235384061671343,0.048816,0.00022777181564012793,0.04881,0.5746638577760046,False
W28,T07,0.7,0.3,0.1,0.6,0.7140072913029253,0.038344580400991396,0.160755147382254,0.05264079068198465,0.160755147382254,0.05264079068198465,0.6659443958087352,0.024532884001084453,0.6182266009852218,0.04001989361889635,0.7136621906322487,0.01670968337052628,0.08345799219996242,0.008375710554149525,0.9779810821223289,0.0025928212717424267,0.2863378093677513,0.01670968337052628,0.7098039215686274,0.016730687012905286,0.1470158175590924,0.013845064943160557,489.0,11.37980667674104,196.2,11.476062042355817,11.0,1.2247448713915892,17.8,1.0954451150103326,0.12635699999999997,0.002271193518835375,0.12624599999999997,0.5160990077979225,False
W28,T04,0.4,0.3,0.1,0.6,0.7140072913029253,0.038344580400991396,0.160755147382254,0.05264079068198465,0.160755147382254,0.05264079068198465,0.6358404213866338,0.0226824663264161,0.861576354679803,0.053748786306399995,0.41010448809346467,0.013169754232625954,0.05779495658971208,0.002342855800214438,0.9860745368935087,0.005194348985655942,0.5898955119065353,0.013169754232625987,0.4282913165266106,0.011438384867840573,0.10831653625653573,0.0044679003019442625,281.0,8.88819441731559,404.2,9.230384607371462,4.0,1.5811388300841898,24.8,1.3038404810405297,0.03609,0.0002654241887997416,0.03607,0.5847197433249539,False
W28,T10,0.9,0.3,0.1,0.6,0.7140072913029253,0.038344580400991396,0.160755147382254,0.05264079068198465,0.160755147382254,0.05264079068198465,0.5995520345421977,0.03780997788312214,0.2916256157635468,0.06225244598787831,0.9074784533208486,0.0178181480795941,0.12133618426349027,0.04099798733328743,0.9682087826093501,0.0031141835840130146,0.09252154667915133,0.01781814807959416,0.8826330532212886,0.018696298706963866,0.17060780886587307,0.05091388022956273,621.8,11.945710527214375,63.4,12.239281024635396,20.4,1.8165902124584952,8.4,1.816590212458495,0.308207,0.0027576339496024407,0.30774699999999994,0.40450877535969476,False
W28,T08,0.8,0.3,0.1,0.6,0.7140072913029253,0.038344580400991396,0.160755147382254,0.05264079068198465,0.160755147382254,0.05264079068198465,0.5979476077223885,0.04860186577671983,0.3894088669950739,0.09227581946648096,0.8064863484497031,0.018212992919932336,0.07840583339528706,0.020006642819564498,0.9691314215251655,0.004878899875802511,0.19351365155029687,0.018212992919932402,0.7896358543417368,0.01840551428683418,0.13038318880003275,0.032422879424209454,552.6,12.23928102463539,132.6,12.54192967609052,17.6,2.792848008753788,11.2,2.588435821108957,0.28342799999999996,0.014714415380843393,0.2820360000000004,0.4173421122173029,False
W28,T03,0.3,0.3,0.1,0.6,0.7140072913029253,0.038344580400991396,0.160755147382254,0.05264079068198465,0.160755147382254,0.05264079068198465,0.5978250934331519,0.01974466592023338,0.8891625615763546,0.044403340830837315,0.30648762528994916,0.015589341950765941,0.051126953980824605,0.0022466664489782834,0.9851128487876546,0.005709945411607963,0.6935123747100509,0.015589341950765945,0.3299719887955182,0.01457525012968929,0.09668848242577174,0.004203930395004002,210.0,10.559356040971437,475.2,10.986355173577811,3.2,1.3038404810405297,25.6,1.1401754250991383,0.026393,0.00029792196964977414,0.026404,0.5924181838448243,False
W28,T09,0.85,0.3,0.1,0.6,0.7140072913029253,0.038344580400991396,0.160755147382254,0.05264079068198465,0.160755147382254,0.05264079068198465,0.5893989934976543,0.05130910730699744,0.3682266009852217,0.09386304932163167,0.810571386010087,0.014703700606845284,0.07610732605389532,0.021927088041621808,0.9682511364634993,0.0049597230992298935,0.18942861398991295,0.014703700606845293,0.792717086834734,0.016363195301887876,0.1260586644301626,0.03543067259916012,555.4,9.83869910099909,129.8,10.134100848126584,18.2,2.774887385102322,10.6,2.701851217221259,0.3,0.0,0.3,0.40824763726689217,False
W28,T11,0.92,0.3,0.1,0.6,0.7140072913029253,0.038344580400991396,0.160755147382254,0.05264079068198465,0.160755147382254,0.05264079068198465,0.5855969228150071,0.02951695918739248,0.25,0.051000687785341524,0.9211938456300143,0.009867831017803301,0.11978726207378958,0.033549775052646565,0.9669016716944385,0.0024827103954022565,0.07880615436998575,0.009867831017803301,0.8941176470588236,0.010965590549615375,0.16166067245228696,0.040951016573350145,631.2,6.534523701081803,54.0,6.782329983125268,21.6,1.51657508881031,7.2,1.4832396974191326,0.35,0.0,0.35,0.3862203170911649,False
W28,T12,0.94,0.3,0.1,0.6,0.7140072913029253,0.038344580400991396,0.160755147382254,0.05264079068198465,0.160755147382254,0.05264079068198465,0.5855969228150071,0.02951695918739248,0.25,0.051000687785341524,0.9211938456300143,0.009867831017803301,0.11978726207378958,0.033549775052646565,0.9669016716944385,0.0024827103954022565,0.07880615436998575,0.009867831017803301,0.8941176470588236,0.010965590549615375,0.16166067245228696,0.040951016573350145,631.2,6.534523701081803,54.0,6.782329983125268,21.6,1.51657508881031,7.2,1.4832396974191326,0.35,0.0,0.35,0.3862203170911649,False
W28,T13,0.95,0.3,0.1,0.6,0.7140072913029253,0.038344580400991396,0.160755147382254,0.05264079068198465,0.160755147382254,0.05264079068198465,0.5855969228150071,0.02951695918739248,0.25,0.051000687785341524,0.9211938456300143,0.009867831017803301,0.11978726207378958,0.033549775052646565,0.9669016716944385,0.0024827103954022565,0.07880615436998575,0.009867831017803301,0.8941176470588236,0.010965590549615375,0.16166067245228696,0.040951016573350145,631.2,6.534523701081803,54.0,6.782329983125268,21.6,1.51657508881031,7.2,1.4832396974191326,0.35,0.0,0.35,0.3862203170911649,False
W28,T14,0.96,0.3,0.1,0.6,0.7140072913029253,0.038344580400991396,0.160755147382254,0.05264079068198465,0.160755147382254,0.05264079068198465,0.5855969228150071,0.02951695918739248,0.25,0.051000687785341524,0.9211938456300143,0.009867831017803301,0.11978726207378958,0.033549775052646565,0.9669016716944385,0.0024827103954022565,0.07880615436998575,0.009867831017803301,0.8941176470588236,0.010965590549615375,0.16166067245228696,0.040951016573350145,631.2,6.534523701081803,54.0,6.782329983125268,21.6,1.51657508881031,7.2,1.4832396974191326,0.35,0.0,0.35,0.3862203170911649,False
W28,T15,0.97,0.3,0.1,0.6,0.7140072913029253,0.038344580400991396,0.160755147382254,0.05264079068198465,0.160755147382254,0.05264079068198465,0.5788635828284067,0.029869696792525293,0.18078817733990146,0.057648097643639956,0.9769389883169118,0.004783898480293626,0.2509767064720625,0.08519325280869985,0.965944221557864,0.002629832204995465,0.023061011683088252,0.004783898480293619,0.9448179271708683,0.0063102971014391005,0.20935220125786164,0.0666221059690983,669.4,3.6469165057620954,15.8,3.271085446759225,23.6,1.8165902124584952,5.2,1.6431676725154984,0.36799449999999984,0.0039622337292239814,0.36792809999999965,0.37961707035328385,False
W28,T16,0.98,0.3,0.1,0.6,0.7140072913029253,0.038344580400991396,0.160755147382254,0.05264079068198465,0.160755147382254,0.05264079068198465,0.5690568993769166,0.035114991960859786,0.1527093596059113,0.07130105825679867,0.9854044391479219,0.003726297589142887,0.2989114832535885,0.09618517671208061,0.9651306150774752,0.0028434460597055976,0.014595560852078058,0.003726297589142916,0.9518207282913165,0.004154733045991963,0.19987179487179488,0.08187129698628795,675.2,2.8635642126552785,10.0,2.5495097567963922,24.4,2.073644135332773,4.4,2.073644135332772,0.4325114000000002,0.005305359865268284,0.4331409999999996,0.3621274074341792,False
W28,T02,0.2,0.3,0.1,0.6,0.7140072913029253,0.038344580400991396,0.160755147382254,0.05264079068198465,0.160755147382254,0.05264079068198465,0.5613910697499668,0.01077578540990487,0.9169950738916256,0.03894041153435214,0.20578706560830798,0.018645035348771592,0.04626278109766997,0.0008670203955259545,0.9837392954956968,0.00639258828101417,0.7942129343916922,0.018645035348771554,0.23445378151260501,0.01676582325114332,0.08807726849612958,0.0016648104164110407,141.0,12.708265027138834,544.2,13.06522100846367,2.4,1.140175425099138,26.4,0.8944271909999156,0.018268,0.0002608064416382383,0.018246000000000002,0.5989599734957254,False
W28,T17,0.99,0.3,0.1,0.6,0.7140072913029253,0.038344580400991396,0.160755147382254,0.05264079068198465,0.160755147382254,0.05264079068198465,0.5523536642012887,0.036227148703893666,0.11083743842364532,0.07442337403811886,0.9938698899789321,0.0023999519289600265,0.4000854700854701,0.11718459906434499,0.9637807189408747,0.0027652936811636817,0.006130110021067864,0.0023999519289600456,0.9582633053221288,0.0018261071163032565,0.16899521531100475,0.09939128990285115,681.0,1.8708286933869611,4.2,1.6431676725154984,25.6,2.0736441353327724,3.2,2.16794833886788,0.5555360999999993,0.016361564730336692,0.5583135999999997,0.3606474861675317,False
W28,T01,0.1,0.3,0.1,0.6,0.7140072913029253,0.038344580400991396,0.160755147382254,0.05264079068198465,0.160755147382254,0.05264079068198465,0.5209434051568202,0.017929041824193474,0.9376847290640395,0.037552490219776684,0.104202081249601,0.013861857288460242,0.04213352163178322,0.001362017013275819,0.9755980734309386,0.014490388302562171,0.895797918750399,0.013861857288460204,0.13781512605042018,0.01282105601271239,0.08064228599191829,0.0026150193995281555,71.4,9.502631214563678,613.8,9.444575162494065,1.8,1.0954451150103321,27.0,1.0,0.010925,0.0001924837655492015,0.010878,0.6049020286112454,False
W12,T06,0.6,0.3,0.2,0.5,0.7137084834293287,0.039574230560196086,0.1572215225752466,0.05139894631252147,0.1572215225752466,0.05139894631252147,0.67514856476552,0.015288787044025375,0.7364532019704433,0.036781242667655326,0.6138439275605967,0.018927327401842366,0.07426336428135466,0.0035225434137277916,0.9822816049421339,0.002394314221280835,0.38615607243940325,0.018927327401842307,0.6187675070028011,0.017476163313517108,0.1348886846197041,0.005978912666664684,420.6,12.739701723352859,264.6,13.126309458488329,7.6,1.1401754250991378,21.2,0.8366600265340757,0.07912,0.0012335517824558504,0.079228,0.47298563331035753,False
W12,T05,0.5,0.3,0.2,0.5,0.7137084834293287,0.039574230560196086,0.1572215225752466,0.05139894631252147,0.1572215225752466,0.05139894631252147,0.6744382012990016,0.029911401927666382,0.8339901477832512,0.06543570614519033,0.5148862548147518,0.010394888458198408,0.06730131703731618,0.003299541424906561,0.986641704607759,0.0051317235617874225,0.4851137451852482,0.010394888458198382,0.5277310924369748,0.008599485396643528,0.12454516340500241,0.006374837154092332,352.8,7.120393247567159,332.4,7.127411872482188,4.8,1.9235384061671346,24.0,1.5811388300841898,0.053290000000000004,0.0003898717737923583,0.05327,0.49621973583685686,False
W12,T07,0.7,0.3,0.2,0.5,0.7137084834293287,0.039574230560196086,0.1572215225752466,0.05139894631252147,0.1572215225752466,0.05139894631252147,0.6695388698789717,0.026783338140630747,0.6251231527093596,0.04338053094637779,0.7139545870485838,0.01873135264269976,0.084467128413002,0.009314767118173192,0.9783768243193662,0.0027917297103166013,0.2860454129514162,0.018731352642699803,0.7103641456582632,0.018722509709188855,0.14876458757461455,0.01535269445429469,489.2,12.755391017134672,196.0,12.864680330268605,10.8,1.30384048104053,18.0,1.2247448713915894,0.13332899999999998,0.0017553575134427804,0.13302499999999995,0.4258368043734595,False
W12,T04,0.4,0.3,0.2,0.5,0.7137084834293287,0.039574230560196086,0.1572215225752466,0.05139894631252147,0.1572215225752466,0.05139894631252147,0.6400188370627097,0.021291263396075844,0.8684729064039409,0.0441154939452968,0.41156476772147854,0.01836547517499953,0.05841509618460653,0.0026193677273614793,0.986746244880084,0.004483396355565115,0.5884352322785215,0.01836547517499952,0.4299719887955182,0.01738049530250821,0.10945793641569002,0.004817422617452201,282.0,12.469963913339924,403.2,12.75539101713468,3.8,1.3038404810405297,25.0,1.0,0.0391,0.0003249615361854365,0.039098,0.5090157040190411,False
W12,T03,0.3,0.3,0.2,0.5,0.7137084834293287,0.039574230560196086,0.1572215225752466,0.05139894631252147,0.1572215225752466,0.05139894631252147,0.6024171429745534,0.02530029785697572,0.8963054187192118,0.05413398641819215,0.3085288672298951,0.013636199380463605,0.051644666309058465,0.0024820010870141174,0.9861318387841747,0.007263007532152785,0.6914711327701049,0.013636199380463584,0.33221288515406167,0.01273663030183715,0.09765727938840241,0.00469954752117701,211.4,9.235799911215056,473.8,9.60208310732624,3.0,1.5811388300841898,25.8,1.30384048104053,0.029410000000000002,0.00024589123611873696,0.029377000000000004,0.5178342799226409,False
W12,T08,0.8,0.3,0.2,0.5,0.7137084834293287,0.039574230560196086,0.1572215225752466,0.05139894631252147,0.1572215225752466,0.05139894631252147,0.6015410177590866,0.04377538183951216,0.3963054187192118,0.08243139918942559,0.8067766167989616,0.015661404765164907,0.07971167146844968,0.01809054588538858,0.9694796876039835,0.004406884884300786,0.19322338320103852,0.01566140476516492,0.7901960784313726,0.01607291602570842,0.13261587536612815,0.029297390894801177,552.8,10.521406750050101,132.4,10.78424777163433,17.4,2.5099800796022267,11.4,2.3021728866442674,0.284926,0.011441847752876275,0.2851840000000002,0.304651025256768,False
W12,T10,0.9,0.3,0.2,0.5,0.7137084834293287,0.039574230560196086,0.1572215225752466,0.05139894631252147,0.1572215225752466,0.05139894631252147,0.5961029074532981,0.03598914730592555,0.28472906403940884,0.06156650167475072,0.9074767508671874,0.014939850070674204,0.11758008715705637,0.03717638220580427,0.9679149591411367,0.003027002078720465,0.09252324913281267,0.014939850070674264,0.8823529411764707,0.015845530110622934,0.16588329180617942,0.04702016373722547,621.8,10.009995004993742,63.4,10.261578825892242,20.6,1.8165902124584947,8.2,1.7888543819998317,0.307797,0.002667610353856039,0.308367,0.2887724710269315,False
W12,T09,0.85,0.3,0.2,0.5,0.7137084834293287,0.039574230560196086,0.1572215225752466,0.05139894631252147,0.1572215225752466,0.05139894631252147,0.5931157690504197,0.05231103195636858,0.3753694581280788,0.09749464176880245,0.8108620799727607,0.012839735905021934,0.0773608537447067,0.021615329394395914,0.9686071532149031,0.005161320077927372,0.18913792002723925,0.01283973590502195,0.7932773109243698,0.014642386597966553,0.12821285326036494,0.03520786070304171,555.6,8.590692637965825,129.6,8.848728722251572,18.0,2.91547594742265,10.8,2.7748873851023212,0.3,0.0,0.3,0.2943914627396657,False
W12,T11,0.92,0.3,0.2,0.5,0.7137084834293287,0.039574230560196086,0.1572215225752466,0.05139894631252147,0.1572215225752466,0.05139894631252147,0.5814734552984835,0.031757454026836954,0.23620689655172417,0.05705307623370447,0.9267400140452426,0.011295883238533946,0.12201477425059182,0.03908134227443464,0.9665073707332921,0.0027225737223802214,0.07325998595475729,0.011295883238533946,0.8988795518207283,0.011982772905438352,0.1603321766466001,0.04596131623159748,635.0,7.5166481891864665,50.2,7.758865896508328,22.0,1.732050807568877,6.8,1.6431676725154984,0.38151559999999984,0.010994024777123187,0.380784,0.24673627214092375,False
W12,T15,0.97,0.3,0.2,0.5,0.7137084834293287,0.039574230560196086,0.1572215225752466,0.05139894631252147,0.1572215225752466,0.05139894631252147,0.5731384623174357,0.032453115580445835,0.1874384236453202,0.0753167174367894,0.9588385009895513,0.026189813998474934,0.18311483577096901,0.08836371369424598,0.9656266949265717,0.002776025323591349,0.04116149901044881,0.026189813998474906,0.9277310924369747,0.023821878488454084,0.17489913206661975,0.06402864772847752,657.0,18.12456896039186,28.2,17.93599732381782,23.4,2.190890230020664,5.4,2.1908902300206643,0.4017878,0.001645206430816476,0.40182279999999965,0.23728694851137527,False
W12,T16,0.98,0.3,0.2,0.5,0.7137084834293287,0.039574230560196086,0.1572215225752466,0.05139894631252147,0.1572215225752466,0.05139894631252147,0.5729431314433652,0.03336230064900581,0.15960591133004925,0.06687543649870031,0.986280351556681,0.004080354836128448,0.3252389440624735,0.10716332130425078,0.9654335593150059,0.002659090248601355,0.013719648443318933,0.00408035483612843,0.9529411764705882,0.0048110823633943115,0.21226453343571428,0.08184701420834845,675.8,3.0331501776206045,9.4,2.792848008753788,24.2,1.9235384061671348,4.6,1.9493588689617927,0.4228474000000002,0.009580272036847472,0.41945719999999986,0.23055037619973645,False
W12,T12,0.94,0.3,0.2,0.5,0.7137084834293287,0.039574230560196086,0.1572215225752466,0.05139894631252147,0.1572215225752466,0.05139894631252147,0.5720495670851131,0.03480500522203065,0.21502463054187193,0.060705666910908396,0.9290745036283543,0.009688496439741233,0.11609729191131987,0.04347808366651,0.9657026677229489,0.0027371355257950016,0.07092549637164564,0.00968849643974118,0.900280112044818,0.011352316038744746,0.1504765723450567,0.05136420697281007,636.6,6.426507605223853,48.6,6.6558245169174945,22.6,1.6733200530681511,6.2,1.7888543819998317,0.4,0.0,0.4,0.23804691414509027,False
W12,T13,0.95,0.3,0.2,0.5,0.7137084834293287,0.039574230560196086,0.1572215225752466,0.05139894631252147,0.1572215225752466,0.05139894631252147,0.5720495670851131,0.03480500522203065,0.21502463054187193,0.060705666910908396,0.9290745036283543,0.009688496439741233,0.11609729191131987,0.04347808366651,0.9657026677229489,0.0027371355257950016,0.07092549637164564,0.00968849643974118,0.900280112044818,0.011352316038744746,0.1504765723450567,0.05136420697281007,636.6,6.426507605223853,48.6,6.6558245169174945,22.6,1.6733200530681511,6.2,1.7888543819998317,0.4,0.0,0.4,0.23804691414509027,False
W12,T14,0.96,0.3,0.2,0.5,0.7137084834293287,0.039574230560196086,0.1572215225752466,0.05139894631252147,0.1572215225752466,0.05139894631252147,0.5720495670851131,0.03480500522203065,0.21502463054187193,0.060705666910908396,0.9290745036283543,0.009688496439741233,0.11609729191131987,0.04347808366651,0.9657026677229489,0.0027371355257950016,0.07092549637164564,0.00968849643974118,0.900280112044818,0.011352316038744746,0.1504765723450567,0.05136420697281007,636.6,6.426507605223853,48.6,6.6558245169174945,22.6,1.6733200530681511,6.2,1.7888543819998317,0.4,0.0,0.4,0.23804691414509027,False
W12,T02,0.2,0.3,0.2,0.5,0.7137084834293287,0.039574230560196086,0.1572215225752466,0.05139894631252147,0.1572215225752466,0.05139894631252147,0.5609531135455872,0.01075428225436373,0.9169950738916256,0.03894041153435214,0.20491115319954883,0.01874456774305417,0.04621391828012207,0.0008419932416023215,0.9836723527888648,0.006400929517996272,0.7950888468004511,0.01874456774305421,0.23361344537815124,0.016847522838874588,0.08798874807771546,0.0016209364083710292,140.4,12.778888840583909,544.8,13.122499761859395,2.4,1.140175425099138,26.4,0.8944271909999156,0.020536,0.0002726352875179576,0.020532,0.5258858206474101,False
W12,T17,0.99,0.3,0.2,0.5,0.7137084834293287,0.039574230560196086,0.1572215225752466,0.05139894631252147,0.1572215225752466,0.05139894631252147,0.5559248799660097,0.03451412414848579,0.11798029556650247,0.07134571379042257,0.9938694643655168,0.0033300062701749423,0.4334920634920635,0.14692660604403152,0.9640534320248287,0.002766415133555783,0.006130535634483199,0.0033300062701749275,0.9585434173669467,0.002730194494344238,0.17978752377773186,0.0939500059119068,681.0,2.5495097567963922,4.2,2.280350850198276,25.4,2.0736441353327724,3.4,2.073644135332772,0.5356752999999995,0.013261600047694189,0.5392864999999999,0.21956721616910385,False
W12,T01,0.1,0.3,0.2,0.5,0.7137084834293287,0.039574230560196086,0.1572215225752466,0.05139894631252147,0.1572215225752466,0.05139894631252147,0.5205054489524407,0.024015660368134528,0.9376847290640395,0.0565135424906769,0.10332616884084186,0.014853950573538985,0.042077976251378976,0.001927735668420311,0.9766206659165986,0.019541303161193107,0.896673831159158,0.014853950573538955,0.1369747899159664,0.012736630301837146,0.08054041331623463,0.0037317868472366007,70.8,10.183319694480774,614.4,10.11434624679222,1.8,1.6431676725154984,27.0,1.5811388300841898,0.012985,0.00013057564857200607,0.01299,0.5327711266895007,False
W29,T06,0.6,0.3,0.6,0.1,0.7136568880237312,0.04230903426057412,0.12395301779510311,0.039598994750555845,0.12395301779510311,0.039598994750555845,0.6830204976888459,0.03354287048381922,0.7507389162561576,0.07294966097904736,0.6153020791215339,0.016043115176380327,0.07574363648107323,0.005687325563674797,0.9832696070683988,0.004874089270932509,0.3846979208784661,0.01604311517638034,0.6207282913165266,0.014399230434145524,0.13757392162617063,0.010347628449092058,421.6,10.76104084185169,263.6,11.148990985734986,7.2,2.16794833886788,21.6,1.8165902124584952,0.098412,0.0013313414287852688,0.09840800000000001,0.5366034548882442,False
W29,T05,0.5,0.3,0.6,0.1,0.7136568880237312,0.04230903426057412,0.12395301779510311,0.039598994750555845,0.12395301779510311,0.039598994750555845,0.6806280843213557,0.012938306429792233,0.8475369458128078,0.029407464217190028,0.5137192228299036,0.011003096107887867,0.06823976548094611,0.0011109292398215915,0.9876732085175568,0.0023802103916291577,0.4862807771700964,0.011003096107887845,0.527170868347339,0.01003137511454902,0.12630358093791055,0.0020871328581439346,352.0,7.516648189186459,333.2,7.563068160475609,4.4,0.8944271909999159,24.4,0.547722557505166,0.06862399999999999,0.00040760581448257157,0.06876499999999999,0.5591339361539416,False
W29,T07,0.7,0.3,0.6,0.1,0.7136568880237312,0.04230903426057412,0.12395301779510311,0.039598994750555845,0.12395301779510311,0.039598994750555845,0.6656293795070076,0.036591328166812924,0.6184729064039409,0.06632205048363483,0.7127858526100743,0.014616815379750044,0.083167758156067,0.010172370859842114,0.9779567371061615,0.004115222834054193,0.28721414738992573,0.014616815379750053,0.7089635854341736,0.015259037759064311,0.14658318137915724,0.01744173664832897,488.4,9.964938534682485,196.8,10.034938963441679,11.0,2.0,17.8,1.7888543819998315,0.152993,0.002469786428013525,0.15266999999999997,0.49729796122043374,False
W29,T04,0.4,0.3,0.6,0.1,0.7136568880237312,0.04230903426057412,0.12395301779510311,0.039598994750555845,0.12395301779510311,0.039598994750555845,0.6400186242560021,0.020589278671770194,0.8684729064039409,0.0441154939452968,0.4115643421080632,0.01648921664349633,0.05840442748040735,0.002417565978432559,0.9867550381834531,0.004448318289301508,0.5884356578919367,0.016489216643496365,0.4299719887955182,0.015469693301382722,0.10944023061259067,0.004472714827550684,282.0,11.180339887498949,403.2,11.476062042355817,3.8,1.3038404810405297,25.0,1.0,0.051095999999999996,0.00043672645901067357,0.05111400000000001,0.5728575515169544,False
W29,T10,0.9,0.3,0.6,0.1,0.7136568880237312,0.04230903426057412,0.12395301779510311,0.039598994750555845,0.12395301779510311,0.039598994750555845,0.6106474937607275,0.04142257199527065,0.3120689655172414,0.07119249248987095,0.9092260220042135,0.015818682087661816,0.13019279978222403,0.043590672478889106,0.969171983109511,0.003264460561378334,0.09077397799578643,0.015818682087661826,0.8851540616246499,0.017153289515288377,0.18310626740044986,0.05496948647657096,623.0,10.723805294763595,62.2,10.848963084092414,19.8,1.9235384061671346,9.0,2.1213203435596424,0.31557999999999997,0.007339794785959629,0.3144429999999999,0.40137081805108854,False
W29,T03,0.3,0.3,0.6,0.1,0.7136568880237312,0.04230903426057412,0.12395301779510311,0.039598994750555845,0.12395301779510311,0.039598994750555845,0.6019825916774966,0.021863738340085034,0.8963054187192118,0.05413398641819215,0.3076597646357813,0.024078055428602203,0.051594312302558745,0.002381927814412338,0.9862517348524443,0.006917358769870873,0.6923402353642187,0.024078055428602235,0.33137254901960783,0.02224643440847314,0.09756221571626836,0.004452822983472023,210.8,16.376812876747415,474.4,16.816658407662324,3.0,1.5811388300841898,25.8,1.30384048104053,0.03882,0.0005690672192280968,0.038877,0.5824959694821931,False
W29,T08,0.8,0.3,0.6,0.1,0.7136568880237312,0.04230903426057412,0.12395301779510311,0.039598994750555845,0.12395301779510311,0.039598994750555845,0.6018771642992532,0.048416375215449586,0.3958128078817734,0.08622272901763049,0.807941520716733,0.011333278745783151,0.08029775831716969,0.020498371386558717,0.9694979626447259,0.004631910558524298,0.192058479283267,0.011333278745783179,0.7913165266106443,0.014110253277037759,0.1334745254694761,0.03318454831258476,553.6,7.635443667528429,131.6,7.797435475847174,17.4,2.5099800796022262,11.4,2.5099800796022262,0.298788,0.0018011996002664247,0.3,0.40824886201188604,False
W29,T09,0.85,0.3,0.6,0.1,0.7136568880237312,0.04230903426057412,0.12395301779510311,0.039598994750555845,0.12395301779510311,0.039598994750555845,0.6018771642992532,0.048416375215449586,0.3958128078817734,0.08622272901763049,0.807941520716733,0.011333278745783151,0.08029775831716969,0.020498371386558717,0.9694979626447259,0.004631910558524298,0.192058479283267,0.011333278745783179,0.7913165266106443,0.014110253277037759,0.1334745254694761,0.03318454831258476,553.6,7.635443667528429,131.6,7.797435475847174,17.4,2.5099800796022262,11.4,2.5099800796022262,0.3,0.0,0.3,0.40824886201188604,False
W29,T11,0.92,0.3,0.6,0.1,0.7136568880237312,0.04230903426057412,0.12395301779510311,0.039598994750555845,0.12395301779510311,0.039598994750555845,0.5916947045619153,0.033473889118477006,0.2566502463054187,0.05623104699557052,0.9267391628184122,0.01268180468363417,0.13254559909144017,0.044116385248537705,0.9673798576859391,0.0025818706557599307,0.07326083718158796,0.012681804683634208,0.8997198879551821,0.013921315002564917,0.17419544363416758,0.0508963212883829,635.0,8.54400374531753,50.2,8.700574693662483,21.4,1.5165750888103102,7.4,1.6733200530681511,0.3879399999999999,0.012756610051263715,0.3851296,0.3739817403699811,False
W29,T02,0.2,0.3,0.6,0.1,0.7136568880237312,0.04230903426057412,0.12395301779510311,0.039598994750555845,0.12395301779510311,0.039598994750555845,0.5536173287768238,0.02095630992997472,0.9032019704433498,0.05077417589727592,0.2040326871102977,0.012406399449607216,0.04549100230286439,0.0016812580152979898,0.9807587650444793,0.009203342727824092,0.7959673128897023,0.012406399449607183,0.2322128851540616,0.010730521741948443,0.08661640400354005,0.0032512724596662204,139.8,8.43800924389159,545.4,8.763560920082654,2.8,1.4832396974191326,26.0,1.224744871391589,0.028177999999999998,0.0002906372309254283,0.028148000000000006,0.5910257551393171,False
W29,T12,0.94,0.3,0.6,0.1,0.7136568880237312,0.04230903426057412,0.12395301779510311,0.039598994750555845,0.12395301779510311,0.039598994750555845,0.533397756283485,0.020100921723174067,0.12487684729064039,0.030261505142495582,0.9419186652763296,0.01171276539073453,0.08707342507342508,0.034382845190009,0.9624129747042878,0.0014821414140780862,0.05808133472367048,0.011712765390734573,0.9089635854341737,0.011925340592385394,0.10200969678684066,0.033947111407396605,645.4,7.765307463326885,39.8,8.04363102087608,25.2,0.8366600265340757,3.6,0.894427190999916,0.565208199999999,0.03559174961560678,0.5592187999999998,0.36079634090084667,False
W29,T17,0.99,0.3,0.6,0.1,0.7136568880237312,0.04230903426057412,0.12395301779510311,0.039598994750555845,0.12395301779510311,0.039598994750555845,0.5273404591781699,0.022200108305672015,0.06256157635467981,0.04506783452801057,0.99211934200166,0.001303602546980692,0.22023809523809526,0.15175653314264242,0.9618034291244936,0.0019026643360648737,0.007880657998340108,0.0013036025469806605,0.9546218487394957,0.0015968843488783826,0.09734471313418683,0.06942522533109188,679.8,0.8366600265340688,5.4,0.8944271909999159,27.0,1.4142135623730951,1.8,1.3038404810405297,0.6008777999999999,7.686026281467161e-06,0.60088,0.36992419187449743,False
W29,T13,0.95,0.3,0.6,0.1,0.7136568880237312,0.04230903426057412,0.12395301779510311,0.039598994750555845,0.12395301779510311,0.039598994750555845,0.5271075532438714,0.026947240859931616,0.11083743842364532,0.04440334083083731,0.9433776680640975,0.009946313881340336,0.08039388101499903,0.0416823575781465,0.9618937888886172,0.0019523946535340935,0.05662233193590262,0.009946313881340336,0.9098039215686274,0.010920777977376952,0.09287610042539621,0.043759012550790934,646.4,6.542170893518436,38.8,6.833739825307955,25.6,1.1401754250991383,3.2,1.3038404810405297,0.6,0.0,0.6,0.36968518138275436,False
W29,T14,0.96,0.3,0.6,0.1,0.7136568880237312,0.04230903426057412,0.12395301779510311,0.039598994750555845,0.12395301779510311,0.039598994750555845,0.5271075532438714,0.026947240859931616,0.11083743842364532,0.04440334083083731,0.9433776680640975,0.009946313881340336,0.08039388101499903,0.0416823575781465,0.9618937888886172,0.0019523946535340935,0.05662233193590262,0.009946313881340336,0.9098039215686274,0.010920777977376952,0.09287610042539621,0.043759012550790934,646.4,6.542170893518436,38.8,6.833739825307955,25.6,1.1401754250991383,3.2,1.3038404810405297,0.6,0.0,0.6,0.36968518138275436,False
W29,T15,0.97,0.3,0.6,0.1,0.7136568880237312,0.04230903426057412,0.12395301779510311,0.039598994750555845,0.12395301779510311,0.039598994750555845,0.5271075532438714,0.026947240859931616,0.11083743842364532,0.04440334083083731,0.9433776680640975,0.009946313881340336,0.08039388101499903,0.0416823575781465,0.9618937888886172,0.0019523946535340935,0.05662233193590262,0.009946313881340336,0.9098039215686274,0.010920777977376952,0.09287610042539621,0.043759012550790934,646.4,6.542170893518436,38.8,6.833739825307955,25.6,1.1401754250991383,3.2,1.3038404810405297,0.6,0.0,0.6,0.36968518138275436,False
W29,T16,0.98,0.3,0.6,0.1,0.7136568880237312,0.04230903426057412,0.12395301779510311,0.039598994750555845,0.12395301779510311,0.039598994750555845,0.5271075532438714,0.026947240859931616,0.11083743842364532,0.04440334083083731,0.9433776680640975,0.009946313881340336,0.08039388101499903,0.0416823575781465,0.9618937888886172,0.0019523946535340935,0.05662233193590262,0.009946313881340336,0.9098039215686274,0.010920777977376952,0.09287610042539621,0.043759012550790934,646.4,6.542170893518436,38.8,6.833739825307955,25.6,1.1401754250991383,3.2,1.3038404810405297,0.6,0.0,0.6,0.36968518138275436,False
W29,T01,0.1,0.3,0.6,0.1,0.7136568880237312,0.04230903426057412,0.12395301779510311,0.039598994750555845,0.12395301779510311,0.039598994750555845,0.5161827503285663,0.02530298070060081,0.9307881773399014,0.054329749781097524,0.10157732331723095,0.015444736356788207,0.041713219963752816,0.002060009247213439,0.9725672346257109,0.021035695436680796,0.8984226766827691,0.015444736356788235,0.13501400560224092,0.014200327009116609,0.07984636509692064,0.003956721917895039,69.6,10.573551910309044,615.6,10.644247272588142,2.0,1.5811388300841898,26.8,1.4832396974191324,0.020634,0.00015335416525154871,0.020648999999999997,0.5970297434257359,False
W30,T05,0.5,0.4,0.1,0.5,0.7134506264327106,0.03569276463813033,0.16432371789579847,0.05337210678475432,0.16432371789579847,0.05337210678475432,0.6702838951552719,0.023677604609632443,0.8268472906403941,0.05336648983107286,0.5137204996701497,0.006118520670015151,0.06663414156393065,0.0026324971074824528,0.9860463708030224,0.004206281548042886,0.4862795003298504,0.006118520670015147,0.5263305322128852,0.0038863968979023973,0.12332398577062853,0.005082698479342877,352.0,4.062019202317978,333.2,4.32434966208793,5.0,1.5811388300841898,23.8,1.3038404810405297,0.052964,0.00031488886928565896,0.052925,0.5352965430105073,False
W30,T07,0.7,0.4,0.1,0.5,0.7134506264327106,0.03569276463813033,0.16432371789579847,0.05337210678475432,0.16432371789579847,0.05337210678475432,0.6691004880611768,0.019511042673751863,0.6251231527093596,0.026321280802743954,0.713077823412994,0.017385223215371077,0.08418003786019371,0.0075784232403284125,0.978351478330287,0.0019311324085041046,0.28692217658700603,0.01738522321537102,0.7095238095238094,0.0173126466558683,0.1483306809097441,0.012278548517505957,488.6,11.865917579353066,196.6,11.92895636675732,10.8,0.8366600265340756,18.0,0.7071067811865472,0.13463799999999995,0.0029609027339647293,0.13466699999999993,0.46918496802753606,False
W30,T06,0.6,0.4,0.1,0.5,0.7134506264327106,0.03569276463813033,0.16432371789579847,0.05337210678475432,0.16432371789579847,0.05337210678475432,0.6682739945066516,0.012197526649944921,0.7224137931034483,0.03248524772658062,0.6141341959098551,0.016053994330484076,0.07297800142433462,0.0028909661774524204,0.9813717525016614,0.0019694001696007424,0.3858658040901449,0.01605399433048411,0.6184873949579832,0.01460885693042606,0.1325394023968461,0.004931647381093797,420.8,10.779610382569487,264.4,11.148990985734994,8.0,1.0,20.8,0.8366600265340753,0.080958,0.0012436719824776906,0.08102400000000001,0.5120617364244276,False
W30,T04,0.4,0.4,0.1,0.5,0.7134506264327106,0.03569276463813033,0.16432371789579847,0.05337210678475432,0.16432371789579847,0.05337210678475432,0.6400184114492944,0.01937031105132289,0.8684729064039409,0.0441154939452968,0.41156391649464796,0.015163695425466937,0.058392743322335315,0.0021089735194695413,0.9867714238145135,0.004366571560821022,0.588436083505352,0.015163695425466934,0.4299719887955182,0.013935398278804198,0.10942034633566107,0.003937160890573743,282.0,10.271319292087068,403.2,10.568822072492281,3.8,1.3038404810405297,25.0,1.0,0.038482,0.0004543897005875058,0.03853600000000001,0.5473713151326072,False
W30,T08,0.8,0.4,0.1,0.5,0.7134506264327106,0.03569276463813033,0.16432371789579847,0.05337210678475432,0.16432371789579847,0.05337210678475432,0.6058417349176916,0.06322597010629413,0.40344827586206894,0.12167088803018862,0.808235193973314,0.014327547584140433,0.08138577162926311,0.024832620745806038,0.9698812827132242,0.0063292380786226276,0.19176480602668597,0.014327547584140449,0.7918767507002802,0.015802143089712423,0.13534739612714067,0.040942790759660716,553.8,9.628083921528722,131.4,9.864076236526156,17.2,3.63318042491699,11.6,3.4351128074635335,0.29842,0.006538811054006692,0.2984640000000002,0.3567675610674265,False
W30,T03,0.3,0.4,0.1,0.5,0.7134506264327106,0.03569276463813033,0.16432371789579847,0.05337210678475432,0.16432371789579847,0.05337210678475432,0.5982639008643622,0.019544647707308873,0.8891625615763546,0.044403340830837315,0.3073652401523696,0.019085145281870757,0.05119620594640427,0.0023406347791989687,0.9851693683288252,0.00561244121185059,0.6926347598476303,0.019085145281870688,0.330812324929972,0.017919509917716497,0.0968108470131757,0.0043547745032448525,210.6,12.953763931769023,474.6,13.3902949930164,3.2,1.3038404810405297,25.6,1.1401754250991383,0.028168000000000006,0.00029775409317085814,0.028207,0.5561069754849332,False
W30,T11,0.92,0.4,0.1,0.5,0.7134506264327106,0.03569276463813033,0.16432371789579847,0.05337210678475432,0.16432371789579847,0.05337210678475432,0.585359048944809,0.02533371723246148,0.24310344827586206,0.042408185780168424,0.9276146496137558,0.011078052272663006,0.12663974094996744,0.03497008024088001,0.96682910395929,0.0021582179979643215,0.07238535038624418,0.011078052272663,0.9,0.0117430105413191,0.16596368799010236,0.039086064697131925,635.6,7.436396977031298,49.6,7.602631123499284,21.8,1.3038404810405297,7.0,1.224744871391589,0.408162,0.0016960583716369637,0.40812400000000004,0.3083950919032273,False
W30,T10,0.9,0.4,0.1,0.5,0.7134506264327106,0.03569276463813033,0.16432371789579847,0.05337210678475432,0.16432371789579847,0.05337210678475432,0.5796413693304441,0.047177798007627655,0.312807881773399,0.07866364247621335,0.846474856887489,0.04324009674377211,0.08590074671375814,0.038211625409317246,0.9669272608416257,0.004369337171542689,0.15352514311251092,0.043240096743772154,0.8249299719887955,0.04192333206469403,0.13224525264800485,0.04774261302301582,580.0,29.512709126747414,105.2,29.642874354556106,19.8,2.3874672772626644,9.0,2.23606797749979,0.40008600000000005,0.00019230184606499785,0.4,0.31091209904730305,False
W30,T12,0.94,0.4,0.1,0.5,0.7134506264327106,0.03569276463813033,0.16432371789579847,0.05337210678475432,0.16432371789579847,0.05337210678475432,0.5785396396522005,0.03247068837869227,0.22216748768472905,0.05735268085040137,0.9349117916196719,0.008462655422448137,0.12814547120745085,0.0429883507068475,0.9662043951257597,0.0026741990108836134,0.06508820838032815,0.008462655422448154,0.9061624649859944,0.010050910430257194,0.16225009645935456,0.04963159666440367,640.6,5.594640292279733,44.6,5.813776741499453,22.4,1.6733200530681513,6.4,1.6733200530681511,0.45,0.0,0.45,0.29860732297450443,False
W30,T13,0.95,0.4,0.1,0.5,0.7134506264327106,0.03569276463813033,0.16432371789579847,0.05337210678475432,0.16432371789579847,0.05337210678475432,0.5785396396522005,0.03247068837869227,0.22216748768472905,0.05735268085040137,0.9349117916196719,0.008462655422448137,0.12814547120745085,0.0429883507068475,0.9662043951257597,0.0026741990108836134,0.06508820838032815,0.008462655422448154,0.9061624649859944,0.010050910430257194,0.16225009645935456,0.04963159666440367,640.6,5.594640292279733,44.6,5.813776741499453,22.4,1.6733200530681513,6.4,1.6733200530681511,0.45,0.0,0.45,0.29860732297450443,False
W30,T14,0.96,0.4,0.1,0.5,0.7134506264327106,0.03569276463813033,0.16432371789579847,0.05337210678475432,0.16432371789579847,0.05337210678475432,0.5785396396522005,0.03247068837869227,0.22216748768472905,0.05735268085040137,0.9349117916196719,0.008462655422448137,0.12814547120745085,0.0429883507068475,0.9662043951257597,0.0026741990108836134,0.06508820838032815,0.008462655422448154,0.9061624649859944,0.010050910430257194,0.16225009645935456,0.04963159666440367,640.6,5.594640292279733,44.6,5.813776741499453,22.4,1.6733200530681513,6.4,1.6733200530681511,0.45,0.0,0.45,0.29860732297450443,False
W30,T15,0.97,0.4,0.1,0.5,0.7134506264327106,0.03569276463813033,0.16432371789579847,0.05337210678475432,0.16432371789579847,0.05337210678475432,0.5785396396522005,0.03247068837869227,0.22216748768472905,0.05735268085040137,0.9349117916196719,0.008462655422448137,0.12814547120745085,0.0429883507068475,0.9662043951257597,0.0026741990108836134,0.06508820838032815,0.008462655422448154,0.9061624649859944,0.010050910430257194,0.16225009645935456,0.04963159666440367,640.6,5.594640292279733,44.6,5.813776741499453,22.4,1.6733200530681513,6.4,1.6733200530681511,0.45,0.0,0.45,0.29860732297450443,False
W30,T09,0.85,0.4,0.1,0.5,0.7134506264327106,0.03569276463813033,0.16432371789579847,0.05337210678475432,0.16432371789579847,0.05337210678475432,0.5771948553611513,0.04505904783187221,0.32660098522167486,0.08398978663083441,0.8277887255006278,0.007619493336152838,0.074055988649242,0.02016935249112011,0.9669188854568815,0.004363628063049471,0.17221127449937224,0.007619493336152889,0.807563025210084,0.010176975980159621,0.12071029079457166,0.032467547938105294,567.2,5.118593556827903,118.0,5.2440442408507595,19.4,2.509980079602227,9.4,2.4083189157584592,0.4,0.0,0.4,0.31091209904730305,False
W30,T16,0.98,0.4,0.1,0.5,0.7134506264327106,0.03569276463813033,0.16432371789579847,0.05337210678475432,0.16432371789579847,0.05337210678475432,0.5759310440223697,0.03271633440513323,0.1667487684729064,0.06654578045530854,0.9851133195718329,0.001907837711225626,0.3098097516518569,0.08391758410514771,0.9656729368984106,0.0027344242467247397,0.014886680428167095,0.0019078377112256972,0.9521008403361344,0.0025053982941174308,0.21564935064935065,0.07649270720372651,675.0,1.5811388300841898,10.2,1.3038404810405297,24.0,1.9999999999999998,4.8,1.9235384061671346,0.45445,3.535533905932348e-05,0.45445,0.29789450453809985,False
W30,T02,0.2,0.4,0.1,0.5,0.7134506264327106,0.03569276463813033,0.16432371789579847,0.05337210678475432,0.16432371789579847,0.05337210678475432,0.5613910697499668,0.010005308083192674,0.9169950738916256,0.03894041153435214,0.20578706560830798,0.020234657934622653,0.04626329607547271,0.0007760448589703634,0.9837648706395553,0.006253886271412671,0.794212934391692,0.020234657934622723,0.23445378151260501,0.018250326195251444,0.0880778830114615,0.0014905002795040053,141.0,13.802173741842264,544.2,14.131525041551601,2.4,1.140175425099138,26.4,0.8944271909999156,0.019340000000000003,0.00030041637771599516,0.019358000000000004,0.5636338044315653,False
W30,T17,0.99,0.4,0.1,0.5,0.7134506264327106,0.03569276463813033,0.16432371789579847,0.05337210678475432,0.16432371789579847,0.05337210678475432,0.5563628361703892,0.03466506487816702,0.11798029556650247,0.07134571379042257,0.994745376774276,0.003028039198805008,0.47064102564102567,0.1399554381038206,0.9640835434533784,0.0027704398343924488,0.005254623225724075,0.003028039198805008,0.9593837535014005,0.0026202082540433672,0.1829176904176904,0.09670779498564813,681.6,2.302172886644273,3.6,2.073644135332772,25.4,2.0736441353327724,3.4,2.073644135332772,0.5660144999999985,0.013413795436043022,0.5647760999999999,0.3014337016081811,False
W30,T01,0.1,0.4,0.1,0.5,0.7134506264327106,0.03569276463813033,0.16432371789579847,0.05337210678475432,0.16432371789579847,0.05337210678475432,0.5206514343539006,0.017893541998044795,0.9376847290640395,0.037552490219776684,0.10361813964376157,0.015089589468700001,0.04210769049143904,0.0013496319247018166,0.9754443928528435,0.014615943036481473,0.8963818603562383,0.015089589468700041,0.13725490196078433,0.013970544358025206,0.08059488509701382,0.0025908052322304973,71.0,10.344080432788601,614.2,10.281050529979911,1.8,1.0954451150103321,27.0,1.0,0.011557000000000001,0.00016950663703819928,0.011549,0.5703075597736716,False
W33,T05,0.5,0.4,0.5,0.1,0.7126874271490831,0.03892160791230505,0.12164919162645123,0.03828917605379344,0.12164919162645123,0.03828917605379344,0.6740237162068452,0.01896269592053099,0.833743842364532,0.04369752462859646,0.5143035900491584,0.0091126125258678,0.06724819787783436,0.0018152608336711922,0.9866016776342736,0.003450535712958215,0.4856964099508416,0.009112612525867777,0.527170868347339,0.007645570904177105,0.12445192107872885,0.003560549702620605,352.4,6.188699378706318,332.8,6.300793600809347,4.8,1.3038404810405297,24.0,1.0,0.06900200000000001,0.0003763741489528713,0.069045,0.5219093267599267,False
W33,T06,0.6,0.4,0.5,0.1,0.7126874271490831,0.03892160791230505,0.12164919162645123,0.03828917605379344,0.12164919162645123,0.03828917605379344,0.6715536650818682,0.017688280859302234,0.7295566502463054,0.0424617969251427,0.6135506799174311,0.014131094297389039,0.07350277681356865,0.003199586643013575,0.9818197619347362,0.0027698230420017465,0.38644932008256905,0.014131094297389013,0.6182072829131653,0.012667136195624634,0.13352741659649597,0.0056763568265816005,420.4,9.423375191511802,264.8,9.85900603509299,7.8,1.3038404810405297,21.0,1.0,0.099496,0.001069523258279124,0.09966,0.49692982294686244,False
W33,T07,0.7,0.4,0.5,0.1,0.7126874271490831,0.03892160791230505,0.12164919162645123,0.03828917605379344,0.12164919162645123,0.03828917605379344,0.6620351182434787,0.03957604729614577,0.611576354679803,0.07206064823095715,0.7124938818071546,0.01743164004216594,0.08229909512101294,0.01118661947483493,0.9775549011194468,0.004438255726365933,0.28750611819284544,0.017431640042165922,0.7084033613445377,0.017837221820653233,0.14502556610536255,0.019108593863412106,488.2,11.90378091196238,197.0,11.958260743101397,11.2,2.16794833886788,17.6,1.9493588689617927,0.15654699999999988,0.0021062068986688,0.157363,0.4517380292857798,False
W33,T04,0.4,0.4,0.5,0.1,0.7126874271490831,0.03892160791230505,0.12164919162645123,0.03828917605379344,0.12164919162645123,0.03828917605379344,0.6439052819358659,0.018506226505397058,0.8753694581280789,0.03845836501336326,0.41244110574365306,0.017631395995350237,0.058939533861471625,0.0024054040800545492,0.9874597179458113,0.003945170420354515,0.587558894256347,0.01763139599535028,0.4310924369747899,0.016730687012905268,0.11043358302339115,0.004381345432004846,282.6,11.94989539703173,402.6,12.280065146406997,3.6,1.1401754250991378,25.2,0.8366600265340753,0.051044,0.0004767913589821003,0.05109600000000001,0.5368257953470567,False
W33,T08,0.8,0.4,0.5,0.1,0.7126874271490831,0.03892160791230505,0.12164919162645123,0.03828917605379344,0.12164919162645123,0.03828917605379344,0.6238126156219203,0.05130080870686159,0.4379310344827586,0.09568577190008005,0.8096941967610819,0.012510269934533748,0.08854999573620571,0.021160224096600146,0.9716172771615772,0.005079555141744422,0.19030580323891808,0.012510269934533693,0.7946778711484594,0.014303553424859148,0.1472374391836205,0.03443161885614438,554.8,8.378544026261379,130.4,8.619744775803976,16.2,2.863564212655271,12.6,2.701851217221259,0.31504000000000004,0.005366288288938616,0.3162220000000001,0.34704680753177947,False
W33,T03,0.3,0.4,0.5,0.1,0.7126874271490831,0.03892160791230505,0.12164919162645123,0.03828917605379344,0.12164919162645123,0.03828917605379344,0.6021277258521257,0.022514855640705978,0.8963054187192118,0.05413398641819215,0.30795003298503965,0.02115045423353877,0.05160926219905687,0.0023648391433508543,0.9862296869595223,0.006998433325784621,0.6920499670149602,0.02115045423353877,0.33165266106442576,0.019492457616478227,0.09759040192894372,0.004441470071094982,211.0,14.370107863199914,474.2,14.805404418657401,3.0,1.5811388300841898,25.8,1.30384048104053,0.038144,0.000507535713029146,0.038104,0.5477362943515793,False
W33,T11,0.92,0.4,0.5,0.1,0.7126874271490831,0.03892160791230505,0.12164919162645123,0.03828917605379344,0.12164919162645123,0.03828917605379344,0.5850905492541125,0.03261613512697705,0.24285714285714288,0.05344316790193307,0.9273239556510822,0.014551367759902335,0.12863124389587963,0.046794891685451874,0.9668095881105419,0.0025507420685837658,0.07267604434891788,0.01455136775990233,0.8997198879551821,0.015488701737758266,0.16718109273782655,0.0514257689069012,635.4,9.787747442593709,49.8,9.984988733093292,21.8,1.4832396974191324,7.0,1.5811388300841898,0.41518319999999986,0.004703447586611384,0.41479560000000004,0.30647499590237376,False
W33,T09,0.85,0.4,0.5,0.1,0.7126874271490831,0.03892160791230505,0.12164919162645123,0.03828917605379344,0.12164919162645123,0.03828917605379344,0.58426107640568,0.04350672921995917,0.3401477832512315,0.07781263386483579,0.8283743695601284,0.010438971137906088,0.07749230732066317,0.020650865576960466,0.9675898666072849,0.004005087942985603,0.17162563043987147,0.01043897113790603,0.8086834733893558,0.012705790958029907,0.12618540597402744,0.03270560428712439,567.6,6.949820141557607,117.6,7.197221686178632,19.0,2.2360679774997902,9.8,2.280350850198276,0.4,0.0,0.4,0.3109133855819013,False
W33,T10,0.9,0.4,0.5,0.1,0.7126874271490831,0.03892160791230505,0.12164919162645123,0.03828917605379344,0.12164919162645123,0.03828917605379344,0.5836972707172834,0.04315239966360597,0.31945812807881774,0.07854594456776194,0.8479364133557489,0.048457733601906625,0.08938000146642182,0.038293815058384785,0.9673279251589028,0.0038908209777861855,0.15206358664425101,0.0484577336019066,0.826610644257703,0.046042019448163676,0.1359814529068568,0.04450425385525477,581.0,33.06811152757292,104.2,33.2219806754504,19.6,2.3021728866442674,9.2,2.280350850198276,0.400154,0.0003443544685349699,0.4,0.3109133855819013,False
W33,T02,0.2,0.4,0.5,0.1,0.7126874271490831,0.03892160791230505,0.12164919162645123,0.03828917605379344,0.12164919162645123,0.03828917605379344,0.5537639525984066,0.019358718834856646,0.9032019704433498,0.05077417589727592,0.20432593475346345,0.015015395972165986,0.04550515201155111,0.0015431397868680965,0.9808850962485055,0.008904542144414907,0.7956740652465365,0.015015395972166001,0.23249299719887956,0.013063556096763044,0.08664137439203816,0.0029939257492974923,140.0,10.222524150130436,545.2,10.568822072492296,2.8,1.4832396974191326,26.0,1.224744871391589,0.027454,0.0002858845920996777,0.027444000000000003,0.5567551584583658,False
W33,T12,0.94,0.4,0.5,0.1,0.7126874271490831,0.03892160791230505,0.12164919162645123,0.03828917605379344,0.12164919162645123,0.03828917605379344,0.5371375773350583,0.017672706135275593,0.13177339901477833,0.02800201231749279,0.9425017556553381,0.010928505468562529,0.09122123804476745,0.03104083368921453,0.9627255714844859,0.0012064230857220847,0.05749824434466174,0.01092850546856257,0.9098039215686274,0.010875780760961965,0.10720443875373453,0.030411394426999264,645.8,7.2594765651526005,39.4,7.503332592921628,25.0,0.7071067811865477,3.8,0.8366600265340756,0.5827941999999993,0.04191012475166347,0.5722337999999988,0.3031251477466689,False
W33,T13,0.95,0.4,0.5,0.1,0.7126874271490831,0.03892160791230505,0.12164919162645123,0.03828917605379344,0.12164919162645123,0.03828917605379344,0.5279832528459228,0.02678141702532785,0.11083743842364532,0.04440334083083731,0.9451290672682002,0.00968569591066142,0.0826068376068376,0.042263855386499086,0.9619624623234291,0.001932878463173506,0.0548709327317997,0.009685695910661436,0.911484593837535,0.01063872773940222,0.0943688008084293,0.044064175379302205,647.6,6.3482280992415365,37.6,6.6558245169174945,25.6,1.1401754250991383,3.2,1.3038404810405297,0.65,0.0,0.65,0.3304044995668189,False
W33,T14,0.96,0.4,0.5,0.1,0.7126874271490831,0.03892160791230505,0.12164919162645123,0.03828917605379344,0.12164919162645123,0.03828917605379344,0.5279832528459228,0.02678141702532785,0.11083743842364532,0.04440334083083731,0.9451290672682002,0.00968569591066142,0.0826068376068376,0.042263855386499086,0.9619624623234291,0.001932878463173506,0.0548709327317997,0.009685695910661436,0.911484593837535,0.01063872773940222,0.0943688008084293,0.044064175379302205,647.6,6.3482280992415365,37.6,6.6558245169174945,25.6,1.1401754250991383,3.2,1.3038404810405297,0.65,0.0,0.65,0.3304044995668189,False
W33,T15,0.97,0.4,0.5,0.1,0.7126874271490831,0.03892160791230505,0.12164919162645123,0.03828917605379344,0.12164919162645123,0.03828917605379344,0.5279832528459228,0.02678141702532785,0.11083743842364532,0.04440334083083731,0.9451290672682002,0.00968569591066142,0.0826068376068376,0.042263855386499086,0.9619624623234291,0.001932878463173506,0.0548709327317997,0.009685695910661436,0.911484593837535,0.01063872773940222,0.0943688008084293,0.044064175379302205,647.6,6.3482280992415365,37.6,6.6558245169174945,25.6,1.1401754250991383,3.2,1.3038404810405297,0.65,0.0,0.65,0.3304044995668189,False
W33,T16,0.98,0.4,0.5,0.1,0.7126874271490831,0.03892160791230505,0.12164919162645123,0.03828917605379344,0.12164919162645123,0.03828917605379344,0.5279832528459228,0.02678141702532785,0.11083743842364532,0.04440334083083731,0.9451290672682002,0.00968569591066142,0.0826068376068376,0.042263855386499086,0.9619624623234291,0.001932878463173506,0.0548709327317997,0.009685695910661436,0.911484593837535,0.01063872773940222,0.0943688008084293,0.044064175379302205,647.6,6.3482280992415365,37.6,6.6558245169174945,25.6,1.1401754250991383,3.2,1.3038404810405297,0.65,0.0,0.65,0.3304044995668189,False
W33,T17,0.99,0.4,0.5,0.1,0.7126874271490831,0.03892160791230505,0.12164919162645123,0.03828917605379344,0.12164919162645123,0.03828917605379344,0.5273404591781699,0.02290357126095928,0.06256157635467981,0.04506783452801057,0.99211934200166,0.0016628188333262218,0.24,0.154717484467658,0.9618015566898975,0.0019536481298828966,0.007880657998340108,0.001662818833326169,0.9546218487394957,0.0029042634948638923,0.09885179296944004,0.06989391145273674,679.8,1.0954451150103335,5.4,1.140175425099138,27.0,1.4142135623730951,1.8,1.3038404810405297,0.6506641999999999,0.0001307103668421069,0.6507082,0.33072661652978586,False
W33,T01,0.1,0.4,0.5,0.1,0.7126874271490831,0.03892160791230505,0.12164919162645123,0.03828917605379344,0.12164919162645123,0.03828917605379344,0.5237870347880261,0.023845454682591583,0.9448275862068964,0.057700691485108646,0.10274648336915579,0.013307935277124906,0.042351081588184104,0.0017865478710083346,0.9794949494949495,0.01976677606945506,0.8972535166308442,0.013307935277124894,0.13669467787114847,0.011186961091157355,0.08106640758177723,0.003472009850606091,70.4,9.099450532861859,614.8,9.28439551074812,1.6,1.6733200530681511,27.2,1.4832396974191324,0.019518,0.00019591452217740136,0.019498,0.563515133193422,False
W05,T06,0.6,0.5,0.25,0.25,0.7121908256617214,0.03468498695375877,0.13886034053926544,0.03664665598196034,0.13886034053926544,0.03664665598196034,0.6716985864497897,0.013601547485429914,0.7295566502463054,0.034763110865768124,0.613840522653274,0.010610749913871157,0.0735357398555409,0.0017812646671546612,0.9818204741442067,0.0023209140652569716,0.38615947734672595,0.010610749913871158,0.6184873949579832,0.009216069398522165,0.13358857342341524,0.003215784350838249,420.6,7.021395872616787,264.6,7.436396977031284,7.8,1.0954451150103321,21.0,0.7071067811865476,0.09398,0.0010440905133176964,0.09398000000000001,0.4544436969900672,False
W05,T05,0.5,0.5,0.25,0.25,0.7121908256617214,0.03468498695375877,0.13886034053926544,0.03664665598196034,0.13886034053926544,0.03664665598196034,0.669848067017969,0.020033950908610376,0.8268472906403941,0.05336648983107286,0.5128488433955438,0.014314739145009784,0.06652366833539682,0.002002751583763328,0.9860672339322726,0.00402260697151024,0.48715115660445624,0.014314739145009758,0.5254901960784314,0.011900641897057734,0.12312688097981069,0.003919046041589457,351.4,9.633275663033839,333.8,9.984988733093294,5.0,1.5811388300841898,23.8,1.3038404810405297,0.0639525,0.0008791153223553766,0.063875,0.4815307352173898,False
W05,T07,0.7,0.5,0.25,0.25,0.7121908256617214,0.03468498695375877,0.13886034053926544,0.03664665598196034,0.13886034053926544,0.03664665598196034,0.6688085172582572,0.02149753966418959,0.6251231527093596,0.026321280802743954,0.7124938818071546,0.019233524394186494,0.08411142975155192,0.008469882444294391,0.9783239825723052,0.0020669416029735093,0.28750611819284544,0.019233524394186473,0.7089635854341736,0.019290143290421488,0.1482150538078859,0.013699568448427889,488.2,13.141537200799608,197.0,13.190905958272921,10.8,0.8366600265340756,18.0,0.7071067811865472,0.15369499999999994,0.00304612458707783,0.15475,0.401079039385007,False
W05,T04,0.4,0.5,0.25,0.25,0.7121908256617214,0.03468498695375877,0.13886034053926544,0.03664665598196034,0.13886034053926544,0.03664665598196034,0.6507997055929271,0.02500603764683575,0.8891625615763546,0.044403340830837315,0.41243684960949967,0.011766389082908614,0.059817015043403865,0.0032560996757407287,0.9887747920568497,0.0047190028808384195,0.5875631503905003,0.011766389082908611,0.43165266106442574,0.012185678842664542,0.11208866603104424,0.0060174011311045226,282.6,7.987490219086348,402.6,8.173126696681015,3.2,1.3038404810405297,25.6,1.1401754250991383,0.04542,0.0003797202917938411,0.045265,0.49844834592864284,False
W05,T08,0.8,0.5,0.25,0.25,0.7121908256617214,0.03468498695375877,0.13886034053926544,0.03664665598196034,0.13886034053926544,0.03664665598196034,0.6235210704324159,0.05016355515386871,0.4379310344827586,0.09568577190008005,0.8091111063820732,0.01173891466201213,0.08813156816451184,0.020210510775431626,0.9716087054304609,0.004999749570075195,0.19088889361792685,0.011738914662012101,0.7941176470588236,0.013025963051637458,0.14665849038522388,0.033112853525442784,554.4,7.797435475847185,130.8,8.105553651663776,16.2,2.863564212655271,12.6,2.701851217221259,0.31862500000000005,0.0050923349261414366,0.3193150000000001,0.2726057639871174,False
W05,T03,0.3,0.5,0.25,0.25,0.7121908256617214,0.03468498695375877,0.13886034053926544,0.03664665598196034,0.13886034053926544,0.03664665598196034,0.6022726472200473,0.0246817059890579,0.8963054187192118,0.05413398641819215,0.30823987572088274,0.018235183889150658,0.05163274948120385,0.0025654093884375706,0.986159419025723,0.007205458894307809,0.6917601242791174,0.01823518388915067,0.33193277310924374,0.017067307572764614,0.09763393087803716,0.004821649382839574,211.2,12.377398757412642,474.0,12.786711852544425,3.0,1.5811388300841898,25.8,1.30384048104053,0.033892500000000006,0.0003460265524493741,0.0339025,0.5088356442312685,False
W05,T11,0.92,0.5,0.25,0.25,0.7121908256617214,0.03468498695375877,0.13886034053926544,0.03664665598196034,0.13886034053926544,0.03664665598196034,0.5702755479956176,0.03300931897156822,0.2152709359605911,0.051003661499683876,0.9252801600306443,0.015919369409047337,0.1138687431494337,0.04492417705833859,0.965553225503459,0.002733457234250991,0.07471983996935583,0.015919369409047337,0.8966386554621849,0.017078796842038058,0.1481121965814979,0.05008841737127275,634.0,10.770329614269007,51.2,10.917875251164945,22.6,1.5165750888103104,6.2,1.4832396974191326,0.502108,0.00013409884414121312,0.502175,0.20413614074680653,False
W05,T09,0.85,0.5,0.25,0.25,0.7121908256617214,0.03468498695375877,0.13886034053926544,0.03664665598196034,0.13886034053926544,0.03664665598196034,0.5652307191619231,0.045282737293879306,0.291871921182266,0.08387956258058041,0.8385895171415804,0.010909824066025945,0.07103205310573732,0.021480398958360604,0.9657032177180671,0.004332998760244721,0.1614104828584197,0.010909824066025921,0.8165266106442577,0.012643886614333182,0.1141984742458489,0.03407616223028851,574.6,7.334848328356886,110.6,7.503332592921628,20.4,2.5099800796022267,8.4,2.408318915758459,0.5,0.0,0.5,0.20412455348144673,False
W05,T10,0.9,0.5,0.25,0.25,0.7121908256617214,0.03468498695375877,0.13886034053926544,0.03664665598196034,0.13886034053926544,0.03664665598196034,0.5652307191619231,0.045282737293879306,0.291871921182266,0.08387956258058041,0.8385895171415804,0.010909824066025945,0.07103205310573732,0.021480398958360604,0.9657032177180671,0.004332998760244721,0.1614104828584197,0.010909824066025921,0.8165266106442577,0.012643886614333182,0.1141984742458489,0.03407616223028851,574.6,7.334848328356886,110.6,7.503332592921628,20.4,2.5099800796022267,8.4,2.408318915758459,0.5,0.0,0.5,0.20412455348144673,False
W05,T02,0.2,0.5,0.25,0.25,0.7121908256617214,0.03468498695375877,0.13886034053926544,0.03664665598196034,0.13886034053926544,0.03664665598196034,0.5613906441365515,0.011962050877496078,0.9169950738916256,0.03894041153435214,0.20578621438147732,0.016770181660955657,0.046262016721304554,0.0009437401917266195,0.9836949721776398,0.006571944934285029,0.7942137856185226,0.016770181660955646,0.23445378151260504,0.015006269171965124,0.08807640715164226,0.0018179070657719492,141.0,11.42365965879586,544.2,11.777096416349838,2.4,1.140175425099138,26.4,0.8944271909999156,0.023595,0.000284165444767656,0.023595000000000005,0.5182938909142186,False
W05,T12,0.94,0.5,0.25,0.25,0.7121908256617214,0.03468498695375877,0.13886034053926544,0.03664665598196034,0.13886034053926544,0.03664665598196034,0.5514915768903657,0.02655532324092897,0.15960591133004925,0.04576245975366933,0.943377242450682,0.010673869143068757,0.10984416924664601,0.043901219964168896,0.9639050052208574,0.002081874206378886,0.05662275754931796,0.01067386914306873,0.9117647058823529,0.011248164148605787,0.12954591590542272,0.04562602867378823,646.4,7.092249290598873,38.8,7.3280283842245035,24.2,1.30384048104053,4.6,1.3416407864998736,0.6012864999999995,0.03250699009444032,0.6226614999999968,0.23814423553017025,False
W05,T17,0.99,0.5,0.25,0.25,0.7121908256617214,0.03468498695375877,0.13886034053926544,0.03664665598196034,0.13886034053926544,0.03664665598196034,0.5491749520634546,0.02692758746878757,0.10418719211822661,0.05454705850364378,0.9941627120086824,0.0017857817870875628,0.4099206349206349,0.11383771871868228,0.9635130461038452,0.0022117090152357984,0.005837287991317486,0.001785781787087544,0.9582633053221288,0.0020773665229959766,0.1639303777461672,0.08010211103226697,681.2,1.0954451150103237,4.0,1.224744871391589,25.8,1.6431676725154984,3.0,1.5811388300841898,0.62721675,1.404790909711918e-05,0.627225,0.24052657640892827,False
W05,T13,0.95,0.5,0.25,0.25,0.7121908256617214,0.03468498695375877,0.13886034053926544,0.03664665598196034,0.13886034053926544,0.03664665598196034,0.5482121191218567,0.02968253333011302,0.15246305418719214,0.05146250979911912,0.9439611840565215,0.009906170573908074,0.10672932330827067,0.047283934301867406,0.9636378050282589,0.0021720661420965067,0.05603881594347854,0.009906170573908106,0.9120448179271708,0.01086675895869518,0.1251303314898383,0.05005374746947012,646.8,6.534523701081803,38.4,6.8044103344816,24.4,1.3416407864998738,4.4,1.5165750888103104,0.625,0.0,0.625,0.23935712509553586,False
W05,T14,0.96,0.5,0.25,0.25,0.7121908256617214,0.03468498695375877,0.13886034053926544,0.03664665598196034,0.13886034053926544,0.03664665598196034,0.5482121191218567,0.02968253333011302,0.15246305418719214,0.05146250979911912,0.9439611840565215,0.009906170573908074,0.10672932330827067,0.047283934301867406,0.9636378050282589,0.0021720661420965067,0.05603881594347854,0.009906170573908106,0.9120448179271708,0.01086675895869518,0.1251303314898383,0.05005374746947012,646.8,6.534523701081803,38.4,6.8044103344816,24.4,1.3416407864998738,4.4,1.5165750888103104,0.625,0.0,0.625,0.23935712509553586,False
W05,T15,0.97,0.5,0.25,0.25,0.7121908256617214,0.03468498695375877,0.13886034053926544,0.03664665598196034,0.13886034053926544,0.03664665598196034,0.5482121191218567,0.02968253333011302,0.15246305418719214,0.05146250979911912,0.9439611840565215,0.009906170573908074,0.10672932330827067,0.047283934301867406,0.9636378050282589,0.0021720661420965067,0.05603881594347854,0.009906170573908106,0.9120448179271708,0.01086675895869518,0.1251303314898383,0.05005374746947012,646.8,6.534523701081803,38.4,6.8044103344816,24.4,1.3416407864998738,4.4,1.5165750888103104,0.625,0.0,0.625,0.23935712509553586,False
W05,T16,0.98,0.5,0.25,0.25,0.7121908256617214,0.03468498695375877,0.13886034053926544,0.03664665598196034,0.13886034053926544,0.03664665598196034,0.5482121191218567,0.02968253333011302,0.15246305418719214,0.05146250979911912,0.9439611840565215,0.009906170573908074,0.10672932330827067,0.047283934301867406,0.9636378050282589,0.0021720661420965067,0.05603881594347854,0.009906170573908106,0.9120448179271708,0.01086675895869518,0.1251303314898383,0.05005374746947012,646.8,6.534523701081803,38.4,6.8044103344816,24.4,1.3416407864998738,4.4,1.5165750888103104,0.625,0.0,0.625,0.23935712509553586,False
W05,T01,0.1,0.5,0.25,0.25,0.7121908256617214,0.03468498695375877,0.13886034053926544,0.03664665598196034,0.13886034053926544,0.03664665598196034,0.5234939999515682,0.028313287105710207,0.9448275862068967,0.06264104180891365,0.1021604136962397,0.01083171492130414,0.04232597142173544,0.0021593687792238452,0.978995993662519,0.02278803260498704,0.8978395863037603,0.010831714921304114,0.13613445378151262,0.00904419288009128,0.0810210224289687,0.0041789045763032705,70.0,7.416198487095663,615.2,7.463243262818129,1.6,1.816590212458495,27.2,1.6431676725154982,0.0151425,0.00013851895177195112,0.015175,0.526043832735448,False
W31,T06,0.6,0.4,0.2,0.4,0.7120358557287932,0.03575366006020574,0.15453977715116266,0.04852839566838979,0.15453977715116266,0.04852839566838979,0.6750019409439372,0.015111685413260913,0.7364532019704433,0.036781242667655326,0.6135506799174311,0.015600541266009366,0.07417507745528502,0.0030695428342722786,0.9822725044360243,0.002407239748488917,0.386449320082569,0.015600541266009313,0.6184873949579832,0.014234818988539916,0.1347503773164951,0.005292836681815797,420.4,10.454664030948107,264.8,10.848963084092416,7.6,1.1401754250991378,21.2,0.8366600265340757,0.085328,0.0013585727805310928,0.08520400000000002,0.44578274411421537,False
W31,T05,0.5,0.4,0.2,0.4,0.7120358557287932,0.03575366006020574,0.15453977715116266,0.04852839566838979,0.15453977715116266,0.04852839566838979,0.670430306170147,0.02118694182592317,0.8268472906403941,0.05336648983107286,0.5140133216999,0.011752906992093845,0.06666444480810123,0.0019392898340559565,0.9860833411358442,0.004065184119708029,0.4859866783001,0.011752906992093849,0.5266106442577031,0.009342902005690677,0.123372052461635,0.003901009784446493,352.2,7.949842765740721,333.0,8.154753215150043,5.0,1.5811388300841898,23.8,1.3038404810405297,0.057533999999999995,0.0005329446500341281,0.057600000000000005,0.4715763918327549,False
W31,T07,0.7,0.4,0.2,0.4,0.7120358557287932,0.03575366006020574,0.15453977715116266,0.04852839566838979,0.15453977715116266,0.04852839566838979,0.6688087300649648,0.019902983150530112,0.6251231527093596,0.026321280802743954,0.71249430742057,0.01726897864200527,0.08403250372904528,0.00772116568944127,0.9783324503882996,0.001961209728384101,0.2875056925794301,0.017268978642005273,0.7089635854341736,0.01727862242385566,0.14810141047407602,0.012518151678424362,488.2,11.777096416349828,197.0,11.8532695911297,10.8,0.8366600265340756,18.0,0.7071067811865472,0.14130799999999993,0.002923503035743241,0.14111999999999977,0.39428592129823775,False
W31,T04,0.4,0.4,0.2,0.4,0.7120358557287932,0.03575366006020574,0.15453977715116266,0.04852839566838979,0.15453977715116266,0.04852839566838979,0.647498691972564,0.02286922032420791,0.8822660098522167,0.03856862882968155,0.41273137409291144,0.01884071381472359,0.059433818262934826,0.0031667247885152467,0.9880897287122107,0.004221397195483258,0.5872686259070885,0.018840713814723596,0.43165266106442574,0.018564688604626893,0.11135678296659073,0.005765699721015089,282.8,12.814054783713079,402.4,13.04990421420786,3.4,1.140175425099138,25.4,0.8944271909999156,0.041416,0.00033775730932135065,0.041384000000000004,0.4868214958175122,False
W31,T08,0.8,0.4,0.2,0.4,0.7120358557287932,0.03575366006020574,0.15453977715116266,0.04852839566838979,0.15453977715116266,0.04852839566838979,0.6128846976567047,0.054182117495900066,0.41724137931034483,0.1037352341826988,0.8085280160030643,0.013654030074238842,0.08411382865078532,0.021567372533786107,0.9705692531577945,0.0054371770473204805,0.19147198399693557,0.013654030074238823,0.792717086834734,0.01475581758102627,0.13990613160940568,0.03537451935673575,554.0,9.1104335791443,131.2,9.418067742376886,16.8,3.1144823004794873,12.0,2.9154759474226504,0.298516,0.004918910448463149,0.29896400000000006,0.2590019432938679,False
W31,T03,0.3,0.4,0.2,0.4,0.7120358557287932,0.03575366006020574,0.15453977715116266,0.04852839566838979,0.15453977715116266,0.04852839566838979,0.598409247845699,0.021322229175950082,0.8891625615763546,0.044403340830837315,0.30765593411504333,0.01739444809030906,0.05122030799628705,0.0025086833242381106,0.9851295549094224,0.005834399087738242,0.6923440658849567,0.017394448090309052,0.3310924369747899,0.016618932183967896,0.09685479179902183,0.00466993253733509,210.8,11.798304963002103,474.4,12.218837915284748,3.2,1.3038404810405297,25.6,1.1401754250991383,0.031172,0.00037076947015632496,0.031181999999999998,0.4964442067926667,False
W31,T11,0.92,0.4,0.2,0.4,0.7120358557287932,0.03575366006020574,0.15453977715116266,0.04852839566838979,0.15453977715116266,0.04852839566838979,0.5816192278932355,0.03280273273517442,0.23620689655172417,0.05705307623370447,0.9270315592347471,0.011652393840844289,0.12302896978463515,0.04054929918861003,0.9665125170162835,0.0028081686847217947,0.07296844076525291,0.011652393840844266,0.8991596638655462,0.012721219975199566,0.1612316761022184,0.047438959635442396,635.2,7.791020472312985,50.0,8.0,22.0,1.732050807568877,6.8,1.6431676725154984,0.40859119999999993,0.00303217994188998,0.40828800000000004,0.18729021404761112,False
W31,T09,0.85,0.4,0.2,0.4,0.7120358557287932,0.03575366006020574,0.15453977715116266,0.04852839566838979,0.15453977715116266,0.04852839566838979,0.5746231303279645,0.04006183966726389,0.3197044334975369,0.0760840588000823,0.829541827158392,0.009579112845527827,0.07321720002805966,0.0178741848558057,0.9666656634077183,0.003920046434352331,0.17045817284160797,0.009579112845527782,0.8089635854341737,0.010601787600994686,0.11909307105693705,0.028784331006821182,568.4,6.348228099241542,116.8,6.6105975524153635,19.6,2.302172886644268,9.2,2.16794833886788,0.4,0.0,0.4,0.19148507339737997,False
W31,T10,0.9,0.4,0.2,0.4,0.7120358557287932,0.03575366006020574,0.15453977715116266,0.04852839566838979,0.15453977715116266,0.04852839566838979,0.5746231303279645,0.04006183966726389,0.3197044334975369,0.0760840588000823,0.829541827158392,0.009579112845527827,0.07321720002805966,0.0178741848558057,0.9666656634077183,0.003920046434352331,0.17045817284160797,0.009579112845527782,0.8089635854341737,0.010601787600994686,0.11909307105693705,0.028784331006821182,568.4,6.348228099241542,116.8,6.6105975524153635,19.6,2.302172886644268,9.2,2.16794833886788,0.4,0.0,0.4,0.19148507339737997,False
W31,T12,0.94,0.4,0.2,0.4,0.7120358557287932,0.03575366006020574,0.15453977715116266,0.04852839566838979,0.15453977715116266,0.04852839566838979,0.5633872957330788,0.03722269194631601,0.18719211822660098,0.06636548564190876,0.9395824732395563,0.00929848802057721,0.11886446886446886,0.05255014043291661,0.9649165238760877,0.0028843062485987363,0.0604175267604435,0.009298488020577205,0.9092436974789916,0.011045795043770519,0.14509748155770408,0.05929045259791682,643.8,6.140032573203502,41.4,6.3874877690685254,23.4,1.8165902124584947,5.4,1.949358868961793,0.5,0.0,0.5,0.16329890793878568,False
W31,T13,0.95,0.4,0.2,0.4,0.7120358557287932,0.03575366006020574,0.15453977715116266,0.04852839566838979,0.15453977715116266,0.04852839566838979,0.5633872957330788,0.03722269194631601,0.18719211822660098,0.06636548564190876,0.9395824732395563,0.00929848802057721,0.11886446886446886,0.05255014043291661,0.9649165238760877,0.0028843062485987363,0.0604175267604435,0.009298488020577205,0.9092436974789916,0.011045795043770519,0.14509748155770408,0.05929045259791682,643.8,6.140032573203502,41.4,6.3874877690685254,23.4,1.8165902124584947,5.4,1.949358868961793,0.5,0.0,0.5,0.16329890793878568,False
W31,T14,0.96,0.4,0.2,0.4,0.7120358557287932,0.03575366006020574,0.15453977715116266,0.04852839566838979,0.15453977715116266,0.04852839566838979,0.5633872957330788,0.03722269194631601,0.18719211822660098,0.06636548564190876,0.9395824732395563,0.00929848802057721,0.11886446886446886,0.05255014043291661,0.9649165238760877,0.0028843062485987363,0.0604175267604435,0.009298488020577205,0.9092436974789916,0.011045795043770519,0.14509748155770408,0.05929045259791682,643.8,6.140032573203502,41.4,6.3874877690685254,23.4,1.8165902124584947,5.4,1.949358868961793,0.5,0.0,0.5,0.16329890793878568,False
W31,T15,0.97,0.4,0.2,0.4,0.7120358557287932,0.03575366006020574,0.15453977715116266,0.04852839566838979,0.15453977715116266,0.04852839566838979,0.5633872957330788,0.03722269194631601,0.18719211822660098,0.06636548564190876,0.9395824732395563,0.00929848802057721,0.11886446886446886,0.05255014043291661,0.9649165238760877,0.0028843062485987363,0.0604175267604435,0.009298488020577205,0.9092436974789916,0.011045795043770519,0.14509748155770408,0.05929045259791682,643.8,6.140032573203502,41.4,6.3874877690685254,23.4,1.8165902124584947,5.4,1.949358868961793,0.5,0.0,0.5,0.16329890793878568,False
W31,T16,0.98,0.4,0.2,0.4,0.7120358557287932,0.03575366006020574,0.15453977715116266,0.04852839566838979,0.15453977715116266,0.04852839566838979,0.5633872957330788,0.03722269194631601,0.18719211822660098,0.06636548564190876,0.9395824732395563,0.00929848802057721,0.11886446886446886,0.05255014043291661,0.9649165238760877,0.0028843062485987363,0.0604175267604435,0.009298488020577205,0.9092436974789916,0.011045795043770519,0.14509748155770408,0.05929045259791682,643.8,6.140032573203502,41.4,6.3874877690685254,23.4,1.8165902124584947,5.4,1.949358868961793,0.5,0.0,0.5,0.16329890793878568,False
W31,T02,0.2,0.4,0.2,0.4,0.7120358557287932,0.03575366006020574,0.15453977715116266,0.04852839566838979,0.15453977715116266,0.04852839566838979,0.5605153701479153,0.011254995675866108,0.9169950738916256,0.03894041153435214,0.20403566640420506,0.01801539850992946,0.04616578037542006,0.0009192728683789183,0.983590997337928,0.00651172410490312,0.7959643335957949,0.01801539850992948,0.23277310924369746,0.016194498061134186,0.0879016074907896,0.001763074997732005,139.8,12.275992831539122,545.4,12.641202474448383,2.4,1.140175425099138,26.4,0.8944271909999156,0.021432,0.00024923884127479016,0.021416000000000004,0.5056769506216395,False
W31,T17,0.99,0.4,0.2,0.4,0.7120358557287932,0.03575366006020574,0.15453977715116266,0.04852839566838979,0.15453977715116266,0.04852839566838979,0.5596651266309983,0.03026885617886677,0.12487684729064039,0.062357119070088174,0.9944534059713563,0.0036357767858379293,0.49523809523809526,0.15707069049972042,0.9643436551812495,0.002395090473888699,0.005546594028643782,0.0036357767858378924,0.9593837535014005,0.0032846048738259196,0.19411970002941276,0.08152920551704304,681.4,2.7018512172212534,3.8,2.489979919597747,25.2,1.7888543819998315,3.6,1.816590212458495,0.5481601999999989,0.022619808535882392,0.5489677999999993,0.17048278144974036,False
W31,T01,0.1,0.4,0.2,0.4,0.7120358557287932,0.03575366006020574,0.15453977715116266,0.04852839566838979,0.15453977715116266,0.04852839566838979,0.5239315305425324,0.028828377255636792,0.9448275862068967,0.06264104180891365,0.10303547487816815,0.01283355685443159,0.04236786581553187,0.002199584724850034,0.9789310120744592,0.02263557603171014,0.8969645251218319,0.012833556854431584,0.1369747899159664,0.011265589665092555,0.08109774141127672,0.004251788051880639,70.6,8.792041856133308,614.6,8.792041856133313,1.6,1.816590212458495,27.2,1.6431676725154982,0.01356,0.00017073371078963885,0.01352,0.5131562371578465,False
W02,T06,0.6,0.4,0.3,0.3,0.7116987106743949,0.03749036831281426,0.1428632653718787,0.04224790824199477,0.1428632653718787,0.04224790824199477,0.6757310167244058,0.019659462510434506,0.7364532019704433,0.04412924351519434,0.6150088314783682,0.01211376144435886,0.07440338746771777,0.0036063716494715695,0.9823126548527666,0.0029158887022849296,0.3849911685216318,0.012113761444358847,0.6198879551820728,0.01092077797737696,0.13513368285861044,0.006461052511404117,421.4,8.04984471899924,263.8,8.467585252006625,7.6,1.3416407864998738,21.2,1.0954451150103324,0.091278,0.0010396730255229235,0.091302,0.4167742656858746,False
W02,T05,0.5,0.4,0.3,0.3,0.7116987106743949,0.03749036831281426,0.1428632653718787,0.04224790824199477,0.1428632653718787,0.04224790824199477,0.6741485713698661,0.025612099166672078,0.8339901477832512,0.06543570614519033,0.514306994956481,0.01598804289111216,0.06721048554116989,0.0022192671434628957,0.9866900241572709,0.004981220939013362,0.485693005043519,0.015988042891112157,0.527170868347339,0.013086060086048266,0.12438110060906746,0.004506888904081689,352.4,10.830512453249847,332.8,11.077003204838393,4.8,1.9235384061671346,24.0,1.5811388300841898,0.061190999999999995,0.0009805062467929514,0.06114499999999999,0.4463859813647826,False
W02,T07,0.7,0.4,0.3,0.3,0.7116987106743949,0.03749036831281426,0.1428632653718787,0.04224790824199477,0.1428632653718787,0.04224790824199477,0.6619123911475345,0.033058998868509416,0.6113300492610838,0.05464428793822613,0.7124947330339853,0.018768136084623126,0.08240461479542448,0.010635376056440268,0.9775401638138158,0.0035194971892602307,0.28750526696601475,0.01876813608462315,0.7084033613445377,0.01921372620688241,0.14517570333644952,0.01777307728081147,488.2,12.79453008124956,197.0,12.884098726725123,11.2,1.6431676725154982,17.6,1.51657508881031,0.1478299999999999,0.00260562612437008,0.14787599999999998,0.3614665194869367,False
W02,T04,0.4,0.4,0.3,0.3,0.7116987106743949,0.03749036831281426,0.1428632653718787,0.04224790824199477,0.1428632653718787,0.04224790824199477,0.646623417983928,0.023324594042098003,0.8822660098522167,0.045629699219347446,0.4109808261156392,0.016707969212413434,0.05924156887171087,0.0030770625799263723,0.9880918741143502,0.004709970798617206,0.5890191738843609,0.01670796921241341,0.4299719887955182,0.016121658870057898,0.11101970044803375,0.005663488080492413,281.6,11.326958991715296,403.6,11.631852818876277,3.4,1.3416407864998738,25.4,1.1401754250991378,0.044928,0.0003713084970748685,0.044904000000000006,0.46236252286490526,False
W02,T08,0.8,0.4,0.3,0.3,0.7116987106743949,0.03749036831281426,0.1428632653718787,0.04224790824199477,0.1428632653718787,0.04224790824199477,0.6202187799718069,0.053280491230906966,0.43103448275862066,0.10200137557068302,0.8094030771849928,0.012662888893112914,0.08698468749078299,0.021471656845523615,0.971279703455455,0.005306909953152056,0.19059692281500712,0.012662888893112892,0.7941176470588236,0.013900163334229144,0.14467189409346498,0.03519809214556098,554.6,8.443932733033806,130.6,8.734987120768983,16.4,3.0495901363953815,12.4,2.8809720581775866,0.301852,0.004041839927557719,0.30248,0.2137308675273649,False
W02,T03,0.3,0.4,0.3,0.3,0.7116987106743949,0.03749036831281426,0.1428632653718787,0.04224790824199477,0.1428632653718787,0.04224790824199477,0.6019804636104199,0.02557412181278934,0.8963054187192118,0.05413398641819215,0.307655508501628,0.01766040682030656,0.05159447608393246,0.0026599724504095886,0.9860995042609909,0.007316176409776682,0.6923444914983721,0.01766040682030659,0.3313725490196079,0.016707221802181114,0.0975658936383951,0.0049967546211105406,210.8,11.987493482792807,474.4,12.381437719425,3.0,1.5811388300841898,25.8,1.30384048104053,0.033582,0.00026543831675174306,0.033567,0.47352558201537537,False
W02,T11,0.92,0.4,0.3,0.3,0.7116987106743949,0.03749036831281426,0.1428632653718787,0.04224790824199477,0.1428632653718787,0.04224790824199477,0.5816194406999433,0.032839314252347644,0.23620689655172417,0.05705307623370447,0.9270319848481623,0.012315081111181141,0.12335331713707942,0.041603541461528656,0.9665125460734123,0.0028042452916116423,0.07296801515183758,0.012315081111181118,0.8991596638655462,0.01324992151850457,0.16139454338824916,0.0479985027837451,635.2,8.228000972289673,50.0,8.455767262643882,22.0,1.732050807568877,6.8,1.6431676725154984,0.4109279999999999,0.003075567589893038,0.4111264,0.12068657800666985,False
W02,T10,0.9,0.4,0.3,0.3,0.7116987106743949,0.03749036831281426,0.1428632653718787,0.04224790824199477,0.1428632653718787,0.04224790824199477,0.5727456688331368,0.04977376456042278,0.29901477832512313,0.08142247689219462,0.8464765593411505,0.044445367670298525,0.08331189150861282,0.040603651581677135,0.9662722101634007,0.004617729091189472,0.15352344065884957,0.04444536767029852,0.8243697478991596,0.043265751359296986,0.12764387996628054,0.05070642850350491,580.0,30.315012782448246,105.2,30.474579570520742,20.2,2.489979919597747,8.6,2.3021728866442674,0.400027,6.037383539248876e-05,0.4,0.1290997030747941,False
W02,T09,0.85,0.4,0.3,0.3,0.7116987106743949,0.03749036831281426,0.1428632653718787,0.04224790824199477,0.1428632653718787,0.04224790824199477,0.5702991548638441,0.047279597022883174,0.312807881773399,0.08928359093789093,0.8277904279542891,0.009778721312771289,0.07112652943297064,0.020843102188270096,0.9662649053899921,0.004611624253243384,0.17220957204571088,0.00977872131277127,0.8070028011204482,0.011523810885559756,0.11584900817140875,0.033662427072898,567.2,6.4961527075646694,118.0,6.745368781616021,19.8,2.6832815729997477,9.0,2.5495097567963922,0.4,0.0,0.4,0.1290997030747941,False
W02,T02,0.2,0.4,0.3,0.3,0.7116987106743949,0.03749036831281426,0.1428632653718787,0.04224790824199477,0.1428632653718787,0.04224790824199477,0.5616832533595941,0.011344094111084144,0.9169950738916256,0.03894041153435214,0.2063714328275627,0.018059249664452215,0.0462964849440612,0.0009885761021976114,0.9837746216707763,0.006492433556615062,0.7936285671724372,0.01805924966445216,0.2350140056022409,0.01628508891176318,0.08813835120002823,0.0018837060844317714,141.4,12.300406497347963,543.8,12.696456198483101,2.4,1.140175425099138,26.4,0.8944271909999156,0.023728,0.00027815463325280254,0.023698,0.48324975792854774,False
W02,T17,0.99,0.4,0.3,0.3,0.7116987106743949,0.03749036831281426,0.1428632653718787,0.04224790824199477,0.1428632653718787,0.04224790824199477,0.5559246671593019,0.02800044422343893,0.11798029556650244,0.05750321654590962,0.9938690387521014,0.0034860668257813312,0.4723076923076923,0.1821022861019331,0.9640484530116982,0.002263829755427787,0.006130961247898534,0.003486066825781349,0.9585434173669467,0.003515378262748204,0.1830371337724279,0.07340569972164136,681.0,2.738612787525824,4.2,2.3874672772626644,25.4,1.6733200530681516,3.4,1.6733200530681511,0.5530495,0.0007760409138695553,0.5527000000000001,0.09718036496124109,False
W02,T13,0.95,0.4,0.3,0.3,0.7116987106743949,0.03749036831281426,0.1428632653718787,0.04224790824199477,0.1428632653718787,0.04224790824199477,0.5545247292401554,0.03199663201958962,0.16625615763546797,0.05566447970438188,0.9427933008448427,0.009569887121112237,0.11301780583863841,0.04856355258393524,0.9641679825627276,0.0023149260840176003,0.05720669915515737,0.009569887121112267,0.911484593837535,0.010866758958695148,0.1341936869313713,0.05258611176760697,646.0,6.324555320336759,39.2,6.572670690061994,24.0,1.4142135623730947,4.8,1.6431676725154984,0.55,0.0,0.55,0.09574305893379431,False
W02,T14,0.96,0.4,0.3,0.3,0.7116987106743949,0.03749036831281426,0.1428632653718787,0.04224790824199477,0.1428632653718787,0.04224790824199477,0.5545247292401554,0.03199663201958962,0.16625615763546797,0.05566447970438188,0.9427933008448427,0.009569887121112237,0.11301780583863841,0.04856355258393524,0.9641679825627276,0.0023149260840176003,0.05720669915515737,0.009569887121112267,0.911484593837535,0.010866758958695148,0.1341936869313713,0.05258611176760697,646.0,6.324555320336759,39.2,6.572670690061994,24.0,1.4142135623730947,4.8,1.6431676725154984,0.55,0.0,0.55,0.09574305893379431,False
W02,T15,0.97,0.4,0.3,0.3,0.7116987106743949,0.03749036831281426,0.1428632653718787,0.04224790824199477,0.1428632653718787,0.04224790824199477,0.5545247292401554,0.03199663201958962,0.16625615763546797,0.05566447970438188,0.9427933008448427,0.009569887121112237,0.11301780583863841,0.04856355258393524,0.9641679825627276,0.0023149260840176003,0.05720669915515737,0.009569887121112267,0.911484593837535,0.010866758958695148,0.1341936869313713,0.05258611176760697,646.0,6.324555320336759,39.2,6.572670690061994,24.0,1.4142135623730947,4.8,1.6431676725154984,0.55,0.0,0.55,0.09574305893379431,False
W02,T16,0.98,0.4,0.3,0.3,0.7116987106743949,0.03749036831281426,0.1428632653718787,0.04224790824199477,0.1428632653718787,0.04224790824199477,0.5545247292401554,0.03199663201958962,0.16625615763546797,0.05566447970438188,0.9427933008448427,0.009569887121112237,0.11301780583863841,0.04856355258393524,0.9641679825627276,0.0023149260840176003,0.05720669915515737,0.009569887121112267,0.911484593837535,0.010866758958695148,0.1341936869313713,0.05258611176760697,646.0,6.324555320336759,39.2,6.572670690061994,24.0,1.4142135623730947,4.8,1.6431676725154984,0.55,0.0,0.55,0.09574305893379431,False
W02,T12,0.94,0.4,0.3,0.3,0.7116987106743949,0.03749036831281426,0.1428632653718787,0.04224790824199477,0.1428632653718787,0.04224790824199477,0.5543787438386955,0.03210724073674804,0.16625615763546797,0.05566447970438188,0.9425013300419229,0.00996339578951037,0.11270408034844233,0.048834486546839535,0.964156624914942,0.002326191065721494,0.05749866995807708,0.009963395789510342,0.9112044817927171,0.011230711594806425,0.1339405223744093,0.052786930509792725,645.8,6.6105975524153795,39.4,6.841052550594827,24.0,1.4142135623730947,4.8,1.6431676725154984,0.5481305999999992,0.0034341205278805615,0.55,0.09574305893379431,False
W02,T01,0.1,0.4,0.3,0.3,0.7116987106743949,0.03749036831281426,0.1428632653718787,0.04224790824199477,0.1428632653718787,0.04224790824199477,0.5233484401635236,0.02874456393878666,0.9448275862068967,0.06264104180891365,0.10186929412015067,0.012459205528978924,0.04231612131375624,0.00222683459712766,0.9787412587412587,0.022963271739675283,0.8981307058798492,0.012459205528978936,0.1358543417366947,0.010983464384704583,0.08100273766255366,0.004298422572367087,69.8,8.526429498916883,615.4,8.619744775803973,1.6,1.816590212458495,27.2,1.6431676725154982,0.015607,0.00012696456198483164,0.015590000000000001,0.4912430981031693,False
W08,T06,0.6,0.5,0.3,0.2,0.7115130918581726,0.03450756683832688,0.12831986732516523,0.024694795562051404,0.12831986732516523,0.024694795562051404,0.6754386203080707,0.01720174308485803,0.7364532019704433,0.036781242667655326,0.6144240386456981,0.010959470652356838,0.07431301595428177,0.0032514982697678463,0.9822836553158126,0.002532420035362255,0.3855759613543019,0.010959470652356845,0.619327731092437,0.010167334124863578,0.13498745336554274,0.005743773255477445,421.0,7.280109889280518,264.2,7.661592523751176,7.6,1.140175425099138,21.2,0.8366600265340756,0.09623,0.0008685908127536208,0.09629000000000001,0.4578741065336628,False
W08,T05,0.5,0.5,0.3,0.2,0.7115130918581726,0.03450756683832688,0.12831986732516523,0.024694795562051404,0.12831986732516523,0.024694795562051404,0.670431583010393,0.019743250896299094,0.8268472906403941,0.05336648983107286,0.5140158753803921,0.01620848588758463,0.06667695753306746,0.0019088652882870611,0.9861012019189976,0.003983239743758324,0.485984124619608,0.016208485887584625,0.5266106442577031,0.013793918489910535,0.12338808963234109,0.0037447120701983865,352.2,10.963576058932599,333.0,11.247221879201991,5.0,1.5811388300841898,23.8,1.3038404810405297,0.066114,0.0008806205198608561,0.066185,0.48462602856119896,False
W08,T07,0.7,0.5,0.3,0.2,0.7115130918581726,0.03450756683832688,0.12831986732516523,0.024694795562051404,0.12831986732516523,0.024694795562051404,0.6685165464553374,0.020961402157298217,0.6251231527093596,0.026321280802743954,0.7119099402013152,0.017964984558772084,0.08390949006774695,0.008044017303147492,0.9783091896181894,0.002044882776585619,0.28809005979868485,0.01796498455877204,0.7084033613445377,0.018082962769276695,0.1479093910022231,0.013061517765023458,487.8,12.275992831539126,197.4,12.320714265009153,10.8,0.8366600265340756,18.0,0.7071067811865472,0.1568269999999999,0.0031395334048231072,0.156546,0.4057432481878165,False
W08,T04,0.4,0.5,0.3,0.2,0.7115130918581726,0.03450756683832688,0.12831986732516523,0.024694795562051404,0.12831986732516523,0.024694795562051404,0.6510921020092623,0.02424859869644333,0.8891625615763546,0.044403340830837315,0.41302164244216977,0.013270678331448068,0.05987261796356733,0.003183243449882834,0.9888064752138938,0.0046678201890114415,0.5869783575578302,0.013270678331448058,0.4322128851540616,0.013309007303310454,0.11218518926756686,0.005875444299828924,283.0,8.999999999999998,402.2,9.230384607371466,3.2,1.3038404810405297,25.6,1.1401754250991383,0.047204,0.00026197328108034366,0.04714,0.501746064193831,False
W08,T08,0.8,0.5,0.3,0.2,0.7115130918581726,0.03450756683832688,0.12831986732516523,0.024694795562051404,0.12831986732516523,0.024694795562051404,0.6238130412353357,0.04989247989393619,0.4379310344827586,0.09568577190008005,0.8096950479879126,0.011834644081824263,0.08835321696121134,0.02023741167527443,0.9716312655644392,0.0049690149238148336,0.1903049520120874,0.011834644081824225,0.7946778711484594,0.012935293993298408,0.1469608245556465,0.03312474670447874,554.8,7.854934754662196,130.4,8.173126696681024,16.2,2.863564212655271,12.6,2.701851217221259,0.321318,0.0064304992030168396,0.3219080000000004,0.27997088026793043,False
W08,T03,0.3,0.5,0.3,0.2,0.7115130918581726,0.03450756683832688,0.12831986732516523,0.024694795562051404,0.12831986732516523,0.024694795562051404,0.6016889184209155,0.025533522645147598,0.8963054187192118,0.05413398641819215,0.30707241812261926,0.019429796749382326,0.05155727590574466,0.0026891247863930806,0.9860802089289757,0.007341032025202408,0.6929275818773808,0.01942979674938235,0.330812324929972,0.018378851207086017,0.09749867844588374,0.005040976295385214,210.4,13.202272531651513,474.8,13.590437814875578,3.0,1.5811388300841898,25.8,1.30384048104053,0.034873,0.0003536523716872269,0.034974,0.5127534631867443,False
W08,T11,0.92,0.5,0.3,0.2,0.7115130918581726,0.03450756683832688,0.12831986732516523,0.024694795562051404,0.12831986732516523,0.024694795562051404,0.5704213205903699,0.033096456872197,0.2152709359605911,0.051003661499683876,0.9255717052201486,0.015875005237287475,0.11436788048552755,0.04564915178533612,0.9655630572805636,0.0027433304178368836,0.07442829477985147,0.01587500523728749,0.8969187675070028,0.017084538579245835,0.14852104508720937,0.0505788903214586,634.2,10.756393447619901,51.0,10.88577052853862,22.6,1.5165750888103104,6.2,1.4832396974191326,0.5016816000000001,0.00011711874316268799,0.50174,0.216032314559651,False
W08,T09,0.85,0.5,0.3,0.2,0.7115130918581726,0.03450756683832688,0.12831986732516523,0.024694795562051404,0.12831986732516523,0.024694795562051404,0.5655224771581352,0.04528614428892847,0.291871921182266,0.08387956258058041,0.8391730331340044,0.010507226446556786,0.07125004737835756,0.02144210593255424,0.965726072286944,0.0043346767741951515,0.16082696686599562,0.010507226446556793,0.8170868347338935,0.012353544577703046,0.11448805742845455,0.03405495015967418,575.0,7.0710678118654755,110.2,7.224956747275376,20.4,2.5099800796022267,8.4,2.408318915758459,0.5,0.0,0.5,0.21602530716098983,False
W08,T10,0.9,0.5,0.3,0.2,0.7115130918581726,0.03450756683832688,0.12831986732516523,0.024694795562051404,0.12831986732516523,0.024694795562051404,0.5655224771581352,0.04528614428892847,0.291871921182266,0.08387956258058041,0.8391730331340044,0.010507226446556786,0.07125004737835756,0.02144210593255424,0.965726072286944,0.0043346767741951515,0.16082696686599562,0.010507226446556793,0.8170868347338935,0.012353544577703046,0.11448805742845455,0.03405495015967418,575.0,7.0710678118654755,110.2,7.224956747275376,20.4,2.5099800796022267,8.4,2.408318915758459,0.5,0.0,0.5,0.21602530716098983,False
W08,T02,0.2,0.5,0.3,0.2,0.7115130918581726,0.03450756683832688,0.12831986732516523,0.024694795562051404,0.12831986732516523,0.024694795562051404,0.5609531135455873,0.012127663148187556,0.9169950738916256,0.03894041153435214,0.20491115319954883,0.016604281133614174,0.04621438114509892,0.001011942718911965,0.9836283912039541,0.006645817688760484,0.7950888468004511,0.01660428113361415,0.23361344537815126,0.014901328939238529,0.08798998745102264,0.001937831378577071,140.4,11.30486620885006,544.8,11.69187752245121,2.4,1.140175425099138,26.4,0.8944271909999156,0.024756,0.0003860440389385629,0.024780000000000003,0.5220162657753109,False
W08,T12,0.94,0.5,0.3,0.2,0.7115130918581726,0.03450756683832688,0.12831986732516523,0.024694795562051404,0.12831986732516523,0.024694795562051404,0.5448641632770472,0.015446451246874111,0.14605911330049262,0.03041148873999518,0.9436692132536016,0.011026759147279746,0.1001782875312287,0.02516173079620343,0.9633513548120834,0.0015915400540915964,0.05633078674639824,0.011026759147279715,0.911484593837535,0.010263345075944647,0.11801079034705893,0.025167527914876486,646.6,7.334848328356912,38.6,7.5696763471102235,24.6,1.1401754250991376,4.2,0.8366600265340756,0.6104077999999994,0.047626913375737726,0.6090643999999952,0.2419958195534769,False
W08,T13,0.95,0.5,0.3,0.2,0.7115130918581726,0.03450756683832688,0.12831986732516523,0.024694795562051404,0.12831986732516523,0.024694795562051404,0.5383052477400294,0.01708708377107818,0.13177339901477833,0.02800201231749279,0.9448370964652806,0.010000369983188052,0.09418034989463561,0.02992941723846194,0.9628161181485982,0.0011415245323668454,0.05516290353471942,0.010000369983188033,0.9120448179271708,0.009873701250428295,0.10931372549019609,0.029521627650087662,647.4,6.580273550544855,37.8,6.870225614927066,25.0,0.7071067811865477,3.8,0.8366600265340756,0.65,0.0,0.65,0.26299607094783756,False
W08,T14,0.96,0.5,0.3,0.2,0.7115130918581726,0.03450756683832688,0.12831986732516523,0.024694795562051404,0.12831986732516523,0.024694795562051404,0.5383052477400294,0.01708708377107818,0.13177339901477833,0.02800201231749279,0.9448370964652806,0.010000369983188052,0.09418034989463561,0.02992941723846194,0.9628161181485982,0.0011415245323668454,0.05516290353471942,0.010000369983188033,0.9120448179271708,0.009873701250428295,0.10931372549019609,0.029521627650087662,647.4,6.580273550544855,37.8,6.870225614927066,25.0,0.7071067811865477,3.8,0.8366600265340756,0.65,0.0,0.65,0.26299607094783756,False
W08,T15,0.97,0.5,0.3,0.2,0.7115130918581726,0.03450756683832688,0.12831986732516523,0.024694795562051404,0.12831986732516523,0.024694795562051404,0.5383052477400294,0.01708708377107818,0.13177339901477833,0.02800201231749279,0.9448370964652806,0.010000369983188052,0.09418034989463561,0.02992941723846194,0.9628161181485982,0.0011415245323668454,0.05516290353471942,0.010000369983188033,0.9120448179271708,0.009873701250428295,0.10931372549019609,0.029521627650087662,647.4,6.580273550544855,37.8,6.870225614927066,25.0,0.7071067811865477,3.8,0.8366600265340756,0.65,0.0,0.65,0.26299607094783756,False
W08,T16,0.98,0.5,0.3,0.2,0.7115130918581726,0.03450756683832688,0.12831986732516523,0.024694795562051404,0.12831986732516523,0.024694795562051404,0.5383052477400294,0.01708708377107818,0.13177339901477833,0.02800201231749279,0.9448370964652806,0.010000369983188052,0.09418034989463561,0.02992941723846194,0.9628161181485982,0.0011415245323668454,0.05516290353471942,0.010000369983188033,0.9120448179271708,0.009873701250428295,0.10931372549019609,0.029521627650087662,647.4,6.580273550544855,37.8,6.870225614927066,25.0,0.7071067811865477,3.8,0.8366600265340756,0.65,0.0,0.65,0.26299607094783756,False
W08,T17,0.99,0.5,0.3,0.2,0.7115130918581726,0.03450756683832688,0.12831986732516523,0.024694795562051404,0.12831986732516523,0.024694795562051404,0.5382461828714082,0.015288872266116547,0.08349753694581281,0.03149917945272938,0.9929948287970036,0.0019030146280078928,0.3273809523809524,0.07829134784503515,0.9626508901281392,0.0015382713494592351,0.007005171202996319,0.001903014628007865,0.9563025210084033,0.0018261071163032565,0.13198844777792146,0.046749356585860095,680.4,1.341640786499878,4.8,1.3038404810405297,26.4,1.1401754250991383,2.4,0.8944271909999159,0.6517356000000001,1.537205256295927e-05,0.65174,0.26399235014295397,False
W08,T01,0.1,0.5,0.3,0.2,0.7115130918581726,0.03450756683832688,0.12831986732516523,0.024694795562051404,0.12831986732516523,0.024694795562051404,0.520192347911082,0.02711844775033037,0.9379310344827585,0.061684633862063167,0.10245366133940541,0.011298920389709774,0.04204027425442861,0.002021643364639855,0.976540560888387,0.022311900465498528,0.8975463386605945,0.011298920389709805,0.13613445378151262,0.009363873753751696,0.08047191974662746,0.003920920122403017,70.2,7.726577508832743,615.0,7.87400787401181,1.8,1.7888543819998317,27.0,1.5811388300841898,0.0162,0.0001241470901793518,0.01619,0.5298481380867541,False
W34,T05,0.5,0.5,0.1,0.4,0.7114063858051426,0.0340684130514794,0.16136444399412883,0.05228559394256787,0.16136444399412883,0.05228559394256787,0.6741694888015973,0.026079909295490068,0.833743842364532,0.0556644797043819,0.5145951352386626,0.005703096606245432,0.06727667566463982,0.003273306293982135,0.986608697979738,0.004425723842559538,0.48540486476133726,0.005703096606245413,0.5274509803921569,0.004384447014705454,0.1245023973193989,0.006200165153943917,352.6,3.847076812334266,332.6,3.9749213828703587,4.8,1.6431676725154984,24.0,1.4142135623730951,0.05720000000000001,0.00022048242560349714,0.05716500000000001,0.5317606327653449,False
W34,T07,0.7,0.5,0.1,0.4,0.7114063858051426,0.0340684130514794,0.16136444399412883,0.05228559394256787,0.16136444399412883,0.05228559394256787,0.669538657072264,0.017955058255425402,0.6251231527093596,0.026321280802743954,0.7139541614351684,0.013986031015580673,0.0843216266762011,0.006650191907118399,0.9783850825623567,0.0018475710963586764,0.28604583856483157,0.01398603101558066,0.7103641456582633,0.014019600847330217,0.14856428646277292,0.010857784494423988,489.2,9.497368056467007,196.0,9.617692030835672,10.8,0.8366600265340756,18.0,0.7071067811865472,0.14547599999999994,0.00212420396854917,0.14553099999999997,0.46077630721967466,False
W34,T06,0.6,0.5,0.1,0.4,0.7114063858051426,0.0340684130514794,0.16136444399412883,0.05228559394256787,0.16136444399412883,0.05228559394256787,0.6684189158745732,0.013186085649011237,0.7224137931034483,0.03248524772658062,0.6144240386456981,0.010563394435696951,0.07299307085721538,0.002573032755321486,0.9813743704752007,0.0020713091840454593,0.3855759613543019,0.010563394435696954,0.6187675070028011,0.009363873753751674,0.13257443525197438,0.004551459802139984,421.0,6.999999999999995,264.2,7.395944834840244,8.0,1.0,20.8,0.8366600265340753,0.086272,0.0009763810731471594,0.08623400000000002,0.5078078732059991,False
W34,T04,0.4,0.5,0.1,0.4,0.7114063858051426,0.0340684130514794,0.16136444399412883,0.05228559394256787,0.16136444399412883,0.05228559394256787,0.6431753549285666,0.01820262909424173,0.8753694581280789,0.03845836501336326,0.4109812517290544,0.014756196217304045,0.05879185533495501,0.0022796278819270013,0.9874172561959009,0.00392985573137259,0.5890187482709455,0.014756196217304075,0.42969187675070025,0.013984578057553631,0.1101757935410134,0.004178350210346993,281.6,9.964938534682489,403.6,10.334408546211053,3.6,1.1401754250991378,25.2,0.8366600265340753,0.0407,0.00025855366947695794,0.040776,0.5454843861285125,False
W34,T08,0.8,0.5,0.1,0.4,0.7114063858051426,0.0340684130514794,0.16136444399412883,0.05228559394256787,0.16136444399412883,0.05228559394256787,0.605695536709524,0.056049635503607365,0.40344827586206894,0.10877110548681038,0.807942797556979,0.011256145378946288,0.08111908648349182,0.021536648147758315,0.9698756907273862,0.005673268042634121,0.192057202443021,0.011256145378946333,0.7915966386554623,0.012581677692703483,0.13500461136914374,0.03568813267682558,553.6,7.503332592921627,131.6,7.765307463326874,17.2,3.271085446759225,11.6,3.0495901363953815,0.31979,0.00581776159704059,0.3206800000000003,0.3447059554663944,False
W34,T03,0.3,0.5,0.1,0.4,0.7114063858051426,0.0340684130514794,0.16136444399412883,0.05228559394256787,0.16136444399412883,0.05228559394256787,0.6020041475293508,0.026035926585852198,0.8960591133004925,0.04834116423782109,0.307949181758209,0.02098672160624249,0.051643381178769966,0.003214459205437381,0.9859939162411517,0.006512656995174026,0.692050818241791,0.020986721606242424,0.33165266106442576,0.02052191150203952,0.09765088055833568,0.005961733220693194,211.0,14.265342617687104,474.2,14.6696966567138,3.0,1.4142135623730951,25.8,1.30384048104053,0.03005,0.0004111721050849628,0.030060000000000007,0.5545359654107207,False
W34,T12,0.94,0.5,0.1,0.4,0.7114063858051426,0.0340684130514794,0.16136444399412883,0.05228559394256787,0.16136444399412883,0.05228559394256787,0.567542453103639,0.03484356682160744,0.19433497536945812,0.06219150855673467,0.9407499308378199,0.009581992544459007,0.12464860720674673,0.05046936828143867,0.9652493055497489,0.002813951632220654,0.05925006916217999,0.009581992544459007,0.9106442577030812,0.011001309180199158,0.15148235089549641,0.05624838994050544,644.6,6.3482280992415365,40.6,6.58027355054484,23.2,1.7888543819998317,5.6,1.816590212458495,0.55,0.0,0.55,0.2986076578622859,False
W34,T13,0.95,0.5,0.1,0.4,0.7114063858051426,0.0340684130514794,0.16136444399412883,0.05228559394256787,0.16136444399412883,0.05228559394256787,0.567542453103639,0.03484356682160744,0.19433497536945812,0.06219150855673467,0.9407499308378199,0.009581992544459007,0.12464860720674673,0.05046936828143867,0.9652493055497489,0.002813951632220654,0.05925006916217999,0.009581992544459007,0.9106442577030812,0.011001309180199158,0.15148235089549641,0.05624838994050544,644.6,6.3482280992415365,40.6,6.58027355054484,23.2,1.7888543819998317,5.6,1.816590212458495,0.55,0.0,0.55,0.2986076578622859,False
W34,T14,0.96,0.5,0.1,0.4,0.7114063858051426,0.0340684130514794,0.16136444399412883,0.05228559394256787,0.16136444399412883,0.05228559394256787,0.567542453103639,0.03484356682160744,0.19433497536945812,0.06219150855673467,0.9407499308378199,0.009581992544459007,0.12464860720674673,0.05046936828143867,0.9652493055497489,0.002813951632220654,0.05925006916217999,0.009581992544459007,0.9106442577030812,0.011001309180199158,0.15148235089549641,0.05624838994050544,644.6,6.3482280992415365,40.6,6.58027355054484,23.2,1.7888543819998317,5.6,1.816590212458495,0.55,0.0,0.55,0.2986076578622859,False
W34,T15,0.97,0.5,0.1,0.4,0.7114063858051426,0.0340684130514794,0.16136444399412883,0.05228559394256787,0.16136444399412883,0.05228559394256787,0.567542453103639,0.03484356682160744,0.19433497536945812,0.06219150855673467,0.9407499308378199,0.009581992544459007,0.12464860720674673,0.05046936828143867,0.9652493055497489,0.002813951632220654,0.05925006916217999,0.009581992544459007,0.9106442577030812,0.011001309180199158,0.15148235089549641,0.05624838994050544,644.6,6.3482280992415365,40.6,6.58027355054484,23.2,1.7888543819998317,5.6,1.816590212458495,0.55,0.0,0.55,0.2986076578622859,False
W34,T16,0.98,0.5,0.1,0.4,0.7114063858051426,0.0340684130514794,0.16136444399412883,0.05228559394256787,0.16136444399412883,0.05228559394256787,0.567542453103639,0.03484356682160744,0.19433497536945812,0.06219150855673467,0.9407499308378199,0.009581992544459007,0.12464860720674673,0.05046936828143867,0.9652493055497489,0.002813951632220654,0.05925006916217999,0.009581992544459007,0.9106442577030812,0.011001309180199158,0.15148235089549641,0.05624838994050544,644.6,6.3482280992415365,40.6,6.58027355054484,23.2,1.7888543819998317,5.6,1.816590212458495,0.55,0.0,0.55,0.2986076578622859,False
W34,T11,0.92,0.5,0.1,0.4,0.7114063858051426,0.0340684130514794,0.16136444399412883,0.05228559394256787,0.16136444399412883,0.05228559394256787,0.5665355141373366,0.03375685710435007,0.20837438423645321,0.05462207932607607,0.92469664403822,0.014302342428325098,0.1090254367087697,0.04402900605973314,0.965242692997165,0.002832611121090749,0.07530335596177992,0.014302342428325098,0.8957983193277311,0.015551895397749375,0.14248109276122858,0.050239377414101435,633.6,9.633275663033837,51.6,9.813256340277677,22.8,1.6431676725154984,6.0,1.5811388300841898,0.5034304000000001,0.00016650765748163303,0.50348,0.2944123702122585,False
W34,T09,0.85,0.5,0.1,0.4,0.7114063858051426,0.0340684130514794,0.16136444399412883,0.05228559394256787,0.16136444399412883,0.05228559394256787,0.5614906853036421,0.047116588143854075,0.28497536945812807,0.09024497439163003,0.8380060011491561,0.01000763264805139,0.06894544935509822,0.021945409515255015,0.9653670040843462,0.004530832317011324,0.16199399885084378,0.010007632648051372,0.8156862745098039,0.011317705238564103,0.11097214281504504,0.035181611868298344,574.2,6.685805860178706,111.0,6.892024376045109,20.6,2.7018512172212588,8.2,2.5884358211089564,0.5,0.0,0.5,0.2943918024232332,False
W34,T10,0.9,0.5,0.1,0.4,0.7114063858051426,0.0340684130514794,0.16136444399412883,0.05228559394256787,0.16136444399412883,0.05228559394256787,0.5614906853036421,0.047116588143854075,0.28497536945812807,0.09024497439163003,0.8380060011491561,0.01000763264805139,0.06894544935509822,0.021945409515255015,0.9653670040843462,0.004530832317011324,0.16199399885084378,0.010007632648051372,0.8156862745098039,0.011317705238564103,0.11097214281504504,0.035181611868298344,574.2,6.685805860178706,111.0,6.892024376045109,20.6,2.7018512172212588,8.2,2.5884358211089564,0.5,0.0,0.5,0.2943918024232332,False
W34,T02,0.2,0.5,0.1,0.4,0.7114063858051426,0.0340684130514794,0.16136444399412883,0.05228559394256787,0.16136444399412883,0.05228559394256787,0.5602229737315803,0.010595930069368249,0.9169950738916256,0.03894041153435214,0.20345087357153496,0.019101138033901194,0.04613212259316227,0.0007358710953518599,0.9835570058242835,0.006378258853101375,0.796549126428465,0.01910113803390124,0.2322128851540616,0.017136127640540923,0.08784059095346905,0.0014357706685498542,139.4,13.030732903409536,545.8,13.33041634758644,2.4,1.140175425099138,26.4,0.8944271909999156,0.020034,0.0002820106380972163,0.020008,0.5630797931004096,False
W34,T17,0.99,0.5,0.1,0.4,0.7114063858051426,0.0340684130514794,0.16136444399412883,0.05228559394256787,0.16136444399412883,0.05228559394256787,0.5600802501432776,0.03515868405391433,0.12512315270935961,0.07177595161991722,0.9950373475771956,0.003027936600400777,0.5154761904761905,0.1484280825572101,0.9643656903876867,0.0029198105601563468,0.004962652422804368,0.00302793660040078,0.9599439775910363,0.003224331774011568,0.19477491097799332,0.10111171622745588,681.8,2.2803508501982828,3.4,2.073644135332772,25.2,2.1679483388678804,3.6,2.0736441353327724,0.5848977999999991,0.018846185391877133,0.5871694999999998,0.3070261471996318,False
W34,T01,0.1,0.5,0.1,0.4,0.7114063858051426,0.0340684130514794,0.16136444399412883,0.05228559394256787,0.16136444399412883,0.05228559394256787,0.5245144081148334,0.029700770870250495,0.9448275862068967,0.06264104180891365,0.1042012300227703,0.012562181150410528,0.042422322137472455,0.0022378745442398966,0.978973962582843,0.02322273944172788,0.8957987699772296,0.012562181150410526,0.1380952380952381,0.011186961091157355,0.08119785138994003,0.004325396671416765,71.4,8.619744775803978,613.8,8.49705831449919,1.6,1.816590212458495,27.2,1.6431676725154984,0.012235,0.00018466185312619393,0.012200000000000003,0.569750272780979,False
W09,T06,0.6,0.5,0.2,0.3,0.7108334543256528,0.034672965634964185,0.14277188358441611,0.04238953680126274,0.14277188358441611,0.04238953680126274,0.675146649505151,0.014697775653052081,0.7364532019704433,0.036781242667655326,0.6138400970398588,0.010480397591103505,0.0741784628800517,0.0021412425062951636,0.9822800755085126,0.0024160108318241977,0.3861599029601413,0.01048039759110348,0.6187675070028011,0.009044192880091263,0.13476563116044799,0.0038942988000833173,420.6,6.949820141557627,264.6,7.334848328356899,7.6,1.1401754250991378,21.2,0.8366600265340757,0.092086,0.0010991041806853437,0.09204200000000001,0.46162372458312845,False
W09,T05,0.5,0.5,0.2,0.3,0.7108334543256528,0.034672965634964185,0.14277188358441611,0.04238953680126274,0.14277188358441611,0.04238953680126274,0.6702847463821024,0.021820448674405236,0.8268472906403941,0.05336648983107286,0.5137222021238109,0.010782790763069906,0.06663215574744855,0.0022565804723017756,0.9860690461524089,0.004103872759776037,0.4862777978761891,0.010782790763069922,0.5263305322128852,0.008542269289622886,0.1233168992368782,0.004409691354908504,352.0,7.245688373094722,333.2,7.5299402388066765,5.0,1.5811388300841898,23.8,1.3038404810405297,0.061565999999999996,0.0006262727041792569,0.06142,0.48889584753196663,False
W09,T07,0.7,0.5,0.2,0.3,0.7108334543256528,0.034672965634964185,0.14277188358441611,0.04238953680126274,0.14277188358441611,0.04238953680126274,0.6686625318567972,0.020534245528706807,0.6251231527093596,0.026321280802743954,0.7122019110042348,0.017476156028306246,0.08396948539420207,0.007889034023522288,0.978320212667213,0.002013405533235246,0.28779808899576514,0.017476156028306218,0.7086834733893557,0.01757689131374113,0.14800416022823612,0.01280790214353456,488.0,11.937336386313323,197.2,11.987493482792807,10.8,0.8366600265340756,18.0,0.7071067811865472,0.14977399999999993,0.003479905530326955,0.151248,0.41023735914467857,False
W09,T04,0.4,0.5,0.2,0.3,0.7108334543256528,0.034672965634964185,0.14277188358441611,0.04238953680126274,0.14277188358441611,0.04238953680126274,0.6510914635891393,0.02500370497488235,0.8891625615763546,0.044403340830837315,0.4130203656019238,0.011359312050128183,0.05987169474014402,0.003245156804752166,0.988790224263389,0.004709621259854543,0.5869796343980762,0.011359312050128195,0.4322128851540616,0.011826236320775663,0.1121848984948441,0.00600020460067459,283.0,7.713624310270756,402.2,7.8866976612521436,3.2,1.3038404810405297,25.6,1.1401754250991383,0.044012,0.0002471234509309067,0.044062000000000004,0.5045257111168865,False
W09,T08,0.8,0.5,0.2,0.3,0.7108334543256528,0.034672965634964185,0.14277188358441611,0.04238953680126274,0.14277188358441611,0.04238953680126274,0.6199272347823024,0.055956785699443526,0.43103448275862066,0.107672379282731,0.808819986805984,0.012873062052600807,0.0867151301226777,0.022319193911785353,0.9712630078058451,0.005573067786325363,0.19118001319401587,0.012873062052600864,0.7935574229691877,0.014096344694774386,0.14429384112065907,0.0366884044201153,554.2,8.55569985448297,131.0,8.888194417315592,16.4,3.2093613071762426,12.4,3.0495901363953815,0.31745999999999996,0.006117993952268971,0.3168920000000001,0.2831876992349773,False
W09,T03,0.3,0.5,0.2,0.3,0.7108334543256528,0.034672965634964185,0.14277188358441611,0.04238953680126274,0.14277188358441611,0.04238953680126274,0.5981183410763176,0.021128233861333324,0.8891625615763546,0.044403340830837315,0.3070741205762806,0.020548324249133505,0.05118714218856155,0.002596671660886973,0.9851189170804696,0.005723937644728393,0.6929258794237194,0.02054832424913349,0.33053221288515405,0.01958281716261845,0.09679406824054534,0.004812998173802114,210.4,13.95707705789432,474.8,14.394443372357266,3.2,1.3038404810405297,25.6,1.1401754250991383,0.032647999999999996,0.0005001699711098195,0.032731,0.514788356215445,False
W09,T11,0.92,0.5,0.2,0.3,0.7108334543256528,0.034672965634964185,0.14277188358441611,0.04238953680126274,0.14277188358441611,0.04238953680126274,0.5668272721335488,0.03432809683459031,0.20837438423645321,0.05462207932607607,0.9252801600306443,0.015200295986274379,0.11042205974548773,0.04586874019550148,0.965260618511684,0.0028773066853320026,0.07471983996935583,0.01520029598627434,0.896358543417367,0.016482636268823278,0.1435906005570287,0.05171056925440801,634.0,10.271319292087055,51.2,10.425929215182693,22.8,1.6431676725154984,6.0,1.5811388300841898,0.5025307999999999,0.0001656478191827459,0.50261,0.2160406106129123,False
W09,T09,0.85,0.5,0.2,0.3,0.7108334543256528,0.034672965634964185,0.14277188358441611,0.04238953680126274,0.14277188358441611,0.04238953680126274,0.5619284287013141,0.047494535460813135,0.28497536945812807,0.09024497439163003,0.8388814879445,0.010201470854920174,0.06936927803379415,0.022327345048773737,0.965398699443736,0.004558675260758595,0.16111851205549999,0.010201470854920168,0.8165266106442577,0.011717927542494054,0.11152157945381018,0.03567564566738489,574.8,6.833739825307972,110.4,7.021395872616785,20.6,2.7018512172212588,8.2,2.5884358211089564,0.5,0.0,0.5,0.21602484425176655,False
W09,T10,0.9,0.5,0.2,0.3,0.7108334543256528,0.034672965634964185,0.14277188358441611,0.04238953680126274,0.14277188358441611,0.04238953680126274,0.5619284287013141,0.047494535460813135,0.28497536945812807,0.09024497439163003,0.8388814879445,0.010201470854920174,0.06936927803379415,0.022327345048773737,0.965398699443736,0.004558675260758595,0.16111851205549999,0.010201470854920168,0.8165266106442577,0.011717927542494054,0.11152157945381018,0.03567564566738489,574.8,6.833739825307972,110.4,7.021395872616785,20.6,2.7018512172212588,8.2,2.5884358211089564,0.5,0.0,0.5,0.21602484425176655,False
W09,T02,0.2,0.5,0.2,0.3,0.7108334543256528,0.034672965634964185,0.14277188358441611,0.04238953680126274,0.14277188358441611,0.04238953680126274,0.5610988861403394,0.011813263499037076,0.9169950738916256,0.03894041153435214,0.20520269838905322,0.017658008569377,0.046230588831700184,0.0009515944955799007,0.9836605099366243,0.00655513132657212,0.7947973016109467,0.017658008569377034,0.2338935574229692,0.015876448247555505,0.08801924668148542,0.0018257985255355459,140.6,12.033287165193059,544.6,12.381437719425008,2.4,1.140175425099138,26.4,0.8944271909999156,0.022338,0.00030613722413323096,0.022356,0.5242237347450037,False
W09,T12,0.94,0.5,0.2,0.3,0.7108334543256528,0.034672965634964185,0.14277188358441611,0.04238953680126274,0.14277188358441611,0.04238953680126274,0.5511996060874459,0.026241782010372,0.15960591133004925,0.04576245975366933,0.9427933008448427,0.009569887121112237,0.10821309370988445,0.041935473199013334,0.9638847069861786,0.002063640540511695,0.05720669915515737,0.009569887121112267,0.9112044817927171,0.010225048878680114,0.1285123464306799,0.044351283638403745,646.0,6.324555320336759,39.2,6.572670690061994,24.2,1.30384048104053,4.6,1.3416407864998736,0.5880773999999995,0.016332210836259152,0.6,0.23804775431412914,False
W09,T17,0.99,0.5,0.2,0.3,0.7108334543256528,0.034672965634964185,0.14277188358441611,0.04238953680126274,0.14277188358441611,0.04238953680126274,0.5487367830523674,0.026380652305209154,0.10418719211822661,0.05454705850364378,0.9932863739865081,0.0028464368462045044,0.38571428571428573,0.09620049452779487,0.9634831485293764,0.0021891509737498424,0.006713626013491946,0.0028464368462044988,0.957422969187675,0.002343585508498803,0.16043106695545722,0.07504762460485877,680.6,2.0736441353327644,4.6,1.9493588689617927,25.8,1.6431676725154984,3.0,1.5811388300841898,0.6026754,1.7383181526985974e-05,0.6026792999999999,0.23918564334526848,False
W09,T13,0.95,0.5,0.2,0.3,0.7108334543256528,0.034672965634964185,0.14277188358441611,0.04238953680126274,0.14277188358441611,0.04238953680126274,0.5476281775160174,0.02951517079336389,0.15246305418719214,0.05146250979911912,0.9427933008448427,0.009569887121112237,0.10445799166906813,0.045759649075678054,0.963594825656348,0.0021679463464819512,0.05720669915515737,0.009569887121112267,0.9109243697478991,0.010555430633846943,0.12358394150227499,0.04907332135136668,646.0,6.324555320336759,39.2,6.572670690061994,24.4,1.3416407864998738,4.4,1.5165750888103104,0.6,0.0,0.6,0.23804775431412914,False
W09,T14,0.96,0.5,0.2,0.3,0.7108334543256528,0.034672965634964185,0.14277188358441611,0.04238953680126274,0.14277188358441611,0.04238953680126274,0.5476281775160174,0.02951517079336389,0.15246305418719214,0.05146250979911912,0.9427933008448427,0.009569887121112237,0.10445799166906813,0.045759649075678054,0.963594825656348,0.0021679463464819512,0.05720669915515737,0.009569887121112267,0.9109243697478991,0.010555430633846943,0.12358394150227499,0.04907332135136668,646.0,6.324555320336759,39.2,6.572670690061994,24.4,1.3416407864998738,4.4,1.5165750888103104,0.6,0.0,0.6,0.23804775431412914,False
W09,T15,0.97,0.5,0.2,0.3,0.7108334543256528,0.034672965634964185,0.14277188358441611,0.04238953680126274,0.14277188358441611,0.04238953680126274,0.5476281775160174,0.02951517079336389,0.15246305418719214,0.05146250979911912,0.9427933008448427,0.009569887121112237,0.10445799166906813,0.045759649075678054,0.963594825656348,0.0021679463464819512,0.05720669915515737,0.009569887121112267,0.9109243697478991,0.010555430633846943,0.12358394150227499,0.04907332135136668,646.0,6.324555320336759,39.2,6.572670690061994,24.4,1.3416407864998738,4.4,1.5165750888103104,0.6,0.0,0.6,0.23804775431412914,False
W09,T16,0.98,0.5,0.2,0.3,0.7108334543256528,0.034672965634964185,0.14277188358441611,0.04238953680126274,0.14277188358441611,0.04238953680126274,0.5476281775160174,0.02951517079336389,0.15246305418719214,0.05146250979911912,0.9427933008448427,0.009569887121112237,0.10445799166906813,0.045759649075678054,0.963594825656348,0.0021679463464819512,0.05720669915515737,0.009569887121112267,0.9109243697478991,0.010555430633846943,0.12358394150227499,0.04907332135136668,646.0,6.324555320336759,39.2,6.572670690061994,24.4,1.3416407864998738,4.4,1.5165750888103104,0.6,0.0,0.6,0.23804775431412914,False
W09,T01,0.1,0.5,0.2,0.3,0.7108334543256528,0.034672965634964185,0.14277188358441611,0.04238953680126274,0.14277188358441611,0.04238953680126274,0.5232018163419407,0.029229411734190056,0.9448275862068967,0.06264104180891365,0.10157604647698495,0.009032435947587006,0.04230199919615274,0.0022358376745902535,0.9786223580341227,0.02322978158223005,0.8984239535230151,0.009032435947587004,0.13557422969187677,0.007568210692496533,0.08097734068158349,0.0043201184170794955,69.6,6.188699378706322,615.6,6.188699378706327,1.6,1.816590212458495,27.2,1.6431676725154982,0.014227,0.00013065221008463622,0.014219,0.5316482984972302,False
W32,T05,0.5,0.4,0.4,0.2,0.7103301067084117,0.0390544944866122,0.13000481757276788,0.0358156580234008,0.13000481757276788,0.0358156580234008,0.674877434343627,0.027773346604535627,0.8339901477832512,0.06543570614519033,0.5157647209040028,0.012079780955762651,0.067403123047616,0.0027891380133724004,0.9866962354740701,0.005067825121123802,0.4842352790959971,0.012079780955762677,0.5285714285714286,0.00952998646285935,0.12471561368393591,0.00548803554796452,353.4,8.173126696681024,331.8,8.37854402626137,4.8,1.9235384061671346,24.0,1.5811388300841898,0.065448,0.0008473015991959375,0.06515,0.46450129798957507,False
W32,T06,0.6,0.4,0.4,0.2,0.7103301067084117,0.0390544944866122,0.13000481757276788,0.0358156580234008,0.13000481757276788,0.0358156580234008,0.6719911956728325,0.01863863931898237,0.7295566502463054,0.0424617969251427,0.6144257410993594,0.013578120134179111,0.07366307729157548,0.003436487216663384,0.9818388133803602,0.0028246180594375826,0.38557425890064057,0.013578120134179094,0.6190476190476191,0.012329703684635126,0.13379341262836408,0.006096180910871591,421.0,9.055385138137417,264.2,9.471008394041252,7.8,1.3038404810405297,21.0,1.0,0.09523200000000001,0.0008959464269698228,0.09520800000000001,0.4364899730784202,False
W32,T07,0.7,0.4,0.4,0.2,0.7103301067084117,0.0390544944866122,0.13000481757276788,0.0358156580234008,0.13000481757276788,0.0358156580234008,0.661766192939367,0.03271578679158247,0.6113300492610838,0.05464428793822613,0.7122023366176502,0.017405994645142565,0.08227873816914913,0.010261961374216755,0.9775334765959325,0.0035092942177967538,0.2877976633823498,0.017405994645142555,0.7081232492997198,0.01795231954528222,0.14498943441517795,0.01723283800662364,488.0,11.874342087037922,197.2,11.945710527214361,11.2,1.6431676725154982,17.6,1.51657508881031,0.15241999999999992,0.002289639709648673,0.15196600000000002,0.38444063064405665,False
W32,T04,0.4,0.4,0.4,0.2,0.7103301067084117,0.0390544944866122,0.13000481757276788,0.0358156580234008,0.13000481757276788,0.0358156580234008,0.6441974655454933,0.01823765057969046,0.8753694581280789,0.03845836501336326,0.4130254729629078,0.019739147596372533,0.05900126991094976,0.002449020107961777,0.9874843977349563,0.003914640638215102,0.5869745270370922,0.019739147596372575,0.43165266106442574,0.018670050906983815,0.11054049404263602,0.004436811916515957,283.0,13.397761006974259,402.2,13.718600511714019,3.6,1.1401754250991378,25.2,0.8366600265340753,0.047984000000000006,0.0005676971023353925,0.04785200000000002,0.48073355118818156,False
W32,T08,0.8,0.4,0.4,0.2,0.7103301067084117,0.0390544944866122,0.13000481757276788,0.0358156580234008,0.13000481757276788,0.0358156580234008,0.6238130412353355,0.05008928191463092,0.4379310344827586,0.09568577190008005,0.8096950479879126,0.011968941522096547,0.08837597431269993,0.020174646578472153,0.9716293348775009,0.0049929904544250845,0.1903049520120874,0.011968941522096516,0.7946778711484594,0.013160795474323295,0.1469940076779992,0.03305666438521875,554.8,7.94984276574072,130.4,8.264381404557758,16.2,2.863564212655271,12.6,2.701851217221259,0.30902799999999997,0.0072314811760800235,0.3085520000000001,0.2516332053565268,False
W32,T03,0.3,0.4,0.4,0.2,0.7103301067084117,0.0390544944866122,0.13000481757276788,0.0358156580234008,0.13000481757276788,0.0358156580234008,0.6016895568410385,0.023795408108930237,0.8963054187192118,0.05413398641819215,0.30707369496286524,0.02022855290854916,0.051551213868874436,0.0025109496391686917,0.9861470119590667,0.0071384274891395745,0.6929263050371348,0.02022855290854915,0.330812324929972,0.018826988811099718,0.09748715827460194,0.004711343683845254,210.4,13.740451229854134,474.8,14.16686274374111,3.0,1.5811388300841898,25.8,1.30384048104053,0.036,0.0004374928570845488,0.03606,0.4918406824714686,False
W32,T11,0.92,0.4,0.4,0.2,0.7103301067084117,0.0390544944866122,0.13000481757276788,0.0358156580234008,0.13000481757276788,0.0358156580234008,0.5777562541323027,0.034446228951289085,0.229064039408867,0.05713011578691232,0.9264484688557383,0.01380559283697272,0.12063299952011178,0.04543019722291414,0.9661902541966978,0.0027912814435764144,0.07355153114426168,0.013805592836972738,0.8983193277310925,0.01500626917196514,0.1572835712660568,0.05160449762644495,634.8,9.257429448826507,50.4,9.476286192385706,22.2,1.6431676725154987,6.6,1.6733200530681511,0.4113447999999999,0.004779344222798753,0.41059360000000006,0.18617313902644494,False
W32,T10,0.9,0.4,0.4,0.2,0.7103301067084117,0.0390544944866122,0.13000481757276788,0.0358156580234008,0.13000481757276788,0.0358156580234008,0.5726227289304848,0.053651588253501456,0.29876847290640396,0.08713260889817827,0.8464769849545657,0.0461945549017098,0.0842622809417657,0.043716385821280124,0.9662589760516885,0.004861177002264272,0.15352301504543422,0.04619455490170982,0.8243697478991596,0.04512977987708202,0.12847511292997418,0.05454381349964058,580.0,31.51190251317747,105.2,31.673332631726648,20.2,2.588435821108957,8.6,2.5099800796022267,0.400164,0.00036671514830995805,0.4,0.19148611786236622,False
W32,T09,0.85,0.4,0.4,0.2,0.7103301067084117,0.0390544944866122,0.13000481757276788,0.0358156580234008,0.13000481757276788,0.0358156580234008,0.5701762149611922,0.0512517781123779,0.3125615763546798,0.09456492315445633,0.8277908535677044,0.010853310499118833,0.07135380636549452,0.02325481437330925,0.9662537919513244,0.004856914343254131,0.17220914643229554,0.010853310499118817,0.8070028011204482,0.013264717638713211,0.11613745059231184,0.03727990985729958,567.2,7.22495674727536,118.0,7.483314773547883,19.8,2.7748873851023212,9.0,2.7386127875258306,0.4,0.0,0.4,0.19148611786236622,False
W32,T02,0.2,0.4,0.4,0.2,0.7103301067084117,0.0390544944866122,0.13000481757276788,0.0358156580234008,0.13000481757276788,0.0358156580234008,0.5540569874348646,0.01755869136378924,0.9032019704433498,0.05077417589727592,0.20491200442637952,0.018495673730814843,0.045537721876421355,0.001440711939475712,0.9810559137700542,0.008603356249355026,0.7950879955736205,0.01849567373081488,0.23305322128851538,0.0163512032187073,0.08669932889179771,0.002791732348638318,140.4,12.601587201618687,544.8,12.988456413292527,2.8,1.4832396974191326,26.0,1.224744871391589,0.025644,0.0003491131621695188,0.025596,0.5017231194095007,False
W32,T12,0.94,0.4,0.4,0.2,0.7103301067084117,0.0390544944866122,0.13000481757276788,0.0358156580234008,0.13000481757276788,0.0358156580234008,0.5407316257918795,0.020814819724305895,0.13866995073891625,0.03358706523359623,0.9427933008448426,0.011019036796652552,0.09631771373931654,0.035906313820852416,0.9630215287967934,0.0014494113327870874,0.05720669915515737,0.011019036796652556,0.9103641456582633,0.011248164148605709,0.11308641975308642,0.03586220223063136,646.0,7.34846922834952,39.2,7.563068160475615,24.8,0.8366600265340757,4.0,1.0,0.5706155999999991,0.035303048434944355,0.5657635999999999,0.1760448363882338,False
W32,T17,0.99,0.4,0.4,0.2,0.7103301067084117,0.0390544944866122,0.13000481757276788,0.0358156580234008,0.13000481757276788,0.0358156580234008,0.5382461828714082,0.023432733689038625,0.08349753694581281,0.04670395002875019,0.9929948287970036,0.0006516932242265206,0.31626984126984126,0.13897106412540397,0.9626514181879801,0.002080990168461629,0.007005171202996319,0.0006516932242264761,0.9563025210084033,0.0023013552836351437,0.13162907268170426,0.07031435409131587,680.4,0.5477225575051635,4.8,0.44721359549995804,26.4,1.5165750888103102,2.4,1.3416407864998738,0.6017698000000001,1.0009995004982743e-05,0.6017662,0.1924143778319074,False
W32,T13,0.95,0.4,0.4,0.2,0.7103301067084117,0.0390544944866122,0.13000481757276788,0.0358156580234008,0.13000481757276788,0.0358156580234008,0.5377213061341901,0.02301655666045924,0.13177339901477833,0.037130082344042706,0.9436692132536016,0.00985296499723878,0.09343309835470115,0.03835014434308192,0.9627665910796199,0.0017107410864007915,0.05633078674639824,0.009852964997238806,0.9109243697478991,0.010508869177761346,0.10891774891774893,0.03901583448315772,646.6,6.503845016603625,38.6,6.767569726275452,25.0,1.0,3.8,1.0954451150103321,0.6000000000000001,0.0,0.6000000000000001,0.19148611786236627,False
W32,T14,0.96,0.4,0.4,0.2,0.7103301067084117,0.0390544944866122,0.13000481757276788,0.0358156580234008,0.13000481757276788,0.0358156580234008,0.5377213061341901,0.02301655666045924,0.13177339901477833,0.037130082344042706,0.9436692132536016,0.00985296499723878,0.09343309835470115,0.03835014434308192,0.9627665910796199,0.0017107410864007915,0.05633078674639824,0.009852964997238806,0.9109243697478991,0.010508869177761346,0.10891774891774893,0.03901583448315772,646.6,6.503845016603625,38.6,6.767569726275452,25.0,1.0,3.8,1.0954451150103321,0.6000000000000001,0.0,0.6000000000000001,0.19148611786236627,False
W32,T15,0.97,0.4,0.4,0.2,0.7103301067084117,0.0390544944866122,0.13000481757276788,0.0358156580234008,0.13000481757276788,0.0358156580234008,0.5377213061341901,0.02301655666045924,0.13177339901477833,0.037130082344042706,0.9436692132536016,0.00985296499723878,0.09343309835470115,0.03835014434308192,0.9627665910796199,0.0017107410864007915,0.05633078674639824,0.009852964997238806,0.9109243697478991,0.010508869177761346,0.10891774891774893,0.03901583448315772,646.6,6.503845016603625,38.6,6.767569726275452,25.0,1.0,3.8,1.0954451150103321,0.6000000000000001,0.0,0.6000000000000001,0.19148611786236627,False
W32,T16,0.98,0.4,0.4,0.2,0.7103301067084117,0.0390544944866122,0.13000481757276788,0.0358156580234008,0.13000481757276788,0.0358156580234008,0.5377213061341901,0.02301655666045924,0.13177339901477833,0.037130082344042706,0.9436692132536016,0.00985296499723878,0.09343309835470115,0.03835014434308192,0.9627665910796199,0.0017107410864007915,0.05633078674639824,0.009852964997238806,0.9109243697478991,0.010508869177761346,0.10891774891774893,0.03901583448315772,646.6,6.503845016603625,38.6,6.767569726275452,25.0,1.0,3.8,1.0954451150103321,0.6000000000000001,0.0,0.6000000000000001,0.19148611786236627,False
W32,T01,0.1,0.4,0.4,0.2,0.7103301067084117,0.0390544944866122,0.13000481757276788,0.0358156580234008,0.13000481757276788,0.0358156580234008,0.5229115479926824,0.02444071376390595,0.9448275862068964,0.057700691485108646,0.10099550977846823,0.013461326304876816,0.04227457139336164,0.0018589931765781447,0.979004329004329,0.020257345393576997,0.8990044902215317,0.013461326304876812,0.13501400560224092,0.011574763871929643,0.08092617927137753,0.0036017474912736396,69.2,9.20326029187483,616.0,9.40744386111339,1.6,1.6733200530681511,27.2,1.4832396974191324,0.01754,8.33666600026638e-05,0.01754,0.509347214514814,False
W14,T07,0.7,0.6,0.2,0.2,0.710267106488162,0.03228953528647516,0.1334155061669654,0.0314678640594678,0.1334155061669654,0.0314678640594678,0.6762887977815267,0.019982996756158333,0.6389162561576354,0.02994409441463871,0.713661339405418,0.01679217395957765,0.08600996640061452,0.007483055752747381,0.9791568377104408,0.0019981308431179894,0.28633866059458196,0.016792173959577612,0.7106442577030812,0.016648414080805893,0.1515644417619944,0.012203614781769387,489.0,11.46734494117971,196.2,11.519548602267363,10.4,0.8944271909999157,18.4,0.8944271909999161,0.16100199999999992,0.0029528918029619444,0.16144799999999995,0.47040874783320097,False
W14,T05,0.5,0.6,0.2,0.2,0.710267106488162,0.03228953528647516,0.1334155061669654,0.0314678640594678,0.1334155061669654,0.0314678640594678,0.6697238502750711,0.014422458577582816,0.8266009852216749,0.033301367056464165,0.512846715328467,0.007507965471897059,0.06655457388496763,0.0020869426177328025,0.985996501883583,0.002633639483655363,0.48715328467153285,0.007507965471897098,0.5254901960784314,0.006599002234952306,0.12318397064570304,0.0038302125831334035,351.4,4.929503017546498,333.8,5.35723809439155,5.0,1.0,23.8,0.8366600265340757,0.0658,0.00044356510232433427,0.06581000000000001,0.5433119632715627,False
W14,T06,0.6,0.6,0.2,0.2,0.710267106488162,0.03228953528647516,0.1334155061669654,0.0314678640594678,0.1334155061669654,0.0314678640594678,0.6645320453880016,0.008945572260385722,0.7155172413793103,0.025862068965517213,0.613546849396693,0.01063792341414,0.07218925429376422,0.0012283740483213785,0.9808872090200931,0.0016726275392688456,0.386453150603307,0.010637923414139995,0.6176470588235294,0.009395243602940266,0.1311335009988499,0.002086415885825263,420.4,7.1274118724821784,264.8,7.3959448348402415,8.2,0.8366600265340756,20.6,0.547722557505166,0.097812,0.0006432106964284647,0.09778,0.518119543864155,False
W14,T04,0.4,0.6,0.2,0.2,0.710267106488162,0.03228953528647516,0.1334155061669654,0.0314678640594678,0.1334155061669654,0.0314678640594678,0.6506539329981751,0.022853517371825293,0.8891625615763546,0.044403340830837315,0.4121453044199953,0.009072242521167957,0.059769513784880324,0.002846779689906283,0.9888044898754629,0.004581573770604371,0.5878546955800047,0.009072242521167959,0.4313725490196078,0.009130535581516308,0.11200567862038488,0.005296765028222906,282.4,6.107372593840984,402.8,6.379655163094627,3.2,1.3038404810405297,25.6,1.1401754250991383,0.046132,0.0003416430886173449,0.046084000000000035,0.5592018136504924,False
W14,T08,0.8,0.6,0.2,0.2,0.710267106488162,0.03228953528647516,0.1334155061669654,0.0314678640594678,0.1334155061669654,0.0314678640594678,0.6235208576257082,0.05116333573004438,0.4379310344827586,0.09568577190008007,0.8091106807686579,0.01236743262969214,0.08828202874614652,0.02071147938806155,0.97159893155157,0.005089725537039605,0.19088931923134217,0.01236743262969207,0.7941176470588236,0.014110253277037743,0.14686654991463094,0.03380753396385495,554.4,8.264381404557744,130.8,8.526429498916883,16.2,2.8635642126552705,12.6,2.701851217221259,0.33452,0.0074992132920727135,0.33400799999999997,0.3663608568037803,False
W14,T03,0.3,0.6,0.2,0.2,0.710267106488162,0.03228953528647516,0.1334155061669654,0.0314678640594678,0.1334155061669654,0.0314678640594678,0.6051604525885,0.02422529703249616,0.9029556650246306,0.04459420654682432,0.3073652401523696,0.019716776320824303,0.0519783857141497,0.0030673092718283266,0.9868867015277878,0.0060211713171434205,0.6926347598476303,0.01971677632082422,0.33137254901960783,0.01934599064406949,0.09829131716490891,0.005680455186255419,210.6,13.390294993016397,474.6,13.813037319865602,2.8,1.3038404810405297,26.0,1.224744871391589,0.034144,0.00033989704323515523,0.034120000000000004,0.5689561562493195,False
W14,T02,0.2,0.6,0.2,0.2,0.710267106488162,0.03228953528647516,0.1334155061669654,0.0314678640594678,0.1334155061669654,0.0314678640594678,0.5616830405528865,0.01142269037905722,0.9169950738916256,0.03894041153435214,0.20637100721414742,0.019610789707245856,0.046297938843342185,0.0009804070859869684,0.9837706259534624,0.006422313632383145,0.7936289927858526,0.01961078970724589,0.2350140056022409,0.01778215153849173,0.08814077748050549,0.0018625900791099147,141.4,13.37161172035742,543.8,13.718600511714005,2.4,1.140175425099138,26.4,0.8944271909999156,0.023272,0.0003877112327493224,0.023352,0.5778064115584042,False
W14,T12,0.94,0.6,0.2,0.2,0.710267106488162,0.03228953528647516,0.1334155061669654,0.0314678640594678,0.1334155061669654,0.0314678640594678,0.5557700997769932,0.023780658978086604,0.16699507389162563,0.046746147024561015,0.9445451256623608,0.010849443881820174,0.11422312190733244,0.03511609294898211,0.9642466664004965,0.00225863878256889,0.055454874337639126,0.01084944388182021,0.9131652661064426,0.010291973709173058,0.13475373860977488,0.037843668383194785,647.2,7.190271204899017,38.0,7.449832212875671,24.0,1.5811388300841898,4.8,1.3038404810405297,0.6557823999999985,0.03995278832321872,0.6383235999999979,0.35468345274478114,False
W14,T11,0.92,0.6,0.2,0.2,0.710267106488162,0.03228953528647516,0.1334155061669654,0.0314678640594678,0.1334155061669654,0.0314678640594678,0.554452543737282,0.0378128909736353,0.21600985221674876,0.07042138553165175,0.8928952352578154,0.05661396034347467,0.0915762731907972,0.04563564899111204,0.9643370106856279,0.003546742586675209,0.10710476474218467,0.05661396034347466,0.8655462184873949,0.05333174443882286,0.12353407919348496,0.04833779855104824,611.8,38.56423213289745,73.4,38.82396167317292,22.6,2.3021728866442674,6.2,1.9235384061671346,0.6009656,0.0008852552174372898,0.6015199999999999,0.34201351396399526,False
W14,T09,0.85,0.6,0.2,0.2,0.710267106488162,0.03228953528647516,0.1334155061669654,0.0314678640594678,0.1334155061669654,0.0314678640594678,0.5530430295162904,0.04361361201118626,0.26428571428571435,0.08478596725945532,0.8418003447468664,0.010044412759687324,0.06554778036985154,0.020577608370591877,0.9645536440935734,0.004262175504471643,0.15819965525313356,0.010044412759687303,0.8184873949579832,0.010739657990297377,0.10498117371072935,0.03298841062008331,576.8,6.723094525588661,108.4,6.913754406977445,21.2,2.5884358211089573,7.6,2.4083189157584592,0.6,0.0,0.6,0.3415654158927686,False
W14,T10,0.9,0.6,0.2,0.2,0.710267106488162,0.03228953528647516,0.1334155061669654,0.0314678640594678,0.1334155061669654,0.0314678640594678,0.5530430295162904,0.04361361201118626,0.26428571428571435,0.08478596725945532,0.8418003447468664,0.010044412759687324,0.06554778036985154,0.020577608370591877,0.9645536440935734,0.004262175504471643,0.15819965525313356,0.010044412759687303,0.8184873949579832,0.010739657990297377,0.10498117371072935,0.03298841062008331,576.8,6.723094525588661,108.4,6.913754406977445,21.2,2.5884358211089573,7.6,2.4083189157584592,0.6,0.0,0.6,0.3415654158927686,False
W14,T13,0.95,0.6,0.2,0.2,0.710267106488162,0.03228953528647516,0.1334155061669654,0.0314678640594678,0.1334155061669654,0.0314678640594678,0.5418995090035583,0.02036719467603563,0.13866995073891625,0.03358706523359623,0.9451290672682002,0.010116194949167497,0.09950584311486568,0.035249587623844746,0.9631116383926633,0.0013858308174780531,0.0548709327317997,0.010116194949167481,0.9126050420168067,0.010272896818427028,0.11534634519709146,0.03531089615092888,647.6,6.655824516917507,37.6,6.949820141557621,24.8,0.8366600265340757,4.0,1.0,0.7,0.0,0.7,0.3829711912585593,False
W14,T14,0.96,0.6,0.2,0.2,0.710267106488162,0.03228953528647516,0.1334155061669654,0.0314678640594678,0.1334155061669654,0.0314678640594678,0.5418995090035583,0.02036719467603563,0.13866995073891625,0.03358706523359623,0.9451290672682002,0.010116194949167497,0.09950584311486568,0.035249587623844746,0.9631116383926633,0.0013858308174780531,0.0548709327317997,0.010116194949167481,0.9126050420168067,0.010272896818427028,0.11534634519709146,0.03531089615092888,647.6,6.655824516917507,37.6,6.949820141557621,24.8,0.8366600265340757,4.0,1.0,0.7,0.0,0.7,0.3829711912585593,False
W14,T15,0.97,0.6,0.2,0.2,0.710267106488162,0.03228953528647516,0.1334155061669654,0.0314678640594678,0.1334155061669654,0.0314678640594678,0.5418995090035583,0.02036719467603563,0.13866995073891625,0.03358706523359623,0.9451290672682002,0.010116194949167497,0.09950584311486568,0.035249587623844746,0.9631116383926633,0.0013858308174780531,0.0548709327317997,0.010116194949167481,0.9126050420168067,0.010272896818427028,0.11534634519709146,0.03531089615092888,647.6,6.655824516917507,37.6,6.949820141557621,24.8,0.8366600265340757,4.0,1.0,0.7,0.0,0.7,0.3829711912585593,False
W14,T16,0.98,0.6,0.2,0.2,0.710267106488162,0.03228953528647516,0.1334155061669654,0.0314678640594678,0.1334155061669654,0.0314678640594678,0.5418995090035583,0.02036719467603563,0.13866995073891625,0.03358706523359623,0.9451290672682002,0.010116194949167497,0.09950584311486568,0.035249587623844746,0.9631116383926633,0.0013858308174780531,0.0548709327317997,0.010116194949167481,0.9126050420168067,0.010272896818427028,0.11534634519709146,0.03531089615092888,647.6,6.655824516917507,37.6,6.949820141557621,24.8,0.8366600265340757,4.0,1.0,0.7,0.0,0.7,0.3829711912585593,False
W14,T17,0.99,0.6,0.2,0.2,0.710267106488162,0.03228953528647516,0.1334155061669654,0.0314678640594678,0.1334155061669654,0.0314678640594678,0.541840444134937,0.019354712739231582,0.09039408866995073,0.03967352633420211,0.9932867995999233,0.002442171668641022,0.3583333333333333,0.09128709291752769,0.9629348516526633,0.001750796131972667,0.006713200400076611,0.002442171668640992,0.9568627450980391,0.0023013552836351437,0.14227714556661925,0.05881679211939092,680.6,1.673320053068146,4.6,1.6733200530681511,26.2,1.30384048104053,2.6,1.140175425099138,0.7017352,1.929248558376143e-05,0.7017399999999999,0.383882743730426,False
W14,T01,0.1,0.6,0.2,0.2,0.710267106488162,0.03228953528647516,0.1334155061669654,0.0314678640594678,0.1334155061669654,0.0314678640594678,0.5273795935978937,0.030316436955426906,0.9517241379310345,0.06721927134351012,0.10303504926475282,0.009373664967292843,0.04265899867265552,0.0023745293595138946,0.9822549019607842,0.024373148447505464,0.8969649507352472,0.009373664967292842,0.13725490196078433,0.0070724824498333855,0.0816568022293701,0.004593474046160594,70.6,6.426507605223852,614.6,6.387487769068532,1.4,1.949358868961793,27.4,1.8165902124584947,0.014792,0.00013236313686219495,0.01476,0.5849143449548831,False
W35,T06,0.6,0.5,0.4,0.1,0.7100544431367373,0.035804645368734074,0.11760124657526719,0.03549279757179083,0.11760124657526719,0.03549279757179083,0.6750004512969835,0.016338970375974458,0.7364532019704433,0.036781242667655326,0.6135477006235236,0.009138695395775331,0.07413460534456975,0.002713606147709024,0.982262816312734,0.0024956064200458206,0.3864522993764764,0.009138695395775364,0.6184873949579832,0.008142544455881572,0.13469567242445413,0.004887170564329453,420.4,6.024948132556831,264.8,6.418722614352485,7.6,1.140175425099138,21.2,0.8366600265340756,0.10086999999999999,0.001005882696938362,0.100956,0.49588632494756296,False
W35,T05,0.5,0.5,0.4,0.1,0.7100544431367373,0.035804645368734074,0.11760124657526719,0.03549279757179083,0.11760124657526719,0.03549279757179083,0.6714536936273197,0.019545850822532167,0.8268472906403941,0.05336648983107286,0.5160600966142452,0.01582149580117741,0.0669395044046712,0.0019628104454182424,0.9861580908862493,0.003974196138162612,0.4839399033857547,0.01582149580117739,0.5285714285714286,0.013382497686937006,0.12383706355187696,0.003822720504731188,353.6,10.667708282475665,331.6,11.013627921806695,5.0,1.5811388300841898,23.8,1.3038404810405297,0.069842,0.0008560782674498863,0.06951000000000002,0.5215254293263177,False
W35,T07,0.7,0.5,0.4,0.1,0.7100544431367373,0.035804645368734074,0.11760124657526719,0.03549279757179083,0.11760124657526719,0.03549279757179083,0.6620579509355791,0.031102273505746292,0.6113300492610837,0.05464428793822613,0.7127858526100743,0.014616815379750084,0.08231651167430984,0.009279337232786258,0.9775639132748217,0.0034156910019434873,0.28721414738992573,0.01461681537975005,0.7086834733893557,0.0150844952580799,0.14506073351021287,0.015732413532921166,488.4,9.964938534682485,196.8,10.034938963441679,11.2,1.6431676725154984,17.6,1.51657508881031,0.16072599999999998,0.0017833409657157682,0.16051799999999997,0.449349709756221,False
W35,T04,0.4,0.5,0.4,0.1,0.7100544431367373,0.035804645368734074,0.11760124657526719,0.03549279757179083,0.11760124657526719,0.03549279757179083,0.650071693845997,0.022548144665128143,0.8891625615763546,0.044403340830837315,0.4109808261156392,0.01448768748023376,0.05967343867509256,0.003032816294806103,0.9887867027967658,0.004556005671903248,0.5890191738843609,0.014487687480233784,0.4302521008403361,0.014054536363363694,0.11183374561783488,0.005586655955707472,281.6,9.787747442593725,403.6,10.139033484509262,3.2,1.3038404810405297,25.6,1.1401754250991383,0.050682000000000005,0.0005056382105814405,0.050696,0.5371603277886408,False
W35,T08,0.8,0.5,0.4,0.1,0.7100544431367373,0.035804645368734074,0.11760124657526719,0.03549279757179083,0.11760124657526719,0.03549279757179083,0.6236666302204604,0.051307494067976696,0.4379310344827586,0.09568577190008005,0.8094022259581622,0.011900916784109868,0.08840325728400107,0.021013648956494997,0.9716073188337321,0.0050858376249943785,0.1905977740418378,0.011900916784109867,0.7943977591036415,0.013843600888685255,0.14704190047048243,0.03425553378612484,554.6,7.956129712366421,130.6,8.203657720797473,16.2,2.863564212655271,12.6,2.701851217221259,0.325182,0.00457384630262101,0.32512400000000014,0.3424160462215519,False
W35,T03,0.3,0.5,0.4,0.1,0.7100544431367373,0.035804645368734074,0.11760124657526719,0.03549279757179083,0.11760124657526719,0.03549279757179083,0.6055755761007794,0.025307502824894513,0.9032019704433498,0.05077417589727592,0.307949181758209,0.021881581550903393,0.052015114900418505,0.0028619920316712184,0.9869994821864806,0.006972591431514991,0.692050818241791,0.02188158155090335,0.33193277310924374,0.02098504770836374,0.09835719073488992,0.005318901087959443,211.0,14.882876066137214,474.2,15.27088733505686,2.8,1.4832396974191326,26.0,1.224744871391589,0.037223,0.0003756427824409805,0.03713,0.5485579005301081,False
W35,T11,0.92,0.5,0.4,0.1,0.7100544431367373,0.035804645368734074,0.11760124657526719,0.03549279757179083,0.11760124657526719,0.03549279757179083,0.5662433305277093,0.031211272868334892,0.20837438423645321,0.048877819395486265,0.9241122768189654,0.015188641743161669,0.10867761584961874,0.043540217194559416,0.9652209118471504,0.0026224673947544217,0.07588772318103468,0.015188641743161665,0.8952380952380953,0.016194498061134193,0.14200012243490506,0.04802091538578855,633.2,10.281050529979916,52.0,10.416333327999828,22.8,1.4832396974191329,6.0,1.4142135623730951,0.5008776,2.2333830840261564e-05,0.50089,0.29439416677984637,False
W35,T02,0.2,0.5,0.4,0.1,0.7100544431367373,0.035804645368734074,0.11760124657526719,0.03549279757179083,0.11760124657526719,0.03549279757179083,0.5613912825566745,0.011758710919290158,0.9169950738916256,0.03894041153435214,0.20578749122172332,0.017590836835097365,0.04626413743777742,0.0010242050947002785,0.9837151924783175,0.006566833264602915,0.7942125087782766,0.017590836835097382,0.23445378151260504,0.015864088223690894,0.08807985572410759,0.0019515573142264858,141.0,11.979148550710939,544.2,12.377398757412656,2.4,1.140175425099138,26.4,0.8944271909999156,0.026764,0.0003887544211967247,0.026772000000000008,0.5573256438725926,False
W35,T09,0.85,0.5,0.4,0.1,0.7100544431367373,0.035804645368734074,0.11760124657526719,0.03549279757179083,0.11760124657526719,0.03549279757179083,0.5609069565045104,0.042531632959442275,0.28497536945812807,0.07975314689594912,0.8368385435508927,0.00975731755039382,0.06862401003212867,0.01973652412563339,0.9653143368842851,0.00411605887515953,0.1631614564491073,0.009757317550393831,0.8145658263305322,0.011230711594806379,0.11056181878762525,0.03152702303837583,573.4,6.503845016603642,111.8,6.7230945255886425,20.6,2.408318915758459,8.2,2.2803508501982757,0.5,0.0,0.5,0.29439282147158413,False
W35,T10,0.9,0.5,0.4,0.1,0.7100544431367373,0.035804645368734074,0.11760124657526719,0.03549279757179083,0.11760124657526719,0.03549279757179083,0.5609069565045104,0.042531632959442275,0.28497536945812807,0.07975314689594912,0.8368385435508927,0.00975731755039382,0.06862401003212867,0.01973652412563339,0.9653143368842851,0.00411605887515953,0.1631614564491073,0.009757317550393831,0.8145658263305322,0.011230711594806379,0.11056181878762525,0.03152702303837583,573.4,6.503845016603642,111.8,6.7230945255886425,20.6,2.408318915758459,8.2,2.2803508501982757,0.5,0.0,0.5,0.29439282147158413,False
W35,T12,0.94,0.5,0.4,0.1,0.7100544431367373,0.035804645368734074,0.11760124657526719,0.03549279757179083,0.11760124657526719,0.03549279757179083,0.5445721924741275,0.01567060675296749,0.14605911330049262,0.03041148873999518,0.9430852716477623,0.010604430750022263,0.09917751323777149,0.02521612624434192,0.9633290299997638,0.001610523012753877,0.05691472835223767,0.010604430750022237,0.9109243697478991,0.009933122255740662,0.1173777277574746,0.025431905483849892,646.2,7.04982269280584,39.0,7.280109889280517,24.6,1.1401754250991376,4.2,0.8366600265340756,0.6067029999999984,0.04518141423749408,0.6053605999999969,0.3126787318740425,False
W35,T13,0.95,0.5,0.4,0.1,0.7100544431367373,0.035804645368734074,0.11760124657526719,0.03549279757179083,0.11760124657526719,0.03549279757179083,0.5282752236488425,0.02688699958146125,0.11083743842364532,0.04440334083083731,0.9457130088740398,0.010104241759594196,0.08364661654135339,0.042754158821688946,0.9619847193528933,0.001937746535416817,0.05428699112596029,0.010104241759594216,0.9120448179271708,0.011001309180199157,0.09501680513070929,0.044340162675478814,648.0,6.633249580710785,37.2,6.942621983083913,25.6,1.1401754250991383,3.2,1.3038404810405297,0.7,0.0,0.7,0.3559032640114445,False
W35,T14,0.96,0.5,0.4,0.1,0.7100544431367373,0.035804645368734074,0.11760124657526719,0.03549279757179083,0.11760124657526719,0.03549279757179083,0.5282752236488425,0.02688699958146125,0.11083743842364532,0.04440334083083731,0.9457130088740398,0.010104241759594196,0.08364661654135339,0.042754158821688946,0.9619847193528933,0.001937746535416817,0.05428699112596029,0.010104241759594216,0.9120448179271708,0.011001309180199157,0.09501680513070929,0.044340162675478814,648.0,6.633249580710785,37.2,6.942621983083913,25.6,1.1401754250991383,3.2,1.3038404810405297,0.7,0.0,0.7,0.3559032640114445,False
W35,T15,0.97,0.5,0.4,0.1,0.7100544431367373,0.035804645368734074,0.11760124657526719,0.03549279757179083,0.11760124657526719,0.03549279757179083,0.5282752236488425,0.02688699958146125,0.11083743842364532,0.04440334083083731,0.9457130088740398,0.010104241759594196,0.08364661654135339,0.042754158821688946,0.9619847193528933,0.001937746535416817,0.05428699112596029,0.010104241759594216,0.9120448179271708,0.011001309180199157,0.09501680513070929,0.044340162675478814,648.0,6.633249580710785,37.2,6.942621983083913,25.6,1.1401754250991383,3.2,1.3038404810405297,0.7,0.0,0.7,0.3559032640114445,False
W35,T16,0.98,0.5,0.4,0.1,0.7100544431367373,0.035804645368734074,0.11760124657526719,0.03549279757179083,0.11760124657526719,0.03549279757179083,0.5282752236488425,0.02688699958146125,0.11083743842364532,0.04440334083083731,0.9457130088740398,0.010104241759594196,0.08364661654135339,0.042754158821688946,0.9619847193528933,0.001937746535416817,0.05428699112596029,0.010104241759594216,0.9120448179271708,0.011001309180199157,0.09501680513070929,0.044340162675478814,648.0,6.633249580710785,37.2,6.942621983083913,25.6,1.1401754250991383,3.2,1.3038404810405297,0.7,0.0,0.7,0.3559032640114445,False
W35,T17,0.99,0.5,0.4,0.1,0.7100544431367373,0.035804645368734074,0.11760124657526719,0.03549279757179083,0.11760124657526719,0.03549279757179083,0.5249024574771839,0.029920555630995053,0.07635467980295567,0.06627401008410695,0.973450235151412,0.028185725848268072,0.17182539682539683,0.17290161146200378,0.9616665235038155,0.0022342605418332233,0.02654976484858803,0.028185725848268065,0.9372549019607843,0.02554631062934877,0.0867500920132499,0.07117180304406752,667.0,18.973665961010273,18.2,19.33132173442882,26.6,1.9493588689617924,2.2,1.9235384061671346,0.7002655999999999,0.00035227659587316933,0.7001611999999999,0.355993875395968,False
W35,T01,0.1,0.5,0.4,0.1,0.7100544431367373,0.035804645368734074,0.11760124657526719,0.03549279757179083,0.11760124657526719,0.03549279757179083,0.5237870347880261,0.0248584838316916,0.9448275862068964,0.057700691485108646,0.10274648336915579,0.011079540192159999,0.04235350569958952,0.0018923760121778684,0.9792788928918625,0.020184995529324887,0.8972535166308442,0.011079540192159986,0.13669467787114847,0.009216069398522196,0.08107104344314071,0.0036655352520770504,70.4,7.5696763471102235,614.8,7.791020472312971,1.6,1.6733200530681511,27.2,1.4832396974191324,0.018185,0.00014287232062229474,0.018188000000000003,0.5646325678509875,False
W36,T07,0.7,0.6,0.1,0.3,0.7099291411320457,0.03164631514437612,0.14644057328293048,0.04321755604245569,0.14644057328293048,0.04321755604245569,0.676727605212737,0.018514486815304397,0.6389162561576354,0.02994409441463871,0.7145389542678385,0.015361286768291006,0.08620233661301702,0.006999418600651832,0.97919019603355,0.0018800721120646629,0.28546104573216147,0.015361286768290988,0.711484593837535,0.015084495258079894,0.15186493976569962,0.011419206392422698,489.6,10.406728592598162,195.6,10.573551910309043,10.4,0.8944271909999157,18.4,0.8944271909999161,0.1546579999999999,0.003480758897137238,0.15422599999999997,0.4962120437978103,False
W36,T05,0.5,0.6,0.1,0.3,0.7099291411320457,0.03164631514437612,0.14644057328293048,0.04321755604245569,0.14644057328293048,0.04321755604245569,0.6736085926945659,0.017554133536206912,0.8334975369458129,0.03692938879604197,0.513719648443319,0.004630813806727784,0.06718250485941402,0.0025016913266401788,0.9865629184351012,0.002971122338777092,0.4862803515566811,0.004630813806727736,0.5266106442577031,0.004083299646250196,0.12433925580784802,0.004645820183509432,352.0,3.082207001484487,333.2,3.271085446759225,4.8,1.0954451150103324,24.0,1.0,0.061366,0.0003576206090258223,0.061285,0.564922635906015,False
W36,T06,0.6,0.6,0.1,0.3,0.7099291411320457,0.03164631514437612,0.14644057328293048,0.04321755604245569,0.14644057328293048,0.04321755604245569,0.6679803212500706,0.013296773875583864,0.7224137931034483,0.03248524772658062,0.613546849396693,0.00839892491253009,0.07282474135098094,0.0022596607896183387,0.9813465892919098,0.002103639225150775,0.386453150603307,0.008398924912530083,0.6179271708683474,0.007168898538974621,0.13230054707367567,0.004094448807766758,420.4,5.549774770204646,264.8,5.890670590009256,8.0,1.0,20.8,0.8366600265340753,0.091896,0.0010000649978876312,0.09162200000000004,0.5417004007918029,False
W36,T04,0.4,0.6,0.1,0.3,0.7099291411320457,0.03164631514437612,0.14644057328293048,0.04321755604245569,0.14644057328293048,0.04321755604245569,0.6473524937643965,0.022213235124006723,0.8822660098522167,0.045629699219347446,0.41243897767657633,0.010367317549801323,0.059355527070292034,0.0027436966787021755,0.9881460692589874,0.004613792392185337,0.5875610223234237,0.010367317549801322,0.4313725490196078,0.009952850422655372,0.11122264396499441,0.005106199595532131,282.6,6.949820141557628,402.6,7.334848328356897,3.4,1.3416407864998738,25.4,1.1401754250991378,0.042172,0.00026300190113381135,0.042116,0.5799349022002384,False
W36,T08,0.8,0.6,0.1,0.3,0.7099291411320457,0.03164631514437612,0.14644057328293048,0.04321755604245569,0.14644057328293048,0.04321755604245569,0.6169160638977823,0.05479504075054545,0.4241379310344827,0.10459138543519379,0.8096941967610819,0.011207356269333793,0.08579968593141132,0.021489832345096535,0.9709478821308624,0.005491072242196789,0.1903058032389181,0.011207356269333798,0.7941176470588236,0.012988261198173295,0.14265861333283877,0.0354163192226942,554.8,7.463243262818107,130.4,7.733045971672482,16.6,3.1304951684997055,12.2,2.949576240750525,0.335032,0.007920209593186296,0.33576200000000017,0.39197047590092793,False
W36,T03,0.3,0.6,0.1,0.3,0.7099291411320457,0.03164631514437612,0.14644057328293048,0.04321755604245569,0.14644057328293048,0.04321755604245569,0.6048686945922881,0.020497232561534184,0.9029556650246306,0.03733782179632951,0.3067817241599455,0.02194044320463152,0.05194117526438834,0.002732644145908489,0.9868692483187896,0.00497362951773038,0.6932182758400545,0.021940443204631493,0.330812324929972,0.021272845478646576,0.09822396745666591,0.0050227884785764895,210.2,14.923136399564266,475.0,15.313392831113555,2.8,1.0954451150103324,26.0,1.0,0.031669,0.0003412550365928744,0.031691000000000004,0.5882006909338002,False
W36,T02,0.2,0.6,0.1,0.3,0.7099291411320457,0.03164631514437612,0.14644057328293048,0.04321755604245569,0.14644057328293048,0.04321755604245569,0.5610988861403394,0.011110390906984378,0.9169950738916256,0.03894041153435214,0.20520269838905322,0.01865570208497025,0.046230265457182416,0.0008614209350957656,0.9836827947497042,0.0064319526560284905,0.7947973016109467,0.01865570208497022,0.23389355742296916,0.016777518978586745,0.08801846891019713,0.0016583914935305406,140.6,12.72006289292628,544.6,13.049904214207851,2.4,1.140175425099138,26.4,0.8944271909999156,0.020866000000000003,0.0003404115156689029,0.020872000000000005,0.5968503779993777,False
W36,T12,0.94,0.6,0.1,0.3,0.7099291411320457,0.03164631514437612,0.14644057328293048,0.04321755604245569,0.14644057328293048,0.04321755604245569,0.5550630054617942,0.025053385745510783,0.1667487684729064,0.0452793508370055,0.943377242450682,0.010472303232597709,0.11302691116932602,0.04001343995745397,0.9641971097446211,0.0021443495306243967,0.05662275754931796,0.010472303232597681,0.9120448179271708,0.010638727739402219,0.13407852768917883,0.04225980605060677,646.4,6.949820141557637,38.8,7.190271204899019,24.0,1.4142135623730951,4.8,1.3038404810405297,0.6348463999999998,0.020749956501159475,0.6499201999999998,0.3861901082395041,False
W36,T11,0.92,0.6,0.1,0.3,0.7099291411320457,0.03164631514437612,0.14644057328293048,0.04321755604245569,0.14644057328293048,0.04321755604245569,0.5541605729343624,0.03710703722206785,0.21600985221674876,0.07042138553165175,0.8923112936519759,0.0552794361253442,0.08984132826801292,0.042745724733091295,0.9643204773787424,0.0035006802902423388,0.1076887063480241,0.05527943612534423,0.864985994397759,0.05200587713198587,0.1222469183316828,0.04620137147944094,611.4,37.647045036762194,73.8,37.91042073098108,22.6,2.3021728866442674,6.2,1.9235384061671346,0.6014208,0.0013014773144392644,0.6021708,0.3702777413059553,False
W36,T09,0.85,0.6,0.1,0.3,0.7099291411320457,0.03164631514437612,0.14644057328293048,0.04321755604245569,0.14644057328293048,0.04321755604245569,0.5530430295162904,0.043223688079525084,0.26428571428571435,0.08478596725945532,0.8418003447468664,0.009555100514345289,0.06547065731664928,0.02030308470423516,0.9645566373286,0.00423050950163034,0.15819965525313356,0.009555100514345287,0.8184873949579832,0.010080142417617139,0.10488309801124882,0.0326346620850207,576.8,6.379655163094649,108.4,6.580273550544843,21.2,2.5884358211089573,7.6,2.4083189157584592,0.6,0.0,0.6,0.36968464038150134,False
W36,T10,0.9,0.6,0.1,0.3,0.7099291411320457,0.03164631514437612,0.14644057328293048,0.04321755604245569,0.14644057328293048,0.04321755604245569,0.5530430295162904,0.043223688079525084,0.26428571428571435,0.08478596725945532,0.8418003447468664,0.009555100514345289,0.06547065731664928,0.02030308470423516,0.9645566373286,0.00423050950163034,0.15819965525313356,0.009555100514345287,0.8184873949579832,0.010080142417617139,0.10488309801124882,0.0326346620850207,576.8,6.379655163094649,108.4,6.580273550544843,21.2,2.5884358211089573,7.6,2.4083189157584592,0.6,0.0,0.6,0.36968464038150134,False
W36,T17,0.99,0.6,0.1,0.3,0.7099291411320457,0.03164631514437612,0.14644057328293048,0.04321755604245569,0.14644057328293048,0.04321755604245569,0.5526003952334233,0.027576116015842807,0.11133004926108374,0.05729976758067132,0.9938707412057628,0.0028069827504623164,0.43694083694083685,0.08830149004107171,0.9637783806879734,0.0024109297338320668,0.0061292587942371945,0.002806982750462324,0.9582633053221288,0.0018261071163032563,0.17161193451516032,0.07945695987009162,681.0,1.8708286933869689,4.2,1.9235384061671346,25.6,1.8165902124584945,3.2,1.6431676725154984,0.65267,2.1213203435622547e-05,0.65267,0.38726588054462013,False
W36,T13,0.95,0.6,0.1,0.3,0.7099291411320457,0.03164631514437612,0.14644057328293048,0.04321755604245569,0.14644057328293048,0.04321755604245569,0.5517835476932854,0.025949601677084086,0.15960591133004925,0.04576245975366933,0.9439611840565215,0.009688646342574589,0.11005932413451211,0.04187828387151261,0.9639290350985391,0.0020306724693669054,0.05603881594347854,0.009688646342574585,0.9123249299719888,0.010176975980159647,0.1297877130186173,0.04421619487622463,646.8,6.379655163094621,38.4,6.6558245169174945,24.2,1.30384048104053,4.6,1.3416407864998736,0.65,0.0,0.65,0.3862210938491061,False
W36,T14,0.96,0.6,0.1,0.3,0.7099291411320457,0.03164631514437612,0.14644057328293048,0.04321755604245569,0.14644057328293048,0.04321755604245569,0.5517835476932854,0.025949601677084086,0.15960591133004925,0.04576245975366933,0.9439611840565215,0.009688646342574589,0.11005932413451211,0.04187828387151261,0.9639290350985391,0.0020306724693669054,0.05603881594347854,0.009688646342574585,0.9123249299719888,0.010176975980159647,0.1297877130186173,0.04421619487622463,646.8,6.379655163094621,38.4,6.6558245169174945,24.2,1.30384048104053,4.6,1.3416407864998736,0.65,0.0,0.65,0.3862210938491061,False
W36,T15,0.97,0.6,0.1,0.3,0.7099291411320457,0.03164631514437612,0.14644057328293048,0.04321755604245569,0.14644057328293048,0.04321755604245569,0.5517835476932854,0.025949601677084086,0.15960591133004925,0.04576245975366933,0.9439611840565215,0.009688646342574589,0.11005932413451211,0.04187828387151261,0.9639290350985391,0.0020306724693669054,0.05603881594347854,0.009688646342574585,0.9123249299719888,0.010176975980159647,0.1297877130186173,0.04421619487622463,646.8,6.379655163094621,38.4,6.6558245169174945,24.2,1.30384048104053,4.6,1.3416407864998736,0.65,0.0,0.65,0.3862210938491061,False
W36,T16,0.98,0.6,0.1,0.3,0.7099291411320457,0.03164631514437612,0.14644057328293048,0.04321755604245569,0.14644057328293048,0.04321755604245569,0.5517835476932854,0.025949601677084086,0.15960591133004925,0.04576245975366933,0.9439611840565215,0.009688646342574589,0.11005932413451211,0.04187828387151261,0.9639290350985391,0.0020306724693669054,0.05603881594347854,0.009688646342574585,0.9123249299719888,0.010176975980159647,0.1297877130186173,0.04421619487622463,646.8,6.379655163094621,38.4,6.6558245169174945,24.2,1.30384048104053,4.6,1.3416407864998736,0.65,0.0,0.65,0.3862210938491061,False
W36,T01,0.1,0.6,0.1,0.3,0.7099291411320457,0.03164631514437612,0.14644057328293048,0.04321755604245569,0.14644057328293048,0.04321755604245569,0.5266494537838867,0.030989277983631457,0.9517241379310345,0.06721927134351012,0.10157476963673895,0.011272243748957073,0.04259542152250504,0.0024176510029872123,0.981764705882353,0.0249913479838212,0.898425230363261,0.011272243748957075,0.1358543417366947,0.00944729521234737,0.08154036371782154,0.004672082324927806,69.6,7.7330459716724835,615.6,7.635443667528436,1.4,1.949358868961793,27.4,1.8165902124584947,0.012870000000000001,0.00013688498822003763,0.012898,0.6032703305633387,False
W37,T06,0.6,0.6,0.3,0.1,0.7096724081846508,0.03372934488202931,0.11498174312232379,0.02384782639279917,0.11498174312232379,0.02384782639279917,0.6754381946946554,0.018292531470948628,0.7364532019704433,0.036781242667655326,0.6144231874188675,0.011612472411704227,0.07432724872140486,0.0036097785805405836,0.9822767247023675,0.002582827882950588,0.3855768125811325,0.01161247241170418,0.619327731092437,0.011045795043770474,0.1350111104549257,0.006349125834079155,421.0,7.7781745930520225,264.2,8.074651695274536,7.6,1.140175425099138,21.2,0.8366600265340756,0.102376,0.0009236774328736073,0.10228400000000001,0.5337088625739692,False
W37,T05,0.5,0.6,0.3,0.1,0.7096724081846508,0.03372934488202931,0.11498174312232379,0.02384782639279917,0.11498174312232379,0.02384782639279917,0.6710153118095248,0.022086760331095592,0.8268472906403941,0.05336648983107286,0.5151833329786555,0.011263786104167702,0.06682903344228874,0.002561418802809964,0.986107199007372,0.0041332189144763646,0.48481666702134446,0.011263786104167752,0.5277310924369748,0.009258539989377333,0.1236525038902178,0.0048815916237350395,353.0,7.516648189186454,332.2,7.9183331579316585,5.0,1.5811388300841898,23.8,1.3038404810405297,0.070505,0.0005268301434048717,0.07046,0.557827701834536,False
W37,T07,0.7,0.6,0.3,0.1,0.7096724081846508,0.03372934488202931,0.11498174312232379,0.02384782639279917,0.11498174312232379,0.02384782639279917,0.668516759262045,0.023777022920348972,0.6251231527093596,0.03587952262981312,0.7119103658147304,0.016535046977798482,0.08385860831551045,0.008201056825359796,0.9783137706624325,0.0024539608198313172,0.2880896341852695,0.016535046977798513,0.7084033613445377,0.016759972326780555,0.1478372074113149,0.013543753164129143,487.8,11.278297743897353,197.4,11.349008767288884,10.8,1.095445115010332,18.0,1.0,0.16627299999999987,0.0021970394853074813,0.16681399999999993,0.48752440341997244,False
W37,T04,0.4,0.6,0.3,0.1,0.7096724081846508,0.03372934488202931,0.11498174312232379,0.02384782639279917,0.11498174312232379,0.02384782639279917,0.6505075219832999,0.022824555897772072,0.8891625615763546,0.044403340830837315,0.4118524823902449,0.00780494611096193,0.059737487084632536,0.0027680545579712628,0.9887954921783344,0.004584049639420233,0.588147517609755,0.007804946110961923,0.4310924369747899,0.00794748513115468,0.11195019439560924,0.005168142171968413,282.2,5.263078946776305,403.0,5.477225575051658,3.2,1.3038404810405297,25.6,1.1401754250991383,0.049488,0.00023338808881345874,0.04953000000000002,0.5740996030603052,False
W37,T08,0.8,0.6,0.3,0.1,0.7096724081846508,0.03372934488202931,0.11498174312232379,0.02384782639279917,0.11498174312232379,0.02384782639279917,0.6312931089518976,0.04497208115975094,0.4517241379310345,0.08304547985373997,0.8108620799727607,0.012113787239638333,0.09160108162369451,0.01867237988016538,0.9723370393897435,0.004452105593496649,0.18913792002723925,0.012113787239638324,0.796358543417367,0.013600586427238378,0.1522420396691368,0.030270187728653426,555.6,8.080841540334779,129.6,8.354639429682166,15.8,2.489979919597747,13.0,2.345207879911715,0.34025999999999995,0.006610862273561538,0.3410560000000002,0.38978241169914263,False
W37,T03,0.3,0.6,0.3,0.1,0.7096724081846508,0.03372934488202931,0.11498174312232379,0.02384782639279917,0.11498174312232379,0.02384782639279917,0.6060137451118666,0.02541055665561445,0.9032019704433498,0.05077417589727592,0.3088255197803835,0.023205148832736847,0.052082343059862354,0.002918289897723034,0.9870387135666665,0.006966358901705361,0.6911744802196165,0.023205148832736874,0.3327731092436975,0.022246434408473147,0.09847671565960017,0.005413559329067857,211.6,15.78923684032892,473.6,16.180234856144697,2.8,1.4832396974191326,26.0,1.224744871391589,0.036472,0.0003829915142663066,0.036424,0.5844397668793594,False
W37,T02,0.2,0.6,0.3,0.1,0.7096724081846508,0.03372934488202931,0.11498174312232379,0.02384782639279917,0.11498174312232379,0.02384782639279917,0.5605149445345,0.013147500905632119,0.9169950738916256,0.03894041153435214,0.2040348151773744,0.01446173291332501,0.04616523883175854,0.0010799344136916125,0.9835174609889906,0.006868365894604173,0.7959651848226257,0.014461732913325103,0.23277310924369748,0.012889720296743474,0.08790139632300197,0.0020727209813430954,139.8,9.833615815151617,545.4,10.23718711365577,2.4,1.140175425099138,26.4,0.8944271909999156,0.025419999999999998,0.0002324865587512547,0.025396,0.5932251597412234,False
W37,T12,0.94,0.6,0.3,0.1,0.7096724081846508,0.03372934488202931,0.11498174312232379,0.02384782639279917,0.11498174312232379,0.02384782639279917,0.5554781289740734,0.02416440556358146,0.16699507389162563,0.046746147024561015,0.9439611840565215,0.011122333404759864,0.11350453811754121,0.036009443009918596,0.9642239127413148,0.0022876730552107427,0.05603881594347854,0.011122333404759828,0.9126050420168067,0.010693898694017448,0.13423718511514823,0.03851756334367239,646.8,7.395944834840255,38.4,7.6354436675284285,24.0,1.5811388300841898,4.8,1.3038404810405297,0.6525273999999986,0.036520555962360764,0.6353391999999992,0.3807674255902673,False
W37,T11,0.92,0.6,0.3,0.1,0.7096724081846508,0.03372934488202931,0.11498174312232379,0.02384782639279917,0.11498174312232379,0.02384782639279917,0.5545985291387419,0.03636032001691765,0.21600985221674876,0.07042138553165175,0.8931872060607351,0.05460937937890918,0.09001170570797123,0.04152113900070071,0.9643598852131736,0.003438167466367749,0.10681279393926497,0.05460937937890919,0.8658263305322128,0.051291873275152035,0.12251259010986629,0.045133807419553015,612.0,37.18198488515641,73.2,37.45263675630863,22.6,2.3021728866442674,6.2,1.9235384061671346,0.6003608,0.00036863423606604443,0.6000624,0.3697020654902539,False
W37,T09,0.85,0.6,0.3,0.1,0.7096724081846508,0.03372934488202931,0.11498174312232379,0.02384782639279917,0.11498174312232379,0.02384782639279917,0.5539189419250495,0.04302624843922845,0.26428571428571435,0.08478596725945532,0.8435521695643846,0.00991632192537613,0.06614398583920836,0.02047810103293392,0.9646294308820653,0.004200559797058365,0.15644783043561533,0.009916321925376111,0.8201680672268907,0.010225048878680108,0.10573508800585003,0.032825537188172826,578.0,6.595452979136471,107.2,6.833739825307957,21.2,2.5884358211089573,7.6,2.4083189157584592,0.6,0.0,0.6,0.36968518138275436,False
W37,T10,0.9,0.6,0.3,0.1,0.7096724081846508,0.03372934488202931,0.11498174312232379,0.02384782639279917,0.11498174312232379,0.02384782639279917,0.5539189419250495,0.04302624843922845,0.26428571428571435,0.08478596725945532,0.8435521695643846,0.00991632192537613,0.06614398583920836,0.02047810103293392,0.9646294308820653,0.004200559797058365,0.15644783043561533,0.009916321925376111,0.8201680672268907,0.010225048878680108,0.10573508800585003,0.032825537188172826,578.0,6.595452979136471,107.2,6.833739825307957,21.2,2.5884358211089573,7.6,2.4083189157584592,0.6,0.0,0.6,0.36968518138275436,False
W37,T13,0.95,0.6,0.3,0.1,0.7096724081846508,0.03372934488202931,0.11498174312232379,0.02384782639279917,0.11498174312232379,0.02384782639279917,0.5282752236488425,0.018711918543004653,0.11083743842364532,0.027974917959607257,0.9457130088740398,0.010104241759594196,0.08288057099269913,0.03161728150662854,0.9619879128614237,0.0011104599526937532,0.05428699112596029,0.010104241759594216,0.9120448179271708,0.010358466155238392,0.09443676355066771,0.031016830221796396,648.0,6.633249580710785,37.2,6.942621983083913,25.6,0.5477225575051664,3.2,0.8366600265340756,0.75,0.0,0.75,0.4349334815049308,False
W37,T14,0.96,0.6,0.3,0.1,0.7096724081846508,0.03372934488202931,0.11498174312232379,0.02384782639279917,0.11498174312232379,0.02384782639279917,0.5282752236488425,0.018711918543004653,0.11083743842364532,0.027974917959607257,0.9457130088740398,0.010104241759594196,0.08288057099269913,0.03161728150662854,0.9619879128614237,0.0011104599526937532,0.05428699112596029,0.010104241759594216,0.9120448179271708,0.010358466155238392,0.09443676355066771,0.031016830221796396,648.0,6.633249580710785,37.2,6.942621983083913,25.6,0.5477225575051664,3.2,0.8366600265340756,0.75,0.0,0.75,0.4349334815049308,False
W37,T15,0.97,0.6,0.3,0.1,0.7096724081846508,0.03372934488202931,0.11498174312232379,0.02384782639279917,0.11498174312232379,0.02384782639279917,0.5282752236488425,0.018711918543004653,0.11083743842364532,0.027974917959607257,0.9457130088740398,0.010104241759594196,0.08288057099269913,0.03161728150662854,0.9619879128614237,0.0011104599526937532,0.05428699112596029,0.010104241759594216,0.9120448179271708,0.010358466155238392,0.09443676355066771,0.031016830221796396,648.0,6.633249580710785,37.2,6.942621983083913,25.6,0.5477225575051664,3.2,0.8366600265340756,0.75,0.0,0.75,0.4349334815049308,False
W37,T16,0.98,0.6,0.3,0.1,0.7096724081846508,0.03372934488202931,0.11498174312232379,0.02384782639279917,0.11498174312232379,0.02384782639279917,0.5282752236488425,0.018711918543004653,0.11083743842364532,0.027974917959607257,0.9457130088740398,0.010104241759594196,0.08288057099269913,0.03161728150662854,0.9619879128614237,0.0011104599526937532,0.05428699112596029,0.010104241759594216,0.9120448179271708,0.010358466155238392,0.09443676355066771,0.031016830221796396,648.0,6.633249580710785,37.2,6.942621983083913,25.6,0.5477225575051664,3.2,0.8366600265340756,0.75,0.0,0.75,0.4349334815049308,False
W37,T17,0.99,0.6,0.3,0.1,0.7096724081846508,0.03372934488202931,0.11498174312232379,0.02384782639279917,0.11498174312232379,0.02384782639279917,0.5234426034625853,0.01753362629942826,0.07635467980295566,0.028723900959829064,0.970530527122215,0.032408623814667976,0.21423395445134577,0.16148885835354762,0.9615275092465907,0.0010504641655501334,0.02946947287778511,0.032408623814667956,0.934453781512605,0.030353730112286936,0.09420308346624136,0.04635604006508709,665.0,21.93171219946131,20.2,22.219360926903367,26.6,0.8944271909999156,2.2,0.8366600265340756,0.7502655999999999,0.00035227659587317394,0.7501612,0.4350261593507222,False
W37,T01,0.1,0.6,0.3,0.1,0.7096724081846508,0.03372934488202931,0.11498174312232379,0.02384782639279917,0.11498174312232379,0.02384782639279917,0.5230560437471886,0.029431256802078583,0.9448275862068967,0.06264104180891365,0.10128450128748057,0.006581034205146853,0.04228934965919361,0.0022621971608045247,0.9785706617590677,0.023648524045315925,0.8987154987125194,0.0065810342051468304,0.13529411764705881,0.005107726198546351,0.08095422765045668,0.004368325791956449,69.4,4.505552130427523,615.8,4.549725266430914,1.6,1.816590212458495,27.2,1.6431676725154982,0.016797,7.766917020285553e-05,0.016816,0.6001115822828285,False
W39,T05,0.5,0.7,0.2,0.1,0.7073310215151775,0.02913112879398525,0.10951993901715114,0.02761441707051733,0.10951993901715114,0.02761441707051733,0.6701618064794506,0.013999387342574908,0.8266009852216749,0.033301367056464165,0.5137226277372263,0.009034597633147928,0.06666812243795375,0.0020538988298316975,0.9860234586191728,0.0025936641836106448,0.4862773722627737,0.009034597633147907,0.5263305322128852,0.008008951515683973,0.1233775393130339,0.003755615409823655,352.0,6.000000000000001,333.2,6.379655163094631,5.0,1.0,23.8,0.8366600265340757,0.06905199999999999,0.0002395725359885807,0.069045,0.6264098860642286,False
W39,T07,0.7,0.7,0.2,0.1,0.7073310215151775,0.02913112879398525,0.10951993901715114,0.02761441707051733,0.10951993901715114,0.02761441707051733,0.6688087300649648,0.022346034797722646,0.6251231527093596,0.03587952262981312,0.71249430742057,0.01473882699092208,0.08394759371157176,0.0075408938909002025,0.978339558397302,0.002362075925784878,0.2875056925794301,0.01473882699092209,0.7089635854341736,0.014868383223630549,0.14798148715285936,0.012494663380887863,488.2,10.034938963441684,197.0,10.124228365658293,10.8,1.095445115010332,18.0,1.0,0.16756099999999993,0.0023031158242693903,0.16798899999999992,0.5629373299533439,False
W39,T06,0.6,0.7,0.2,0.1,0.7073310215151775,0.02913112879398525,0.10951993901715114,0.02761441707051733,0.10951993901715114,0.02761441707051733,0.6639472525553316,0.010357849528682043,0.7155172413793103,0.025862068965517213,0.6123772637313528,0.00679485359371014,0.07197138546458427,0.0009043557306266976,0.9808453355409334,0.0017716181944408256,0.3876227362686472,0.006794853593710139,0.6165266106442577,0.005723478078908257,0.13078021443363322,0.001821916939738019,419.6,4.560701700396554,265.6,4.722287581247034,8.2,0.8366600265340756,20.6,0.547722557505166,0.10217999999999998,0.0004955804677345562,0.10220400000000002,0.604076808816561,False
W39,T04,0.4,0.7,0.2,0.1,0.7073310215151775,0.02913112879398525,0.10951993901715114,0.02761441707051733,0.10951993901715114,0.02761441707051733,0.6506541458048827,0.022052743020738577,0.8891625615763546,0.044403340830837315,0.41214573003341065,0.007904186242100082,0.05976338822441833,0.0027195209352784532,0.98881804233441,0.004517475908408676,0.5878542699665894,0.007904186242100096,0.4313725490196078,0.007797989303683497,0.11199492646326396,0.005072003529993419,282.4,5.272570530585621,402.8,5.630275304103702,3.2,1.3038404810405297,25.6,1.1401754250991383,0.04789,0.0002011218536111906,0.047852,0.6411746620367963,False
W39,T08,0.8,0.7,0.2,0.1,0.7073310215151775,0.02913112879398525,0.10951993901715114,0.02761441707051733,0.10951993901715114,0.02761441707051733,0.6383121749652721,0.059745152592175894,0.46576354679802956,0.11324827453783476,0.8108608031325147,0.010695207578922474,0.09399772694973638,0.02334331779892758,0.9730232646134966,0.005944646358072889,0.18913919686748526,0.010695207578922524,0.7969187675070029,0.01332373780843172,0.1563691663068107,0.038522013768321595,555.6,7.162401831788005,129.6,7.368853370776212,15.4,3.361547262794322,13.4,3.2093613071762426,0.356542,0.005950148737636739,0.3579380000000001,0.4762864108685025,False
W39,T03,0.3,0.7,0.2,0.1,0.7073310215151775,0.02913112879398525,0.10951993901715114,0.02761441707051733,0.10951993901715114,0.02761441707051733,0.6094844280526205,0.019196269073896627,0.9098522167487685,0.030446378601699426,0.3091166393564725,0.021198367050940182,0.05249407298329469,0.002715581395577078,0.9878380843446288,0.004255589205700089,0.6908833606435275,0.02119836705094017,0.3333333333333333,0.020820824576076348,0.09925382231612521,0.004964296261995982,211.8,14.411800720243116,473.4,14.808781178746614,2.6,0.8944271909999159,26.2,0.8366600265340753,0.035759,0.00046161943199999407,0.035747,0.6497676364232063,False
W39,T02,0.2,0.7,0.2,0.1,0.7073310215151775,0.02913112879398525,0.10951993901715114,0.02761441707051733,0.10951993901715114,0.02761441707051733,0.5608069153374198,0.012255724933330471,0.9169950738916256,0.03894041153435214,0.20461875678321378,0.016559576184029597,0.04619778390180919,0.000988845250618167,0.9835984877777767,0.006664202660551211,0.7953812432167862,0.016559576184029572,0.23333333333333334,0.014841973996346168,0.08796001697438283,0.0018991752643898708,140.2,11.278297743897348,545.0,11.640446726822816,2.4,1.140175425099138,26.4,0.8944271909999156,0.023824,0.00034500724630071527,0.023952000000000008,0.6582467862724435,False
W39,T12,0.94,0.7,0.2,0.1,0.7073310215151775,0.02913112879398525,0.10951993901715114,0.02761441707051733,0.10951993901715114,0.02761441707051733,0.5486274554408437,0.022389807951056453,0.1527093596059113,0.0389443061597091,0.9445455512757762,0.010894524785422929,0.10715900395245817,0.03825463359241541,0.9636646965651764,0.0017568059933921647,0.05545444872422378,0.01089452478542293,0.9126050420168067,0.01092077797737703,0.12526655912259538,0.038994436321265265,647.2,7.190271204899017,38.0,7.4833147735478835,24.4,1.1401754250991383,4.4,1.1401754250991378,0.7109775999999998,0.0059584890953996526,0.7089144,0.5003122623535825,False
W39,T09,0.85,0.7,0.2,0.1,0.7073310215151775,0.02913112879398525,0.10951993901715114,0.02761441707051733,0.10951993901715114,0.02761441707051733,0.5408785981761731,0.037403293468611376,0.23645320197044334,0.07623540660365596,0.8453039943819028,0.01061192376270871,0.06004033393858319,0.018205390191467805,0.9634228782350271,0.00366500620655699,0.1546960056180971,0.010611923762708746,0.8207282913165266,0.009853814621477804,0.09568446550213201,0.029246643020674028,579.2,7.04982269280581,106.0,7.314369419163897,22.0,2.3452078799117144,6.8,2.16794833886788,0.7,0.0,0.7,0.49665595066806556,False
W39,T10,0.9,0.7,0.2,0.1,0.7073310215151775,0.02913112879398525,0.10951993901715114,0.02761441707051733,0.10951993901715114,0.02761441707051733,0.5408785981761731,0.037403293468611376,0.23645320197044334,0.07623540660365596,0.8453039943819028,0.01061192376270871,0.06004033393858319,0.018205390191467805,0.9634228782350271,0.00366500620655699,0.1546960056180971,0.010611923762708746,0.8207282913165266,0.009853814621477804,0.09568446550213201,0.029246643020674028,579.2,7.04982269280581,106.0,7.314369419163897,22.0,2.3452078799117144,6.8,2.16794833886788,0.7,0.0,0.7,0.49665595066806556,False
W39,T11,0.92,0.7,0.2,0.1,0.7073310215151775,0.02913112879398525,0.10951993901715114,0.02761441707051733,0.10951993901715114,0.02761441707051733,0.5408785981761731,0.037403293468611376,0.23645320197044334,0.07623540660365596,0.8453039943819028,0.01061192376270871,0.06004033393858319,0.018205390191467805,0.9634228782350271,0.00366500620655699,0.1546960056180971,0.010611923762708746,0.8207282913165266,0.009853814621477804,0.09568446550213201,0.029246643020674028,579.2,7.04982269280581,106.0,7.314369419163897,22.0,2.3452078799117144,6.8,2.16794833886788,0.7,0.0,0.7,0.49665595066806556,False
W39,T01,0.1,0.7,0.2,0.1,0.7073310215151775,0.02913112879398525,0.10951993901715114,0.02761441707051733,0.10951993901715114,0.02761441707051733,0.526795864798762,0.030438945744313748,0.9517241379310345,0.06721927134351012,0.10186759166648933,0.009074615455738719,0.04260642720457677,0.0023863405187834175,0.9820254862508383,0.024685613326190278,0.8981324083335107,0.009074615455738691,0.13613445378151262,0.006818297728088562,0.08156049160635966,0.004614766570538337,69.8,6.220932405998317,615.4,6.188699378706314,1.4,1.949358868961793,27.4,1.8165902124584947,0.015403,0.0001225561095988285,0.015408,0.6644520598192167,False
W39,T13,0.95,0.7,0.2,0.1,0.7073310215151775,0.02913112879398525,0.10951993901715114,0.02761441707051733,0.10951993901715114,0.02761441707051733,0.521255519215345,0.02279909661269945,0.09679802955665025,0.037268703974712714,0.9457130088740398,0.010104241759594196,0.07359247277468853,0.03430058311455379,0.9614164800720821,0.0013191471936136044,0.05428699112596029,0.010104241759594216,0.911484593837535,0.010499532108678569,0.08329140014214641,0.035842442308865415,648.0,6.633249580710785,37.2,6.942621983083913,26.0,0.7071067811865476,2.8,1.0954451150103321,0.7999999999999999,0.0,0.7999999999999999,0.5446715830057595,False
W39,T14,0.96,0.7,0.2,0.1,0.7073310215151775,0.02913112879398525,0.10951993901715114,0.02761441707051733,0.10951993901715114,0.02761441707051733,0.521255519215345,0.02279909661269945,0.09679802955665025,0.037268703974712714,0.9457130088740398,0.010104241759594196,0.07359247277468853,0.03430058311455379,0.9614164800720821,0.0013191471936136044,0.05428699112596029,0.010104241759594216,0.911484593837535,0.010499532108678569,0.08329140014214641,0.035842442308865415,648.0,6.633249580710785,37.2,6.942621983083913,26.0,0.7071067811865476,2.8,1.0954451150103321,0.7999999999999999,0.0,0.7999999999999999,0.5446715830057595,False
W39,T15,0.97,0.7,0.2,0.1,0.7073310215151775,0.02913112879398525,0.10951993901715114,0.02761441707051733,0.10951993901715114,0.02761441707051733,0.521255519215345,0.02279909661269945,0.09679802955665025,0.037268703974712714,0.9457130088740398,0.010104241759594196,0.07359247277468853,0.03430058311455379,0.9614164800720821,0.0013191471936136044,0.05428699112596029,0.010104241759594216,0.911484593837535,0.010499532108678569,0.08329140014214641,0.035842442308865415,648.0,6.633249580710785,37.2,6.942621983083913,26.0,0.7071067811865476,2.8,1.0954451150103321,0.7999999999999999,0.0,0.7999999999999999,0.5446715830057595,False
W39,T16,0.98,0.7,0.2,0.1,0.7073310215151775,0.02913112879398525,0.10951993901715114,0.02761441707051733,0.10951993901715114,0.02761441707051733,0.521255519215345,0.02279909661269945,0.09679802955665025,0.037268703974712714,0.9457130088740398,0.010104241759594196,0.07359247277468853,0.03430058311455379,0.9614164800720821,0.0013191471936136044,0.05428699112596029,0.010104241759594216,0.911484593837535,0.010499532108678569,0.08329140014214641,0.035842442308865415,648.0,6.633249580710785,37.2,6.942621983083913,26.0,0.7071067811865476,2.8,1.0954451150103321,0.7999999999999999,0.0,0.7999999999999999,0.5446715830057595,False
W39,T17,0.99,0.7,0.2,0.1,0.7073310215151775,0.02913112879398525,0.10951993901715114,0.02761441707051733,0.10951993901715114,0.02761441707051733,0.521255519215345,0.02279909661269945,0.09679802955665025,0.037268703974712714,0.9457130088740398,0.010104241759594196,0.07359247277468853,0.03430058311455379,0.9614164800720821,0.0013191471936136044,0.05428699112596029,0.010104241759594216,0.911484593837535,0.010499532108678569,0.08329140014214641,0.035842442308865415,648.0,6.633249580710785,37.2,6.942621983083913,26.0,0.7071067811865476,2.8,1.0954451150103321,0.7999999999999999,0.0,0.7999999999999999,0.5446715830057595,False
W38,T07,0.7,0.7,0.1,0.2,0.7056079630802377,0.026483523152628745,0.12681561510019396,0.03114665656010512,0.12681561510019396,0.03114665656010512,0.6765811941978618,0.01897588359726486,0.6389162561576354,0.02994409441463871,0.7142461322380882,0.015307971181591998,0.0861256378886857,0.007062638202893874,0.9791790743403647,0.0019249472742228363,0.28575386776191186,0.015307971181592023,0.7112044817927171,0.015129940365049235,0.15174826230174276,0.011541969937876045,489.4,10.406728592598151,195.8,10.521406750050106,10.4,0.8944271909999157,18.4,0.8944271909999161,0.1635129999999999,0.002454487217322549,0.16324999999999998,0.5657450802561167,False
W38,T05,0.5,0.7,0.1,0.2,0.7056079630802377,0.026483523152628745,0.12681561510019396,0.03114665656010512,0.12681561510019396,0.03114665656010512,0.6701613808660353,0.016196484957711334,0.8266009852216749,0.033301367056464165,0.5137217765103956,0.008796851701927379,0.06667964048250086,0.002538266296293524,0.9860068826139834,0.002702838411563534,0.4862782234896044,0.008796851701927297,0.5263305322128852,0.0083682740875572,0.12339818791516569,0.004611424961190741,352.0,5.873670062235369,333.2,6.180614856144976,5.0,1.0,23.8,0.8366600265340757,0.065185,0.0004621282289581521,0.06528500000000001,0.6290024360517215,False
W38,T06,0.6,0.7,0.1,0.2,0.7056079630802377,0.026483523152628745,0.12681561510019396,0.03114665656010512,0.12681561510019396,0.03114665656010512,0.6678336974284877,0.013398125164728741,0.7224137931034483,0.03248524772658062,0.6132536017535273,0.00715879677009514,0.07276449008053842,0.0019950211952877443,0.9813363082899814,0.00212056482729203,0.3867463982464727,0.007158796770095123,0.6176470588235294,0.005858963771247006,0.1322036700598014,0.00371596859208982,420.2,4.7644516998286335,265.0,5.0000000000000036,8.0,1.0,20.8,0.8366600265340753,0.097174,0.0006426351997828966,0.096928,0.6075639641371103,False
W38,T04,0.4,0.7,0.1,0.2,0.7056079630802377,0.026483523152628745,0.12681561510019396,0.03114665656010512,0.12681561510019396,0.03114665656010512,0.6503630262287936,0.02100703439973498,0.8891625615763546,0.044403340830837315,0.41156349088123256,0.010598173410114027,0.05970835151338734,0.0026419086311701124,0.988823003437665,0.004453882632980591,0.5884365091187674,0.010598173410114068,0.43081232492997196,0.009982369569302759,0.11189678167478614,0.0049144965291959206,282.0,7.106335201775948,403.2,7.4966659255965205,3.2,1.3038404810405297,25.6,1.1401754250991383,0.044488,0.0003623120202256603,0.044484,0.6435540067391391,False
W38,T08,0.8,0.7,0.1,0.2,0.7056079630802377,0.026483523152628745,0.12681561510019396,0.03114665656010512,0.12681561510019396,0.03114665656010512,0.6341341849026116,0.0663745469960155,0.4588669950738916,0.12781685031763507,0.8094013747313316,0.00930980732427547,0.09188895592361528,0.02548782702506057,0.9726458718231432,0.006611170075018936,0.19059862526866847,0.009309807324275488,0.7952380952380953,0.012345602728873431,0.15306645912317762,0.04234737480714385,554.6,6.188699378706307,130.6,6.4265076052238514,15.6,3.7815340802378077,13.2,3.6331804249169903,0.35631799999999997,0.004710018046674552,0.3570820000000005,0.47654222064576796,False
W38,T03,0.3,0.7,0.1,0.2,0.7056079630802377,0.026483523152628745,0.12681561510019396,0.03114665656010512,0.12681561510019396,0.03114665656010512,0.6090460462348256,0.019093745377765318,0.9098522167487685,0.030446378601699426,0.30823987572088274,0.020203430386471273,0.05242694081457468,0.0026484811072090267,0.9878014111503008,0.004307494734412388,0.6917601242791174,0.02020343038647133,0.33249299719887954,0.019871180837687904,0.09913441050085686,0.004847158494486768,211.2,13.736811857195976,474.0,14.106735979665885,2.6,0.8944271909999159,26.2,0.8366600265340753,0.032748,0.00040667247263615055,0.032748,0.6519136176196966,False
W38,T02,0.2,0.7,0.1,0.2,0.7056079630802377,0.026483523152628745,0.12681561510019396,0.03114665656010512,0.12681561510019396,0.03114665656010512,0.5613904313298438,0.012994001694661347,0.9169950738916256,0.03894041153435214,0.205785788768062,0.015303023597132875,0.0462623258563045,0.001042072971623738,0.983657104050166,0.006760817388190937,0.794214211231938,0.015303023597132932,0.23445378151260504,0.013672509649149338,0.08807730549456516,0.0020030426408685284,141.0,10.416333327999832,544.2,10.779610382569489,2.4,1.140175425099138,26.4,0.8944271909999156,0.021558,0.00031091799561942427,0.021526000000000003,0.6600032590904381,False
W38,T12,0.94,0.7,0.1,0.2,0.7056079630802377,0.026483523152628745,0.12681561510019396,0.03114665656010512,0.12681561510019396,0.03114665656010512,0.5448874215825628,0.01690812749583268,0.1458128078817734,0.028639294293100758,0.943962035283352,0.011018283269217711,0.10155467373512486,0.030700111964296825,0.9633579332335195,0.0013422906389543774,0.05603796471664787,0.011018283269217737,0.9117647058823529,0.01066634888776454,0.11902932888007516,0.030053182938976856,646.8,7.259476565152632,38.4,7.5696763471102235,24.6,0.8944271909999154,4.2,0.8366600265340757,0.7097107999999993,0.005691658870662807,0.7062221999999998,0.49919387927621856,False
W38,T09,0.85,0.7,0.1,0.2,0.7056079630802377,0.026483523152628745,0.12681561510019396,0.03114665656010512,0.12681561510019396,0.03114665656010512,0.5338588937426756,0.03179316933652988,0.22241379310344828,0.06346607696312401,0.8453039943819028,0.01061192376270871,0.05689162987305736,0.01607180918716518,0.9627742813675141,0.0030689110880327128,0.1546960056180971,0.010611923762708746,0.8201680672268907,0.010128674919756058,0.09053771449284917,0.025493954876160737,579.2,7.04982269280581,106.0,7.314369419163897,22.4,1.9493588689617931,6.4,1.816590212458495,0.7,0.0,0.7,0.4966557493213986,False
W38,T10,0.9,0.7,0.1,0.2,0.7056079630802377,0.026483523152628745,0.12681561510019396,0.03114665656010512,0.12681561510019396,0.03114665656010512,0.5338588937426756,0.03179316933652988,0.22241379310344828,0.06346607696312401,0.8453039943819028,0.01061192376270871,0.05689162987305736,0.01607180918716518,0.9627742813675141,0.0030689110880327128,0.1546960056180971,0.010611923762708746,0.8201680672268907,0.010128674919756058,0.09053771449284917,0.025493954876160737,579.2,7.04982269280581,106.0,7.314369419163897,22.4,1.9493588689617931,6.4,1.816590212458495,0.7,0.0,0.7,0.4966557493213986,False
W38,T11,0.92,0.7,0.1,0.2,0.7056079630802377,0.026483523152628745,0.12681561510019396,0.03114665656010512,0.12681561510019396,0.03114665656010512,0.5338588937426756,0.03179316933652988,0.22241379310344828,0.06346607696312401,0.8453039943819028,0.01061192376270871,0.05689162987305736,0.01607180918716518,0.9627742813675141,0.0030689110880327128,0.1546960056180971,0.010611923762708746,0.8201680672268907,0.010128674919756058,0.09053771449284917,0.025493954876160737,579.2,7.04982269280581,106.0,7.314369419163897,22.4,1.9493588689617931,6.4,1.816590212458495,0.7,0.0,0.7,0.4966557493213986,False
W38,T13,0.95,0.7,0.1,0.2,0.7056079630802377,0.026483523152628745,0.12681561510019396,0.03114665656010512,0.12681561510019396,0.03114665656010512,0.5311623905971723,0.029424665008419334,0.11748768472906404,0.05180910216174177,0.9448370964652806,0.009784940077116949,0.08596070874906261,0.04269306579723311,0.962239498110419,0.0018747628565285626,0.05516290353471941,0.009784940077116942,0.911484593837535,0.010499532108678569,0.09894141679216306,0.04659094691998157,647.4,6.4265076052238665,37.8,6.723094525588643,25.4,1.1401754250991378,3.4,1.51657508881031,0.75,0.0,0.75,0.518813004206718,False
W38,T14,0.96,0.7,0.1,0.2,0.7056079630802377,0.026483523152628745,0.12681561510019396,0.03114665656010512,0.12681561510019396,0.03114665656010512,0.5311623905971723,0.029424665008419334,0.11748768472906404,0.05180910216174177,0.9448370964652806,0.009784940077116949,0.08596070874906261,0.04269306579723311,0.962239498110419,0.0018747628565285626,0.05516290353471941,0.009784940077116942,0.911484593837535,0.010499532108678569,0.09894141679216306,0.04659094691998157,647.4,6.4265076052238665,37.8,6.723094525588643,25.4,1.1401754250991378,3.4,1.51657508881031,0.75,0.0,0.75,0.518813004206718,False
W38,T15,0.97,0.7,0.1,0.2,0.7056079630802377,0.026483523152628745,0.12681561510019396,0.03114665656010512,0.12681561510019396,0.03114665656010512,0.5311623905971723,0.029424665008419334,0.11748768472906404,0.05180910216174177,0.9448370964652806,0.009784940077116949,0.08596070874906261,0.04269306579723311,0.962239498110419,0.0018747628565285626,0.05516290353471941,0.009784940077116942,0.911484593837535,0.010499532108678569,0.09894141679216306,0.04659094691998157,647.4,6.4265076052238665,37.8,6.723094525588643,25.4,1.1401754250991378,3.4,1.51657508881031,0.75,0.0,0.75,0.518813004206718,False
W38,T16,0.98,0.7,0.1,0.2,0.7056079630802377,0.026483523152628745,0.12681561510019396,0.03114665656010512,0.12681561510019396,0.03114665656010512,0.5311623905971723,0.029424665008419334,0.11748768472906404,0.05180910216174177,0.9448370964652806,0.009784940077116949,0.08596070874906261,0.04269306579723311,0.962239498110419,0.0018747628565285626,0.05516290353471941,0.009784940077116942,0.911484593837535,0.010499532108678569,0.09894141679216306,0.04659094691998157,647.4,6.4265076052238665,37.8,6.723094525588643,25.4,1.1401754250991378,3.4,1.51657508881031,0.75,0.0,0.75,0.518813004206718,False
W38,T17,0.99,0.7,0.1,0.2,0.7056079630802377,0.026483523152628745,0.12681561510019396,0.03114665656010512,0.12681561510019396,0.03114665656010512,0.5308113549256314,0.01641242536891414,0.06921182266009852,0.03417792779174218,0.9924108871911642,0.0031651370544568368,0.2816666666666666,0.09212009070290318,0.9620848705311298,0.0010776354588314108,0.007589112808835734,0.003165137054456813,0.9551820728291316,0.002620208254043456,0.10878890619602695,0.04984485166529691,680.0,2.23606797749979,5.2,2.16794833886788,26.8,0.8366600265340757,2.0,1.0,0.751567,0.00025999230757857195,0.75172,0.5196440048090616,False
W38,T01,0.1,0.7,0.1,0.2,0.7056079630802377,0.026483523152628745,0.12681561510019396,0.03114665656010512,0.12681561510019396,0.03114665656010512,0.5270880484083893,0.031351540047737145,0.9517241379310345,0.06721927134351012,0.10245195888574407,0.007822459409802812,0.04263715367092001,0.002493067481847689,0.9817900172117039,0.025006301770327352,0.8975480411142559,0.007822459409802845,0.13669467787114847,0.006152908301537476,0.08161677658383729,0.004808263215720596,70.2,5.357238094391549,615.0,5.385164807134504,1.4,1.949358868961793,27.4,1.8165902124584947,0.013405999999999998,9.652719823966686e-05,0.013389000000000002,0.6659258206850069,False
W40,T07,0.7,0.8,0.1,0.1,0.703476059192972,0.02355210227679386,0.11422115080987445,0.02064769524754654,0.11422115080987445,0.02064769524754654,0.672986932934333,0.018941866298275593,0.6320197044334975,0.02922639797870214,0.7139541614351684,0.012497293679269265,0.08514592466337936,0.006617142800906255,0.9787774369142885,0.001963268710695825,0.28604583856483157,0.012497293679269298,0.7106442577030812,0.012705790958029957,0.1500456261815162,0.01093180049016616,489.2,8.467585252006623,196.0,8.602325267042627,10.6,0.8944271909999157,18.2,0.8366600265340756,0.17061799999999994,0.0024701381540309943,0.16996399999999998,0.6599931019563766,False
W40,T05,0.5,0.8,0.1,0.1,0.703476059192972,0.02355210227679386,0.11422115080987445,0.02064769524754654,0.11422115080987445,0.02064769524754654,0.6697240630817787,0.01472651708560826,0.8266009852216749,0.033301367056464165,0.5128471409418824,0.010647216604057352,0.06656577858384627,0.0023157124979345804,0.9859956316342412,0.002617848495666243,0.48715285905811756,0.010647216604057368,0.5254901960784314,0.009773863485920437,0.12320139280228799,0.004194234777640918,351.4,7.127411872482186,333.8,7.4632432628181204,5.0,1.0,23.8,0.8366600265340757,0.06789700000000001,0.0005891052537535141,0.06791,0.7164976632439216,False
W40,T06,0.6,0.8,0.1,0.1,0.703476059192972,0.02355210227679386,0.11422115080987445,0.02064769524754654,0.11422115080987445,0.02064769524754654,0.6676874992203203,0.013235725996633871,0.7224137931034483,0.03248524772658062,0.6129612053371922,0.006444178132144853,0.07270768159395692,0.0017845822020749653,0.981327954290402,0.002117776921923332,0.3870387946628078,0.006444178132144843,0.6173669467787115,0.004991184784651372,0.13211101569539266,0.0034064213931525545,420.0,4.301162633521315,265.2,4.494441010848848,8.0,1.0,20.8,0.8366600265340753,0.10111200000000001,0.0006351141629660042,0.100972,0.6970584467015661,False
W40,T04,0.4,0.8,0.1,0.1,0.703476059192972,0.02355210227679386,0.11422115080987445,0.02064769524754654,0.11422115080987445,0.02064769524754654,0.6506552098384211,0.020960968759489274,0.8891625615763546,0.044403340830837315,0.4121478581004873,0.011929000827325915,0.059767664668810574,0.0026894539213361238,0.9888412085122589,0.004445009465959848,0.5878521418995126,0.011929000827325911,0.4313725490196078,0.011248164148605725,0.1120002293513466,0.004988820106294151,282.4,8.018728078691778,402.8,8.408329203831167,3.2,1.3038404810405297,25.6,1.1401754250991383,0.046900000000000004,0.00036810324638611973,0.046922000000000005,0.7293468361609585,False
W40,T08,0.8,0.8,0.1,0.1,0.703476059192972,0.02355210227679386,0.11422115080987445,0.02064769524754654,0.11422115080987445,0.02064769524754654,0.6417371925218255,0.06304515548149053,0.4729064039408867,0.11970544709579178,0.8105679811027644,0.009770931399589226,0.09509042487347041,0.02404623981634802,0.9733544903558528,0.0063140414122749644,0.18943201889723565,0.009770931399589225,0.7969187675070029,0.012988261198173279,0.15829658855375944,0.03989252396840686,555.4,6.580273550544828,129.8,6.723094525588644,15.2,3.5637059362410928,13.6,3.361547262794322,0.37414800000000004,0.00499808663390304,0.3748800000000002,0.5850830263595074,False
W40,T03,0.3,0.8,0.1,0.1,0.703476059192972,0.02355210227679386,0.11422115080987445,0.02064769524754654,0.11422115080987445,0.02064769524754654,0.609921107416754,0.019337315686034758,0.9098522167487685,0.030446378601699426,0.30998999808473965,0.019628886369105807,0.052551132262402,0.0026204156476961793,0.9878573687294196,0.004382606676645212,0.6900100019152603,0.0196288863691058,0.33417366946778715,0.019345990644069482,0.09935690942498834,0.004800390308188028,212.4,13.352902306240393,472.8,13.68210510118965,2.6,0.8944271909999159,26.2,0.8366600265340753,0.03385900000000001,0.000539576222604367,0.033758,0.737596594283081,False
W40,T02,0.2,0.8,0.1,0.1,0.703476059192972,0.02355210227679386,0.11422115080987445,0.02064769524754654,0.11422115080987445,0.02064769524754654,0.5615362039245959,0.014412801795977733,0.9169950738916256,0.03894041153435214,0.20607733395756633,0.013381478209781573,0.0462798817053359,0.0011950587772172614,0.9836210492429757,0.007028695436152081,0.7939226660424337,0.013381478209781606,0.23473389355742297,0.01199095506610868,0.08810948710569153,0.0022868987048247735,141.2,9.093954035511723,544.0,9.486832980505138,2.4,1.140175425099138,26.4,0.8944271909999156,0.022186,0.000244806045676981,0.02218400000000001,0.7449666188427506,False
W40,T12,0.94,0.8,0.1,0.1,0.703476059192972,0.02355210227679386,0.11422115080987445,0.02064769524754654,0.11422115080987445,0.02064769524754654,0.5301409184003687,0.03052285535286544,0.11748768472906404,0.05180910216174177,0.9427941520716733,0.01176003770356791,0.08482877181880503,0.04598431446654965,0.962156100635644,0.001977419357979975,0.057205847928326704,0.011760037703567849,0.9095238095238095,0.012550457600683395,0.0979800210338185,0.04856807135138694,646.0,7.810249675906654,39.2,8.074651695274541,25.4,1.1401754250991378,3.4,1.51657508881031,0.8031374,0.0017677523299377239,0.8032518,0.6470152915791404,False
W40,T01,0.1,0.8,0.1,0.1,0.703476059192972,0.02355210227679386,0.11422115080987445,0.02064769524754654,0.11422115080987445,0.02064769524754654,0.5267965032188849,0.031061794194483676,0.9517241379310345,0.06721927134351012,0.10186886850673534,0.007695961853939542,0.04261006042702523,0.002480283474438465,0.9817900172117039,0.025006301770327352,0.8981311314932647,0.007695961853939535,0.13613445378151262,0.00589234845040971,0.08156701952098117,0.004783705814362384,69.8,5.263078946776308,615.4,5.366563145999491,1.4,1.949358868961793,27.4,1.8165902124584947,0.013952,7.23360214554279e-05,0.013950000000000002,0.7502744403443317,False
W40,T13,0.95,0.8,0.1,0.1,0.703476059192972,0.02355210227679386,0.11422115080987445,0.02064769524754654,0.11422115080987445,0.02064769524754654,0.521547277211557,0.022708049181956857,0.09679802955665025,0.037268703974712714,0.9462965248664638,0.01000100268546365,0.0743572486202719,0.035142141252292675,0.9614394288346384,0.0013158501819179043,0.0537034751335362,0.01000100268546364,0.9120448179271708,0.010405700628014975,0.08376029761104388,0.036284947554493324,648.4,6.580273550544841,36.8,6.870225614927067,26.0,0.7071067811865476,2.8,1.0954451150103321,0.85,0.0,0.8500000000000001,0.6701993235851557,False
W40,T14,0.96,0.8,0.1,0.1,0.703476059192972,0.02355210227679386,0.11422115080987445,0.02064769524754654,0.11422115080987445,0.02064769524754654,0.521547277211557,0.022708049181956857,0.09679802955665025,0.037268703974712714,0.9462965248664638,0.01000100268546365,0.0743572486202719,0.035142141252292675,0.9614394288346384,0.0013158501819179043,0.0537034751335362,0.01000100268546364,0.9120448179271708,0.010405700628014975,0.08376029761104388,0.036284947554493324,648.4,6.580273550544841,36.8,6.870225614927067,26.0,0.7071067811865476,2.8,1.0954451150103321,0.85,0.0,0.8500000000000001,0.6701993235851557,False
W40,T15,0.97,0.8,0.1,0.1,0.703476059192972,0.02355210227679386,0.11422115080987445,0.02064769524754654,0.11422115080987445,0.02064769524754654,0.521547277211557,0.022708049181956857,0.09679802955665025,0.037268703974712714,0.9462965248664638,0.01000100268546365,0.0743572486202719,0.035142141252292675,0.9614394288346384,0.0013158501819179043,0.0537034751335362,0.01000100268546364,0.9120448179271708,0.010405700628014975,0.08376029761104388,0.036284947554493324,648.4,6.580273550544841,36.8,6.870225614927067,26.0,0.7071067811865476,2.8,1.0954451150103321,0.85,0.0,0.8500000000000001,0.6701993235851557,False
W40,T16,0.98,0.8,0.1,0.1,0.703476059192972,0.02355210227679386,0.11422115080987445,0.02064769524754654,0.11422115080987445,0.02064769524754654,0.521547277211557,0.022708049181956857,0.09679802955665025,0.037268703974712714,0.9462965248664638,0.01000100268546365,0.0743572486202719,0.035142141252292675,0.9614394288346384,0.0013158501819179043,0.0537034751335362,0.01000100268546364,0.9120448179271708,0.010405700628014975,0.08376029761104388,0.036284947554493324,648.4,6.580273550544841,36.8,6.870225614927067,26.0,0.7071067811865476,2.8,1.0954451150103321,0.85,0.0,0.8500000000000001,0.6701993235851557,False
W40,T17,0.99,0.8,0.1,0.1,0.703476059192972,0.02355210227679386,0.11422115080987445,0.02064769524754654,0.11422115080987445,0.02064769524754654,0.521547277211557,0.022708049181956857,0.09679802955665025,0.037268703974712714,0.9462965248664638,0.01000100268546365,0.0743572486202719,0.035142141252292675,0.9614394288346384,0.0013158501819179043,0.0537034751335362,0.01000100268546364,0.9120448179271708,0.010405700628014975,0.08376029761104388,0.036284947554493324,648.4,6.580273550544841,36.8,6.870225614927067,26.0,0.7071067811865476,2.8,1.0954451150103321,0.85,0.0,0.8500000000000001,0.6701993235851557,False
W40,T09,0.85,0.8,0.1,0.1,0.703476059192972,0.02355210227679386,0.11422115080987445,0.02064769524754654,0.11422115080987445,0.02064769524754654,0.5201342883707005,0.03310876185075358,0.19408866995073892,0.06158620610850046,0.846179906790662,0.010982037067504455,0.05071449035215653,0.017074827808669292,0.9615213341646379,0.002758879996574887,0.15382009320933795,0.010982037067504455,0.8198879551820728,0.011360952263682495,0.08036658921434046,0.026688614272492143,579.8,7.293833011524193,105.4,7.569676347110224,23.2,1.6431676725154984,5.6,1.816590212458495,0.8,0.0,0.8,0.6454975858467638,False
W40,T10,0.9,0.8,0.1,0.1,0.703476059192972,0.02355210227679386,0.11422115080987445,0.02064769524754654,0.11422115080987445,0.02064769524754654,0.5201342883707005,0.03310876185075358,0.19408866995073892,0.06158620610850046,0.846179906790662,0.010982037067504455,0.05071449035215653,0.017074827808669292,0.9615213341646379,0.002758879996574887,0.15382009320933795,0.010982037067504455,0.8198879551820728,0.011360952263682495,0.08036658921434046,0.026688614272492143,579.8,7.293833011524193,105.4,7.569676347110224,23.2,1.6431676725154984,5.6,1.816590212458495,0.8,0.0,0.8,0.6454975858467638,False
W40,T11,0.92,0.8,0.1,0.1,0.703476059192972,0.02355210227679386,0.11422115080987445,0.02064769524754654,0.11422115080987445,0.02064769524754654,0.5201342883707005,0.03310876185075358,0.19408866995073892,0.06158620610850046,0.846179906790662,0.010982037067504455,0.05071449035215653,0.017074827808669292,0.9615213341646379,0.002758879996574887,0.15382009320933795,0.010982037067504455,0.8198879551820728,0.011360952263682495,0.08036658921434046,0.026688614272492143,579.8,7.293833011524193,105.4,7.569676347110224,23.2,1.6431676725154984,5.6,1.816590212458495,0.8,0.0,0.8,0.6454975858467638,False
