model,point,fpr,tpr,threshold
gmic,0,0.0,0.0,
gmic,1,0.15236427320490367,0.125,1.0
gmic,2,0.15236427320490367,0.1597222222222222,0.9494
gmic,3,0.15265615878575597,0.1597222222222222,0.9482
gmic,4,0.15265615878575597,0.16666666666666666,0.9468
gmic,5,0.1538237011091652,0.16666666666666666,0.9253
gmic,6,0.1538237011091652,0.18055555555555555,0.9136
gmic,7,0.15411558669001751,0.18055555555555555,0.913
gmic,8,0.15411558669001751,0.19444444444444445,0.903
gmic,9,0.15440747227086982,0.19444444444444445,0.9
gmic,10,0.15440747227086982,0.2152777777777778,0.8733
gmic,11,0.15586690017513136,0.2152777777777778,0.8334
gmic,12,0.15586690017513136,0.24305555555555555,0.8258
gmic,13,0.15966141272621132,0.24305555555555555,0.733
gmic,14,0.15966141272621132,0.25,0.7329
gmic,15,0.15995329830706362,0.25,0.7322
gmic,16,0.15995329830706362,0.2708333333333333,0.726
gmic,17,0.16024518388791595,0.2708333333333333,0.7154
gmic,18,0.16024518388791595,0.2777777777777778,0.7132
gmic,19,0.16082895504962055,0.2777777777777778,0.698
gmic,20,0.16082895504962055,0.2847222222222222,0.6925
gmic,21,0.16082895504962055,0.2986111111111111,0.6872
gmic,22,0.16082895504962055,0.3055555555555556,0.681
gmic,23,0.16170461179217746,0.3055555555555556,0.6748
gmic,24,0.16170461179217746,0.3194444444444444,0.667
gmic,25,0.16199649737302976,0.3194444444444444,0.6603
gmic,26,0.16199649737302976,0.3263888888888889,0.6601
gmic,27,0.16228838295388207,0.3263888888888889,0.645
gmic,28,0.16228838295388207,0.3333333333333333,0.6447
gmic,29,0.1637478108581436,0.3333333333333333,0.634
gmic,30,0.1637478108581436,0.3402777777777778,0.6292
gmic,31,0.1640396964389959,0.3402777777777778,0.6168
gmic,32,0.1643315820198482,0.3472222222222222,0.607
gmic,33,0.16579100992410975,0.3472222222222222,0.5945
gmic,34,0.16579100992410975,0.3541666666666667,0.5922
gmic,35,0.16608289550496205,0.3541666666666667,0.5896
gmic,36,0.16666666666666666,0.3541666666666667,0.5886
gmic,37,0.1678342089900759,0.3541666666666667,0.5641
gmic,38,0.1684179801517805,0.3541666666666667,0.5616
gmic,39,0.1687098657326328,0.3541666666666667,0.5595
gmic,40,0.1687098657326328,0.3611111111111111,0.5593
gmic,41,0.1690017513134851,0.3611111111111111,0.5572
gmic,42,0.1690017513134851,0.3680555555555556,0.5565
gmic,43,0.17016929363689434,0.3680555555555556,0.5437
gmic,44,0.17016929363689434,0.375,0.5409
gmic,45,0.1730881494454174,0.375,0.5244
gmic,46,0.1730881494454174,0.3819444444444444,0.5237
gmic,47,0.173671920607122,0.3819444444444444,0.5229
gmic,48,0.173671920607122,0.3888888888888889,0.519
gmic,49,0.1739638061879743,0.3888888888888889,0.5178
gmic,50,0.17454757734967893,0.3888888888888889,0.5171
gmic,51,0.17921774664331583,0.3888888888888889,0.4813
gmic,52,0.17921774664331583,0.3958333333333333,0.4795
gmic,53,0.18038528896672504,0.3958333333333333,0.475
gmic,54,0.18038528896672504,0.4097222222222222,0.472
gmic,55,0.18155283129013428,0.4097222222222222,0.462
gmic,56,0.18213660245183888,0.4097222222222222,0.4589
gmic,57,0.18272037361354349,0.4097222222222222,0.4545
gmic,58,0.18272037361354349,0.4166666666666667,0.4524
gmic,59,0.18447168709865733,0.4166666666666667,0.4435
gmic,60,0.18447168709865733,0.4305555555555556,0.4413
gmic,61,0.18534734384121423,0.4305555555555556,0.44
gmic,62,0.18534734384121423,0.4513888888888889,0.4338
gmic,63,0.18622300058377117,0.4513888888888889,0.4307
gmic,64,0.18622300058377117,0.4652777777777778,0.4299
gmic,65,0.18943374197314652,0.4652777777777778,0.4114
gmic,66,0.18943374197314652,0.4722222222222222,0.4112
gmic,67,0.19206071220081727,0.4722222222222222,0.397
gmic,68,0.19206071220081727,0.4791666666666667,0.3955
gmic,69,0.19264448336252188,0.4791666666666667,0.3935
gmic,70,0.19264448336252188,0.4861111111111111,0.3933
gmic,71,0.19468768242848802,0.4861111111111111,0.3893
gmic,72,0.19468768242848802,0.5,0.3876
gmic,73,0.19614711033274956,0.5,0.3833
gmic,74,0.19614711033274956,0.5069444444444444,0.3823
gmic,75,0.19702276707530647,0.5069444444444444,0.3739
gmic,76,0.1976065382370111,0.5069444444444444,0.3731
gmic,77,0.1981903093987157,0.5069444444444444,0.3684
gmic,78,0.198482194979568,0.5138888888888888,0.3669
gmic,79,0.20081727962638646,0.5138888888888888,0.3553
gmic,80,0.20081727962638646,0.5208333333333334,0.3551
gmic,81,0.202276707530648,0.5208333333333334,0.3511
gmic,82,0.2028604786923526,0.5208333333333334,0.3497
gmic,83,0.2040280210157618,0.5208333333333334,0.3442
gmic,84,0.2040280210157618,0.5277777777777778,0.3431
gmic,85,0.20461179217746644,0.5277777777777778,0.3421
gmic,86,0.20519556333917105,0.5277777777777778,0.3415
gmic,87,0.21044950379451255,0.5277777777777778,0.3263
gmic,88,0.21044950379451255,0.5347222222222222,0.3261
gmic,89,0.2133683596030356,0.5347222222222222,0.3154
gmic,90,0.21453590192644484,0.5347222222222222,0.3137
gmic,91,0.21482778750729714,0.5347222222222222,0.3133
gmic,92,0.21541155866900175,0.5347222222222222,0.3128
gmic,93,0.21599532983070635,0.5347222222222222,0.3116
gmic,94,0.21657910099241098,0.5347222222222222,0.3114
gmic,95,0.2177466433158202,0.5347222222222222,0.3079
gmic,96,0.2183304144775248,0.5347222222222222,0.3076
gmic,97,0.2224168126094571,0.5347222222222222,0.2932
gmic,98,0.2224168126094571,0.5416666666666666,0.293
gmic,99,0.2227086981903094,0.5416666666666666,0.2929
gmic,100,0.2227086981903094,0.5486111111111112,0.2927
gmic,101,0.22650321074138938,0.5486111111111112,0.2813
gmic,102,0.22737886748394628,0.5486111111111112,0.2812
gmic,103,0.2276707530647986,0.5486111111111112,0.2803
gmic,104,0.22825452422650322,0.5486111111111112,0.2802
gmic,105,0.22971395213076473,0.5486111111111112,0.2774
gmic,106,0.22971395213076473,0.5625,0.2763
gmic,107,0.23000583771161703,0.5625,0.276
gmic,108,0.23000583771161703,0.5694444444444444,0.2758
gmic,109,0.23029772329246936,0.5694444444444444,0.2747
gmic,110,0.23088149445417397,0.5694444444444444,0.2732
gmic,111,0.23350846468184472,0.5694444444444444,0.269
gmic,112,0.23409223584354932,0.5694444444444444,0.2668
gmic,113,0.23642732049036777,0.5694444444444444,0.2609
gmic,114,0.23642732049036777,0.5763888888888888,0.2606
gmic,115,0.24109748978400466,0.5763888888888888,0.2513
gmic,116,0.24168126094570927,0.5833333333333334,0.2509
gmic,117,0.2419731465265616,0.5833333333333334,0.2499
gmic,118,0.2425569176882662,0.5833333333333334,0.2487
gmic,119,0.2428488032691185,0.5833333333333334,0.2475
gmic,120,0.2431406888499708,0.5902777777777778,0.2473
gmic,121,0.24576765907764156,0.5902777777777778,0.2421
gmic,122,0.24576765907764156,0.5972222222222222,0.2412
gmic,123,0.2472270869819031,0.5972222222222222,0.2381
gmic,124,0.2478108581436077,0.5972222222222222,0.2379
gmic,125,0.2478108581436077,0.6041666666666666,0.2372
gmic,126,0.24897840046701694,0.6041666666666666,0.2357
gmic,127,0.24985405720957385,0.6041666666666666,0.2354
gmic,128,0.2516053706946877,0.6041666666666666,0.2308
gmic,129,0.2521891418563923,0.6041666666666666,0.2302
gmic,130,0.2536485697606538,0.6041666666666666,0.2275
gmic,131,0.2542323409223584,0.6041666666666666,0.2273
gmic,132,0.2553998832457677,0.6041666666666666,0.2255
gmic,133,0.2559836544074723,0.6041666666666666,0.2253
gmic,134,0.2618213660245184,0.6041666666666666,0.2165
gmic,135,0.2618213660245184,0.6111111111111112,0.2161
gmic,136,0.2629889083479276,0.6111111111111112,0.2129
gmic,137,0.2635726795096322,0.6111111111111112,0.2126
gmic,138,0.2664915353181553,0.6111111111111112,0.2079
gmic,139,0.2664915353181553,0.6180555555555556,0.2078
gmic,140,0.26882661996497376,0.6180555555555556,0.2055
gmic,141,0.26882661996497376,0.625,0.205
gmic,142,0.2732049036777583,0.625,0.1979
gmic,143,0.27378867483946295,0.625,0.1978
gmic,144,0.2764156450671337,0.625,0.1928
gmic,145,0.276707530647986,0.6319444444444444,0.1926
gmic,146,0.27816695855224755,0.6319444444444444,0.1897
gmic,147,0.27875072971395215,0.6319444444444444,0.1895
gmic,148,0.28021015761821366,0.6319444444444444,0.1884
gmic,149,0.28079392877991827,0.6319444444444444,0.1879
gmic,150,0.28108581436077057,0.6319444444444444,0.1868
gmic,151,0.2816695855224752,0.6319444444444444,0.1859
gmic,152,0.28283712784588444,0.6319444444444444,0.1848
gmic,153,0.28342089900758904,0.6319444444444444,0.184
gmic,154,0.28371278458844135,0.6319444444444444,0.1835
gmic,155,0.28429655575014595,0.6319444444444444,0.1834
gmic,156,0.28488032691185056,0.6319444444444444,0.1831
gmic,157,0.28546409807355516,0.6388888888888888,0.1829
gmic,158,0.28604786923525977,0.6388888888888888,0.1819
gmic,159,0.28604786923525977,0.6458333333333334,0.1816
gmic,160,0.28663164039696437,0.6458333333333334,0.1814
gmic,161,0.28896672504378285,0.6458333333333334,0.1791
gmic,162,0.28955049620548745,0.6458333333333334,0.1786
gmic,163,0.29042615294804436,0.6458333333333334,0.1762
gmic,164,0.29100992410974896,0.6458333333333334,0.1759
gmic,165,0.29568009340338586,0.6458333333333334,0.171
gmic,166,0.29626386456509046,0.6527777777777778,0.1707
gmic,167,0.2968476357267951,0.6527777777777778,0.1699
gmic,168,0.2974314068884997,0.6527777777777778,0.1694
gmic,169,0.30035026269702275,0.6527777777777778,0.1658
gmic,170,0.30093403385872736,0.6527777777777778,0.1655
gmic,171,0.30122591943957966,0.6527777777777778,0.1653
gmic,172,0.30122591943957966,0.6597222222222222,0.1646
gmic,173,0.301517805020432,0.6597222222222222,0.1645
gmic,174,0.3021015761821366,0.6597222222222222,0.1643
gmic,175,0.30356100408639813,0.6597222222222222,0.1632
gmic,176,0.30356100408639813,0.6736111111111112,0.1627
gmic,177,0.30472854640980734,0.6736111111111112,0.1623
gmic,178,0.30531231757151195,0.6736111111111112,0.1614
gmic,179,0.31494454173963804,0.6736111111111112,0.152
gmic,180,0.3155283129013427,0.6736111111111112,0.1519
gmic,181,0.315820198482195,0.6736111111111112,0.1516
gmic,182,0.3166958552247519,0.6736111111111112,0.1512
gmic,183,0.31903093987157033,0.6736111111111112,0.149
gmic,184,0.31961471103327493,0.6736111111111112,0.1488
gmic,185,0.3219497956800934,0.6736111111111112,0.147
gmic,186,0.3222416812609457,0.6805555555555556,0.1467
gmic,187,0.3234092235843549,0.6805555555555556,0.1459
gmic,188,0.32457676590776413,0.6805555555555556,0.1451
gmic,189,0.3248686514886165,0.6805555555555556,0.1449
gmic,190,0.3254524226503211,0.6805555555555556,0.1448
gmic,191,0.326328079392878,0.6805555555555556,0.1441
gmic,192,0.3269118505545826,0.6805555555555556,0.1435
gmic,193,0.3272037361354349,0.6805555555555556,0.1433
gmic,194,0.3277875072971395,0.6805555555555556,0.1432
gmic,195,0.3283712784588441,0.6805555555555556,0.142
gmic,196,0.3289550496205487,0.6805555555555556,0.1416
gmic,197,0.3307063631056626,0.6805555555555556,0.1408
gmic,198,0.3312901342673672,0.6805555555555556,0.1404
gmic,199,0.3342089900758903,0.6805555555555556,0.1385
gmic,200,0.3342089900758903,0.6875,0.1377
gmic,201,0.33887915936952717,0.6875,0.1338
gmic,202,0.3394629305312318,0.6875,0.1337
gmic,203,0.34354932866316407,0.6875,0.1292
gmic,204,0.344424985405721,0.6875,0.1291
gmic,205,0.3447168709865733,0.6875,0.129
gmic,206,0.3453006421482779,0.6875,0.1288
gmic,207,0.3455925277291302,0.6875,0.1284
gmic,208,0.3461762988908348,0.6875,0.128
gmic,209,0.3464681844716871,0.6875,0.1279
gmic,210,0.3470519556333917,0.6875,0.1275
gmic,211,0.34909515469935787,0.6875,0.1255
gmic,212,0.3496789258610625,0.6875,0.1254
gmic,213,0.3525977816695855,0.6875,0.1238
gmic,214,0.35318155283129016,0.6875,0.123
gmic,215,0.35376532399299476,0.6875,0.1225
gmic,216,0.35493286631640397,0.6875,0.1222
gmic,217,0.35785172212492705,0.6875,0.1192
gmic,218,0.35785172212492705,0.6944444444444444,0.1186
gmic,219,0.35814360770577935,0.6944444444444444,0.1185
gmic,220,0.35931115002918856,0.6944444444444444,0.1182
gmic,221,0.36018680677174547,0.6944444444444444,0.1173
gmic,222,0.3607705779334501,0.6944444444444444,0.1169
gmic,223,0.3607705779334501,0.7013888888888888,0.1168
gmic,224,0.3619381202568593,0.7013888888888888,0.1164
gmic,225,0.36223000583771164,0.7083333333333334,0.1163
gmic,226,0.36252189141856395,0.7083333333333334,0.1162
gmic,227,0.36485697606538237,0.7083333333333334,0.116
gmic,228,0.36690017513134854,0.7083333333333334,0.1149
gmic,229,0.36748394629305314,0.7083333333333334,0.1147
gmic,230,0.36835960303561005,0.7083333333333334,0.1146
gmic,231,0.36952714535901926,0.7083333333333334,0.1138
gmic,232,0.3712784588441331,0.7083333333333334,0.1134
gmic,233,0.37215411558669004,0.7083333333333334,0.1133
gmic,234,0.37302977232924694,0.7083333333333334,0.1128
gmic,235,0.37390542907180385,0.7083333333333334,0.1127
gmic,236,0.37419731465265615,0.7152777777777778,0.1126
gmic,237,0.37448920023350846,0.7152777777777778,0.1124
gmic,238,0.37507297139521306,0.7152777777777778,0.1121
gmic,239,0.37828371278458844,0.7152777777777778,0.1103
gmic,240,0.37886748394629305,0.7152777777777778,0.1102
gmic,241,0.37974314068884996,0.7152777777777778,0.1096
gmic,242,0.38061879743140686,0.7152777777777778,0.1094
gmic,243,0.38207822533566843,0.7152777777777778,0.1079
gmic,244,0.38295388207822534,0.7152777777777778,0.1078
gmic,245,0.38324576765907764,0.7152777777777778,0.1076
gmic,246,0.38382953882078225,0.7152777777777778,0.1073
gmic,247,0.38499708114419146,0.7152777777777778,0.1067
gmic,248,0.3855808523058961,0.7152777777777778,0.1065
gmic,249,0.386456509048453,0.7152777777777778,0.1062
gmic,250,0.38704028021015763,0.7152777777777778,0.106
gmic,251,0.38733216579100993,0.7152777777777778,0.1058
gmic,252,0.38791593695271454,0.7152777777777778,0.1054
gmic,253,0.38820782253356684,0.7222222222222222,0.1053
gmic,254,0.38879159369527144,0.7222222222222222,0.105
gmic,255,0.38937536485697605,0.7222222222222222,0.1048
gmic,256,0.38995913601868065,0.7222222222222222,0.1044
gmic,257,0.3908347927612376,0.7222222222222222,0.1043
gmic,258,0.3917104495037945,0.7222222222222222,0.1038
gmic,259,0.39258610624635143,0.7222222222222222,0.1037
gmic,260,0.39287799182720373,0.7222222222222222,0.1032
gmic,261,0.39346176298890834,0.7222222222222222,0.1031
gmic,262,0.3963806187974314,0.7222222222222222,0.1006
gmic,263,0.3963806187974314,0.7291666666666666,0.1005
gmic,264,0.39813193228254523,0.7291666666666666,0.0994
gmic,265,0.39929947460595444,0.7291666666666666,0.0991
gmic,266,0.3995913601868068,0.7291666666666666,0.099
gmic,267,0.3998832457676591,0.7361111111111112,0.0988
gmic,268,0.4010507880910683,0.7361111111111112,0.0985
gmic,269,0.40309398715703443,0.7361111111111112,0.0973
gmic,270,0.40338587273788673,0.7430555555555556,0.0971
gmic,271,0.4042615294804437,0.7430555555555556,0.0968
gmic,272,0.4048453006421483,0.7430555555555556,0.0966
gmic,273,0.4051371862230006,0.7430555555555556,0.0965
gmic,274,0.4057209573847052,0.7430555555555556,0.0962
gmic,275,0.4063047285464098,0.7430555555555556,0.0956
gmic,276,0.4063047285464098,0.75,0.0955
gmic,277,0.4077641564506713,0.75,0.0948
gmic,278,0.4083479276123759,0.7569444444444444,0.0947
gmic,279,0.4095154699357852,0.7569444444444444,0.0941
gmic,280,0.4103911266783421,0.7569444444444444,0.094
gmic,281,0.4109748978400467,0.7569444444444444,0.0937
gmic,282,0.4115586690017513,0.7569444444444444,0.0936
gmic,283,0.4133099824868651,0.7569444444444444,0.0925
gmic,284,0.4138937536485698,0.7569444444444444,0.0924
gmic,285,0.4156450671336836,0.7569444444444444,0.092
gmic,286,0.4162288382953882,0.7569444444444444,0.0918
gmic,287,0.4165207238762405,0.7569444444444444,0.0917
gmic,288,0.4168126094570928,0.7638888888888888,0.0913
gmic,289,0.417980151780502,0.7638888888888888,0.0908
gmic,290,0.418855808523059,0.7638888888888888,0.0906
gmic,291,0.4200233508464682,0.7638888888888888,0.0904
gmic,292,0.4203152364273205,0.7638888888888888,0.0903
gmic,293,0.4211908931698774,0.7638888888888888,0.0901
gmic,294,0.4220665499124343,0.7638888888888888,0.0897
gmic,295,0.4226503210741389,0.7638888888888888,0.0896
gmic,296,0.4235259778166959,0.7638888888888888,0.0893
gmic,297,0.4241097489784005,0.7638888888888888,0.0892
gmic,298,0.4244016345592528,0.7708333333333334,0.0891
gmic,299,0.4246935201401051,0.7708333333333334,0.0886
gmic,300,0.4252772913018097,0.7708333333333334,0.0885
gmic,301,0.425569176882662,0.7708333333333334,0.0884
gmic,302,0.4264448336252189,0.7708333333333334,0.0883
gmic,303,0.4267367192060712,0.7708333333333334,0.0882
gmic,304,0.42790426152948047,0.7708333333333334,0.0879
gmic,305,0.4284880326911851,0.7708333333333334,0.0874
gmic,306,0.429363689433742,0.7708333333333334,0.0871
gmic,307,0.4302393461762989,0.7708333333333334,0.0863
gmic,308,0.4311150029188558,0.7708333333333334,0.0861
gmic,309,0.4311150029188558,0.7777777777777778,0.0857
gmic,310,0.4316987740805604,0.7777777777777778,0.0856
gmic,311,0.43257443082311736,0.7777777777777778,0.085
gmic,312,0.43315820198482197,0.7777777777777778,0.0849
gmic,313,0.43374197314652657,0.7777777777777778,0.0845
gmic,314,0.4354932866316404,0.7777777777777778,0.0842
gmic,315,0.4363689433741973,0.7777777777777778,0.0841
gmic,316,0.43724460011675426,0.7777777777777778,0.0838
gmic,317,0.43812025685931116,0.7777777777777778,0.0837
gmic,318,0.43870402802101577,0.7847222222222222,0.0835
gmic,319,0.43899591360186807,0.7847222222222222,0.0831
gmic,320,0.4395796847635727,0.7847222222222222,0.0829
gmic,321,0.4404553415061296,0.7847222222222222,0.0824
gmic,322,0.44162288382953885,0.7847222222222222,0.0823
gmic,323,0.44279042615294806,0.7847222222222222,0.0819
gmic,324,0.44308231173380036,0.7847222222222222,0.0818
gmic,325,0.44395796847635727,0.7847222222222222,0.0817
gmic,326,0.4445417396380619,0.7847222222222222,0.0816
gmic,327,0.4454173963806188,0.7916666666666666,0.0815
gmic,328,0.4460011675423234,0.7916666666666666,0.0812
gmic,329,0.44658493870402804,0.8055555555555556,0.0808
gmic,330,0.44687682428488035,0.8055555555555556,0.0807
gmic,331,0.44775248102743725,0.8055555555555556,0.0804
gmic,332,0.44833625218914186,0.8055555555555556,0.0803
gmic,333,0.44862813776999416,0.8055555555555556,0.0802
gmic,334,0.44921190893169877,0.8055555555555556,0.0801
gmic,335,0.4500875656742557,0.8055555555555556,0.0797
gmic,336,0.45096322241681264,0.8055555555555556,0.0793
gmic,337,0.45154699357851724,0.8055555555555556,0.0791
gmic,338,0.45213076474022185,0.8055555555555556,0.0789
gmic,339,0.45242265032107415,0.8055555555555556,0.0788
gmic,340,0.45359019264448336,0.8055555555555556,0.0785
gmic,341,0.45388207822533566,0.8055555555555556,0.0784
gmic,342,0.45563339171044953,0.8055555555555556,0.0782
gmic,343,0.45621716287215414,0.8125,0.0781
gmic,344,0.45650904845300644,0.8125,0.0779
gmic,345,0.45709281961471104,0.8125,0.0776
gmic,346,0.45738470519556335,0.8194444444444444,0.0775
gmic,347,0.45767659077641565,0.8194444444444444,0.0774
gmic,348,0.45942790426152946,0.8194444444444444,0.077
gmic,349,0.45971978984238177,0.8194444444444444,0.0767
gmic,350,0.45971978984238177,0.8263888888888888,0.0766
gmic,351,0.4603035610040864,0.8263888888888888,0.0765
gmic,352,0.46059544658493873,0.8263888888888888,0.0764
gmic,353,0.46176298890834794,0.8263888888888888,0.0763
gmic,354,0.46234676007005254,0.8263888888888888,0.0762
gmic,355,0.46263864565090485,0.8263888888888888,0.0758
gmic,356,0.46351430239346175,0.8263888888888888,0.0757
gmic,357,0.46409807355516636,0.8263888888888888,0.0756
gmic,358,0.46468184471687096,0.8263888888888888,0.0754
gmic,359,0.46614127262113253,0.8263888888888888,0.0752
gmic,360,0.46643315820198483,0.8263888888888888,0.075
gmic,361,0.46701692936368944,0.8263888888888888,0.0748
gmic,362,0.46789258610624634,0.8263888888888888,0.0747
gmic,363,0.46818447168709865,0.8263888888888888,0.0746
gmic,364,0.46906012842965555,0.8263888888888888,0.0744
gmic,365,0.46935201401050786,0.8263888888888888,0.0743
gmic,366,0.4702276707530648,0.8263888888888888,0.0742
gmic,367,0.4708114419147694,0.8263888888888888,0.0741
gmic,368,0.47139521307647403,0.8263888888888888,0.0738
gmic,369,0.47197898423817863,0.8263888888888888,0.0736
gmic,370,0.47256275539988324,0.8263888888888888,0.0732
gmic,371,0.47343841214244015,0.8263888888888888,0.0731
gmic,372,0.47402218330414475,0.8263888888888888,0.073
gmic,373,0.475189725627554,0.8263888888888888,0.0721
gmic,374,0.4757734967892586,0.8263888888888888,0.072
gmic,375,0.4760653823701109,0.8263888888888888,0.0719
gmic,376,0.47723292469352013,0.8263888888888888,0.0715
gmic,377,0.47752481027437244,0.8263888888888888,0.0714
gmic,378,0.47810858143607704,0.8263888888888888,0.0713
gmic,379,0.47869235259778165,0.8263888888888888,0.0711
gmic,380,0.4792761237594863,0.8263888888888888,0.071
gmic,381,0.4792761237594863,0.8333333333333334,0.0708
gmic,382,0.4798598949211909,0.8333333333333334,0.0705
gmic,383,0.4810274372446001,0.8333333333333334,0.0703
gmic,384,0.4816112084063047,0.8402777777777778,0.0702
gmic,385,0.481903093987157,0.8402777777777778,0.0701
gmic,386,0.48248686514886163,0.8402777777777778,0.07
gmic,387,0.48277875072971393,0.8402777777777778,0.0699
gmic,388,0.4836544074722709,0.8402777777777778,0.0698
gmic,389,0.4842381786339755,0.8402777777777778,0.0696
gmic,390,0.4851138353765324,0.8402777777777778,0.0695
gmic,391,0.4854057209573847,0.8402777777777778,0.0694
gmic,392,0.4865732632807939,0.8402777777777778,0.0691
gmic,393,0.4871570344424985,0.8402777777777778,0.069
gmic,394,0.48744892002335083,0.8402777777777778,0.0689
gmic,395,0.48803269118505543,0.8402777777777778,0.0688
gmic,396,0.4889083479276124,0.8402777777777778,0.0686
gmic,397,0.4900758902510216,0.8402777777777778,0.0685
gmic,398,0.4912434325744308,0.8402777777777778,0.0682
gmic,399,0.4918272037361354,0.8402777777777778,0.0678
gmic,400,0.4929947460595447,0.8402777777777778,0.0677
gmic,401,0.4938704028021016,0.8402777777777778,0.0676
gmic,402,0.4944541739638062,0.8402777777777778,0.0674
gmic,403,0.49620548744892,0.8402777777777778,0.0664
gmic,404,0.4973730297723292,0.8402777777777778,0.0662
gmic,405,0.4979568009340339,0.8402777777777778,0.066
gmic,406,0.4988324576765908,0.8402777777777778,0.0659
gmic,407,0.5005837711617046,0.8402777777777778,0.0655
gmic,408,0.5017513134851138,0.8402777777777778,0.0654
gmic,409,0.5023350846468184,0.8402777777777778,0.0652
gmic,410,0.5035026269702276,0.8402777777777778,0.0646
gmic,411,0.5040863981319322,0.8402777777777778,0.0643
gmic,412,0.5049620548744892,0.8402777777777778,0.064
gmic,413,0.5055458260361938,0.8402777777777778,0.0639
gmic,414,0.506713368359603,0.8402777777777778,0.0638
gmic,415,0.50758902510216,0.8402777777777778,0.0637
gmic,416,0.5081727962638646,0.8402777777777778,0.0635
gmic,417,0.5084646818447168,0.8402777777777778,0.0634
gmic,418,0.5093403385872738,0.8402777777777778,0.0633
gmic,419,0.5099241097489784,0.8402777777777778,0.0632
gmic,420,0.510507880910683,0.8402777777777778,0.063
gmic,421,0.5116754232340922,0.8402777777777778,0.0629
gmic,422,0.5122591943957968,0.8402777777777778,0.0625
gmic,423,0.5131348511383538,0.8402777777777778,0.0624
gmic,424,0.513426736719206,0.8402777777777778,0.0622
gmic,425,0.5145942790426153,0.8402777777777778,0.0621
gmic,426,0.51517805020432,0.8402777777777778,0.0619
gmic,427,0.5157618213660246,0.8402777777777778,0.0617
gmic,428,0.5169293636894338,0.8402777777777778,0.0615
gmic,429,0.5178050204319906,0.8402777777777778,0.0614
gmic,430,0.5183887915936952,0.8402777777777778,0.0613
gmic,431,0.5186806771745476,0.8402777777777778,0.0612
gmic,432,0.5192644483362522,0.8402777777777778,0.0609
gmic,433,0.5195563339171045,0.8472222222222222,0.0608
gmic,434,0.5201401050788091,0.8472222222222222,0.0607
gmic,435,0.5207238762405137,0.8472222222222222,0.0605
gmic,436,0.5213076474022184,0.8472222222222222,0.0604
gmic,437,0.5221833041447752,0.8472222222222222,0.0603
gmic,438,0.5227670753064798,0.8472222222222222,0.0601
gmic,439,0.5239346176298891,0.8472222222222222,0.0598
gmic,440,0.5251021599532983,0.8472222222222222,0.0597
gmic,441,0.525685931115003,0.8472222222222222,0.0596
gmic,442,0.5259778166958552,0.8472222222222222,0.0595
gmic,443,0.5271453590192644,0.8472222222222222,0.0592
gmic,444,0.5274372446001168,0.8472222222222222,0.0591
gmic,445,0.5280210157618214,0.8472222222222222,0.0589
gmic,446,0.5283129013426737,0.8472222222222222,0.0588
gmic,447,0.5288966725043783,0.8472222222222222,0.0587
gmic,448,0.5291885580852306,0.8472222222222222,0.0585
gmic,449,0.5303561004086398,0.8472222222222222,0.0583
gmic,450,0.5312317571511967,0.8472222222222222,0.0582
gmic,451,0.5318155283129014,0.8472222222222222,0.0581
gmic,452,0.5321074138937536,0.8472222222222222,0.0579
gmic,453,0.5326911850554582,0.8472222222222222,0.0578
gmic,454,0.5335668417980152,0.8472222222222222,0.0575
gmic,455,0.5341506129597198,0.8472222222222222,0.0574
gmic,456,0.5344424985405721,0.8472222222222222,0.0572
gmic,457,0.5350262697022767,0.8541666666666666,0.0571
gmic,458,0.536193812025686,0.8541666666666666,0.0569
gmic,459,0.5370694687682428,0.8541666666666666,0.0568
gmic,460,0.5376532399299475,0.8541666666666666,0.0567
gmic,461,0.5382370110916521,0.8541666666666666,0.0564
gmic,462,0.5385288966725044,0.8611111111111112,0.0563
gmic,463,0.5399883245767659,0.8611111111111112,0.0562
gmic,464,0.5402802101576182,0.8611111111111112,0.0561
gmic,465,0.542031523642732,0.8611111111111112,0.0557
gmic,466,0.5423234092235844,0.8611111111111112,0.0556
gmic,467,0.5431990659661413,0.8611111111111112,0.0555
gmic,468,0.5437828371278459,0.8611111111111112,0.0554
gmic,469,0.5440747227086982,0.8611111111111112,0.0553
gmic,470,0.5446584938704028,0.8611111111111112,0.0552
gmic,471,0.5455341506129597,0.8611111111111112,0.0551
gmic,472,0.545826036193812,0.8611111111111112,0.0549
gmic,473,0.5467016929363689,0.8611111111111112,0.0547
gmic,474,0.5472854640980735,0.8611111111111112,0.0546
gmic,475,0.5475773496789259,0.8611111111111112,0.0545
gmic,476,0.5487448920023351,0.8611111111111112,0.0543
gmic,477,0.549620548744892,0.8611111111111112,0.0542
gmic,478,0.5502043199065966,0.8611111111111112,0.0541
gmic,479,0.5510799766491535,0.8611111111111112,0.0538
gmic,480,0.5528312901342674,0.8611111111111112,0.0537
gmic,481,0.5537069468768243,0.8611111111111112,0.0535
gmic,482,0.5542907180385289,0.8611111111111112,0.0534
gmic,483,0.5542907180385289,0.8680555555555556,0.0533
gmic,484,0.5551663747810858,0.8680555555555556,0.0529
gmic,485,0.5557501459427904,0.875,0.0528
gmic,486,0.5566258026853473,0.875,0.0527
gmic,487,0.5569176882661997,0.875,0.0526
gmic,488,0.5575014594279043,0.875,0.0525
gmic,489,0.5586690017513135,0.875,0.0519
gmic,490,0.5595446584938704,0.875,0.0518
gmic,491,0.560128429655575,0.875,0.0517
gmic,492,0.5610040863981319,0.875,0.0516
gmic,493,0.5612959719789843,0.875,0.0515
gmic,494,0.5624635143023935,0.875,0.0513
gmic,495,0.5642148277875073,0.875,0.0512
gmic,496,0.5647985989492119,0.875,0.0511
gmic,497,0.5656742556917689,0.875,0.051
gmic,498,0.5659661412726211,0.875,0.0509
gmic,499,0.5665499124343257,0.875,0.0508
gmic,500,0.5674255691768827,0.875,0.0507
gmic,501,0.5685931115002919,0.875,0.0504
gmic,502,0.5691768826619965,0.8819444444444444,0.0503
gmic,503,0.5697606538237011,0.8819444444444444,0.0502
gmic,504,0.5700525394045534,0.8819444444444444,0.05
gmic,505,0.5709281961471103,0.8819444444444444,0.0499
gmic,506,0.5720957384705195,0.8888888888888888,0.0498
gmic,507,0.5726795096322241,0.8888888888888888,0.0495
gmic,508,0.5738470519556333,0.8888888888888888,0.0492
gmic,509,0.574430823117338,0.8888888888888888,0.0491
gmic,510,0.5753064798598949,0.8888888888888888,0.049
gmic,511,0.5764740221833041,0.8888888888888888,0.0488
gmic,512,0.5776415645067133,0.8888888888888888,0.0487
gmic,513,0.5793928779918271,0.8888888888888888,0.0484
gmic,514,0.5802685347343841,0.8888888888888888,0.0483
gmic,515,0.5831873905429071,0.8888888888888888,0.0478
gmic,516,0.5834792761237595,0.8888888888888888,0.0477
gmic,517,0.5855224751897257,0.8888888888888888,0.0476
gmic,518,0.5866900175131349,0.8888888888888888,0.0474
gmic,519,0.5869819030939871,0.8888888888888888,0.0473
gmic,520,0.5887332165791009,0.8888888888888888,0.0471
gmic,521,0.5899007589025103,0.8888888888888888,0.0469
gmic,522,0.5904845300642149,0.8888888888888888,0.0467
gmic,523,0.5922358435493287,0.8888888888888888,0.0466
gmic,524,0.5925277291301809,0.8888888888888888,0.0465
gmic,525,0.5934033858727379,0.8888888888888888,0.0464
gmic,526,0.5945709281961471,0.8888888888888888,0.0458
gmic,527,0.5954465849387041,0.8888888888888888,0.0457
gmic,528,0.5957384705195563,0.8958333333333334,0.0455
gmic,529,0.5966141272621133,0.8958333333333334,0.0454
gmic,530,0.5971978984238179,0.8958333333333334,0.0453
gmic,531,0.5980735551663747,0.8958333333333334,0.0449
gmic,532,0.5986573263280794,0.8958333333333334,0.0448
gmic,533,0.5995329830706363,0.8958333333333334,0.0447
gmic,534,0.5998248686514887,0.8958333333333334,0.0446
gmic,535,0.6004086398131933,0.8958333333333334,0.0445
gmic,536,0.6012842965557501,0.8958333333333334,0.0444
gmic,537,0.6024518388791593,0.8958333333333334,0.0442
gmic,538,0.6033274956217163,0.8958333333333334,0.0441
gmic,539,0.6036193812025686,0.8958333333333334,0.044
gmic,540,0.6047869235259778,0.8958333333333334,0.0439
gmic,541,0.6056625802685347,0.8958333333333334,0.0438
gmic,542,0.6074138937536485,0.8958333333333334,0.0437
gmic,543,0.6079976649153532,0.8958333333333334,0.0436
gmic,544,0.6088733216579101,0.8958333333333334,0.0435
gmic,545,0.6100408639813193,0.8958333333333334,0.0433
gmic,546,0.6117921774664331,0.8958333333333334,0.0431
gmic,547,0.6120840630472855,0.8958333333333334,0.043
gmic,548,0.6126678342089901,0.8958333333333334,0.0429
gmic,549,0.613543490951547,0.8958333333333334,0.0428
gmic,550,0.6164623467600701,0.8958333333333334,0.0423
gmic,551,0.617338003502627,0.8958333333333334,0.0422
gmic,552,0.6176298890834793,0.8958333333333334,0.0421
gmic,553,0.6185055458260362,0.8958333333333334,0.042
gmic,554,0.6187974314068885,0.8958333333333334,0.0419
gmic,555,0.6193812025685931,0.8958333333333334,0.0418
gmic,556,0.6196730881494454,0.8958333333333334,0.0417
gmic,557,0.6205487448920023,0.8958333333333334,0.0416
gmic,558,0.6208406304728546,0.8958333333333334,0.0415
gmic,559,0.6217162872154116,0.8958333333333334,0.0414
gmic,560,0.6228838295388208,0.9027777777777778,0.0413
gmic,561,0.6234676007005254,0.9027777777777778,0.0411
gmic,562,0.62405137186223,0.9027777777777778,0.041
gmic,563,0.6243432574430823,0.9027777777777778,0.0409
gmic,564,0.6258026853473438,0.9027777777777778,0.0408
gmic,565,0.626970227670753,0.9027777777777778,0.0407
gmic,566,0.6275539988324577,0.9027777777777778,0.0406
gmic,567,0.6293053123175715,0.9027777777777778,0.0403
gmic,568,0.6298890834792761,0.9027777777777778,0.0401
gmic,569,0.6310566258026854,0.9027777777777778,0.04
gmic,570,0.63164039696439,0.9027777777777778,0.0399
gmic,571,0.6351430239346176,0.9027777777777778,0.0397
gmic,572,0.6363105662580268,0.9027777777777778,0.0396
gmic,573,0.6366024518388792,0.9027777777777778,0.0395
gmic,574,0.637478108581436,0.9027777777777778,0.0394
gmic,575,0.6380618797431407,0.9027777777777778,0.0393
gmic,576,0.6389375364856976,0.9027777777777778,0.0392
gmic,577,0.6392294220665499,0.9027777777777778,0.0391
gmic,578,0.6398131932282545,0.9027777777777778,0.039
gmic,579,0.6401050788091068,0.9027777777777778,0.0389
gmic,580,0.6409807355516638,0.9027777777777778,0.0388
gmic,581,0.641272621132516,0.9027777777777778,0.0387
gmic,582,0.642148277875073,0.9027777777777778,0.0386
gmic,583,0.6436077057793345,0.9027777777777778,0.0385
gmic,584,0.6441914769410391,0.9027777777777778,0.0384
gmic,585,0.645067133683596,0.9027777777777778,0.0383
gmic,586,0.6456509048453006,0.9027777777777778,0.038
gmic,587,0.6465265615878576,0.9027777777777778,0.0379
gmic,588,0.647985989492119,0.9027777777777778,0.0378
gmic,589,0.6491535318155283,0.9027777777777778,0.0376
gmic,590,0.6503210741389376,0.9027777777777778,0.0375
gmic,591,0.6506129597197898,0.9027777777777778,0.0374
gmic,592,0.6514886164623468,0.9027777777777778,0.0373
gmic,593,0.6520723876240514,0.9027777777777778,0.0372
gmic,594,0.6535318155283129,0.9027777777777778,0.0371
gmic,595,0.6544074722708698,0.9027777777777778,0.037
gmic,596,0.6549912434325744,0.9027777777777778,0.0369
gmic,597,0.6561587857559836,0.9027777777777778,0.0368
gmic,598,0.656450671336836,0.9027777777777778,0.0367
gmic,599,0.6576182136602452,0.9027777777777778,0.0366
gmic,600,0.6579100992410974,0.9027777777777778,0.0365
gmic,601,0.6587857559836544,0.9027777777777778,0.0364
gmic,602,0.659369527145359,0.9027777777777778,0.0363
gmic,603,0.660245183887916,0.9027777777777778,0.0362
gmic,604,0.6608289550496206,0.9027777777777778,0.0361
gmic,605,0.6617046117921774,0.9027777777777778,0.036
gmic,606,0.6628721541155866,0.9027777777777778,0.0359
gmic,607,0.663164039696439,0.9027777777777778,0.0358
gmic,608,0.664039696438996,0.9027777777777778,0.0357
gmic,609,0.6643315820198482,0.9027777777777778,0.0356
gmic,610,0.6652072387624052,0.9027777777777778,0.0355
gmic,611,0.666958552247519,0.9027777777777778,0.0354
gmic,612,0.6684179801517806,0.9027777777777778,0.0353
gmic,613,0.6692936368943374,0.9027777777777778,0.0352
gmic,614,0.6710449503794512,0.9027777777777778,0.0348
gmic,615,0.672796263864565,0.9027777777777778,0.0346
gmic,616,0.6733800350262698,0.9027777777777778,0.0344
gmic,617,0.6739638061879744,0.9027777777777778,0.0343
gmic,618,0.6751313485113836,0.9027777777777778,0.0342
gmic,619,0.6757151196730882,0.9027777777777778,0.0341
gmic,620,0.6777583187390543,0.9027777777777778,0.034
gmic,621,0.678342089900759,0.9027777777777778,0.0339
gmic,622,0.6792177466433158,0.9027777777777778,0.0338
gmic,623,0.680385288966725,0.9027777777777778,0.0337
gmic,624,0.6809690601284296,0.9027777777777778,0.0336
gmic,625,0.6824284880326912,0.9027777777777778,0.0335
gmic,626,0.6830122591943958,0.9027777777777778,0.0334
gmic,627,0.6844716870986574,0.9027777777777778,0.0333
gmic,628,0.6853473438412142,0.9027777777777778,0.0332
gmic,629,0.6856392294220666,0.9027777777777778,0.0331
gmic,630,0.6868067717454758,0.9027777777777778,0.033
gmic,631,0.6885580852305896,0.9027777777777778,0.0328
gmic,632,0.6903093987157034,0.9027777777777778,0.0325
gmic,633,0.690893169877408,0.9027777777777778,0.0324
gmic,634,0.6911850554582604,0.9027777777777778,0.0323
gmic,635,0.6926444833625219,0.9027777777777778,0.0322
gmic,636,0.6935201401050788,0.9027777777777778,0.0321
gmic,637,0.6938120256859311,0.9027777777777778,0.032
gmic,638,0.6949795680093404,0.9027777777777778,0.0319
gmic,639,0.6958552247518972,0.9027777777777778,0.0318
gmic,640,0.6964389959136019,0.9027777777777778,0.0316
gmic,641,0.6978984238178634,0.9027777777777778,0.0315
gmic,642,0.6987740805604203,0.9027777777777778,0.0314
gmic,643,0.6999416228838296,0.9027777777777778,0.0313
gmic,644,0.7011091652072388,0.9097222222222222,0.0312
gmic,645,0.7014010507880911,0.9097222222222222,0.0311
gmic,646,0.706071220081728,0.9097222222222222,0.0307
gmic,647,0.7063631056625803,0.9097222222222222,0.0306
gmic,648,0.7069468768242849,0.9097222222222222,0.0305
gmic,649,0.7084063047285464,0.9097222222222222,0.0304
gmic,650,0.7095738470519556,0.9097222222222222,0.0303
gmic,651,0.7098657326328079,0.9097222222222222,0.0302
gmic,652,0.7110332749562172,0.9097222222222222,0.0301
gmic,653,0.712784588441331,0.9097222222222222,0.03
gmic,654,0.7133683596030356,0.9097222222222222,0.0299
gmic,655,0.7142440163455925,0.9097222222222222,0.0298
gmic,656,0.7159953298307064,0.9097222222222222,0.0294
gmic,657,0.7168709865732633,0.9097222222222222,0.0293
gmic,658,0.7174547577349679,0.9097222222222222,0.0292
gmic,659,0.7177466433158202,0.9097222222222222,0.0291
gmic,660,0.7183304144775248,0.9097222222222222,0.029
gmic,661,0.7200817279626387,0.9097222222222222,0.0288
gmic,662,0.7212492702860479,0.9097222222222222,0.0287
gmic,663,0.7218330414477525,0.9097222222222222,0.0286
gmic,664,0.7221249270286048,0.9097222222222222,0.0285
gmic,665,0.723292469352014,0.9097222222222222,0.0283
gmic,666,0.7241681260945709,0.9097222222222222,0.0282
gmic,667,0.7256275539988325,0.9097222222222222,0.0281
gmic,668,0.7262113251605371,0.9097222222222222,0.028
gmic,669,0.7265032107413893,0.9097222222222222,0.0279
gmic,670,0.7273788674839463,0.9097222222222222,0.0278
gmic,671,0.7282545242265032,0.9097222222222222,0.0275
gmic,672,0.7291301809690601,0.9097222222222222,0.0274
gmic,673,0.7294220665499125,0.9097222222222222,0.0273
gmic,674,0.7300058377116171,0.9097222222222222,0.0272
gmic,675,0.7308814944541739,0.9097222222222222,0.0271
gmic,676,0.7314652656158785,0.9097222222222222,0.027
gmic,677,0.7323409223584355,0.9097222222222222,0.0268
gmic,678,0.7329246935201401,0.9097222222222222,0.0267
gmic,679,0.7346760070052539,0.9097222222222222,0.0265
gmic,680,0.7358435493286631,0.9097222222222222,0.0264
gmic,681,0.7364273204903677,0.9097222222222222,0.0263
gmic,682,0.7381786339754816,0.9097222222222222,0.0262
gmic,683,0.7387624051371863,0.9166666666666666,0.0261
gmic,684,0.7410974897840047,0.9166666666666666,0.0259
gmic,685,0.7431406888499709,0.9166666666666666,0.0258
gmic,686,0.7440163455925277,0.9166666666666666,0.0257
gmic,687,0.7446001167542323,0.9166666666666666,0.0256
gmic,688,0.7457676590776415,0.9166666666666666,0.0255
gmic,689,0.7478108581436077,0.9166666666666666,0.0254
gmic,690,0.7489784004670169,0.9166666666666666,0.0253
gmic,691,0.7495621716287215,0.9166666666666666,0.0251
gmic,692,0.7513134851138353,0.9166666666666666,0.025
gmic,693,0.7527729130180969,0.9166666666666666,0.0249
gmic,694,0.7533566841798015,0.9166666666666666,0.0248
gmic,695,0.7542323409223585,0.9166666666666666,0.0246
gmic,696,0.7548161120840631,0.9166666666666666,0.0245
gmic,697,0.7565674255691769,0.9166666666666666,0.0244
gmic,698,0.7574430823117339,0.9166666666666666,0.0243
gmic,699,0.7580268534734385,0.9166666666666666,0.0242
gmic,700,0.7589025102159953,0.9166666666666666,0.0241
gmic,701,0.7600700525394045,0.9166666666666666,0.024
gmic,702,0.7618213660245184,0.9166666666666666,0.0239
gmic,703,0.7626970227670753,0.9166666666666666,0.0238
gmic,704,0.7629889083479277,0.9166666666666666,0.0237
gmic,705,0.7638645650904845,0.9166666666666666,0.0236
gmic,706,0.7670753064798599,0.9166666666666666,0.0235
gmic,707,0.7688266199649737,0.9166666666666666,0.0233
gmic,708,0.7705779334500875,0.9166666666666666,0.0232
gmic,709,0.7711617046117922,0.9166666666666666,0.0231
gmic,710,0.7740805604203153,0.9166666666666666,0.0229
gmic,711,0.7746643315820199,0.9166666666666666,0.0228
gmic,712,0.7764156450671337,0.9166666666666666,0.0226
gmic,713,0.7775831873905429,0.9166666666666666,0.0225
gmic,714,0.7793345008756567,0.9166666666666666,0.0223
gmic,715,0.780502043199066,0.9166666666666666,0.0222
gmic,716,0.7810858143607706,0.9166666666666666,0.0221
gmic,717,0.7822533566841798,0.9166666666666666,0.022
gmic,718,0.7828371278458844,0.9166666666666666,0.0219
gmic,719,0.7837127845884413,0.9166666666666666,0.0218
gmic,720,0.7840046701692936,0.9166666666666666,0.0217
gmic,721,0.7848803269118505,0.9166666666666666,0.0216
gmic,722,0.7863397548161121,0.9166666666666666,0.0215
gmic,723,0.7883829538820782,0.9166666666666666,0.0214
gmic,724,0.791009924109749,0.9166666666666666,0.0213
gmic,725,0.7918855808523059,0.9166666666666666,0.0212
gmic,726,0.794804436660829,0.9166666666666666,0.021
gmic,727,0.7983070636310566,0.9166666666666666,0.0206
gmic,728,0.7988908347927612,0.9166666666666666,0.0205
gmic,729,0.8003502626970228,0.9166666666666666,0.0204
gmic,730,0.8009340338587274,0.9166666666666666,0.0203
gmic,731,0.8023934617629889,0.9166666666666666,0.0202
gmic,732,0.8032691185055458,0.9166666666666666,0.0201
gmic,733,0.804436660828955,0.9166666666666666,0.02
gmic,734,0.805312317571512,0.9166666666666666,0.0199
gmic,735,0.8064798598949212,0.9166666666666666,0.0197
gmic,736,0.8076474022183304,0.9166666666666666,0.0196
gmic,737,0.809106830122592,0.9166666666666666,0.0195
gmic,738,0.8099824868651488,0.9166666666666666,0.0194
gmic,739,0.8102743724460012,0.9166666666666666,0.0193
gmic,740,0.8117338003502627,0.9166666666666666,0.0192
gmic,741,0.8123175715119673,0.9166666666666666,0.0191
gmic,742,0.8146526561587858,0.9166666666666666,0.0189
gmic,743,0.8155283129013426,0.9166666666666666,0.0188
gmic,744,0.8178633975481612,0.9166666666666666,0.0186
gmic,745,0.8193228254524226,0.9236111111111112,0.0184
gmic,746,0.8201984821949796,0.9236111111111112,0.0183
gmic,747,0.8207822533566842,0.9236111111111112,0.0182
gmic,748,0.822533566841798,0.9236111111111112,0.0181
gmic,749,0.8231173380035026,0.9236111111111112,0.018
gmic,750,0.8239929947460596,0.9236111111111112,0.0179
gmic,751,0.825452422650321,0.9236111111111112,0.0178
gmic,752,0.8277875072971396,0.9236111111111112,0.0177
gmic,753,0.8312901342673672,0.9236111111111112,0.0174
gmic,754,0.8327495621716288,0.9236111111111112,0.0173
gmic,755,0.8350846468184472,0.9236111111111112,0.0172
gmic,756,0.835960303561004,0.9236111111111112,0.0171
gmic,757,0.835960303561004,0.9305555555555556,0.017
gmic,758,0.8382953882078226,0.9305555555555556,0.0168
gmic,759,0.8391710449503794,0.9305555555555556,0.0167
gmic,760,0.840630472854641,0.9305555555555556,0.0166
gmic,761,0.8423817863397548,0.9305555555555556,0.0165
gmic,762,0.8447168709865732,0.9305555555555556,0.0164
gmic,763,0.8464681844716871,0.9305555555555556,0.0163
gmic,764,0.8476357267950964,0.9375,0.0162
gmic,765,0.8505545826036194,0.9375,0.016
gmic,766,0.8514302393461763,0.9375,0.0159
gmic,767,0.852014010507881,0.9375,0.0158
gmic,768,0.8531815528312902,0.9375,0.0157
gmic,769,0.8546409807355516,0.9375,0.0156
gmic,770,0.8569760653823701,0.9375,0.0155
gmic,771,0.8584354932866316,0.9375,0.0154
gmic,772,0.858727378867484,0.9375,0.0153
gmic,773,0.8601868067717455,0.9375,0.0152
gmic,774,0.8613543490951547,0.9375,0.0151
gmic,775,0.8631056625802686,0.9444444444444444,0.015
gmic,776,0.8642732049036778,0.9444444444444444,0.0149
gmic,777,0.8651488616462347,0.9444444444444444,0.0148
gmic,778,0.8680677174547577,0.9444444444444444,0.0147
gmic,779,0.8706946876824285,0.9444444444444444,0.0146
gmic,780,0.873029772329247,0.9444444444444444,0.0145
gmic,781,0.8741973146526562,0.9444444444444444,0.0144
gmic,782,0.8776999416228838,0.9444444444444444,0.014
gmic,783,0.8817863397548161,0.9444444444444444,0.0138
gmic,784,0.8841214244016345,0.9444444444444444,0.0137
gmic,785,0.8849970811441915,0.9444444444444444,0.0136
gmic,786,0.8867483946293053,0.9444444444444444,0.0135
gmic,787,0.8887915936952715,0.9444444444444444,0.0134
gmic,788,0.8922942206654991,0.9444444444444444,0.0132
gmic,789,0.8940455341506129,0.9583333333333334,0.0131
gmic,790,0.8972562755399883,0.9583333333333334,0.013
gmic,791,0.8995913601868067,0.9583333333333334,0.0129
gmic,792,0.9010507880910683,0.9583333333333334,0.0128
gmic,793,0.9042615294804437,0.9583333333333334,0.0127
gmic,794,0.9057209573847051,0.9583333333333334,0.0126
gmic,795,0.9092235843549329,0.9583333333333334,0.0125
gmic,796,0.9115586690017513,0.9583333333333334,0.0124
gmic,797,0.9136018680677175,0.9583333333333334,0.0123
gmic,798,0.9150612959719789,0.9583333333333334,0.0122
gmic,799,0.9171044950379451,0.9652777777777778,0.0121
gmic,800,0.9185639229422067,0.9652777777777778,0.012
gmic,801,0.9208990075890251,0.9652777777777778,0.0119
gmic,802,0.9235259778166959,0.9652777777777778,0.0118
gmic,803,0.9258610624635143,0.9652777777777778,0.0117
gmic,804,0.9279042615294805,0.9652777777777778,0.0116
gmic,805,0.9287799182720373,0.9652777777777778,0.0115
gmic,806,0.9302393461762989,0.9652777777777778,0.0114
gmic,807,0.9337419731465265,0.9652777777777778,0.0111
gmic,808,0.9378283712784589,0.9652777777777778,0.011
gmic,809,0.9392877991827204,0.9791666666666666,0.0109
gmic,810,0.9407472270869819,0.9791666666666666,0.0108
gmic,811,0.9424985405720957,0.9861111111111112,0.0107
gmic,812,0.9445417396380619,0.9861111111111112,0.0106
gmic,813,0.9468768242848803,0.9861111111111112,0.0105
gmic,814,0.9489200233508465,0.9861111111111112,0.0104
gmic,815,0.9497956800934034,0.9861111111111112,0.0103
gmic,816,0.9521307647402218,0.9861111111111112,0.0102
gmic,817,0.9538820782253357,0.9861111111111112,0.0101
gmic,818,0.9559252772913018,0.9861111111111112,0.01
gmic,819,0.9585522475189726,0.9861111111111112,0.0099
gmic,820,0.9603035610040864,0.9861111111111112,0.0098
gmic,821,0.9626386456509048,0.9861111111111112,0.0097
gmic,822,0.964681844716871,0.9861111111111112,0.0096
gmic,823,0.9661412726211325,0.9861111111111112,0.0095
gmic,824,0.9673088149445418,0.9930555555555556,0.0094
gmic,825,0.9705195563339171,0.9930555555555556,0.0093
gmic,826,0.9763572679509632,0.9930555555555556,0.0091
gmic,827,0.9778166958552248,0.9930555555555556,0.009
gmic,828,0.9795680093403386,0.9930555555555556,0.0089
gmic,829,0.9813193228254524,0.9930555555555556,0.0087
gmic,830,0.982778750729714,1.0,0.0086
gmic,831,0.9845300642148278,1.0,0.0085
gmic,832,0.986573263280794,1.0,0.0084
gmic,833,0.9889083479276124,1.0,0.0082
gmic,834,0.9900758902510216,1.0,0.008
gmic,835,0.9903677758318739,1.0,0.0079
gmic,836,0.9915353181552832,1.0,0.0078
gmic,837,0.99241097489784,1.0,0.0077
gmic,838,0.9929947460595446,1.0,0.0076
gmic,839,0.9947460595446584,1.0,0.0074
gmic,840,0.9950379451255108,1.0,0.0073
gmic,841,0.99620548744892,1.0,0.0072
gmic,842,0.9964973730297724,1.0,0.0071
gmic,843,0.9976649153531816,1.0,0.007
gmic,844,1.0,1.0,0.001
nyu,0,0.0,0.0,
nyu,1,0.0002918855808523059,0.0,0.9225
nyu,2,0.0005837711617046118,0.0,0.9126
nyu,3,0.0005837711617046118,0.006944444444444444,0.8944
nyu,4,0.0011675423234092236,0.006944444444444444,0.8671
nyu,5,0.0011675423234092236,0.027777777777777776,0.7962
nyu,6,0.0020431990659661413,0.027777777777777776,0.7777
nyu,7,0.0020431990659661413,0.034722222222222224,0.7711
nyu,8,0.002335084646818447,0.034722222222222224,0.7541
nyu,9,0.002335084646818447,0.041666666666666664,0.6969
nyu,10,0.002626970227670753,0.041666666666666664,0.6845
nyu,11,0.002626970227670753,0.04861111111111111,0.6833
nyu,12,0.0037945125510799767,0.04861111111111111,0.6527
nyu,13,0.0037945125510799767,0.05555555555555555,0.6523
nyu,14,0.004670169293636894,0.05555555555555555,0.6289
nyu,15,0.004670169293636894,0.0625,0.6215
nyu,16,0.005545826036193812,0.0625,0.6116
nyu,17,0.005545826036193812,0.06944444444444445,0.6069
nyu,18,0.00642148277875073,0.06944444444444445,0.5999
nyu,19,0.00642148277875073,0.0763888888888889,0.5938
nyu,20,0.008756567425569177,0.0763888888888889,0.5479
nyu,21,0.008756567425569177,0.08333333333333333,0.54
nyu,22,0.009340338587273789,0.08333333333333333,0.5237
nyu,23,0.009340338587273789,0.09027777777777778,0.5216
nyu,24,0.013134851138353765,0.09027777777777778,0.502
nyu,25,0.06596614127262113,0.1388888888888889,0.5
nyu,26,0.06888499708114419,0.1388888888888889,0.4836
nyu,27,0.06888499708114419,0.1527777777777778,0.4822
nyu,28,0.07384705195563339,0.1527777777777778,0.4533
nyu,29,0.07384705195563339,0.1597222222222222,0.4509
nyu,30,0.07793345008756568,0.1597222222222222,0.399
nyu,31,0.07822533566841798,0.16666666666666666,0.3988
nyu,32,0.08085230589608873,0.16666666666666666,0.3858
nyu,33,0.08085230589608873,0.1736111111111111,0.3848
nyu,34,0.08114419147694103,0.1736111111111111,0.3836
nyu,35,0.08114419147694103,0.1875,0.3823
nyu,36,0.08201984821949795,0.1875,0.3729
nyu,37,0.08201984821949795,0.19444444444444445,0.372
nyu,38,0.08289550496205488,0.19444444444444445,0.3698
nyu,39,0.08289550496205488,0.2013888888888889,0.3695
nyu,40,0.08523058960887332,0.2013888888888889,0.3492
nyu,41,0.08523058960887332,0.20833333333333334,0.3478
nyu,42,0.08552247518972562,0.20833333333333334,0.3477
nyu,43,0.08552247518972562,0.2152777777777778,0.3471
nyu,44,0.08581436077057793,0.2152777777777778,0.3421
nyu,45,0.08581436077057793,0.2222222222222222,0.3412
nyu,46,0.08756567425569177,0.2222222222222222,0.3336
nyu,47,0.08756567425569177,0.22916666666666666,0.3321
nyu,48,0.09019264448336252,0.22916666666666666,0.3172
nyu,49,0.09019264448336252,0.24305555555555555,0.3156
nyu,50,0.09106830122591944,0.24305555555555555,0.3115
nyu,51,0.09106830122591944,0.25,0.3111
nyu,52,0.09398715703444249,0.25,0.2984
nyu,53,0.09398715703444249,0.2569444444444444,0.297
nyu,54,0.09486281377699941,0.2569444444444444,0.295
nyu,55,0.09486281377699941,0.2638888888888889,0.2937
nyu,56,0.09632224168126094,0.2638888888888889,0.2896
nyu,57,0.09632224168126094,0.2708333333333333,0.2876
nyu,58,0.09836544074722708,0.2708333333333333,0.2795
nyu,59,0.09836544074722708,0.2777777777777778,0.2779
nyu,60,0.09865732632807939,0.2777777777777778,0.2775
nyu,61,0.09865732632807939,0.2847222222222222,0.2768
nyu,62,0.0989492119089317,0.2916666666666667,0.2757
nyu,63,0.10332749562171628,0.2916666666666667,0.2633
nyu,64,0.1039112667834209,0.2916666666666667,0.2628
nyu,65,0.1091652072387624,0.2916666666666667,0.2419
nyu,66,0.10974897840046702,0.2916666666666667,0.2415
nyu,67,0.11120840630472854,0.2916666666666667,0.2386
nyu,68,0.11120840630472854,0.2986111111111111,0.2375
nyu,69,0.11179217746643316,0.2986111111111111,0.2366
nyu,70,0.11179217746643316,0.3055555555555556,0.2363
nyu,71,0.11295971978984239,0.3055555555555556,0.2321
nyu,72,0.11354349095154699,0.3055555555555556,0.2319
nyu,73,0.11354349095154699,0.3125,0.2318
nyu,74,0.11471103327495621,0.3125,0.2281
nyu,75,0.11529480443666083,0.3125,0.2278
nyu,76,0.11587857559836544,0.3125,0.2267
nyu,77,0.11646234676007006,0.3125,0.2263
nyu,78,0.11792177466433158,0.3125,0.2232
nyu,79,0.11850554582603619,0.3125,0.223
nyu,80,0.11938120256859311,0.3125,0.2205
nyu,81,0.11938120256859311,0.3194444444444444,0.22
nyu,82,0.12084063047285463,0.3194444444444444,0.2177
nyu,83,0.12084063047285463,0.3263888888888889,0.2172
nyu,84,0.12113251605370695,0.3263888888888889,0.2166
nyu,85,0.12113251605370695,0.3333333333333333,0.2155
nyu,86,0.12288382953882078,0.3333333333333333,0.2141
nyu,87,0.1234676007005254,0.3333333333333333,0.2137
nyu,88,0.12463514302393462,0.3333333333333333,0.2127
nyu,89,0.12463514302393462,0.3402777777777778,0.2124
nyu,90,0.1284296555750146,0.3402777777777778,0.2075
nyu,91,0.1295971978984238,0.3402777777777778,0.2066
nyu,92,0.1330998248686515,0.3402777777777778,0.1985
nyu,93,0.1330998248686515,0.3472222222222222,0.1965
nyu,94,0.1342673671920607,0.3472222222222222,0.1951
nyu,95,0.1342673671920607,0.3541666666666667,0.1946
nyu,96,0.13485113835376533,0.3541666666666667,0.1944
nyu,97,0.13543490951546994,0.3541666666666667,0.194
nyu,98,0.13572679509632224,0.3541666666666667,0.1937
nyu,99,0.13631056625802684,0.3541666666666667,0.1935
nyu,100,0.138353765323993,0.3541666666666667,0.1907
nyu,101,0.13922942206654992,0.3541666666666667,0.1897
nyu,102,0.13922942206654992,0.3611111111111111,0.1891
nyu,103,0.13952130764740223,0.3611111111111111,0.189
nyu,104,0.14010507880910683,0.3611111111111111,0.1889
nyu,105,0.14068884997081144,0.3611111111111111,0.1887
nyu,106,0.14068884997081144,0.375,0.1877
nyu,107,0.14098073555166374,0.375,0.1872
nyu,108,0.14098073555166374,0.3819444444444444,0.1869
nyu,109,0.14565090484530063,0.3819444444444444,0.18
nyu,110,0.14623467600700527,0.3819444444444444,0.1793
nyu,111,0.14711033274956217,0.3819444444444444,0.1786
nyu,112,0.14769410391126678,0.3819444444444444,0.1776
nyu,113,0.14827787507297138,0.3819444444444444,0.1775
nyu,114,0.14944541739638062,0.3819444444444444,0.1767
nyu,115,0.15061295971978983,0.3819444444444444,0.1755
nyu,116,0.15148861646234676,0.3819444444444444,0.1745
nyu,117,0.15207238762405137,0.3819444444444444,0.1744
nyu,118,0.15207238762405137,0.3888888888888889,0.1743
nyu,119,0.15265615878575597,0.3888888888888889,0.1738
nyu,120,0.15265615878575597,0.3958333333333333,0.1734
nyu,121,0.1532399299474606,0.3958333333333333,0.1732
nyu,122,0.15528312901342672,0.3958333333333333,0.1707
nyu,123,0.15528312901342672,0.4027777777777778,0.1704
nyu,124,0.15732632807939287,0.4027777777777778,0.1673
nyu,125,0.15732632807939287,0.4097222222222222,0.1672
nyu,126,0.15761821366024517,0.4097222222222222,0.1671
nyu,127,0.1587857559836544,0.4097222222222222,0.1666
nyu,128,0.159369527145359,0.4097222222222222,0.1664
nyu,129,0.159369527145359,0.4166666666666667,0.1662
nyu,130,0.15995329830706362,0.4166666666666667,0.1644
nyu,131,0.16053706946876825,0.4166666666666667,0.1643
nyu,132,0.16199649737302976,0.4166666666666667,0.1626
nyu,133,0.1625802685347344,0.4166666666666667,0.1621
nyu,134,0.163164039696439,0.4166666666666667,0.1617
nyu,135,0.1637478108581436,0.4166666666666667,0.1616
nyu,136,0.1643315820198482,0.4166666666666667,0.1613
nyu,137,0.1643315820198482,0.4375,0.1606
nyu,138,0.16491535318155284,0.4375,0.16
nyu,139,0.16549912434325745,0.4375,0.1597
nyu,140,0.16608289550496205,0.4375,0.1592
nyu,141,0.16666666666666666,0.4375,0.1591
nyu,142,0.16695855224751896,0.4375,0.1589
nyu,143,0.1675423234092236,0.4375,0.1588
nyu,144,0.17075306479859895,0.4375,0.1561
nyu,145,0.17133683596030355,0.4375,0.1559
nyu,146,0.1725043782837128,0.4375,0.1543
nyu,147,0.1730881494454174,0.4375,0.1538
nyu,148,0.173671920607122,0.4375,0.1535
nyu,149,0.17425569176882663,0.4375,0.1533
nyu,150,0.17425569176882663,0.4444444444444444,0.1529
nyu,151,0.17454757734967893,0.4444444444444444,0.1527
nyu,152,0.17513134851138354,0.4444444444444444,0.1525
nyu,153,0.17717454757734968,0.4444444444444444,0.1501
nyu,154,0.17717454757734968,0.4513888888888889,0.1495
nyu,155,0.17921774664331583,0.4513888888888889,0.1474
nyu,156,0.17980151780502043,0.4513888888888889,0.1472
nyu,157,0.18009340338587274,0.4513888888888889,0.1471
nyu,158,0.18067717454757734,0.4513888888888889,0.1466
nyu,159,0.18359603035610042,0.4513888888888889,0.1445
nyu,160,0.18417980151780503,0.4513888888888889,0.1443
nyu,161,0.18447168709865733,0.4513888888888889,0.1439
nyu,162,0.18505545826036193,0.4513888888888889,0.1438
nyu,163,0.18651488616462347,0.4513888888888889,0.1427
nyu,164,0.18651488616462347,0.4583333333333333,0.1426
nyu,165,0.18739054290718038,0.4583333333333333,0.1416
nyu,166,0.18797431406888498,0.4583333333333333,0.1411
nyu,167,0.18797431406888498,0.4652777777777778,0.1404
nyu,168,0.18943374197314652,0.4652777777777778,0.139
nyu,169,0.19001751313485113,0.4652777777777778,0.1389
nyu,170,0.19030939871570343,0.4652777777777778,0.1388
nyu,171,0.19089316987740806,0.4652777777777778,0.1386
nyu,172,0.19118505545826037,0.4652777777777778,0.1384
nyu,173,0.19176882661996497,0.4652777777777778,0.1382
nyu,174,0.19264448336252188,0.4652777777777778,0.1375
nyu,175,0.1932282545242265,0.4652777777777778,0.1373
nyu,176,0.19906596614127262,0.4652777777777778,0.1328
nyu,177,0.19964973730297722,0.4652777777777778,0.1321
nyu,178,0.19994162288382955,0.4722222222222222,0.132
nyu,179,0.20052539404553416,0.4722222222222222,0.1316
nyu,180,0.20110916520723876,0.4722222222222222,0.1314
nyu,181,0.2028604786923526,0.4722222222222222,0.13
nyu,182,0.2034442498540572,0.4722222222222222,0.1299
nyu,183,0.20431990659661411,0.4722222222222222,0.1293
nyu,184,0.20490367775831875,0.4722222222222222,0.129
nyu,185,0.20548744892002335,0.4722222222222222,0.1281
nyu,186,0.20548744892002335,0.4791666666666667,0.1279
nyu,187,0.20577933450087565,0.4791666666666667,0.1278
nyu,188,0.20636310566258026,0.4791666666666667,0.1277
nyu,189,0.2069468768242849,0.4791666666666667,0.1268
nyu,190,0.2075306479859895,0.4791666666666667,0.1263
nyu,191,0.208990075890251,0.4791666666666667,0.1244
nyu,192,0.20928196147110334,0.4861111111111111,0.1243
nyu,193,0.20986573263280794,0.4861111111111111,0.1242
nyu,194,0.21074138937536485,0.4861111111111111,0.1234
nyu,195,0.21132516053706946,0.4861111111111111,0.1229
nyu,196,0.2116170461179218,0.4930555555555556,0.1226
nyu,197,0.2122008172796264,0.4930555555555556,0.1217
nyu,198,0.2124927028604787,0.5,0.1214
nyu,199,0.2124927028604787,0.5069444444444444,0.1212
nyu,200,0.2130764740221833,0.5069444444444444,0.121
nyu,201,0.2133683596030356,0.5069444444444444,0.1209
nyu,202,0.21453590192644484,0.5069444444444444,0.1206
nyu,203,0.21482778750729714,0.5069444444444444,0.1205
nyu,204,0.21541155866900175,0.5069444444444444,0.1203
nyu,205,0.2174547577349679,0.5069444444444444,0.1189
nyu,206,0.2177466433158202,0.5138888888888888,0.1187
nyu,207,0.2183304144775248,0.5138888888888888,0.1185
nyu,208,0.2183304144775248,0.5208333333333334,0.1182
nyu,209,0.21891418563922943,0.5208333333333334,0.118
nyu,210,0.21920607122008173,0.5208333333333334,0.1179
nyu,211,0.21949795680093404,0.5277777777777778,0.1178
nyu,212,0.22124927028604788,0.5277777777777778,0.117
nyu,213,0.22183304144775248,0.5277777777777778,0.1161
nyu,214,0.2227086981903094,0.5277777777777778,0.1159
nyu,215,0.22475189725627553,0.5277777777777778,0.1144
nyu,216,0.22533566841798014,0.5277777777777778,0.1142
nyu,217,0.22562755399883247,0.5277777777777778,0.1141
nyu,218,0.22621132516053707,0.5277777777777778,0.114
nyu,219,0.22708698190309398,0.5277777777777778,0.1138
nyu,220,0.22737886748394628,0.5277777777777778,0.1137
nyu,221,0.22796263864565092,0.5277777777777778,0.1136
nyu,222,0.22825452422650322,0.5277777777777778,0.1134
nyu,223,0.22854640980735552,0.5347222222222222,0.1132
nyu,224,0.22971395213076473,0.5347222222222222,0.1126
nyu,225,0.23029772329246936,0.5347222222222222,0.1125
nyu,226,0.23058960887332167,0.5347222222222222,0.1124
nyu,227,0.23058960887332167,0.5416666666666666,0.1123
nyu,228,0.23117338003502627,0.5416666666666666,0.112
nyu,229,0.23204903677758318,0.5416666666666666,0.1118
nyu,230,0.23204903677758318,0.5486111111111112,0.1115
nyu,231,0.2326328079392878,0.5486111111111112,0.1113
nyu,232,0.23321657910099242,0.5486111111111112,0.111
nyu,233,0.23380035026269702,0.5486111111111112,0.1107
nyu,234,0.23525977816695856,0.5486111111111112,0.1098
nyu,235,0.23613543490951547,0.5486111111111112,0.1096
nyu,236,0.23642732049036777,0.5486111111111112,0.1091
nyu,237,0.2373029772329247,0.5486111111111112,0.109
nyu,238,0.2378867483946293,0.5486111111111112,0.1087
nyu,239,0.23876240513718622,0.5486111111111112,0.1085
nyu,240,0.23934617629889082,0.5486111111111112,0.1084
nyu,241,0.23963806187974315,0.5486111111111112,0.1082
nyu,242,0.24051371862230006,0.5486111111111112,0.108
nyu,243,0.24080560420315236,0.5555555555555556,0.1079
nyu,244,0.2419731465265616,0.5555555555555556,0.1075
nyu,245,0.2419731465265616,0.5625,0.1073
nyu,246,0.2431406888499708,0.5625,0.1065
nyu,247,0.24372446001167541,0.5625,0.1058
nyu,248,0.24430823117338005,0.5625,0.1057
nyu,249,0.2472270869819031,0.5625,0.1039
nyu,250,0.2475189725627554,0.5694444444444444,0.1034
nyu,251,0.2486865148861646,0.5694444444444444,0.1024
nyu,252,0.24927028604786924,0.5694444444444444,0.1023
nyu,253,0.24956217162872155,0.5694444444444444,0.1022
nyu,254,0.2504378283712785,0.5763888888888888,0.1021
nyu,255,0.2521891418563923,0.5763888888888888,0.1014
nyu,256,0.2527729130180969,0.5833333333333334,0.1013
nyu,257,0.2536485697606538,0.5833333333333334,0.101
nyu,258,0.2548161120840631,0.5833333333333334,0.1006
nyu,259,0.25569176882662,0.5833333333333334,0.1005
nyu,260,0.2562755399883246,0.5833333333333334,0.1002
nyu,261,0.2565674255691769,0.5902777777777778,0.1
nyu,262,0.2577349678925861,0.5902777777777778,0.0997
nyu,263,0.2591943957968476,0.5902777777777778,0.099
nyu,264,0.25948628137769997,0.5972222222222222,0.0989
nyu,265,0.25977816695855227,0.5972222222222222,0.0988
nyu,266,0.2603619381202569,0.5972222222222222,0.0987
nyu,267,0.2621132516053707,0.5972222222222222,0.0984
nyu,268,0.2632807939287799,0.5972222222222222,0.0979
nyu,269,0.26444833625218916,0.5972222222222222,0.0976
nyu,270,0.26444833625218916,0.6041666666666666,0.0975
nyu,271,0.26503210741389377,0.6041666666666666,0.0973
nyu,272,0.2656158785755984,0.6041666666666666,0.0971
nyu,273,0.2664915353181553,0.6041666666666666,0.097
nyu,274,0.2676590776415645,0.6041666666666666,0.0962
nyu,275,0.2682428488032691,0.6111111111111112,0.096
nyu,276,0.26941039112667836,0.6111111111111112,0.0957
nyu,277,0.26970227670753066,0.6111111111111112,0.0956
nyu,278,0.27057793345008757,0.6111111111111112,0.0955
nyu,279,0.2708698190309399,0.6111111111111112,0.0954
nyu,280,0.2714535901926445,0.6111111111111112,0.0952
nyu,281,0.2717454757734968,0.6111111111111112,0.0951
nyu,282,0.2723292469352014,0.6111111111111112,0.095
nyu,283,0.272913018096906,0.6111111111111112,0.0946
nyu,284,0.272913018096906,0.6180555555555556,0.0943
nyu,285,0.2732049036777583,0.6180555555555556,0.0942
nyu,286,0.27349678925861065,0.625,0.0941
nyu,287,0.27437244600116756,0.625,0.0937
nyu,288,0.27466433158201986,0.6319444444444444,0.0935
nyu,289,0.27524810274372447,0.6319444444444444,0.0933
nyu,290,0.27553998832457677,0.6319444444444444,0.0931
nyu,291,0.2764156450671337,0.6319444444444444,0.093
nyu,292,0.2769994162288383,0.6319444444444444,0.0928
nyu,293,0.2778750729713952,0.6319444444444444,0.0922
nyu,294,0.27875072971395215,0.6319444444444444,0.0921
nyu,295,0.27933450087565675,0.6319444444444444,0.092
nyu,296,0.27962638645650906,0.6319444444444444,0.0919
nyu,297,0.28079392877991827,0.6319444444444444,0.0914
nyu,298,0.2816695855224752,0.6319444444444444,0.0911
nyu,299,0.2822533566841798,0.6319444444444444,0.091
nyu,300,0.2825452422650321,0.6319444444444444,0.0909
nyu,301,0.28342089900758904,0.6319444444444444,0.0907
nyu,302,0.28371278458844135,0.6319444444444444,0.0906
nyu,303,0.28429655575014595,0.6319444444444444,0.0904
nyu,304,0.28458844133099825,0.6319444444444444,0.0903
nyu,305,0.28546409807355516,0.6319444444444444,0.0902
nyu,306,0.28604786923525977,0.6319444444444444,0.09
nyu,307,0.287215411558669,0.6319444444444444,0.0898
nyu,308,0.28838295388207824,0.6319444444444444,0.0894
nyu,309,0.28925861062463515,0.6319444444444444,0.0891
nyu,310,0.28955049620548745,0.6319444444444444,0.0886
nyu,311,0.28984238178633975,0.6388888888888888,0.0885
nyu,312,0.29042615294804436,0.6388888888888888,0.0884
nyu,313,0.29100992410974896,0.6388888888888888,0.0882
nyu,314,0.29159369527145357,0.6458333333333334,0.0881
nyu,315,0.29188558085230587,0.6458333333333334,0.0879
nyu,316,0.29217746643315823,0.6527777777777778,0.0877
nyu,317,0.29422066549912435,0.6527777777777778,0.0868
nyu,318,0.29480443666082895,0.6527777777777778,0.0867
nyu,319,0.29568009340338586,0.6527777777777778,0.0864
nyu,320,0.29597197898423816,0.6527777777777778,0.0863
nyu,321,0.29655575014594276,0.6527777777777778,0.0862
nyu,322,0.2974314068884997,0.6527777777777778,0.0859
nyu,323,0.29801517805020433,0.6597222222222222,0.0858
nyu,324,0.29859894921190894,0.6597222222222222,0.0857
nyu,325,0.29976649153531815,0.6597222222222222,0.0853
nyu,326,0.30035026269702275,0.6597222222222222,0.0851
nyu,327,0.30122591943957966,0.6597222222222222,0.0848
nyu,328,0.3023934617629889,0.6597222222222222,0.0846
nyu,329,0.30326911850554583,0.6597222222222222,0.0841
nyu,330,0.30385288966725044,0.6597222222222222,0.084
nyu,331,0.30414477524810274,0.6597222222222222,0.0839
nyu,332,0.30502043199065965,0.6597222222222222,0.0838
nyu,333,0.30531231757151195,0.6597222222222222,0.0835
nyu,334,0.3061879743140689,0.6666666666666666,0.0834
nyu,335,0.3073555166374781,0.6666666666666666,0.0833
nyu,336,0.3079392877991827,0.6666666666666666,0.0831
nyu,337,0.3079392877991827,0.6736111111111112,0.083
nyu,338,0.30881494454173963,0.6736111111111112,0.0827
nyu,339,0.30998248686514884,0.6736111111111112,0.0825
nyu,340,0.31027437244600115,0.6736111111111112,0.0824
nyu,341,0.3108581436077058,0.6736111111111112,0.0823
nyu,342,0.312025685931115,0.6805555555555556,0.0822
nyu,343,0.3131932282545242,0.6805555555555556,0.0821
nyu,344,0.31436077057793343,0.6805555555555556,0.0814
nyu,345,0.31494454173963804,0.6805555555555556,0.0813
nyu,346,0.3155283129013427,0.6875,0.0811
nyu,347,0.315820198482195,0.6875,0.081
nyu,348,0.3166958552247519,0.6944444444444444,0.0809
nyu,349,0.3178633975481611,0.6944444444444444,0.0802
nyu,350,0.3184471687098657,0.6944444444444444,0.08
nyu,351,0.31903093987157033,0.6944444444444444,0.0797
nyu,352,0.31990659661412724,0.6944444444444444,0.0796
nyu,353,0.3210741389375365,0.6944444444444444,0.0791
nyu,354,0.3219497956800934,0.6944444444444444,0.079
nyu,355,0.3234092235843549,0.6944444444444444,0.0789
nyu,356,0.3239929947460595,0.6944444444444444,0.0788
nyu,357,0.32457676590776413,0.6944444444444444,0.0784
nyu,358,0.3257443082311734,0.6944444444444444,0.0782
nyu,359,0.3274956217162872,0.6944444444444444,0.0777
nyu,360,0.3277875072971395,0.6944444444444444,0.0776
nyu,361,0.3286631640396964,0.6944444444444444,0.0775
nyu,362,0.329246935201401,0.6944444444444444,0.0773
nyu,363,0.3309982486865149,0.6944444444444444,0.0771
nyu,364,0.3324576765907764,0.6944444444444444,0.077
nyu,365,0.333041447752481,0.6944444444444444,0.0769
nyu,366,0.3333333333333333,0.7013888888888888,0.0768
nyu,367,0.3339171044950379,0.7013888888888888,0.0767
nyu,368,0.3342089900758903,0.7013888888888888,0.0766
nyu,369,0.3347927612375949,0.7013888888888888,0.0765
nyu,370,0.3350846468184472,0.7013888888888888,0.0764
nyu,371,0.3359603035610041,0.7013888888888888,0.0763
nyu,372,0.3365440747227087,0.7013888888888888,0.0761
nyu,373,0.3374197314652656,0.7013888888888888,0.076
nyu,374,0.3377116170461179,0.7013888888888888,0.0759
nyu,375,0.3400467016929364,0.7013888888888888,0.0757
nyu,376,0.340630472854641,0.7013888888888888,0.0754
nyu,377,0.3415061295971979,0.7013888888888888,0.0753
nyu,378,0.3420899007589025,0.7013888888888888,0.0752
nyu,379,0.34354932866316407,0.7013888888888888,0.0745
nyu,380,0.3453006421482779,0.7013888888888888,0.0742
nyu,381,0.3455925277291302,0.7013888888888888,0.0741
nyu,382,0.3464681844716871,0.7013888888888888,0.0738
nyu,383,0.3470519556333917,0.7013888888888888,0.0735
nyu,384,0.3476357267950963,0.7013888888888888,0.0734
nyu,385,0.34851138353765326,0.7013888888888888,0.0733
nyu,386,0.3496789258610625,0.7013888888888888,0.0728
nyu,387,0.3508464681844717,0.7013888888888888,0.0726
nyu,388,0.3517221249270286,0.7013888888888888,0.0725
nyu,389,0.3520140105078809,0.7013888888888888,0.0724
nyu,390,0.35288966725043786,0.7013888888888888,0.0723
nyu,391,0.35318155283129016,0.7013888888888888,0.0722
nyu,392,0.35434909515469937,0.7013888888888888,0.072
nyu,393,0.35493286631640397,0.7013888888888888,0.0718
nyu,394,0.3552247518972563,0.7013888888888888,0.0717
nyu,395,0.3563922942206655,0.7013888888888888,0.0715
nyu,396,0.3566841798015178,0.7013888888888888,0.0714
nyu,397,0.35785172212492705,0.7013888888888888,0.0713
nyu,398,0.35843549328663166,0.7013888888888888,0.0712
nyu,399,0.35931115002918856,0.7013888888888888,0.071
nyu,400,0.35989492119089317,0.7013888888888888,0.0708
nyu,401,0.36018680677174547,0.7013888888888888,0.0707
nyu,402,0.3613543490951547,0.7013888888888888,0.0705
nyu,403,0.36223000583771164,0.7013888888888888,0.0704
nyu,404,0.36310566258026855,0.7083333333333334,0.0703
nyu,405,0.36398131932282546,0.7083333333333334,0.0702
nyu,406,0.36456509048453006,0.7083333333333334,0.0699
nyu,407,0.36514886164623467,0.7083333333333334,0.0698
nyu,408,0.36690017513134854,0.7083333333333334,0.0695
nyu,409,0.36719206071220084,0.7083333333333334,0.0694
nyu,410,0.36777583187390545,0.7083333333333334,0.0693
nyu,411,0.36835960303561005,0.7083333333333334,0.069
nyu,412,0.37069468768242847,0.7083333333333334,0.0688
nyu,413,0.37186223000583774,0.7083333333333334,0.0686
nyu,414,0.37302977232924694,0.7083333333333334,0.0685
nyu,415,0.37361354349095155,0.7083333333333334,0.0682
nyu,416,0.37478108581436076,0.7083333333333334,0.0678
nyu,417,0.37536485697606536,0.7083333333333334,0.0675
nyu,418,0.3762405137186223,0.7083333333333334,0.0673
nyu,419,0.37740805604203154,0.7083333333333334,0.0671
nyu,420,0.37769994162288384,0.7083333333333334,0.067
nyu,421,0.37828371278458844,0.7083333333333334,0.0669
nyu,422,0.37886748394629305,0.7152777777777778,0.0668
nyu,423,0.38003502626970226,0.7152777777777778,0.0667
nyu,424,0.38032691185055456,0.7152777777777778,0.0666
nyu,425,0.3809106830122592,0.7152777777777778,0.0665
nyu,426,0.3812025685931115,0.7152777777777778,0.0664
nyu,427,0.38178633975481613,0.7222222222222222,0.0663
nyu,428,0.38266199649737304,0.7222222222222222,0.0661
nyu,429,0.38382953882078225,0.7222222222222222,0.066
nyu,430,0.38470519556333915,0.7222222222222222,0.0659
nyu,431,0.3858727378867484,0.7222222222222222,0.0655
nyu,432,0.38704028021015763,0.7222222222222222,0.0654
nyu,433,0.38791593695271454,0.7291666666666666,0.0653
nyu,434,0.38879159369527144,0.7291666666666666,0.065
nyu,435,0.38937536485697605,0.7361111111111112,0.0649
nyu,436,0.3908347927612376,0.7361111111111112,0.0648
nyu,437,0.3911266783420899,0.7361111111111112,0.0646
nyu,438,0.3922942206654991,0.7361111111111112,0.0644
nyu,439,0.39258610624635143,0.7430555555555556,0.0643
nyu,440,0.39316987740805603,0.7430555555555556,0.0641
nyu,441,0.39404553415061294,0.7430555555555556,0.064
nyu,442,0.39462930531231755,0.7430555555555556,0.0639
nyu,443,0.3955049620548745,0.7430555555555556,0.0638
nyu,444,0.3957968476357268,0.75,0.0637
nyu,445,0.3966725043782837,0.75,0.0636
nyu,446,0.396964389959136,0.75,0.0635
nyu,447,0.3995913601868068,0.75,0.0634
nyu,448,0.4001751313485114,0.75,0.0633
nyu,449,0.400758902510216,0.75,0.0631
nyu,450,0.4013426736719206,0.75,0.063
nyu,451,0.4016345592527729,0.7569444444444444,0.0629
nyu,452,0.4022183304144775,0.7638888888888888,0.0627
nyu,453,0.4025102159953298,0.7638888888888888,0.0625
nyu,454,0.40367775831873903,0.7638888888888888,0.0622
nyu,455,0.4042615294804437,0.7638888888888888,0.062
nyu,456,0.4060128429655575,0.7638888888888888,0.0617
nyu,457,0.4068884997081144,0.7638888888888888,0.0614
nyu,458,0.4077641564506713,0.7708333333333334,0.0613
nyu,459,0.4083479276123759,0.7708333333333334,0.0611
nyu,460,0.4089316987740806,0.7708333333333334,0.061
nyu,461,0.4100992410974898,0.7708333333333334,0.0609
nyu,462,0.4109748978400467,0.7708333333333334,0.0608
nyu,463,0.411266783420899,0.7708333333333334,0.0607
nyu,464,0.4124343257443082,0.7708333333333334,0.0606
nyu,465,0.4133099824868651,0.7708333333333334,0.0605
nyu,466,0.4144775248102744,0.7708333333333334,0.0604
nyu,467,0.4159369527145359,0.7708333333333334,0.0603
nyu,468,0.4171044950379451,0.7708333333333334,0.0602
nyu,469,0.4173963806187974,0.7708333333333334,0.0601
nyu,470,0.4185639229422067,0.7708333333333334,0.06
nyu,471,0.418855808523059,0.7708333333333334,0.0599
nyu,472,0.4200233508464682,0.7708333333333334,0.0598
nyu,473,0.4206071220081728,0.7708333333333334,0.0597
nyu,474,0.421774664331582,0.7708333333333334,0.0596
nyu,475,0.4226503210741389,0.7708333333333334,0.0595
nyu,476,0.4232340922358436,0.7708333333333334,0.0594
nyu,477,0.4246935201401051,0.7708333333333334,0.0593
nyu,478,0.4258610624635143,0.7708333333333334,0.0592
nyu,479,0.4264448336252189,0.7708333333333334,0.0591
nyu,480,0.4267367192060712,0.7708333333333334,0.059
nyu,481,0.42790426152948047,0.7708333333333334,0.0588
nyu,482,0.4305312317571512,0.7708333333333334,0.0585
nyu,483,0.4311150029188558,0.7708333333333334,0.0583
nyu,484,0.43315820198482197,0.7708333333333334,0.0582
nyu,485,0.4340338587273789,0.7708333333333334,0.0581
nyu,486,0.4352014010507881,0.7708333333333334,0.058
nyu,487,0.4357851722124927,0.7708333333333334,0.0579
nyu,488,0.436077057793345,0.7708333333333334,0.0578
nyu,489,0.4366608289550496,0.7777777777777778,0.0577
nyu,490,0.43753648569760656,0.7777777777777778,0.0576
nyu,491,0.43899591360186807,0.7777777777777778,0.0575
nyu,492,0.4407472270869819,0.7777777777777778,0.0574
nyu,493,0.44279042615294806,0.7777777777777778,0.0573
nyu,494,0.4445417396380619,0.7777777777777778,0.0571
nyu,495,0.4460011675423234,0.7777777777777778,0.0569
nyu,496,0.44716870986573265,0.7777777777777778,0.0567
nyu,497,0.44804436660828956,0.7777777777777778,0.0566
nyu,498,0.44862813776999416,0.7777777777777778,0.0565
nyu,499,0.44950379451255107,0.7777777777777778,0.0564
nyu,500,0.44979568009340337,0.7777777777777778,0.0563
nyu,501,0.450379451255108,0.7777777777777778,0.0562
nyu,502,0.45183887915936954,0.7777777777777778,0.0561
nyu,503,0.45242265032107415,0.7777777777777778,0.056
nyu,504,0.45359019264448336,0.7777777777777778,0.0559
nyu,505,0.45446584938704027,0.7777777777777778,0.0558
nyu,506,0.45475773496789257,0.7777777777777778,0.0557
nyu,507,0.45738470519556335,0.7777777777777778,0.0554
nyu,508,0.46088733216579103,0.7777777777777778,0.055
nyu,509,0.46117921774664333,0.7777777777777778,0.0548
nyu,510,0.46176298890834794,0.7777777777777778,0.0547
nyu,511,0.46263864565090485,0.7777777777777778,0.0546
nyu,512,0.46322241681260945,0.7777777777777778,0.0545
nyu,513,0.4649737302977233,0.7777777777777778,0.0544
nyu,514,0.4658493870402802,0.7777777777777778,0.0543
nyu,515,0.46789258610624634,0.7777777777777778,0.0542
nyu,516,0.46818447168709865,0.7777777777777778,0.0541
nyu,517,0.46906012842965555,0.7777777777777778,0.054
nyu,518,0.4696438995913602,0.7777777777777778,0.0539
nyu,519,0.4699357851722125,0.7777777777777778,0.0538
nyu,520,0.47168709865732633,0.7777777777777778,0.0535
nyu,521,0.47285464098073554,0.7777777777777778,0.0533
nyu,522,0.4746059544658494,0.7777777777777778,0.0529
nyu,523,0.4748978400467017,0.7777777777777778,0.0528
nyu,524,0.475189725627554,0.7847222222222222,0.0527
nyu,525,0.47664915353181553,0.7847222222222222,0.0526
nyu,526,0.47723292469352013,0.7847222222222222,0.0525
nyu,527,0.47752481027437244,0.7847222222222222,0.0524
nyu,528,0.47869235259778165,0.7847222222222222,0.0522
nyu,529,0.478984238178634,0.7847222222222222,0.0521
nyu,530,0.4795680093403386,0.7847222222222222,0.052
nyu,531,0.4807355516637478,0.7847222222222222,0.0519
nyu,532,0.4810274372446001,0.7847222222222222,0.0518
nyu,533,0.481903093987157,0.7847222222222222,0.0517
nyu,534,0.48336252189141854,0.7847222222222222,0.0516
nyu,535,0.4851138353765324,0.7847222222222222,0.0515
nyu,536,0.485697606538237,0.7847222222222222,0.0514
nyu,537,0.4868651488616462,0.7847222222222222,0.0512
nyu,538,0.4886164623467601,0.7847222222222222,0.0511
nyu,539,0.4889083479276124,0.7847222222222222,0.051
nyu,540,0.4897840046701693,0.7847222222222222,0.0509
nyu,541,0.4909515469935785,0.7847222222222222,0.0506
nyu,542,0.49270286047869233,0.7847222222222222,0.0504
nyu,543,0.493286631640397,0.7847222222222222,0.0503
nyu,544,0.4944541739638062,0.7847222222222222,0.0502
nyu,545,0.4947460595446585,0.7847222222222222,0.0501
nyu,546,0.4953298307063631,0.7847222222222222,0.05
nyu,547,0.4964973730297723,0.7847222222222222,0.0499
nyu,548,0.4973730297723292,0.7847222222222222,0.0498
nyu,549,0.4991243432574431,0.7847222222222222,0.0497
nyu,550,0.4997081144191477,0.7847222222222222,0.0496
nyu,551,0.5,0.7847222222222222,0.0495
nyu,552,0.5005837711617046,0.7847222222222222,0.0494
nyu,553,0.5017513134851138,0.7847222222222222,0.0492
nyu,554,0.5035026269702276,0.7847222222222222,0.0491
nyu,555,0.5049620548744892,0.7847222222222222,0.049
nyu,556,0.506713368359603,0.7847222222222222,0.0489
nyu,557,0.5070052539404554,0.7847222222222222,0.0488
nyu,558,0.50758902510216,0.7847222222222222,0.0486
nyu,559,0.5078809106830122,0.7916666666666666,0.0484
nyu,560,0.5081727962638646,0.7916666666666666,0.0483
nyu,561,0.5093403385872738,0.7916666666666666,0.0482
nyu,562,0.5110916520723876,0.7916666666666666,0.0481
nyu,563,0.5119673088149446,0.7916666666666666,0.048
nyu,564,0.513426736719206,0.7916666666666666,0.0479
nyu,565,0.5140105078809106,0.7916666666666666,0.0478
nyu,566,0.5157618213660246,0.7916666666666666,0.0476
nyu,567,0.5175131348511384,0.7916666666666666,0.0475
nyu,568,0.5186806771745476,0.7916666666666666,0.0474
nyu,569,0.5198482194979568,0.7916666666666666,0.0472
nyu,570,0.521015761821366,0.7916666666666666,0.0471
nyu,571,0.5213076474022184,0.7916666666666666,0.047
nyu,572,0.5224751897256276,0.7916666666666666,0.0469
nyu,573,0.5230589608873322,0.7916666666666666,0.0468
nyu,574,0.5239346176298891,0.7916666666666666,0.0467
nyu,575,0.5253940455341506,0.7916666666666666,0.0466
nyu,576,0.5271453590192644,0.7916666666666666,0.0464
nyu,577,0.5283129013426737,0.7916666666666666,0.0463
nyu,578,0.5288966725043783,0.7916666666666666,0.0462
nyu,579,0.5300642148277875,0.7916666666666666,0.0461
nyu,580,0.5306479859894921,0.7916666666666666,0.0459
nyu,581,0.5312317571511967,0.7916666666666666,0.0458
nyu,582,0.531523642732049,0.7916666666666666,0.0457
nyu,583,0.532399299474606,0.7916666666666666,0.0456
nyu,584,0.5344424985405721,0.7916666666666666,0.0455
nyu,585,0.5350262697022767,0.7916666666666666,0.0454
nyu,586,0.5367775831873906,0.7916666666666666,0.0453
nyu,587,0.5379451255107998,0.7916666666666666,0.0452
nyu,588,0.5414477524810274,0.7916666666666666,0.045
nyu,589,0.542907180385289,0.7916666666666666,0.0449
nyu,590,0.5437828371278459,0.7916666666666666,0.0448
nyu,591,0.5440747227086982,0.7916666666666666,0.0447
nyu,592,0.5446584938704028,0.7916666666666666,0.0446
nyu,593,0.5464098073555166,0.7916666666666666,0.0445
nyu,594,0.5469935785172213,0.7916666666666666,0.0444
nyu,595,0.5499124343257443,0.7916666666666666,0.0442
nyu,596,0.5504962054874489,0.7916666666666666,0.0441
nyu,597,0.5522475189725627,0.7916666666666666,0.044
nyu,598,0.5531231757151197,0.7916666666666666,0.0439
nyu,599,0.5537069468768243,0.7916666666666666,0.0438
nyu,600,0.5542907180385289,0.7916666666666666,0.0436
nyu,601,0.5551663747810858,0.7916666666666666,0.0435
nyu,602,0.5563339171044951,0.7916666666666666,0.0434
nyu,603,0.5577933450087565,0.7916666666666666,0.0433
nyu,604,0.5586690017513135,0.7916666666666666,0.0432
nyu,605,0.5592527729130181,0.7916666666666666,0.0431
nyu,606,0.5595446584938704,0.7916666666666666,0.043
nyu,607,0.5607122008172796,0.7916666666666666,0.0429
nyu,608,0.5621716287215411,0.7916666666666666,0.0428
nyu,609,0.5624635143023935,0.7916666666666666,0.0427
nyu,610,0.5642148277875073,0.7916666666666666,0.0426
nyu,611,0.5656742556917689,0.7916666666666666,0.0425
nyu,612,0.5680093403385873,0.7916666666666666,0.0424
nyu,613,0.5720957384705195,0.7916666666666666,0.0422
nyu,614,0.5738470519556333,0.7916666666666666,0.0421
nyu,615,0.5747227086981903,0.7916666666666666,0.042
nyu,616,0.5750145942790427,0.7916666666666666,0.0419
nyu,617,0.5773496789258611,0.7916666666666666,0.0418
nyu,618,0.5782253356684179,0.7916666666666666,0.0417
nyu,619,0.5799766491535319,0.7916666666666666,0.0416
nyu,620,0.5805604203152365,0.7916666666666666,0.0415
nyu,621,0.5823117338003503,0.7916666666666666,0.0413
nyu,622,0.5837711617046117,0.7916666666666666,0.0412
nyu,623,0.5855224751897257,0.7916666666666666,0.0411
nyu,624,0.5869819030939871,0.7916666666666666,0.041
nyu,625,0.5881494454173963,0.7916666666666666,0.0408
nyu,626,0.5890251021599533,0.7916666666666666,0.0407
nyu,627,0.5904845300642149,0.7986111111111112,0.0406
nyu,628,0.5919439579684763,0.7986111111111112,0.0405
nyu,629,0.5931115002918855,0.7986111111111112,0.0404
nyu,630,0.5945709281961471,0.7986111111111112,0.0403
nyu,631,0.5963222416812609,0.7986111111111112,0.0401
nyu,632,0.5971978984238179,0.8055555555555556,0.04
nyu,633,0.5989492119089317,0.8055555555555556,0.0398
nyu,634,0.6004086398131933,0.8055555555555556,0.0397
nyu,635,0.6007005253940455,0.8055555555555556,0.0396
nyu,636,0.6021599532983071,0.8125,0.0395
nyu,637,0.6024518388791593,0.8125,0.0394
nyu,638,0.603035610040864,0.8125,0.0393
nyu,639,0.6044950379451255,0.8125,0.0392
nyu,640,0.6062463514302393,0.8125,0.0391
nyu,641,0.6077057793345009,0.8125,0.039
nyu,642,0.6088733216579101,0.8125,0.0389
nyu,643,0.6094570928196147,0.8125,0.0388
nyu,644,0.6103327495621717,0.8125,0.0387
nyu,645,0.6109165207238763,0.8125,0.0385
nyu,646,0.6115002918855809,0.8125,0.0384
nyu,647,0.6138353765323993,0.8125,0.0382
nyu,648,0.6158785755983655,0.8125,0.038
nyu,649,0.6176298890834793,0.8125,0.0377
nyu,650,0.6179217746643316,0.8125,0.0376
nyu,651,0.6185055458260362,0.8125,0.0375
nyu,652,0.6193812025685931,0.8125,0.0374
nyu,653,0.6196730881494454,0.8125,0.0373
nyu,654,0.6217162872154116,0.8125,0.0372
nyu,655,0.6231757151196731,0.8125,0.0371
nyu,656,0.6252189141856392,0.8125,0.037
nyu,657,0.6266783420899008,0.8125,0.0369
nyu,658,0.62784588441331,0.8125,0.0368
nyu,659,0.6284296555750146,0.8125,0.0367
nyu,660,0.6319322825452423,0.8125,0.0365
nyu,661,0.6333917104495038,0.8125,0.0364
nyu,662,0.6339754816112084,0.8125,0.0363
nyu,663,0.6354349095154699,0.8125,0.0362
nyu,664,0.6360186806771746,0.8125,0.036
nyu,665,0.6368943374197314,0.8125,0.0359
nyu,666,0.638353765323993,0.8125,0.0358
nyu,667,0.6415645067133684,0.8125,0.0357
nyu,668,0.6438995913601868,0.8125,0.0355
nyu,669,0.6456509048453006,0.8125,0.0354
nyu,670,0.647985989492119,0.8125,0.0353
nyu,671,0.6500291885580852,0.8194444444444444,0.0352
nyu,672,0.651780502043199,0.8194444444444444,0.035
nyu,673,0.6520723876240514,0.8194444444444444,0.0349
nyu,674,0.6541155866900175,0.8194444444444444,0.0348
nyu,675,0.6549912434325744,0.8194444444444444,0.0347
nyu,676,0.6576182136602452,0.8194444444444444,0.0346
nyu,677,0.6587857559836544,0.8194444444444444,0.0345
nyu,678,0.6605370694687682,0.8194444444444444,0.0344
nyu,679,0.6619964973730298,0.8194444444444444,0.0343
nyu,680,0.662288382953882,0.8194444444444444,0.0342
nyu,681,0.664039696438996,0.8194444444444444,0.0341
nyu,682,0.6649153531815528,0.8194444444444444,0.034
nyu,683,0.6663747810858144,0.8194444444444444,0.0339
nyu,684,0.6675423234092236,0.8194444444444444,0.0338
nyu,685,0.6684179801517806,0.8194444444444444,0.0337
nyu,686,0.6687098657326328,0.8194444444444444,0.0336
nyu,687,0.6692936368943374,0.8194444444444444,0.0335
nyu,688,0.6695855224751898,0.8194444444444444,0.0334
nyu,689,0.6710449503794512,0.8194444444444444,0.0333
nyu,690,0.673671920607122,0.8194444444444444,0.033
nyu,691,0.6757151196730882,0.8194444444444444,0.0328
nyu,692,0.677466433158202,0.8194444444444444,0.0327
nyu,693,0.6795096322241682,0.8194444444444444,0.0326
nyu,694,0.6806771745475774,0.8194444444444444,0.0325
nyu,695,0.6824284880326912,0.8194444444444444,0.0322
nyu,696,0.6833041447752481,0.8194444444444444,0.0321
nyu,697,0.6856392294220666,0.8194444444444444,0.032
nyu,698,0.6870986573263281,0.8194444444444444,0.0319
nyu,699,0.6882661996497373,0.8194444444444444,0.0318
nyu,700,0.6891418563922942,0.8194444444444444,0.0317
nyu,701,0.6906012842965558,0.8194444444444444,0.0316
nyu,702,0.6914769410391126,0.8194444444444444,0.0315
nyu,703,0.6929363689433742,0.8194444444444444,0.0314
nyu,704,0.694687682428488,0.8194444444444444,0.0313
nyu,705,0.6958552247518972,0.8194444444444444,0.0312
nyu,706,0.6967308814944542,0.8194444444444444,0.0311
nyu,707,0.6996497373029772,0.8194444444444444,0.0309
nyu,708,0.7014010507880911,0.8194444444444444,0.0308
nyu,709,0.7016929363689434,0.8194444444444444,0.0307
nyu,710,0.7046117921774664,0.8194444444444444,0.0305
nyu,711,0.7086981903093987,0.8194444444444444,0.0303
nyu,712,0.7104495037945125,0.8194444444444444,0.0302
nyu,713,0.7119089316987741,0.8194444444444444,0.0301
nyu,714,0.712784588441331,0.8263888888888888,0.03
nyu,715,0.7142440163455925,0.8263888888888888,0.0299
nyu,716,0.7159953298307064,0.8263888888888888,0.0298
nyu,717,0.7171628721541156,0.8263888888888888,0.0297
nyu,718,0.7186223000583771,0.8263888888888888,0.0296
nyu,719,0.7203736135434909,0.8333333333333334,0.0295
nyu,720,0.7215411558669002,0.8333333333333334,0.0294
nyu,721,0.7235843549328663,0.8333333333333334,0.0293
nyu,722,0.7244600116754233,0.8333333333333334,0.0292
nyu,723,0.7259194395796847,0.8333333333333334,0.0291
nyu,724,0.727086981903094,0.8333333333333334,0.029
nyu,725,0.7294220665499125,0.8333333333333334,0.0289
nyu,726,0.7308814944541739,0.8333333333333334,0.0288
nyu,727,0.7335084646818447,0.8333333333333334,0.0287
nyu,728,0.7338003502626971,0.8333333333333334,0.0286
nyu,729,0.7346760070052539,0.8333333333333334,0.0285
nyu,730,0.7358435493286631,0.8333333333333334,0.0284
nyu,731,0.737594862813777,0.8333333333333334,0.0283
nyu,732,0.7381786339754816,0.8333333333333334,0.0282
nyu,733,0.7416812609457093,0.8333333333333334,0.028
nyu,734,0.7431406888499709,0.8333333333333334,0.0279
nyu,735,0.7448920023350847,0.8333333333333334,0.0278
nyu,736,0.7472270869819031,0.8333333333333334,0.0277
nyu,737,0.7492702860478693,0.8333333333333334,0.0276
nyu,738,0.7507297139521307,0.8402777777777778,0.0275
nyu,739,0.7516053706946877,0.8402777777777778,0.0274
nyu,740,0.7527729130180969,0.8402777777777778,0.0273
nyu,741,0.7551079976649153,0.8402777777777778,0.0272
nyu,742,0.7565674255691769,0.8402777777777778,0.0271
nyu,743,0.7583187390542907,0.8402777777777778,0.027
nyu,744,0.7597781669585523,0.8402777777777778,0.0269
nyu,745,0.7615294804436661,0.8402777777777778,0.0268
nyu,746,0.7650321074138937,0.8472222222222222,0.0267
nyu,747,0.7659077641564507,0.8472222222222222,0.0266
nyu,748,0.7676590776415645,0.8472222222222222,0.0265
nyu,749,0.7685347343841215,0.8472222222222222,0.0264
nyu,750,0.7702860478692353,0.8472222222222222,0.0263
nyu,751,0.772913018096906,0.8472222222222222,0.0262
nyu,752,0.7737886748394629,0.8541666666666666,0.0261
nyu,753,0.7746643315820199,0.8541666666666666,0.026
nyu,754,0.7758318739054291,0.8541666666666666,0.0259
nyu,755,0.7781669585522475,0.8541666666666666,0.0258
nyu,756,0.7799182720373613,0.8541666666666666,0.0257
nyu,757,0.7802101576182137,0.8541666666666666,0.0256
nyu,758,0.7828371278458844,0.8541666666666666,0.0255
nyu,759,0.7840046701692936,0.8541666666666666,0.0254
nyu,760,0.7860478692352598,0.8541666666666666,0.0253
nyu,761,0.7875072971395213,0.8541666666666666,0.0252
nyu,762,0.7898423817863398,0.8541666666666666,0.0251
nyu,763,0.7915936952714536,0.8611111111111112,0.025
nyu,764,0.7930531231757151,0.8611111111111112,0.0249
nyu,765,0.794804436660829,0.8611111111111112,0.0248
nyu,766,0.7974314068884997,0.8611111111111112,0.0247
nyu,767,0.7988908347927612,0.8611111111111112,0.0246
nyu,768,0.7997664915353182,0.8611111111111112,0.0245
nyu,769,0.8023934617629889,0.8611111111111112,0.0244
nyu,770,0.8038528896672504,0.8611111111111112,0.0243
nyu,771,0.804436660828955,0.8611111111111112,0.0242
nyu,772,0.805312317571512,0.8611111111111112,0.0241
nyu,773,0.8056042031523643,0.8611111111111112,0.024
nyu,774,0.8064798598949212,0.8680555555555556,0.0239
nyu,775,0.8076474022183304,0.8680555555555556,0.0238
nyu,776,0.8088149445417396,0.875,0.0237
nyu,777,0.8099824868651488,0.875,0.0236
nyu,778,0.811150029188558,0.8819444444444444,0.0235
nyu,779,0.8117338003502627,0.8819444444444444,0.0234
nyu,780,0.8137769994162288,0.8819444444444444,0.0233
nyu,781,0.8166958552247519,0.8819444444444444,0.0231
nyu,782,0.8175715119673088,0.8819444444444444,0.023
nyu,783,0.8178633975481612,0.8819444444444444,0.0229
nyu,784,0.8190309398715704,0.8819444444444444,0.0228
nyu,785,0.8213660245183888,0.8819444444444444,0.0227
nyu,786,0.823409223584355,0.8888888888888888,0.0226
nyu,787,0.8242848803269118,0.8888888888888888,0.0225
nyu,788,0.8260361938120256,0.8888888888888888,0.0224
nyu,789,0.8269118505545826,0.8888888888888888,0.0223
nyu,790,0.8283712784588442,0.8888888888888888,0.0222
nyu,791,0.8304144775248102,0.8888888888888888,0.0221
nyu,792,0.8321657910099242,0.8888888888888888,0.022
nyu,793,0.8345008756567426,0.8888888888888888,0.0219
nyu,794,0.8362521891418564,0.8888888888888888,0.0218
nyu,795,0.837711617046118,0.8888888888888888,0.0217
nyu,796,0.8385872737886748,0.8888888888888888,0.0216
nyu,797,0.8391710449503794,0.8888888888888888,0.0215
nyu,798,0.840630472854641,0.8888888888888888,0.0214
nyu,799,0.8417980151780502,0.8888888888888888,0.0213
nyu,800,0.843549328663164,0.8888888888888888,0.0212
nyu,801,0.844424985405721,0.8888888888888888,0.0211
nyu,802,0.8470519556333918,0.8888888888888888,0.021
nyu,803,0.8479276123759486,0.8888888888888888,0.0209
nyu,804,0.8499708114419148,0.8888888888888888,0.0208
nyu,805,0.850262697022767,0.8888888888888888,0.0207
nyu,806,0.8546409807355516,0.8888888888888888,0.0204
nyu,807,0.854932866316404,0.8888888888888888,0.0203
nyu,808,0.8558085230589609,0.8958333333333334,0.0202
nyu,809,0.8575598365440747,0.8958333333333334,0.0201
nyu,810,0.8598949211908932,0.8958333333333334,0.0199
nyu,811,0.8613543490951547,0.9027777777777778,0.0198
nyu,812,0.862521891418564,0.9027777777777778,0.0197
nyu,813,0.8631056625802686,0.9027777777777778,0.0196
nyu,814,0.8648569760653824,0.9027777777777778,0.0195
nyu,815,0.8651488616462347,0.9027777777777778,0.0194
nyu,816,0.8663164039696439,0.9027777777777778,0.0193
nyu,817,0.8686514886164624,0.9027777777777778,0.0192
nyu,818,0.8695271453590193,0.9097222222222222,0.0191
nyu,819,0.8712784588441331,0.9097222222222222,0.0189
nyu,820,0.8724460011675423,0.9097222222222222,0.0187
nyu,821,0.8733216579100992,0.9097222222222222,0.0186
nyu,822,0.8744892002335085,0.9097222222222222,0.0185
nyu,823,0.8750729713952131,0.9097222222222222,0.0184
nyu,824,0.8765323992994746,0.9097222222222222,0.0183
nyu,825,0.8776999416228838,0.9097222222222222,0.0182
nyu,826,0.8785755983654407,0.9097222222222222,0.0181
nyu,827,0.8788674839462931,0.9097222222222222,0.018
nyu,828,0.87974314068885,0.9097222222222222,0.0179
nyu,829,0.8814944541739638,0.9097222222222222,0.0176
nyu,830,0.8817863397548161,0.9097222222222222,0.0175
nyu,831,0.8823701109165207,0.9097222222222222,0.0174
nyu,832,0.8829538820782253,0.9097222222222222,0.0172
nyu,833,0.8838295388207823,0.9097222222222222,0.0171
nyu,834,0.8844133099824869,0.9097222222222222,0.017
nyu,835,0.8855808523058961,0.9097222222222222,0.0169
nyu,836,0.8867483946293053,0.9097222222222222,0.0166
nyu,837,0.8870402802101576,0.9097222222222222,0.0164
nyu,838,0.8879159369527145,0.9097222222222222,0.0162
nyu,839,0.8884997081144191,0.9097222222222222,0.0161
nyu,840,0.8896672504378283,0.9097222222222222,0.0159
nyu,841,0.890251021599533,0.9097222222222222,0.0157
nyu,842,0.8908347927612376,0.9097222222222222,0.0155
nyu,843,0.8911266783420899,0.9097222222222222,0.0154
nyu,844,0.8917104495037945,0.9097222222222222,0.0153
nyu,845,0.8922942206654991,0.9097222222222222,0.0149
nyu,846,0.8928779918272037,0.9097222222222222,0.0146
nyu,847,0.8937536485697607,0.9097222222222222,0.0144
nyu,848,0.8940455341506129,0.9097222222222222,0.0143
nyu,849,0.8946293053123175,0.9097222222222222,0.0139
nyu,850,0.8972562755399883,0.9097222222222222,0.0102
nyu,851,0.8972562755399883,0.9166666666666666,0.0101
nyu,852,0.8981319322825453,0.9166666666666666,0.0088
nyu,853,0.8992994746059545,0.9166666666666666,0.0067
nyu,854,0.9001751313485113,0.9166666666666666,0.0058
nyu,855,0.9001751313485113,0.9236111111111112,0.0057
nyu,856,0.9019264448336253,0.9236111111111112,0.0049
nyu,857,0.9030939871570345,0.9236111111111112,0.0048
nyu,858,0.9039696438995913,0.9236111111111112,0.0044
nyu,859,0.9045534150612959,0.9236111111111112,0.0043
nyu,860,0.9054290718038529,0.9236111111111112,0.0031
nyu,861,1.0,1.0,0.0
glam,0,0.0,0.0,
glam,1,0.0,0.006944444444444444,0.9904
glam,2,0.0,0.013888888888888888,0.9758
glam,3,0.002335084646818447,0.013888888888888888,0.7721
glam,4,0.002335084646818447,0.020833333333333332,0.763
glam,5,0.002626970227670753,0.020833333333333332,0.7573
glam,6,0.002626970227670753,0.034722222222222224,0.7487
glam,7,0.00788091068301226,0.034722222222222224,0.6106
glam,8,0.00788091068301226,0.041666666666666664,0.606
glam,9,0.008172796263864565,0.041666666666666664,0.6059
glam,10,0.008172796263864565,0.04861111111111111,0.6022
glam,11,0.009340338587273789,0.04861111111111111,0.5628
glam,12,0.009340338587273789,0.05555555555555555,0.5593
glam,13,0.01138353765323993,0.05555555555555555,0.512
glam,14,0.01138353765323993,0.0625,0.5101
glam,15,0.011967308814944542,0.0625,0.5086
glam,16,0.011967308814944542,0.0763888888888889,0.4964
glam,17,0.012259194395796848,0.0763888888888889,0.496
glam,18,0.01284296555750146,0.0763888888888889,0.4933
glam,19,0.013426736719206071,0.0763888888888889,0.4916
glam,20,0.013426736719206071,0.09027777777777778,0.4884
glam,21,0.014010507880910683,0.09027777777777778,0.4826
glam,22,0.014010507880910683,0.09722222222222222,0.4783
glam,23,0.01780502043199066,0.09722222222222222,0.4275
glam,24,0.01780502043199066,0.10416666666666667,0.4226
glam,25,0.018972562755399883,0.10416666666666667,0.4171
glam,26,0.018972562755399883,0.1111111111111111,0.414
glam,27,0.0198482194979568,0.1111111111111111,0.3933
glam,28,0.0198482194979568,0.11805555555555555,0.39
glam,29,0.020431990659661413,0.11805555555555555,0.3877
glam,30,0.020431990659661413,0.125,0.3826
glam,31,0.02072387624051372,0.125,0.3805
glam,32,0.02072387624051372,0.13194444444444445,0.3774
glam,33,0.02276707530647986,0.13194444444444445,0.3622
glam,34,0.02276707530647986,0.14583333333333334,0.3555
glam,35,0.02422650321074139,0.14583333333333334,0.3475
glam,36,0.02422650321074139,0.1527777777777778,0.3408
glam,37,0.026853473438412143,0.1527777777777778,0.3114
glam,38,0.027437244600116754,0.1527777777777778,0.3082
glam,39,0.027437244600116754,0.1597222222222222,0.3072
glam,40,0.0297723292469352,0.1597222222222222,0.2988
glam,41,0.0297723292469352,0.16666666666666666,0.2965
glam,42,0.030356100408639813,0.16666666666666666,0.2947
glam,43,0.030356100408639813,0.1736111111111111,0.2942
glam,44,0.033566841798015175,0.1736111111111111,0.2706
glam,45,0.033566841798015175,0.1875,0.2686
glam,46,0.03531815528312901,0.1875,0.2634
glam,47,0.03590192644483362,0.1875,0.2626
glam,48,0.03590192644483362,0.19444444444444445,0.2606
glam,49,0.03619381202568593,0.19444444444444445,0.2595
glam,50,0.03677758318739054,0.19444444444444445,0.2559
glam,51,0.037361354349095155,0.19444444444444445,0.2528
glam,52,0.037361354349095155,0.2013888888888889,0.2516
glam,53,0.03882078225335668,0.2013888888888889,0.2426
glam,54,0.03882078225335668,0.20833333333333334,0.2417
glam,55,0.040863981319322826,0.20833333333333334,0.2323
glam,56,0.040863981319322826,0.2152777777777778,0.2308
glam,57,0.04203152364273205,0.2152777777777778,0.2275
glam,58,0.04203152364273205,0.2222222222222222,0.2273
glam,59,0.043490951546993575,0.2222222222222222,0.2194
glam,60,0.043490951546993575,0.2361111111111111,0.2173
glam,61,0.044366608289550497,0.2361111111111111,0.2147
glam,62,0.044366608289550497,0.24305555555555555,0.2143
glam,63,0.047285464098073555,0.24305555555555555,0.2069
glam,64,0.04786923525977817,0.24305555555555555,0.2065
glam,65,0.04816112084063047,0.24305555555555555,0.2057
glam,66,0.04874489200233508,0.24305555555555555,0.2053
glam,67,0.05224751897256275,0.24305555555555555,0.1944
glam,68,0.05253940455341506,0.25,0.1933
glam,69,0.0542907180385289,0.25,0.1891
glam,70,0.05487448920023351,0.25,0.1859
glam,71,0.056625802685347344,0.25,0.181
glam,72,0.056625802685347344,0.2569444444444444,0.1807
glam,73,0.057209573847051956,0.2569444444444444,0.18
glam,74,0.057209573847051956,0.2638888888888889,0.1789
glam,75,0.05779334500875657,0.2638888888888889,0.1782
glam,76,0.059252772913018094,0.2638888888888889,0.1752
glam,77,0.059836544074722706,0.2638888888888889,0.1747
glam,78,0.06042031523642732,0.2638888888888889,0.1743
glam,79,0.06042031523642732,0.2708333333333333,0.1737
glam,80,0.06333917104495038,0.2708333333333333,0.1671
glam,81,0.06333917104495038,0.2777777777777778,0.167
glam,82,0.0645067133683596,0.2777777777777778,0.164
glam,83,0.0647985989492119,0.2847222222222222,0.1628
glam,84,0.06567425569176882,0.2847222222222222,0.1596
glam,85,0.06625802685347344,0.2847222222222222,0.159
glam,86,0.06684179801517805,0.2847222222222222,0.1587
glam,87,0.06742556917688267,0.2847222222222222,0.1585
glam,88,0.0691768826619965,0.2847222222222222,0.157
glam,89,0.0691768826619965,0.2916666666666667,0.1568
glam,90,0.07063631056625802,0.2916666666666667,0.1545
glam,91,0.07122008172796264,0.2916666666666667,0.1543
glam,92,0.07238762405137186,0.2916666666666667,0.1519
glam,93,0.07238762405137186,0.2986111111111111,0.1508
glam,94,0.07326328079392878,0.3055555555555556,0.1501
glam,95,0.07326328079392878,0.3125,0.1494
glam,96,0.07705779334500876,0.3125,0.1415
glam,97,0.07705779334500876,0.3194444444444444,0.1407
glam,98,0.0791009924109749,0.3194444444444444,0.1387
glam,99,0.0793928779918272,0.3263888888888889,0.1383
glam,100,0.0796847635726795,0.3263888888888889,0.1381
glam,101,0.08026853473438413,0.3263888888888889,0.1377
glam,102,0.08289550496205488,0.3263888888888889,0.1346
glam,103,0.08289550496205488,0.3333333333333333,0.1343
glam,104,0.08669001751313485,0.3333333333333333,0.1279
glam,105,0.08727378867483947,0.3333333333333333,0.1278
glam,106,0.08814944541739637,0.3333333333333333,0.1272
glam,107,0.08814944541739637,0.3402777777777778,0.1254
glam,108,0.08873321657910099,0.3402777777777778,0.1249
glam,109,0.0893169877408056,0.3402777777777778,0.1244
glam,110,0.09106830122591944,0.3402777777777778,0.1227
glam,111,0.09165207238762405,0.3402777777777778,0.1225
glam,112,0.09340338587273789,0.3402777777777778,0.1195
glam,113,0.09398715703444249,0.3402777777777778,0.119
glam,114,0.09427904261529481,0.3402777777777778,0.1189
glam,115,0.09486281377699941,0.3402777777777778,0.1188
glam,116,0.09719789842381786,0.3402777777777778,0.1167
glam,117,0.09778166958552248,0.3402777777777778,0.1166
glam,118,0.09807355516637478,0.3402777777777778,0.1162
glam,119,0.09836544074722708,0.3472222222222222,0.116
glam,120,0.0989492119089317,0.3472222222222222,0.1154
glam,121,0.0989492119089317,0.3541666666666667,0.1149
glam,122,0.09982486865148861,0.3541666666666667,0.1138
glam,123,0.09982486865148861,0.3611111111111111,0.1137
glam,124,0.10099241097489783,0.3611111111111111,0.1127
glam,125,0.10128429655575015,0.3611111111111111,0.1126
glam,126,0.10128429655575015,0.3680555555555556,0.1125
glam,127,0.1042031523642732,0.3680555555555556,0.1083
glam,128,0.1042031523642732,0.375,0.1082
glam,129,0.10507880910683012,0.375,0.1076
glam,130,0.10566258026853473,0.375,0.1074
glam,131,0.10828955049620549,0.375,0.1054
glam,132,0.1088733216579101,0.375,0.1049
glam,133,0.1091652072387624,0.375,0.1048
glam,134,0.10974897840046702,0.375,0.1047
glam,135,0.11062463514302394,0.375,0.1033
glam,136,0.11120840630472854,0.375,0.103
glam,137,0.11179217746643316,0.375,0.1027
glam,138,0.11237594862813777,0.375,0.1026
glam,139,0.11295971978984239,0.375,0.1023
glam,140,0.11354349095154699,0.375,0.1022
glam,141,0.1138353765323993,0.375,0.1019
glam,142,0.11412726211325161,0.3819444444444444,0.1018
glam,143,0.11529480443666083,0.3819444444444444,0.1006
glam,144,0.11587857559836544,0.3819444444444444,0.1005
glam,145,0.11762988908347928,0.3819444444444444,0.0983
glam,146,0.11850554582603619,0.3819444444444444,0.0981
glam,147,0.11850554582603619,0.3888888888888889,0.0979
glam,148,0.11938120256859311,0.3888888888888889,0.0971
glam,149,0.11996497373029773,0.3888888888888889,0.0969
glam,150,0.12142440163455925,0.3888888888888889,0.096
glam,151,0.12200817279626386,0.3888888888888889,0.0959
glam,152,0.12230005837711617,0.3888888888888889,0.0958
glam,153,0.12230005837711617,0.3958333333333333,0.0957
glam,154,0.12288382953882078,0.3958333333333333,0.0955
glam,155,0.12288382953882078,0.4027777777777778,0.0954
glam,156,0.12405137186223,0.4027777777777778,0.0948
glam,157,0.12463514302393462,0.4027777777777778,0.0943
glam,158,0.1281377699941623,0.4027777777777778,0.0918
glam,159,0.1281377699941623,0.4097222222222222,0.0917
glam,160,0.1290134267367192,0.4097222222222222,0.0908
glam,161,0.1290134267367192,0.4166666666666667,0.0907
glam,162,0.13018096906012844,0.4166666666666667,0.0904
glam,163,0.13105662580268534,0.4166666666666667,0.0898
glam,164,0.13164039696438995,0.4166666666666667,0.0895
glam,165,0.13251605370694688,0.4166666666666667,0.0892
glam,166,0.1328079392877992,0.4166666666666667,0.0891
glam,167,0.1333917104495038,0.4166666666666667,0.0888
glam,168,0.1336835960303561,0.4166666666666667,0.0885
glam,169,0.1342673671920607,0.4166666666666667,0.0879
glam,170,0.13514302393461763,0.4166666666666667,0.0872
glam,171,0.13572679509632224,0.4166666666666667,0.0871
glam,172,0.13660245183887915,0.4166666666666667,0.0863
glam,173,0.13718622300058378,0.4236111111111111,0.0857
glam,174,0.14156450671336837,0.4236111111111111,0.0831
glam,175,0.14214827787507298,0.4236111111111111,0.0824
glam,176,0.14302393461762988,0.4236111111111111,0.0814
glam,177,0.1436077057793345,0.4236111111111111,0.0813
glam,178,0.14565090484530063,0.4236111111111111,0.0804
glam,179,0.14681844716870987,0.4236111111111111,0.08
glam,180,0.1485697606538237,0.4236111111111111,0.0793
glam,181,0.14886164623467601,0.4305555555555556,0.0791
glam,182,0.15119673088149446,0.4305555555555556,0.0781
glam,183,0.15119673088149446,0.4375,0.078
glam,184,0.15148861646234676,0.4375,0.0779
glam,185,0.15207238762405137,0.4375,0.0778
glam,186,0.15236427320490367,0.4375,0.0776
glam,187,0.15294804436660828,0.4375,0.0773
glam,188,0.1532399299474606,0.4375,0.0769
glam,189,0.15411558669001751,0.4375,0.0768
glam,190,0.15440747227086982,0.4444444444444444,0.0766
glam,191,0.15499124343257442,0.4444444444444444,0.0765
glam,192,0.15557501459427905,0.4444444444444444,0.0758
glam,193,0.15557501459427905,0.4583333333333333,0.075
glam,194,0.15615878575598366,0.4583333333333333,0.0743
glam,195,0.15674255691768826,0.4583333333333333,0.0742
glam,196,0.15703444249854057,0.4583333333333333,0.074
glam,197,0.15732632807939287,0.4652777777777778,0.0738
glam,198,0.1579100992410975,0.4652777777777778,0.0733
glam,199,0.1584938704028021,0.4652777777777778,0.0728
glam,200,0.1590776415645067,0.4652777777777778,0.0726
glam,201,0.16082895504962055,0.4652777777777778,0.0713
glam,202,0.16141272621132516,0.4652777777777778,0.0712
glam,203,0.16170461179217746,0.4652777777777778,0.071
glam,204,0.1628721541155867,0.4652777777777778,0.0706
glam,205,0.1640396964389959,0.4652777777777778,0.0705
glam,206,0.1640396964389959,0.4722222222222222,0.0704
glam,207,0.1643315820198482,0.4722222222222222,0.0703
glam,208,0.16520723876240515,0.4722222222222222,0.0702
glam,209,0.16608289550496205,0.4791666666666667,0.0701
glam,210,0.16666666666666666,0.4791666666666667,0.0695
glam,211,0.1672504378283713,0.4791666666666667,0.0691
glam,212,0.1675423234092236,0.4791666666666667,0.069
glam,213,0.1687098657326328,0.4791666666666667,0.0688
glam,214,0.1690017513134851,0.4861111111111111,0.0686
glam,215,0.17075306479859895,0.4861111111111111,0.0678
glam,216,0.17162872154115585,0.4861111111111111,0.0677
glam,217,0.17162872154115585,0.4930555555555556,0.0676
glam,218,0.17192060712200818,0.4930555555555556,0.0675
glam,219,0.1727962638645651,0.5,0.0668
glam,220,0.1739638061879743,0.5,0.0665
glam,221,0.17425569176882663,0.5,0.0664
glam,222,0.17600700525394045,0.5,0.0662
glam,223,0.17629889083479275,0.5069444444444444,0.0658
glam,224,0.17659077641564508,0.5069444444444444,0.0656
glam,225,0.1777583187390543,0.5069444444444444,0.0655
glam,226,0.1777583187390543,0.5138888888888888,0.0653
glam,227,0.17892586106246353,0.5138888888888888,0.0647
glam,228,0.17950963222416813,0.5138888888888888,0.0646
glam,229,0.17980151780502043,0.5138888888888888,0.0645
glam,230,0.18067717454757734,0.5138888888888888,0.0644
glam,231,0.18155283129013428,0.5138888888888888,0.0635
glam,232,0.18155283129013428,0.5208333333333334,0.0634
glam,233,0.1830122591943958,0.5208333333333334,0.0627
glam,234,0.18359603035610042,0.5208333333333334,0.0626
glam,235,0.18388791593695272,0.5208333333333334,0.0624
glam,236,0.18417980151780503,0.5277777777777778,0.0623
glam,237,0.18476357267950963,0.5277777777777778,0.0622
glam,238,0.18563922942206654,0.5277777777777778,0.0615
glam,239,0.18622300058377117,0.5277777777777778,0.0614
glam,240,0.18651488616462347,0.5277777777777778,0.061
glam,241,0.18768242848803268,0.5277777777777778,0.0608
glam,242,0.18826619964973731,0.5277777777777778,0.06
glam,243,0.18943374197314652,0.5277777777777778,0.0597
glam,244,0.19030939871570343,0.5277777777777778,0.0594
glam,245,0.19089316987740806,0.5277777777777778,0.0591
glam,246,0.19147694103911267,0.5277777777777778,0.059
glam,247,0.19147694103911267,0.5347222222222222,0.0588
glam,248,0.19176882661996497,0.5347222222222222,0.0585
glam,249,0.19235259778166958,0.5347222222222222,0.0584
glam,250,0.1929363689433742,0.5347222222222222,0.0581
glam,251,0.19352014010507881,0.5347222222222222,0.058
glam,252,0.19410391126678342,0.5347222222222222,0.0575
glam,253,0.19497956800934033,0.5347222222222222,0.0574
glam,254,0.19527145359019266,0.5347222222222222,0.0573
glam,255,0.19643899591360187,0.5347222222222222,0.057
glam,256,0.1978984238178634,0.5347222222222222,0.0563
glam,257,0.198482194979568,0.5347222222222222,0.0558
glam,258,0.198482194979568,0.5416666666666666,0.0554
glam,259,0.1987740805604203,0.5416666666666666,0.0553
glam,260,0.19994162288382955,0.5416666666666666,0.055
glam,261,0.20081727962638646,0.5416666666666666,0.0548
glam,262,0.20140105078809106,0.5416666666666666,0.0546
glam,263,0.20169293636894337,0.5416666666666666,0.0545
glam,264,0.202276707530648,0.5416666666666666,0.0544
glam,265,0.2031523642732049,0.5416666666666666,0.0543
glam,266,0.2037361354349095,0.5416666666666666,0.0542
glam,267,0.20461179217746644,0.5416666666666666,0.0539
glam,268,0.20490367775831875,0.5416666666666666,0.0538
glam,269,0.20665499124343256,0.5416666666666666,0.0535
glam,270,0.2078225335668418,0.5416666666666666,0.0534
glam,271,0.208990075890251,0.5416666666666666,0.053
glam,272,0.21015761821366025,0.5416666666666666,0.0524
glam,273,0.21074138937536485,0.5416666666666666,0.0523
glam,274,0.21103327495621715,0.5486111111111112,0.0521
glam,275,0.2116170461179218,0.5486111111111112,0.0519
glam,276,0.2116170461179218,0.5555555555555556,0.0518
glam,277,0.2122008172796264,0.5555555555555556,0.0516
glam,278,0.2130764740221833,0.5555555555555556,0.0515
glam,279,0.2136602451838879,0.5555555555555556,0.0513
glam,280,0.21424401634559254,0.5555555555555556,0.0512
glam,281,0.21511967308814944,0.5555555555555556,0.0508
glam,282,0.21628721541155868,0.5555555555555556,0.0507
glam,283,0.21687098657326329,0.5625,0.0506
glam,284,0.2174547577349679,0.5625,0.0504
glam,285,0.2180385288966725,0.5625,0.0503
glam,286,0.2183304144775248,0.5625,0.0499
glam,287,0.21891418563922943,0.5625,0.0498
glam,288,0.22008172796263864,0.5625,0.0497
glam,289,0.22095738470519558,0.5625,0.0495
glam,290,0.22124927028604788,0.5625,0.0494
glam,291,0.22183304144775248,0.5625,0.0493
glam,292,0.22212492702860478,0.5694444444444444,0.0492
glam,293,0.2230005837711617,0.5694444444444444,0.0491
glam,294,0.22446001167542323,0.5694444444444444,0.049
glam,295,0.22562755399883247,0.5763888888888888,0.0489
glam,296,0.22737886748394628,0.5763888888888888,0.0481
glam,297,0.22825452422650322,0.5763888888888888,0.048
glam,298,0.22825452422650322,0.5833333333333334,0.0479
glam,299,0.22883829538820782,0.5833333333333334,0.0478
glam,300,0.22971395213076473,0.5833333333333334,0.0477
glam,301,0.23029772329246936,0.5833333333333334,0.0476
glam,302,0.23058960887332167,0.5833333333333334,0.0475
glam,303,0.23146526561587857,0.5833333333333334,0.0474
glam,304,0.23204903677758318,0.5833333333333334,0.0473
glam,305,0.2329246935201401,0.5833333333333334,0.0472
glam,306,0.23467600700525393,0.5833333333333334,0.0464
glam,307,0.23555166374781086,0.5833333333333334,0.0462
glam,308,0.23613543490951547,0.5833333333333334,0.046
glam,309,0.23701109165207238,0.5833333333333334,0.0459
glam,310,0.237594862813777,0.5833333333333334,0.0457
glam,311,0.23847051955633392,0.5833333333333334,0.0456
glam,312,0.23876240513718622,0.5833333333333334,0.0454
glam,313,0.23992994746059546,0.5833333333333334,0.0452
glam,314,0.24080560420315236,0.5833333333333334,0.0451
glam,315,0.2419731465265616,0.5833333333333334,0.0449
glam,316,0.2428488032691185,0.5833333333333334,0.0448
glam,317,0.24430823117338005,0.5833333333333334,0.0447
glam,318,0.24489200233508465,0.5833333333333334,0.0445
glam,319,0.24518388791593695,0.5833333333333334,0.0444
glam,320,0.24547577349678926,0.5902777777777778,0.0443
glam,321,0.24635143023934616,0.5902777777777778,0.0442
glam,322,0.2469352014010508,0.5902777777777778,0.0441
glam,323,0.2472270869819031,0.5902777777777778,0.044
glam,324,0.2483946293053123,0.5902777777777778,0.0438
glam,325,0.24897840046701694,0.5902777777777778,0.0436
glam,326,0.24956217162872155,0.5902777777777778,0.0435
glam,327,0.24985405720957385,0.5902777777777778,0.0434
glam,328,0.24985405720957385,0.5972222222222222,0.0432
glam,329,0.2504378283712785,0.5972222222222222,0.043
glam,330,0.2516053706946877,0.5972222222222222,0.0429
glam,331,0.2521891418563923,0.6041666666666666,0.0428
glam,332,0.2527729130180969,0.6041666666666666,0.0427
glam,333,0.2530647985989492,0.6111111111111112,0.0426
glam,334,0.2533566841798015,0.6111111111111112,0.0425
glam,335,0.2551079976649154,0.6111111111111112,0.0422
glam,336,0.2559836544074723,0.6111111111111112,0.042
glam,337,0.2565674255691769,0.6111111111111112,0.0419
glam,338,0.2574430823117338,0.6111111111111112,0.0418
glam,339,0.258610624635143,0.6111111111111112,0.0416
glam,340,0.2589025102159953,0.6111111111111112,0.0414
glam,341,0.2603619381202569,0.6111111111111112,0.0413
glam,342,0.2606538237011092,0.6111111111111112,0.0412
glam,343,0.2618213660245184,0.6111111111111112,0.0411
glam,344,0.2621132516053707,0.6111111111111112,0.041
glam,345,0.2621132516053707,0.6180555555555556,0.0409
glam,346,0.2629889083479276,0.6180555555555556,0.0408
glam,347,0.2635726795096322,0.6180555555555556,0.0407
glam,348,0.2638645650904845,0.6180555555555556,0.0406
glam,349,0.26444833625218916,0.625,0.0405
glam,350,0.266199649737303,0.625,0.0403
glam,351,0.2664915353181553,0.625,0.0402
glam,352,0.2676590776415645,0.625,0.0401
glam,353,0.2679509632224168,0.625,0.04
glam,354,0.2685347343841214,0.625,0.0399
glam,355,0.26970227670753066,0.625,0.0398
glam,356,0.27028604786923527,0.6319444444444444,0.0397
glam,357,0.2708698190309399,0.6319444444444444,0.0396
glam,358,0.2711617046117922,0.6319444444444444,0.0395
glam,359,0.2726211325160537,0.6319444444444444,0.0393
glam,360,0.2732049036777583,0.6388888888888888,0.0392
glam,361,0.27437244600116756,0.6388888888888888,0.0391
glam,362,0.27466433158201986,0.6388888888888888,0.039
glam,363,0.27524810274372447,0.6388888888888888,0.0389
glam,364,0.276707530647986,0.6388888888888888,0.0388
glam,365,0.2772913018096906,0.6388888888888888,0.0387
glam,366,0.27845884413309985,0.6388888888888888,0.0385
glam,367,0.27875072971395215,0.6388888888888888,0.0384
glam,368,0.27991827203736136,0.6388888888888888,0.0382
glam,369,0.28108581436077057,0.6388888888888888,0.0381
glam,370,0.28137769994162287,0.6388888888888888,0.038
glam,371,0.2825452422650321,0.6388888888888888,0.0379
glam,372,0.28458844133099825,0.6388888888888888,0.0378
glam,373,0.28575598365440746,0.6388888888888888,0.0376
glam,374,0.28633975481611207,0.6388888888888888,0.0375
glam,375,0.28663164039696437,0.6388888888888888,0.0374
glam,376,0.287215411558669,0.6388888888888888,0.0373
glam,377,0.28867483946293054,0.6388888888888888,0.0372
glam,378,0.29042615294804436,0.6388888888888888,0.0369
glam,379,0.29276123759486283,0.6388888888888888,0.0366
glam,380,0.29334500875656744,0.6388888888888888,0.0365
glam,381,0.29451255107997665,0.6458333333333334,0.0364
glam,382,0.29509632224168125,0.6458333333333334,0.0363
glam,383,0.29655575014594276,0.6458333333333334,0.0362
glam,384,0.29830706363105663,0.6458333333333334,0.0361
glam,385,0.29859894921190894,0.6458333333333334,0.036
glam,386,0.29918272037361354,0.6458333333333334,0.0359
glam,387,0.29947460595446584,0.6527777777777778,0.0358
glam,388,0.30035026269702275,0.6527777777777778,0.0355
glam,389,0.3018096906012843,0.6527777777777778,0.0354
glam,390,0.30297723292469353,0.6527777777777778,0.0352
glam,391,0.30326911850554583,0.6597222222222222,0.0351
glam,392,0.30443666082895504,0.6597222222222222,0.035
glam,393,0.30531231757151195,0.6597222222222222,0.0349
glam,394,0.3076474022183304,0.6597222222222222,0.0346
glam,395,0.30823117338003503,0.6597222222222222,0.0345
glam,396,0.30910683012259194,0.6597222222222222,0.0344
glam,397,0.30939871570344424,0.6597222222222222,0.0343
glam,398,0.31056625802685345,0.6597222222222222,0.0342
glam,399,0.3123175715119673,0.6597222222222222,0.034
glam,400,0.3126094570928196,0.6597222222222222,0.0339
glam,401,0.31406888499708113,0.6666666666666666,0.0338
glam,402,0.31465265615878574,0.6666666666666666,0.0337
glam,403,0.3155283129013427,0.6666666666666666,0.0336
glam,404,0.3161120840630473,0.6666666666666666,0.0335
glam,405,0.3164039696438996,0.6666666666666666,0.0334
glam,406,0.3181552831290134,0.6666666666666666,0.0333
glam,407,0.318739054290718,0.6666666666666666,0.0332
glam,408,0.31961471103327493,0.6666666666666666,0.0331
glam,409,0.3210741389375365,0.6666666666666666,0.033
glam,410,0.3222416812609457,0.6666666666666666,0.0328
glam,411,0.3237011091652072,0.6666666666666666,0.0327
glam,412,0.32457676590776413,0.6666666666666666,0.0326
glam,413,0.3257443082311734,0.6666666666666666,0.0324
glam,414,0.3280793928779918,0.6666666666666666,0.0323
glam,415,0.3289550496205487,0.6666666666666666,0.0322
glam,416,0.330122591943958,0.6666666666666666,0.0321
glam,417,0.3312901342673672,0.6666666666666666,0.0319
glam,418,0.3315820198482195,0.6666666666666666,0.0318
glam,419,0.3321657910099241,0.6666666666666666,0.0317
glam,420,0.3324576765907764,0.6666666666666666,0.0316
glam,421,0.333041447752481,0.6666666666666666,0.0315
glam,422,0.3342089900758903,0.6666666666666666,0.0314
glam,423,0.3359603035610041,0.6666666666666666,0.0313
glam,424,0.3380035026269702,0.6666666666666666,0.0312
glam,425,0.3385872737886748,0.6666666666666666,0.0311
glam,426,0.3400467016929364,0.6666666666666666,0.031
glam,427,0.3409223584354933,0.6736111111111112,0.0309
glam,428,0.3415061295971979,0.6736111111111112,0.0308
glam,429,0.3429655575014594,0.6736111111111112,0.0307
glam,430,0.3432574430823117,0.6736111111111112,0.0306
glam,431,0.344424985405721,0.6736111111111112,0.0305
glam,432,0.3447168709865733,0.6736111111111112,0.0304
glam,433,0.3453006421482779,0.6736111111111112,0.0303
glam,434,0.3461762988908348,0.6736111111111112,0.0302
glam,435,0.3464681844716871,0.6736111111111112,0.0301
glam,436,0.3470519556333917,0.6736111111111112,0.03
glam,437,0.347343841214244,0.6736111111111112,0.0299
glam,438,0.3479276123759486,0.6736111111111112,0.0298
glam,439,0.34880326911850557,0.6736111111111112,0.0297
glam,440,0.3499708114419148,0.6736111111111112,0.0296
glam,441,0.3508464681844717,0.6805555555555556,0.0295
glam,442,0.3514302393461763,0.6805555555555556,0.0294
glam,443,0.35318155283129016,0.6805555555555556,0.0293
glam,444,0.35434909515469937,0.6875,0.0292
glam,445,0.3569760653823701,0.6875,0.0291
glam,446,0.35931115002918856,0.6875,0.0289
glam,447,0.35960303561004087,0.6875,0.0288
glam,448,0.3604786923525978,0.6875,0.0287
glam,449,0.36223000583771164,0.6875,0.0286
glam,450,0.36252189141856395,0.6875,0.0285
glam,451,0.36427320490367776,0.6875,0.0283
glam,452,0.3657326328079393,0.6944444444444444,0.0282
glam,453,0.36690017513134854,0.6944444444444444,0.0281
glam,454,0.36719206071220084,0.6944444444444444,0.028
glam,455,0.36835960303561005,0.6944444444444444,0.0279
glam,456,0.36894337419731466,0.6944444444444444,0.0278
glam,457,0.37332165791009925,0.6944444444444444,0.0275
glam,458,0.37361354349095155,0.6944444444444444,0.0274
glam,459,0.37565674255691767,0.6944444444444444,0.0273
glam,460,0.37711617046117923,0.6944444444444444,0.0272
glam,461,0.37799182720373614,0.6944444444444444,0.0271
glam,462,0.3809106830122592,0.6944444444444444,0.0269
glam,463,0.38207822533566843,0.7013888888888888,0.0268
glam,464,0.38266199649737304,0.7013888888888888,0.0267
glam,465,0.38295388207822534,0.7013888888888888,0.0266
glam,466,0.38441330998248685,0.7013888888888888,0.0265
glam,467,0.38528896672504376,0.7013888888888888,0.0264
glam,468,0.3858727378867484,0.7013888888888888,0.0263
glam,469,0.38733216579100993,0.7083333333333334,0.0262
glam,470,0.38791593695271454,0.7083333333333334,0.0261
glam,471,0.38937536485697605,0.7083333333333334,0.0259
glam,472,0.390251021599533,0.7152777777777778,0.0258
glam,473,0.3911266783420899,0.7152777777777778,0.0257
glam,474,0.39462930531231755,0.7152777777777778,0.0255
glam,475,0.3975481611208406,0.7152777777777778,0.0254
glam,476,0.39842381786339753,0.7152777777777778,0.0253
glam,477,0.4001751313485114,0.7152777777777778,0.0252
glam,478,0.4010507880910683,0.7152777777777778,0.0251
glam,479,0.4028021015761821,0.7152777777777778,0.025
glam,480,0.4042615294804437,0.7152777777777778,0.0249
glam,481,0.4051371862230006,0.7152777777777778,0.0248
glam,482,0.4057209573847052,0.7152777777777778,0.0247
glam,483,0.4065966141272621,0.7152777777777778,0.0246
glam,484,0.4071803852889667,0.7152777777777778,0.0245
glam,485,0.40863981319322823,0.7152777777777778,0.0244
glam,486,0.4106830122591944,0.7152777777777778,0.0243
glam,487,0.4118505545826036,0.7152777777777778,0.0242
glam,488,0.4133099824868651,0.7152777777777778,0.0241
glam,489,0.4138937536485698,0.7152777777777778,0.024
glam,490,0.4147694103911267,0.7152777777777778,0.0239
glam,491,0.4171044950379451,0.7152777777777778,0.0238
glam,492,0.4182720373613544,0.7152777777777778,0.0237
glam,493,0.4197314652656159,0.7152777777777778,0.0236
glam,494,0.4203152364273205,0.7152777777777778,0.0235
glam,495,0.421774664331582,0.7152777777777778,0.0234
glam,496,0.4241097489784005,0.7152777777777778,0.0233
glam,497,0.4249854057209574,0.7152777777777778,0.0232
glam,498,0.4284880326911851,0.7152777777777778,0.023
glam,499,0.4290718038528897,0.7152777777777778,0.0229
glam,500,0.4305312317571512,0.7152777777777778,0.0228
glam,501,0.4316987740805604,0.7152777777777778,0.0227
glam,502,0.43228254524226506,0.7152777777777778,0.0226
glam,503,0.4340338587273789,0.7152777777777778,0.0225
glam,504,0.4349095154699358,0.7152777777777778,0.0224
glam,505,0.436077057793345,0.7152777777777778,0.0223
glam,506,0.4401634559252773,0.7152777777777778,0.0221
glam,507,0.44249854057209576,0.7152777777777778,0.022
glam,508,0.44366608289550497,0.7152777777777778,0.0219
glam,509,0.44424985405720957,0.7152777777777778,0.0218
glam,510,0.44424985405720957,0.7222222222222222,0.0217
glam,511,0.44658493870402804,0.7222222222222222,0.0216
glam,512,0.44833625218914186,0.7222222222222222,0.0215
glam,513,0.4500875656742557,0.7222222222222222,0.0213
glam,514,0.45242265032107415,0.7291666666666666,0.0212
glam,515,0.45417396380618796,0.7291666666666666,0.0211
glam,516,0.45563339171044953,0.7291666666666666,0.021
glam,517,0.45738470519556335,0.7291666666666666,0.0209
glam,518,0.45884413309982486,0.7291666666666666,0.0208
glam,519,0.46059544658493873,0.7291666666666666,0.0207
glam,520,0.46176298890834794,0.7291666666666666,0.0206
glam,521,0.46468184471687096,0.7291666666666666,0.0204
glam,522,0.46672504378283713,0.7291666666666666,0.0203
glam,523,0.46847635726795095,0.7291666666666666,0.0202
glam,524,0.4699357851722125,0.7291666666666666,0.0201
glam,525,0.4711033274956217,0.7291666666666666,0.02
glam,526,0.47402218330414475,0.7291666666666666,0.0199
glam,527,0.4754816112084063,0.7291666666666666,0.0198
glam,528,0.47810858143607704,0.7291666666666666,0.0197
glam,529,0.4798598949211909,0.7291666666666666,0.0196
glam,530,0.4807355516637478,0.7291666666666666,0.0195
glam,531,0.48277875072971393,0.7361111111111112,0.0194
glam,532,0.4839462930531232,0.7361111111111112,0.0193
glam,533,0.4859894921190893,0.7361111111111112,0.0192
glam,534,0.4871570344424985,0.7361111111111112,0.0191
glam,535,0.4889083479276124,0.7361111111111112,0.019
glam,536,0.49270286047869233,0.7361111111111112,0.0189
glam,537,0.4941622883829539,0.7361111111111112,0.0188
glam,538,0.4973730297723292,0.7361111111111112,0.0187
glam,539,0.4982486865148862,0.7361111111111112,0.0186
glam,540,0.4994162288382954,0.7361111111111112,0.0185
glam,541,0.5011675423234092,0.7361111111111112,0.0184
glam,542,0.5035026269702276,0.7361111111111112,0.0183
glam,543,0.5043782837127846,0.7361111111111112,0.0182
glam,544,0.5070052539404554,0.7361111111111112,0.0181
glam,545,0.5116754232340922,0.7361111111111112,0.0179
glam,546,0.513426736719206,0.7361111111111112,0.0178
glam,547,0.5154699357851722,0.7361111111111112,0.0177
glam,548,0.5169293636894338,0.7361111111111112,0.0176
glam,549,0.5204319906596614,0.7361111111111112,0.0174
glam,550,0.5215995329830706,0.7361111111111112,0.0173
glam,551,0.5233508464681844,0.7430555555555556,0.0172
glam,552,0.5259778166958552,0.7569444444444444,0.0171
glam,553,0.527729130180969,0.7569444444444444,0.0169
glam,554,0.5288966725043783,0.7569444444444444,0.0168
glam,555,0.5294804436660829,0.7569444444444444,0.0167
glam,556,0.5309398715703444,0.7569444444444444,0.0166
glam,557,0.5318155283129014,0.7569444444444444,0.0165
glam,558,0.5359019264448336,0.7569444444444444,0.0163
glam,559,0.5367775831873906,0.7569444444444444,0.0162
glam,560,0.5388207822533567,0.7569444444444444,0.0161
glam,561,0.5396964389959136,0.7569444444444444,0.016
glam,562,0.542907180385289,0.7569444444444444,0.0159
glam,563,0.5443666082895505,0.7569444444444444,0.0158
glam,564,0.5449503794512551,0.7569444444444444,0.0157
glam,565,0.5478692352597782,0.7569444444444444,0.0156
glam,566,0.5502043199065966,0.7569444444444444,0.0155
glam,567,0.5522475189725627,0.7569444444444444,0.0154
glam,568,0.5548744892002335,0.7569444444444444,0.0153
glam,569,0.5563339171044951,0.7569444444444444,0.0152
glam,570,0.5583771161704612,0.7569444444444444,0.0151
glam,571,0.560128429655575,0.7569444444444444,0.015
glam,572,0.5627553998832457,0.7569444444444444,0.0149
glam,573,0.5674255691768827,0.7569444444444444,0.0147
glam,574,0.5694687682428488,0.7569444444444444,0.0146
glam,575,0.5718038528896673,0.7569444444444444,0.0145
glam,576,0.5732632807939287,0.7569444444444444,0.0144
glam,577,0.5764740221833041,0.7569444444444444,0.0143
glam,578,0.5779334500875657,0.7569444444444444,0.0142
glam,579,0.5799766491535319,0.7569444444444444,0.0141
glam,580,0.5828955049620549,0.7569444444444444,0.014
glam,581,0.5861062463514303,0.7569444444444444,0.0139
glam,582,0.5890251021599533,0.7569444444444444,0.0138
glam,583,0.5916520723876241,0.7569444444444444,0.0137
glam,584,0.5934033858727379,0.7569444444444444,0.0136
glam,585,0.5954465849387041,0.7569444444444444,0.0135
glam,586,0.5980735551663747,0.7569444444444444,0.0134
glam,587,0.6001167542323409,0.7569444444444444,0.0133
glam,588,0.6018680677174547,0.7569444444444444,0.0132
glam,589,0.6047869235259778,0.7569444444444444,0.0131
glam,590,0.6065382370110917,0.7569444444444444,0.013
glam,591,0.6088733216579101,0.7569444444444444,0.0129
glam,592,0.609748978400467,0.7638888888888888,0.0128
glam,593,0.613543490951547,0.7638888888888888,0.0127
glam,594,0.6158785755983655,0.7638888888888888,0.0126
glam,595,0.6185055458260362,0.7638888888888888,0.0125
glam,596,0.6199649737302977,0.7638888888888888,0.0124
glam,597,0.6223000583771162,0.7638888888888888,0.0123
glam,598,0.6258026853473438,0.7638888888888888,0.0122
glam,599,0.62784588441331,0.7638888888888888,0.0121
glam,600,0.6319322825452423,0.7638888888888888,0.012
glam,601,0.6348511383537653,0.7638888888888888,0.0119
glam,602,0.6363105662580268,0.7638888888888888,0.0118
glam,603,0.638353765323993,0.7638888888888888,0.0117
glam,604,0.6409807355516638,0.7638888888888888,0.0116
glam,605,0.647985989492119,0.7638888888888888,0.0113
glam,606,0.6500291885580852,0.7638888888888888,0.0112
glam,607,0.6529480443666082,0.7638888888888888,0.0111
glam,608,0.6541155866900175,0.7638888888888888,0.011
glam,609,0.658493870402802,0.7638888888888888,0.0109
glam,610,0.660245183887916,0.7638888888888888,0.0108
glam,611,0.663164039696439,0.7638888888888888,0.0107
glam,612,0.6654991243432574,0.7638888888888888,0.0106
glam,613,0.6663747810858144,0.7708333333333334,0.0105
glam,614,0.6687098657326328,0.7708333333333334,0.0104
glam,615,0.6719206071220082,0.7708333333333334,0.0103
glam,616,0.6748394629305312,0.7708333333333334,0.0102
glam,617,0.677466433158202,0.7708333333333334,0.0101
glam,618,0.6806771745475774,0.7708333333333334,0.01
glam,619,0.6827203736135435,0.7708333333333334,0.0099
glam,620,0.684179801517805,0.7708333333333334,0.0098
glam,621,0.6859311150029188,0.7708333333333334,0.0097
glam,622,0.688849970811442,0.7777777777777778,0.0096
glam,623,0.6906012842965558,0.7847222222222222,0.0095
glam,624,0.6920607122008173,0.7847222222222222,0.0094
glam,625,0.6938120256859311,0.7916666666666666,0.0093
glam,626,0.6952714535901926,0.7916666666666666,0.0092
glam,627,0.6970227670753065,0.7916666666666666,0.0091
glam,628,0.7054874489200234,0.7986111111111112,0.009
glam,629,0.7113251605370695,0.8055555555555556,0.0089
glam,630,0.7148277875072971,0.8055555555555556,0.0088
glam,631,0.719497956800934,0.8055555555555556,0.0087
glam,632,0.7244600116754233,0.8125,0.0086
glam,633,0.7294220665499125,0.8125,0.0085
glam,634,0.7308814944541739,0.8125,0.0084
glam,635,0.7320490367775832,0.8125,0.0083
glam,636,0.7329246935201401,0.8125,0.0082
glam,637,0.7346760070052539,0.8125,0.0081
glam,638,0.7373029772329247,0.8125,0.008
glam,639,0.7384705195563339,0.8125,0.0079
glam,640,0.7408056042031523,0.8125,0.0078
glam,641,0.7422650321074139,0.8125,0.0077
glam,642,0.7440163455925277,0.8125,0.0076
glam,643,0.7463514302393461,0.8125,0.0074
glam,644,0.7469352014010507,0.8125,0.0073
glam,645,0.7483946293053123,0.8125,0.0072
glam,646,0.7507297139521307,0.8125,0.0071
glam,647,0.7559836544074723,0.8125,0.0069
glam,648,0.7571511967308815,0.8125,0.0068
glam,649,0.7594862813776999,0.8125,0.0067
glam,650,0.7612375948628137,0.8125,0.0066
glam,651,0.7632807939287799,0.8125,0.0065
glam,652,0.7656158785755983,0.8125,0.0064
glam,653,0.7682428488032691,0.8125,0.0063
glam,654,0.7694103911266783,0.8125,0.0062
glam,655,0.7723292469352014,0.8125,0.0061
glam,656,0.7740805604203153,0.8125,0.006
glam,657,0.7758318739054291,0.8125,0.0058
glam,658,0.7787507297139521,0.8125,0.0057
glam,659,0.7810858143607706,0.8125,0.0056
glam,660,0.7889667250437828,0.8125,0.0053
glam,661,0.7927612375948628,0.8125,0.0052
glam,662,0.7962638645650905,0.8125,0.0051
glam,663,0.7983070636310566,0.8125,0.005
glam,664,0.801517805020432,0.8125,0.0049
glam,665,0.8050204319906596,0.8194444444444444,0.0048
glam,666,0.8079392877991827,0.8333333333333334,0.0047
glam,667,0.811150029188558,0.8333333333333334,0.0046
glam,668,0.8172796263864565,0.8333333333333334,0.0045
glam,669,0.8222416812609457,0.8333333333333334,0.0044
glam,670,0.8280793928779918,0.8333333333333334,0.0043
glam,671,0.8385872737886748,0.8402777777777778,0.0042
glam,672,0.8441330998248686,0.8541666666666666,0.0041
glam,673,0.8514302393461763,0.8541666666666666,0.004
glam,674,0.8569760653823701,0.8680555555555556,0.0039
glam,675,0.8636894337419732,0.875,0.0038
glam,676,0.8666082895504962,0.875,0.0037
glam,677,0.86835960303561,0.8819444444444444,0.0036
glam,678,0.8712784588441331,0.8819444444444444,0.0034
glam,679,0.8724460011675423,0.8819444444444444,0.0013
glam,680,1.0,1.0,0.0
baseline_ensemble,0,0.0,0.0,
baseline_ensemble,1,0.0002918855808523059,0.0,0.8218665644
baseline_ensemble,2,0.0008756567425569177,0.0,0.8061332845
baseline_ensemble,3,0.0008756567425569177,0.027777777777777776,0.7436335801
baseline_ensemble,4,0.0011675423234092236,0.027777777777777776,0.7339666755
baseline_ensemble,5,0.0011675423234092236,0.034722222222222224,0.7321664318000001
baseline_ensemble,6,0.0014594279042615295,0.034722222222222224,0.7156997519999999
baseline_ensemble,7,0.0014594279042615295,0.05555555555555555,0.680399808
baseline_ensemble,8,0.0017513134851138354,0.05555555555555555,0.6514668864000001
baseline_ensemble,9,0.0017513134851138354,0.0763888888888889,0.6443001187
baseline_ensemble,10,0.002918855808523059,0.0763888888888889,0.6289666286
baseline_ensemble,11,0.002918855808523059,0.08333333333333333,0.6141998822
baseline_ensemble,12,0.003210741389375365,0.08333333333333333,0.5907998096
baseline_ensemble,13,0.003210741389375365,0.09722222222222222,0.5783999317
baseline_ensemble,14,0.0043782837127845885,0.09722222222222222,0.5568332885
baseline_ensemble,15,0.0043782837127845885,0.10416666666666667,0.5509999272999999
baseline_ensemble,16,0.004670169293636894,0.10416666666666667,0.5438333545
baseline_ensemble,17,0.004670169293636894,0.125,0.5358998541000001
baseline_ensemble,18,0.006713368359603036,0.125,0.5030995062
baseline_ensemble,19,0.009632224168126095,0.125,0.5029661726
baseline_ensemble,20,0.010507880910683012,0.125,0.5029328392
baseline_ensemble,21,0.011091652072387624,0.125,0.5028995058
baseline_ensemble,22,0.011967308814944542,0.125,0.5028661724
baseline_ensemble,23,0.01284296555750146,0.125,0.5015004096
baseline_ensemble,24,0.059252772913018094,0.1736111111111111,0.4999995
baseline_ensemble,25,0.06042031523642732,0.1736111111111111,0.4955332723
baseline_ensemble,26,0.06042031523642732,0.1875,0.48380000469999995
baseline_ensemble,27,0.06217162872154115,0.1875,0.4687334831
baseline_ensemble,28,0.06217162872154115,0.2013888888888889,0.4625663848
baseline_ensemble,29,0.06246351430239346,0.2013888888888889,0.46223335369999996
baseline_ensemble,30,0.06246351430239346,0.2152777777777778,0.4538665954
baseline_ensemble,31,0.06275539988324577,0.2152777777777778,0.4536332466
baseline_ensemble,32,0.06275539988324577,0.2222222222222222,0.4504329954
baseline_ensemble,33,0.0642148277875073,0.2222222222222222,0.4422002985
baseline_ensemble,34,0.0642148277875073,0.22916666666666666,0.44149980019999996
baseline_ensemble,35,0.07326328079392878,0.22916666666666666,0.38650019680000003
baseline_ensemble,36,0.07326328079392878,0.2361111111111111,0.3847666374
baseline_ensemble,37,0.07443082311733801,0.2361111111111111,0.38003367339999994
baseline_ensemble,38,0.07443082311733801,0.25,0.37746654079999997
baseline_ensemble,39,0.07530647985989491,0.25,0.3732331728
baseline_ensemble,40,0.07530647985989491,0.2569444444444444,0.37059989000000004
baseline_ensemble,41,0.07676590776415645,0.2569444444444444,0.36296641129999996
baseline_ensemble,42,0.07676590776415645,0.2708333333333333,0.35826653919999996
baseline_ensemble,43,0.07851722124927028,0.2708333333333333,0.3530663225
baseline_ensemble,44,0.07851722124927028,0.2777777777777778,0.3515665837
baseline_ensemble,45,0.08143607705779335,0.2777777777777778,0.3467330178
baseline_ensemble,46,0.08143607705779335,0.2847222222222222,0.34586649970000005
baseline_ensemble,47,0.08610624635143024,0.2847222222222222,0.3374663385
baseline_ensemble,48,0.08669001751313485,0.2847222222222222,0.3373996748
baseline_ensemble,49,0.08727378867483947,0.2847222222222222,0.3363996728
baseline_ensemble,50,0.08785755983654407,0.2847222222222222,0.3363663394
baseline_ensemble,51,0.09048453006421482,0.2847222222222222,0.336333006
baseline_ensemble,52,0.09194395796847636,0.2847222222222222,0.3362996726
baseline_ensemble,53,0.09223584354932866,0.2847222222222222,0.3362663392
baseline_ensemble,54,0.09398715703444249,0.2847222222222222,0.3362330058
baseline_ensemble,55,0.09515469935785172,0.2847222222222222,0.3360996722
baseline_ensemble,56,0.09544658493870403,0.2847222222222222,0.3360330054
baseline_ensemble,57,0.09632224168126094,0.2847222222222222,0.33599967199999997
baseline_ensemble,58,0.09661412726211326,0.2847222222222222,0.33593300519999997
baseline_ensemble,59,0.09778166958552248,0.2847222222222222,0.33586633839999996
baseline_ensemble,60,0.09836544074722708,0.2847222222222222,0.3351330036
baseline_ensemble,61,0.09836544074722708,0.2916666666666667,0.33493300319999997
baseline_ensemble,62,0.0989492119089317,0.2916666666666667,0.3344999048
baseline_ensemble,63,0.09953298307063631,0.2916666666666667,0.3337663342
baseline_ensemble,64,0.18067717454757734,0.3611111111111111,0.333333
baseline_ensemble,65,0.18155283129013428,0.3611111111111111,0.32889996579999997
baseline_ensemble,66,0.18155283129013428,0.3680555555555556,0.32849974190000003
baseline_ensemble,67,0.18213660245183888,0.3680555555555556,0.32713317620000004
baseline_ensemble,68,0.18213660245183888,0.3819444444444444,0.3240332026
baseline_ensemble,69,0.18534734384121423,0.3819444444444444,0.3135331942
baseline_ensemble,70,0.18534734384121423,0.3888888888888889,0.3134998493
baseline_ensemble,71,0.18563922942206654,0.3888888888888889,0.3121998506
baseline_ensemble,72,0.18563922942206654,0.4027777777777778,0.31049978489999996
baseline_ensemble,73,0.19001751313485113,0.4027777777777778,0.2984998175
baseline_ensemble,74,0.19001751313485113,0.4097222222222222,0.2977665032
baseline_ensemble,75,0.19118505545826037,0.4097222222222222,0.2930998506
baseline_ensemble,76,0.19118505545826037,0.4166666666666667,0.2929665238
baseline_ensemble,77,0.1932282545242265,0.4166666666666667,0.2895665887
baseline_ensemble,78,0.1932282545242265,0.4236111111111111,0.2878331246
baseline_ensemble,79,0.19381202568593112,0.4236111111111111,0.2865999484
baseline_ensemble,80,0.19381202568593112,0.4305555555555556,0.2863997794
baseline_ensemble,81,0.19468768242848802,0.4305555555555556,0.2842332917
baseline_ensemble,82,0.19468768242848802,0.4375,0.2834331356
baseline_ensemble,83,0.2075306479859895,0.4375,0.2557666394
baseline_ensemble,84,0.2075306479859895,0.4444444444444444,0.2544665101
baseline_ensemble,85,0.2084063047285464,0.4444444444444444,0.2535665276
baseline_ensemble,86,0.2084063047285464,0.4513888888888889,0.2532665283
baseline_ensemble,87,0.21103327495621715,0.4513888888888889,0.2509331627
baseline_ensemble,88,0.21103327495621715,0.4583333333333333,0.2493998463
baseline_ensemble,89,0.21132516053706946,0.4583333333333333,0.24869991789999998
baseline_ensemble,90,0.21132516053706946,0.4722222222222222,0.2466332274
baseline_ensemble,91,0.2133683596030356,0.4722222222222222,0.24183315469999997
baseline_ensemble,92,0.2133683596030356,0.4791666666666667,0.2398999169
baseline_ensemble,93,0.2136602451838879,0.4791666666666667,0.23929998619999998
baseline_ensemble,94,0.2136602451838879,0.4930555555555556,0.236399827
baseline_ensemble,95,0.22037361354349094,0.4930555555555556,0.22693333410000002
baseline_ensemble,96,0.22037361354349094,0.5,0.22646658960000002
baseline_ensemble,97,0.2230005837711617,0.5,0.22159986539999998
baseline_ensemble,98,0.2230005837711617,0.5069444444444444,0.2198665221
baseline_ensemble,99,0.22358435493286632,0.5069444444444444,0.21899982680000002
baseline_ensemble,100,0.22358435493286632,0.5138888888888888,0.21779987389999997
baseline_ensemble,101,0.22504378283712784,0.5138888888888888,0.2159665295
baseline_ensemble,102,0.22504378283712784,0.5208333333333334,0.2152999355
baseline_ensemble,103,0.22796263864565092,0.5208333333333334,0.2114667412
baseline_ensemble,104,0.22796263864565092,0.5277777777777778,0.21146653319999997
baseline_ensemble,105,0.22825452422650322,0.5277777777777778,0.2110001011
baseline_ensemble,106,0.22825452422650322,0.5347222222222222,0.2106665246
baseline_ensemble,107,0.23117338003502627,0.5347222222222222,0.2050666173
baseline_ensemble,108,0.23117338003502627,0.5486111111111112,0.20433324269999997
baseline_ensemble,109,0.23146526561587857,0.5486111111111112,0.2036665538
baseline_ensemble,110,0.23146526561587857,0.5625,0.2032332067
baseline_ensemble,111,0.2329246935201401,0.5625,0.2018998754
baseline_ensemble,112,0.2329246935201401,0.5694444444444444,0.2016999065
baseline_ensemble,113,0.2501459427904262,0.5694444444444444,0.17989995660000002
baseline_ensemble,114,0.2501459427904262,0.5763888888888888,0.179799894
baseline_ensemble,115,0.2559836544074723,0.5763888888888888,0.1741665972
baseline_ensemble,116,0.2559836544074723,0.5833333333333334,0.1740665944
baseline_ensemble,117,0.2600700525394046,0.5833333333333334,0.1688665455
baseline_ensemble,118,0.2600700525394046,0.5902777777777778,0.1684333922
baseline_ensemble,119,0.2638645650904845,0.5902777777777778,0.16476658289999999
baseline_ensemble,120,0.2638645650904845,0.5972222222222222,0.1647000535
baseline_ensemble,121,0.26474022183304147,0.5972222222222222,0.1633332805
baseline_ensemble,122,0.26474022183304147,0.6041666666666666,0.1628665396
baseline_ensemble,123,0.26941039112667836,0.6041666666666666,0.1582999414
baseline_ensemble,124,0.26941039112667836,0.6111111111111112,0.1581999094
baseline_ensemble,125,0.28633975481611207,0.6111111111111112,0.1431999366
baseline_ensemble,126,0.28633975481611207,0.6180555555555556,0.1430333157
baseline_ensemble,127,0.30005837711617045,0.6180555555555556,0.13276686199999999
baseline_ensemble,128,0.30005837711617045,0.625,0.1325999834
baseline_ensemble,129,0.3026853473438412,0.625,0.13110003679999999
baseline_ensemble,130,0.3026853473438412,0.6319444444444444,0.1308999117
baseline_ensemble,131,0.3076474022183304,0.6319444444444444,0.1290332601
baseline_ensemble,132,0.3076474022183304,0.6388888888888888,0.1288332354
baseline_ensemble,133,0.30881494454173963,0.6388888888888888,0.1279333262
baseline_ensemble,134,0.30881494454173963,0.6458333333333334,0.1277665881
baseline_ensemble,135,0.30969060128429654,0.6458333333333334,0.127166662
baseline_ensemble,136,0.30969060128429654,0.6527777777777778,0.1269332652
baseline_ensemble,137,0.3108581436077058,0.6527777777777778,0.12653341369999999
baseline_ensemble,138,0.3108581436077058,0.6597222222222222,0.1265332477
baseline_ensemble,139,0.3324576765907764,0.6597222222222222,0.1147999778
baseline_ensemble,140,0.3324576765907764,0.6666666666666666,0.1147999147
baseline_ensemble,141,0.3359603035610041,0.6666666666666666,0.1131666083
baseline_ensemble,142,0.3359603035610041,0.6736111111111112,0.1131332419
baseline_ensemble,143,0.336835960303561,0.6736111111111112,0.1124666136
baseline_ensemble,144,0.336835960303561,0.6805555555555556,0.1124665804
baseline_ensemble,145,0.3377116170461179,0.6805555555555556,0.11199991349999999
baseline_ensemble,146,0.3377116170461179,0.6875,0.11179993249999999
baseline_ensemble,147,0.34384121424401637,0.6875,0.1091332919
baseline_ensemble,148,0.34384121424401637,0.6944444444444444,0.10896662
baseline_ensemble,149,0.3476357267950963,0.6944444444444444,0.10709998670000001
baseline_ensemble,150,0.3476357267950963,0.7013888888888888,0.10699994480000001
baseline_ensemble,151,0.3569760653823701,0.7013888888888888,0.100299956
baseline_ensemble,152,0.3569760653823701,0.7083333333333334,0.1001665933
baseline_ensemble,153,0.361646234676007,0.7083333333333334,0.0980000197
baseline_ensemble,154,0.361646234676007,0.7152777777777778,0.0979999574
baseline_ensemble,155,0.36806771745475775,0.7152777777777778,0.09486660990000001
baseline_ensemble,156,0.36806771745475775,0.7291666666666666,0.09476660569999999
baseline_ensemble,157,0.3712784588441331,0.7291666666666666,0.0935999318
baseline_ensemble,158,0.3712784588441331,0.7361111111111112,0.0934333306
baseline_ensemble,159,0.390251021599533,0.7361111111111112,0.0869333465
baseline_ensemble,160,0.390251021599533,0.7430555555555556,0.0866999654
baseline_ensemble,161,0.39871570344424984,0.7430555555555556,0.08373328399999999
baseline_ensemble,162,0.39871570344424984,0.75,0.0836333165
baseline_ensemble,163,0.404553415061296,0.75,0.08226663369999998
baseline_ensemble,164,0.404553415061296,0.7569444444444444,0.08226663229999999
baseline_ensemble,165,0.4106830122591944,0.7569444444444444,0.0799333023
baseline_ensemble,166,0.4106830122591944,0.7638888888888888,0.0798332967
baseline_ensemble,167,0.411266783420899,0.7638888888888888,0.07966662660000001
baseline_ensemble,168,0.411266783420899,0.7708333333333334,0.0794999602
baseline_ensemble,169,0.417980151780502,0.7708333333333334,0.07769997000000001
baseline_ensemble,170,0.417980151780502,0.7777777777777778,0.0776333063
baseline_ensemble,171,0.418855808523059,0.7777777777777778,0.077300024
baseline_ensemble,172,0.418855808523059,0.7847222222222222,0.0771666287
baseline_ensemble,173,0.4203152364273205,0.7847222222222222,0.0766666352
baseline_ensemble,174,0.4203152364273205,0.7916666666666666,0.0766666305
baseline_ensemble,175,0.4246935201401051,0.7916666666666666,0.0756666734
baseline_ensemble,176,0.4246935201401051,0.7986111111111112,0.0755666564
baseline_ensemble,177,0.4308231173380035,0.7986111111111112,0.0743666099
baseline_ensemble,178,0.4308231173380035,0.8055555555555556,0.0742999746
baseline_ensemble,179,0.43286631640396966,0.8055555555555556,0.073833381
baseline_ensemble,180,0.43286631640396966,0.8125,0.07369994569999999
baseline_ensemble,181,0.4404553415061296,0.8125,0.07119996619999999
baseline_ensemble,182,0.4404553415061296,0.8194444444444444,0.0711333372
baseline_ensemble,183,0.475189725627554,0.8194444444444444,0.0626332871
baseline_ensemble,184,0.475189725627554,0.8263888888888888,0.0624332967
baseline_ensemble,185,0.4792761237594863,0.8263888888888888,0.061633309600000005
baseline_ensemble,186,0.4792761237594863,0.8333333333333334,0.0615333146
baseline_ensemble,187,0.4918272037361354,0.8333333333333334,0.0584666355
baseline_ensemble,188,0.4918272037361354,0.8402777777777778,0.0583999767
baseline_ensemble,189,0.5040863981319322,0.8402777777777778,0.05636668150000001
baseline_ensemble,190,0.5040863981319322,0.8472222222222222,0.056366627499999995
baseline_ensemble,191,0.5186806771745476,0.8472222222222222,0.053899971100000006
baseline_ensemble,192,0.5186806771745476,0.8541666666666666,0.053799982600000004
baseline_ensemble,193,0.5268534734384122,0.8541666666666666,0.05243329349999999
baseline_ensemble,194,0.5268534734384122,0.8611111111111112,0.052299964799999994
baseline_ensemble,195,0.5796847635726795,0.8611111111111112,0.04506665520000001
baseline_ensemble,196,0.5796847635726795,0.8680555555555556,0.0450666263
baseline_ensemble,197,0.5828955049620549,0.8680555555555556,0.0446999709
baseline_ensemble,198,0.5828955049620549,0.875,0.0446666325
baseline_ensemble,199,0.5887332165791009,0.875,0.04403331619999999
baseline_ensemble,200,0.5887332165791009,0.8819444444444444,0.0439333176
baseline_ensemble,201,0.6050788091068301,0.8819444444444444,0.0421999887
baseline_ensemble,202,0.6050788091068301,0.8888888888888888,0.042199979000000006
baseline_ensemble,203,0.6652072387624052,0.8888888888888888,0.03606666360000001
baseline_ensemble,204,0.6652072387624052,0.8958333333333334,0.0360333144
baseline_ensemble,205,0.7250437828371279,0.8958333333333334,0.0300999879
baseline_ensemble,206,0.7250437828371279,0.9027777777777778,0.030099978899999998
baseline_ensemble,207,0.7606538237011091,0.9027777777777778,0.026199988799999997
baseline_ensemble,208,0.7612375948628137,0.9027777777777778,0.026199986700000004
baseline_ensemble,209,0.7988908347927612,0.9027777777777778,0.0232999894
baseline_ensemble,210,0.7988908347927612,0.9097222222222222,0.023299986199999997
baseline_ensemble,211,0.8088149445417396,0.9097222222222222,0.0223666697
baseline_ensemble,212,0.8088149445417396,0.9166666666666666,0.0223666529
baseline_ensemble,213,0.8543490951546994,0.9166666666666666,0.0189333244
baseline_ensemble,214,0.8543490951546994,0.9236111111111112,0.018933318600000002
baseline_ensemble,215,0.8698190309398716,0.9236111111111112,0.0176666646
baseline_ensemble,216,0.8698190309398716,0.9305555555555556,0.0176666583
baseline_ensemble,217,0.8724460011675423,0.9305555555555556,0.017399989299999998
baseline_ensemble,218,0.873029772329247,0.9305555555555556,0.0173999887
baseline_ensemble,219,0.8914185639229422,0.9305555555555556,0.016166659400000002
baseline_ensemble,220,0.8920023350846468,0.9305555555555556,0.0161666553
baseline_ensemble,221,0.8949211908931699,0.9305555555555556,0.0160333321
baseline_ensemble,222,0.8955049620548745,0.9305555555555556,0.016033327
baseline_ensemble,223,0.8975481611208407,0.9305555555555556,0.0158999901
baseline_ensemble,224,0.8975481611208407,0.9375,0.0158666636
baseline_ensemble,225,0.8995913601868067,0.9375,0.015733324599999998
baseline_ensemble,226,0.9001751313485113,0.9375,0.0157333242
baseline_ensemble,227,0.9080560420315237,0.9375,0.015433322999999999
baseline_ensemble,228,0.9080560420315237,0.9444444444444444,0.0154333226
baseline_ensemble,229,0.9098073555166375,0.9444444444444444,0.015299995099999998
baseline_ensemble,230,0.9098073555166375,0.9513888888888888,0.015299988300000001
baseline_ensemble,231,0.9103911266783421,0.9513888888888888,0.015266655599999996
baseline_ensemble,232,0.9103911266783421,0.9583333333333334,0.015233327000000001
baseline_ensemble,233,0.9138937536485697,0.9583333333333334,0.015066656299999998
baseline_ensemble,234,0.9144775248102743,0.9583333333333334,0.0150666558
baseline_ensemble,235,0.9208990075890251,0.9583333333333334,0.0147999915
baseline_ensemble,236,0.9214827787507297,0.9583333333333334,0.0147999905
baseline_ensemble,237,0.9229422066549913,0.9583333333333334,0.014733322699999999
baseline_ensemble,238,0.9235259778166959,0.9583333333333334,0.0147333224
baseline_ensemble,239,0.9261529480443667,0.9583333333333334,0.014599991499999998
baseline_ensemble,240,0.9261529480443667,0.9652777777777778,0.0145999895
baseline_ensemble,241,0.9281961471103327,0.9652777777777778,0.014533325500000001
baseline_ensemble,242,0.9287799182720373,0.9652777777777778,0.014533322999999999
baseline_ensemble,243,0.9395796847635727,0.9652777777777778,0.014033323700000001
baseline_ensemble,244,0.9395796847635727,0.9722222222222222,0.0140333232
baseline_ensemble,245,0.9471687098657326,0.9722222222222222,0.0135999912
baseline_ensemble,246,0.9477524810274373,0.9722222222222222,0.0135999909
baseline_ensemble,247,0.9477524810274373,0.9791666666666666,0.013566662699999999
baseline_ensemble,248,0.9483362521891419,0.9791666666666666,0.013566657299999998
baseline_ensemble,249,0.9489200233508465,0.9791666666666666,0.013566657
baseline_ensemble,250,0.9658493870402802,0.9791666666666666,0.0127666581
baseline_ensemble,251,0.9658493870402802,0.9861111111111112,0.012766657800000001
baseline_ensemble,252,0.9673088149445418,0.9861111111111112,0.012633324599999999
baseline_ensemble,253,0.9678925861062464,0.9861111111111112,0.012599991999999999
baseline_ensemble,254,0.971395213076474,0.9861111111111112,0.0124333254
baseline_ensemble,255,0.971395213076474,0.9930555555555556,0.0124333247
baseline_ensemble,256,0.9833625218914186,0.9930555555555556,0.011666659199999999
baseline_ensemble,257,0.9839462930531232,0.9930555555555556,0.011666659
baseline_ensemble,258,0.99241097489784,0.9930555555555556,0.0111333265
baseline_ensemble,259,0.9929947460595446,0.9930555555555556,0.011133326399999999
baseline_ensemble,260,0.993286631640397,0.9930555555555556,0.011099993299999998
baseline_ensemble,261,0.9938704028021016,0.9930555555555556,0.0110666598
baseline_ensemble,262,0.9944541739638062,0.9930555555555556,0.010966659599999998
baseline_ensemble,263,0.9950379451255108,0.9930555555555556,0.010899994
baseline_ensemble,264,0.997081144191477,0.9930555555555556,0.0106999931
baseline_ensemble,265,0.997081144191477,1.0,0.010599993499999998
baseline_ensemble,266,1.0,1.0,0.0093333279
