chunk,position,study_id,model_view,original_horizontal_flip,original_distance_from_starting_side,original_distance_nonzero,counterfactual_horizontal_flip,counterfactual_distance_from_starting_side,counterfactual_distance_nonzero
0,0,RSNA_10011,L-CC,NO,0.0,False,,,
0,0,RSNA_10011,R-CC,NO,0.0,False,,,
0,0,RSNA_10011,L-MLO,NO,0.0,False,,,
0,0,RSNA_10011,R-MLO,NO,0.0,False,,,
0,1,RSNA_10038,L-CC,NO,0.0,False,,,
0,1,RSNA_10038,R-CC,NO,0.0,False,,,
0,1,RSNA_10038,L-MLO,NO,0.0,False,,,
0,1,RSNA_10038,R-MLO,NO,0.0,False,,,
0,2,RSNA_10048,L-CC,NO,0.0,False,,,
0,2,RSNA_10048,R-CC,NO,0.0,False,,,
0,2,RSNA_10048,L-MLO,NO,0.0,False,,,
0,2,RSNA_10048,R-MLO,NO,0.0,False,,,
0,3,RSNA_10086,L-CC,NO,0.0,False,,,
0,3,RSNA_10086,R-CC,NO,0.0,False,,,
0,3,RSNA_10086,L-MLO,NO,0.0,False,,,
0,3,RSNA_10086,R-MLO,NO,0.0,False,,,
0,4,RSNA_10102,L-CC,NO,261.0,True,YES,0.0,False
0,4,RSNA_10102,R-CC,NO,537.0,True,YES,0.0,False
0,4,RSNA_10102,L-MLO,NO,168.0,True,YES,0.0,False
0,4,RSNA_10102,R-MLO,NO,603.0,True,YES,0.0,False
0,5,RSNA_10106,L-CC,NO,0.0,False,,,
0,5,RSNA_10106,R-CC,NO,0.0,False,,,
0,5,RSNA_10106,L-MLO,NO,0.0,False,,,
0,5,RSNA_10106,R-MLO,NO,0.0,False,,,
0,6,RSNA_10116,L-CC,NO,0.0,False,,,
0,6,RSNA_10116,R-CC,NO,0.0,False,,,
0,6,RSNA_10116,L-MLO,NO,0.0,False,,,
0,6,RSNA_10116,R-MLO,NO,0.0,False,,,
0,7,RSNA_10119,L-CC,NO,0.0,False,,,
0,7,RSNA_10119,R-CC,NO,0.0,False,,,
0,7,RSNA_10119,L-MLO,NO,0.0,False,,,
0,7,RSNA_10119,R-MLO,NO,0.0,False,,,
0,8,RSNA_10136,L-CC,NO,0.0,False,,,
0,8,RSNA_10136,R-CC,NO,0.0,False,,,
0,8,RSNA_10136,L-MLO,NO,0.0,False,,,
0,8,RSNA_10136,R-MLO,NO,0.0,False,,,
0,9,RSNA_1015,L-CC,NO,0.0,False,,,
0,9,RSNA_1015,R-CC,NO,0.0,False,,,
0,9,RSNA_1015,L-MLO,NO,0.0,False,,,
0,9,RSNA_1015,R-MLO,NO,0.0,False,,,
0,10,RSNA_10151,L-CC,NO,0.0,False,,,
0,10,RSNA_10151,R-CC,NO,0.0,False,,,
0,10,RSNA_10151,L-MLO,NO,0.0,False,,,
0,10,RSNA_10151,R-MLO,NO,0.0,False,,,
0,11,RSNA_10152,L-CC,NO,0.0,False,,,
0,11,RSNA_10152,R-CC,NO,0.0,False,,,
0,11,RSNA_10152,L-MLO,NO,0.0,False,,,
0,11,RSNA_10152,R-MLO,NO,0.0,False,,,
0,12,RSNA_10153,L-CC,NO,0.0,False,,,
0,12,RSNA_10153,R-CC,NO,0.0,False,,,
0,12,RSNA_10153,L-MLO,NO,0.0,False,,,
0,12,RSNA_10153,R-MLO,NO,0.0,False,,,
0,13,RSNA_10179,L-CC,NO,0.0,False,,,
0,13,RSNA_10179,R-CC,NO,0.0,False,,,
0,13,RSNA_10179,L-MLO,NO,0.0,False,,,
0,13,RSNA_10179,R-MLO,NO,0.0,False,,,
0,14,RSNA_10182,L-CC,NO,0.0,False,,,
0,14,RSNA_10182,R-CC,NO,0.0,False,,,
0,14,RSNA_10182,L-MLO,NO,0.0,False,,,
0,14,RSNA_10182,R-MLO,NO,0.0,False,,,
0,15,RSNA_10185,L-CC,NO,1636.0,True,YES,0.0,False
0,15,RSNA_10185,R-CC,NO,1634.0,True,YES,0.0,False
0,15,RSNA_10185,L-MLO,NO,1501.0,True,YES,0.0,False
0,15,RSNA_10185,R-MLO,NO,1493.0,True,YES,0.0,False
0,16,RSNA_10188,L-CC,NO,0.0,False,,,
0,16,RSNA_10188,R-CC,NO,0.0,False,,,
0,16,RSNA_10188,L-MLO,NO,0.0,False,,,
0,16,RSNA_10188,R-MLO,NO,0.0,False,,,
0,17,RSNA_10240,L-CC,NO,0.0,False,,,
0,17,RSNA_10240,R-CC,NO,0.0,False,,,
0,17,RSNA_10240,L-MLO,NO,0.0,False,,,
0,17,RSNA_10240,R-MLO,NO,0.0,False,,,
0,18,RSNA_10257,L-CC,NO,0.0,False,,,
0,18,RSNA_10257,R-CC,NO,0.0,False,,,
0,18,RSNA_10257,L-MLO,NO,0.0,False,,,
0,18,RSNA_10257,R-MLO,NO,0.0,False,,,
0,19,RSNA_10289,L-CC,NO,0.0,False,,,
0,19,RSNA_10289,R-CC,NO,0.0,False,,,
0,19,RSNA_10289,L-MLO,NO,0.0,False,,,
0,19,RSNA_10289,R-MLO,NO,0.0,False,,,
0,20,RSNA_10302,L-CC,NO,0.0,False,,,
0,20,RSNA_10302,R-CC,NO,0.0,False,,,
0,20,RSNA_10302,L-MLO,NO,0.0,False,,,
0,20,RSNA_10302,R-MLO,NO,0.0,False,,,
0,21,RSNA_10309,L-CC,NO,0.0,False,,,
0,21,RSNA_10309,R-CC,NO,0.0,False,,,
0,21,RSNA_10309,L-MLO,NO,0.0,False,,,
0,21,RSNA_10309,R-MLO,NO,0.0,False,,,
0,22,RSNA_10329,L-CC,NO,0.0,False,,,
0,22,RSNA_10329,R-CC,NO,0.0,False,,,
0,22,RSNA_10329,L-MLO,NO,0.0,False,,,
0,22,RSNA_10329,R-MLO,NO,0.0,False,,,
0,23,RSNA_10359,L-CC,NO,0.0,False,,,
0,23,RSNA_10359,R-CC,NO,0.0,False,,,
0,23,RSNA_10359,L-MLO,NO,0.0,False,,,
0,23,RSNA_10359,R-MLO,NO,0.0,False,,,
0,24,RSNA_10383,L-CC,NO,0.0,False,,,
0,24,RSNA_10383,R-CC,NO,0.0,False,,,
0,24,RSNA_10383,L-MLO,NO,0.0,False,,,
0,24,RSNA_10383,R-MLO,NO,0.0,False,,,
1,0,RSNA_10388,L-CC,NO,0.0,False,,,
1,0,RSNA_10388,R-CC,NO,0.0,False,,,
1,0,RSNA_10388,L-MLO,NO,0.0,False,,,
1,0,RSNA_10388,R-MLO,NO,0.0,False,,,
1,1,RSNA_10391,L-CC,NO,0.0,False,,,
1,1,RSNA_10391,R-CC,NO,0.0,False,,,
1,1,RSNA_10391,L-MLO,NO,0.0,False,,,
1,1,RSNA_10391,R-MLO,NO,0.0,False,,,
1,2,RSNA_10406,L-CC,NO,1602.0,True,YES,0.0,False
1,2,RSNA_10406,R-CC,NO,1708.0,True,YES,0.0,False
1,2,RSNA_10406,L-MLO,NO,1459.0,True,YES,0.0,False
1,2,RSNA_10406,R-MLO,NO,1542.0,True,YES,0.0,False
1,3,RSNA_10412,L-CC,NO,0.0,False,,,
1,3,RSNA_10412,R-CC,NO,0.0,False,,,
1,3,RSNA_10412,L-MLO,NO,0.0,False,,,
1,3,RSNA_10412,R-MLO,NO,0.0,False,,,
1,4,RSNA_10413,L-CC,NO,0.0,False,,,
1,4,RSNA_10413,R-CC,NO,0.0,False,,,
1,4,RSNA_10413,L-MLO,NO,0.0,False,,,
1,4,RSNA_10413,R-MLO,NO,0.0,False,,,
1,5,RSNA_10424,L-CC,NO,1576.0,True,YES,0.0,False
1,5,RSNA_10424,R-CC,NO,1679.0,True,YES,0.0,False
1,5,RSNA_10424,L-MLO,NO,1503.0,True,YES,0.0,False
1,5,RSNA_10424,R-MLO,NO,1634.0,True,YES,0.0,False
1,6,RSNA_10445,L-CC,NO,0.0,False,,,
1,6,RSNA_10445,R-CC,NO,0.0,False,,,
1,6,RSNA_10445,L-MLO,NO,0.0,False,,,
1,6,RSNA_10445,R-MLO,NO,0.0,False,,,
1,7,RSNA_1045,L-CC,NO,0.0,False,,,
1,7,RSNA_1045,R-CC,NO,0.0,False,,,
1,7,RSNA_1045,L-MLO,NO,0.0,False,,,
1,7,RSNA_1045,R-MLO,NO,0.0,False,,,
1,8,RSNA_10478,L-CC,NO,0.0,False,,,
1,8,RSNA_10478,R-CC,NO,0.0,False,,,
1,8,RSNA_10478,L-MLO,NO,0.0,False,,,
1,8,RSNA_10478,R-MLO,NO,0.0,False,,,
1,9,RSNA_10486,L-CC,NO,0.0,False,,,
1,9,RSNA_10486,R-CC,NO,0.0,False,,,
1,9,RSNA_10486,L-MLO,NO,0.0,False,,,
1,9,RSNA_10486,R-MLO,NO,0.0,False,,,
1,10,RSNA_105,L-CC,NO,0.0,False,,,
1,10,RSNA_105,R-CC,NO,0.0,False,,,
1,10,RSNA_105,L-MLO,NO,0.0,False,,,
1,10,RSNA_105,R-MLO,NO,0.0,False,,,
1,11,RSNA_10523,L-CC,NO,1168.0,True,YES,0.0,False
1,11,RSNA_10523,R-CC,NO,1256.0,True,YES,0.0,False
1,11,RSNA_10523,L-MLO,NO,983.0,True,YES,0.0,False
1,11,RSNA_10523,R-MLO,NO,1141.0,True,YES,0.0,False
1,12,RSNA_10534,L-CC,NO,0.0,False,,,
1,12,RSNA_10534,R-CC,NO,0.0,False,,,
1,12,RSNA_10534,L-MLO,NO,0.0,False,,,
1,12,RSNA_10534,R-MLO,NO,0.0,False,,,
1,13,RSNA_10550,L-CC,NO,0.0,False,,,
1,13,RSNA_10550,R-CC,NO,0.0,False,,,
1,13,RSNA_10550,L-MLO,NO,0.0,False,,,
1,13,RSNA_10550,R-MLO,NO,0.0,False,,,
1,14,RSNA_10589,L-CC,NO,0.0,False,,,
1,14,RSNA_10589,R-CC,NO,0.0,False,,,
1,14,RSNA_10589,L-MLO,NO,0.0,False,,,
1,14,RSNA_10589,R-MLO,NO,0.0,False,,,
1,15,RSNA_106,L-CC,NO,0.0,False,,,
1,15,RSNA_106,R-CC,NO,0.0,False,,,
1,15,RSNA_106,L-MLO,NO,0.0,False,,,
1,15,RSNA_106,R-MLO,NO,0.0,False,,,
1,16,RSNA_10615,L-CC,NO,0.0,False,,,
1,16,RSNA_10615,R-CC,NO,0.0,False,,,
1,16,RSNA_10615,L-MLO,NO,0.0,False,,,
1,16,RSNA_10615,R-MLO,NO,0.0,False,,,
1,17,RSNA_10623,L-CC,NO,0.0,False,,,
1,17,RSNA_10623,R-CC,NO,0.0,False,,,
1,17,RSNA_10623,L-MLO,NO,0.0,False,,,
1,17,RSNA_10623,R-MLO,NO,0.0,False,,,
1,18,RSNA_10635,L-CC,NO,0.0,False,,,
1,18,RSNA_10635,R-CC,NO,0.0,False,,,
1,18,RSNA_10635,L-MLO,NO,0.0,False,,,
1,18,RSNA_10635,R-MLO,NO,0.0,False,,,
1,19,RSNA_10641,L-CC,NO,0.0,False,,,
1,19,RSNA_10641,R-CC,NO,0.0,False,,,
1,19,RSNA_10641,L-MLO,NO,0.0,False,,,
1,19,RSNA_10641,R-MLO,NO,0.0,False,,,
1,20,RSNA_10674,L-CC,NO,0.0,False,,,
1,20,RSNA_10674,R-CC,NO,0.0,False,,,
1,20,RSNA_10674,L-MLO,NO,0.0,False,,,
1,20,RSNA_10674,R-MLO,NO,0.0,False,,,
1,21,RSNA_10706,L-CC,NO,0.0,False,,,
1,21,RSNA_10706,R-CC,NO,0.0,False,,,
1,21,RSNA_10706,L-MLO,NO,0.0,False,,,
1,21,RSNA_10706,R-MLO,NO,0.0,False,,,
1,22,RSNA_10724,L-CC,NO,1409.0,True,YES,0.0,False
1,22,RSNA_10724,R-CC,NO,1379.0,True,YES,0.0,False
1,22,RSNA_10724,L-MLO,NO,1141.0,True,YES,0.0,False
1,22,RSNA_10724,R-MLO,NO,1201.0,True,YES,0.0,False
1,23,RSNA_10746,L-CC,NO,0.0,False,,,
1,23,RSNA_10746,R-CC,NO,0.0,False,,,
1,23,RSNA_10746,L-MLO,NO,0.0,False,,,
1,23,RSNA_10746,R-MLO,NO,0.0,False,,,
1,24,RSNA_10822,L-CC,NO,0.0,False,,,
1,24,RSNA_10822,R-CC,NO,0.0,False,,,
1,24,RSNA_10822,L-MLO,NO,0.0,False,,,
1,24,RSNA_10822,R-MLO,NO,0.0,False,,,
2,0,RSNA_10838,L-CC,NO,0.0,False,,,
2,0,RSNA_10838,R-CC,NO,0.0,False,,,
2,0,RSNA_10838,L-MLO,NO,0.0,False,,,
2,0,RSNA_10838,R-MLO,NO,0.0,False,,,
2,1,RSNA_10847,L-CC,NO,0.0,False,,,
2,1,RSNA_10847,R-CC,NO,0.0,False,,,
2,1,RSNA_10847,L-MLO,NO,0.0,False,,,
2,1,RSNA_10847,R-MLO,NO,0.0,False,,,
2,2,RSNA_10857,L-CC,NO,0.0,False,,,
2,2,RSNA_10857,R-CC,NO,0.0,False,,,
2,2,RSNA_10857,L-MLO,NO,0.0,False,,,
2,2,RSNA_10857,R-MLO,NO,0.0,False,,,
2,3,RSNA_10882,L-CC,NO,1303.0,True,YES,0.0,False
2,3,RSNA_10882,R-CC,NO,1381.0,True,YES,0.0,False
2,3,RSNA_10882,L-MLO,NO,1257.0,True,YES,0.0,False
2,3,RSNA_10882,R-MLO,NO,1248.0,True,YES,0.0,False
2,4,RSNA_10910,L-CC,NO,0.0,False,,,
2,4,RSNA_10910,R-CC,NO,0.0,False,,,
2,4,RSNA_10910,L-MLO,NO,0.0,False,,,
2,4,RSNA_10910,R-MLO,NO,0.0,False,,,
2,5,RSNA_10921,L-CC,NO,0.0,False,,,
2,5,RSNA_10921,R-CC,NO,0.0,False,,,
2,5,RSNA_10921,L-MLO,NO,0.0,False,,,
2,5,RSNA_10921,R-MLO,NO,0.0,False,,,
2,6,RSNA_10924,L-CC,NO,0.0,False,,,
2,6,RSNA_10924,R-CC,NO,0.0,False,,,
2,6,RSNA_10924,L-MLO,NO,0.0,False,,,
2,6,RSNA_10924,R-MLO,NO,0.0,False,,,
2,7,RSNA_10925,L-CC,NO,0.0,False,,,
2,7,RSNA_10925,R-CC,NO,0.0,False,,,
2,7,RSNA_10925,L-MLO,NO,0.0,False,,,
2,7,RSNA_10925,R-MLO,NO,0.0,False,,,
2,8,RSNA_10939,L-CC,NO,0.0,False,,,
2,8,RSNA_10939,R-CC,NO,0.0,False,,,
2,8,RSNA_10939,L-MLO,NO,0.0,False,,,
2,8,RSNA_10939,R-MLO,NO,0.0,False,,,
2,9,RSNA_1095,L-CC,NO,0.0,False,,,
2,9,RSNA_1095,R-CC,NO,0.0,False,,,
2,9,RSNA_1095,L-MLO,NO,0.0,False,,,
2,9,RSNA_1095,R-MLO,NO,0.0,False,,,
2,10,RSNA_10951,L-CC,NO,0.0,False,,,
2,10,RSNA_10951,R-CC,NO,0.0,False,,,
2,10,RSNA_10951,L-MLO,NO,0.0,False,,,
2,10,RSNA_10951,R-MLO,NO,0.0,False,,,
2,11,RSNA_10972,L-CC,NO,0.0,False,,,
2,11,RSNA_10972,R-CC,NO,0.0,False,,,
2,11,RSNA_10972,L-MLO,NO,0.0,False,,,
2,11,RSNA_10972,R-MLO,NO,0.0,False,,,
2,12,RSNA_10973,L-CC,NO,0.0,False,,,
2,12,RSNA_10973,R-CC,NO,0.0,False,,,
2,12,RSNA_10973,L-MLO,NO,0.0,False,,,
2,12,RSNA_10973,R-MLO,NO,0.0,False,,,
2,13,RSNA_10999,L-CC,NO,0.0,False,,,
2,13,RSNA_10999,R-CC,NO,0.0,False,,,
2,13,RSNA_10999,L-MLO,NO,0.0,False,,,
2,13,RSNA_10999,R-MLO,NO,0.0,False,,,
2,14,RSNA_11031,L-CC,NO,1442.0,True,YES,0.0,False
2,14,RSNA_11031,R-CC,NO,1472.0,True,YES,0.0,False
2,14,RSNA_11031,L-MLO,NO,1373.0,True,YES,0.0,False
2,14,RSNA_11031,R-MLO,NO,1416.0,True,YES,0.0,False
2,15,RSNA_11032,L-CC,NO,0.0,False,,,
2,15,RSNA_11032,R-CC,NO,0.0,False,,,
2,15,RSNA_11032,L-MLO,NO,0.0,False,,,
2,15,RSNA_11032,R-MLO,NO,0.0,False,,,
2,16,RSNA_11098,L-CC,NO,1273.0,True,YES,0.0,False
2,16,RSNA_11098,R-CC,NO,1242.0,True,YES,0.0,False
2,16,RSNA_11098,L-MLO,NO,1099.0,True,YES,0.0,False
2,16,RSNA_11098,R-MLO,NO,1107.0,True,YES,0.0,False
2,17,RSNA_11144,L-CC,NO,0.0,False,,,
2,17,RSNA_11144,R-CC,NO,0.0,False,,,
2,17,RSNA_11144,L-MLO,NO,0.0,False,,,
2,17,RSNA_11144,R-MLO,NO,0.0,False,,,
2,18,RSNA_11155,L-CC,NO,0.0,False,,,
2,18,RSNA_11155,R-CC,NO,0.0,False,,,
2,18,RSNA_11155,L-MLO,NO,0.0,False,,,
2,18,RSNA_11155,R-MLO,NO,0.0,False,,,
2,19,RSNA_11212,L-CC,NO,0.0,False,,,
2,19,RSNA_11212,R-CC,NO,0.0,False,,,
2,19,RSNA_11212,L-MLO,NO,0.0,False,,,
2,19,RSNA_11212,R-MLO,NO,0.0,False,,,
2,20,RSNA_11227,L-CC,NO,0.0,False,,,
2,20,RSNA_11227,R-CC,NO,0.0,False,,,
2,20,RSNA_11227,L-MLO,NO,0.0,False,,,
2,20,RSNA_11227,R-MLO,NO,0.0,False,,,
2,21,RSNA_11254,L-CC,NO,0.0,False,,,
2,21,RSNA_11254,R-CC,NO,0.0,False,,,
2,21,RSNA_11254,L-MLO,NO,0.0,False,,,
2,21,RSNA_11254,R-MLO,NO,0.0,False,,,
2,22,RSNA_11302,L-CC,NO,0.0,False,,,
2,22,RSNA_11302,R-CC,NO,0.0,False,,,
2,22,RSNA_11302,L-MLO,NO,0.0,False,,,
2,22,RSNA_11302,R-MLO,NO,0.0,False,,,
2,23,RSNA_11309,L-CC,NO,0.0,False,,,
2,23,RSNA_11309,R-CC,NO,0.0,False,,,
2,23,RSNA_11309,L-MLO,NO,0.0,False,,,
2,23,RSNA_11309,R-MLO,NO,0.0,False,,,
2,24,RSNA_11311,L-CC,NO,0.0,False,,,
2,24,RSNA_11311,R-CC,NO,0.0,False,,,
2,24,RSNA_11311,L-MLO,NO,0.0,False,,,
2,24,RSNA_11311,R-MLO,NO,0.0,False,,,
3,0,RSNA_11317,L-CC,NO,0.0,False,,,
3,0,RSNA_11317,R-CC,NO,0.0,False,,,
3,0,RSNA_11317,L-MLO,NO,0.0,False,,,
3,0,RSNA_11317,R-MLO,NO,0.0,False,,,
3,1,RSNA_11329,L-CC,NO,0.0,False,,,
3,1,RSNA_11329,R-CC,NO,0.0,False,,,
3,1,RSNA_11329,L-MLO,NO,0.0,False,,,
3,1,RSNA_11329,R-MLO,NO,0.0,False,,,
3,2,RSNA_11341,L-CC,NO,0.0,False,,,
3,2,RSNA_11341,R-CC,NO,0.0,False,,,
3,2,RSNA_11341,L-MLO,NO,0.0,False,,,
3,2,RSNA_11341,R-MLO,NO,0.0,False,,,
3,3,RSNA_11357,L-CC,NO,1455.0,True,YES,0.0,False
3,3,RSNA_11357,R-CC,NO,1543.0,True,YES,0.0,False
3,3,RSNA_11357,L-MLO,NO,1346.0,True,YES,0.0,False
3,3,RSNA_11357,R-MLO,NO,1385.0,True,YES,0.0,False
3,4,RSNA_11358,L-CC,NO,0.0,False,,,
3,4,RSNA_11358,R-CC,NO,0.0,False,,,
3,4,RSNA_11358,L-MLO,NO,0.0,False,,,
3,4,RSNA_11358,R-MLO,NO,0.0,False,,,
3,5,RSNA_11360,L-CC,NO,0.0,False,,,
3,5,RSNA_11360,R-CC,NO,0.0,False,,,
3,5,RSNA_11360,L-MLO,NO,0.0,False,,,
3,5,RSNA_11360,R-MLO,NO,0.0,False,,,
3,6,RSNA_11396,L-CC,NO,0.0,False,,,
3,6,RSNA_11396,R-CC,NO,0.0,False,,,
3,6,RSNA_11396,L-MLO,NO,0.0,False,,,
3,6,RSNA_11396,R-MLO,NO,0.0,False,,,
3,7,RSNA_11416,L-CC,NO,0.0,False,,,
3,7,RSNA_11416,R-CC,NO,0.0,False,,,
3,7,RSNA_11416,L-MLO,NO,0.0,False,,,
3,7,RSNA_11416,R-MLO,NO,0.0,False,,,
3,8,RSNA_11431,L-CC,NO,0.0,False,,,
3,8,RSNA_11431,R-CC,NO,0.0,False,,,
3,8,RSNA_11431,L-MLO,NO,0.0,False,,,
3,8,RSNA_11431,R-MLO,NO,0.0,False,,,
3,9,RSNA_11456,L-CC,NO,0.0,False,,,
3,9,RSNA_11456,R-CC,NO,0.0,False,,,
3,9,RSNA_11456,L-MLO,NO,0.0,False,,,
3,9,RSNA_11456,R-MLO,NO,0.0,False,,,
3,10,RSNA_11476,L-CC,NO,1412.0,True,YES,0.0,False
3,10,RSNA_11476,R-CC,NO,1539.0,True,YES,0.0,False
3,10,RSNA_11476,L-MLO,NO,1307.0,True,YES,0.0,False
3,10,RSNA_11476,R-MLO,NO,1457.0,True,YES,0.0,False
3,11,RSNA_11494,L-CC,NO,0.0,False,,,
3,11,RSNA_11494,R-CC,NO,0.0,False,,,
3,11,RSNA_11494,L-MLO,NO,0.0,False,,,
3,11,RSNA_11494,R-MLO,NO,0.0,False,,,
3,12,RSNA_11643,L-CC,NO,0.0,False,,,
3,12,RSNA_11643,R-CC,NO,0.0,False,,,
3,12,RSNA_11643,L-MLO,NO,0.0,False,,,
3,12,RSNA_11643,R-MLO,NO,0.0,False,,,
3,13,RSNA_11657,L-CC,NO,0.0,False,,,
3,13,RSNA_11657,R-CC,NO,0.0,False,,,
3,13,RSNA_11657,L-MLO,NO,0.0,False,,,
3,13,RSNA_11657,R-MLO,NO,0.0,False,,,
3,14,RSNA_11678,L-CC,NO,0.0,False,,,
3,14,RSNA_11678,R-CC,NO,0.0,False,,,
3,14,RSNA_11678,L-MLO,NO,0.0,False,,,
3,14,RSNA_11678,R-MLO,NO,0.0,False,,,
3,15,RSNA_11709,L-CC,NO,0.0,False,,,
3,15,RSNA_11709,R-CC,NO,0.0,False,,,
3,15,RSNA_11709,L-MLO,NO,0.0,False,,,
3,15,RSNA_11709,R-MLO,NO,0.0,False,,,
3,16,RSNA_11726,L-CC,NO,0.0,False,,,
3,16,RSNA_11726,R-CC,NO,0.0,False,,,
3,16,RSNA_11726,L-MLO,NO,0.0,False,,,
3,16,RSNA_11726,R-MLO,NO,0.0,False,,,
3,17,RSNA_11742,L-CC,NO,0.0,False,,,
3,17,RSNA_11742,R-CC,NO,0.0,False,,,
3,17,RSNA_11742,L-MLO,NO,0.0,False,,,
3,17,RSNA_11742,R-MLO,NO,0.0,False,,,
3,18,RSNA_11745,L-CC,NO,1475.0,True,YES,0.0,False
3,18,RSNA_11745,R-CC,NO,1416.0,True,YES,0.0,False
3,18,RSNA_11745,L-MLO,NO,1283.0,True,YES,0.0,False
3,18,RSNA_11745,R-MLO,NO,1507.0,True,YES,0.0,False
3,19,RSNA_11756,L-CC,NO,0.0,False,,,
3,19,RSNA_11756,R-CC,NO,0.0,False,,,
3,19,RSNA_11756,L-MLO,NO,0.0,False,,,
3,19,RSNA_11756,R-MLO,NO,0.0,False,,,
3,20,RSNA_11768,L-CC,NO,1073.0,True,YES,0.0,False
3,20,RSNA_11768,R-CC,NO,984.0,True,YES,0.0,False
3,20,RSNA_11768,L-MLO,NO,858.0,True,YES,0.0,False
3,20,RSNA_11768,R-MLO,NO,884.0,True,YES,0.0,False
3,21,RSNA_11771,L-CC,NO,0.0,False,,,
3,21,RSNA_11771,R-CC,NO,0.0,False,,,
3,21,RSNA_11771,L-MLO,NO,0.0,False,,,
3,21,RSNA_11771,R-MLO,NO,0.0,False,,,
3,22,RSNA_1179,L-CC,NO,0.0,False,,,
3,22,RSNA_1179,R-CC,NO,0.0,False,,,
3,22,RSNA_1179,L-MLO,NO,0.0,False,,,
3,22,RSNA_1179,R-MLO,NO,0.0,False,,,
3,23,RSNA_11794,L-CC,NO,0.0,False,,,
3,23,RSNA_11794,R-CC,NO,0.0,False,,,
3,23,RSNA_11794,L-MLO,NO,0.0,False,,,
3,23,RSNA_11794,R-MLO,NO,0.0,False,,,
3,24,RSNA_11806,L-CC,NO,0.0,False,,,
3,24,RSNA_11806,R-CC,NO,0.0,False,,,
3,24,RSNA_11806,L-MLO,NO,0.0,False,,,
3,24,RSNA_11806,R-MLO,NO,0.0,False,,,
4,0,RSNA_11819,L-CC,NO,0.0,False,,,
4,0,RSNA_11819,R-CC,NO,0.0,False,,,
4,0,RSNA_11819,L-MLO,NO,0.0,False,,,
4,0,RSNA_11819,R-MLO,NO,0.0,False,,,
4,1,RSNA_11850,L-CC,NO,0.0,False,,,
4,1,RSNA_11850,R-CC,NO,0.0,False,,,
4,1,RSNA_11850,L-MLO,NO,0.0,False,,,
4,1,RSNA_11850,R-MLO,NO,0.0,False,,,
4,2,RSNA_11876,L-CC,NO,0.0,False,,,
4,2,RSNA_11876,R-CC,NO,0.0,False,,,
4,2,RSNA_11876,L-MLO,NO,0.0,False,,,
4,2,RSNA_11876,R-MLO,NO,0.0,False,,,
4,3,RSNA_11919,L-CC,NO,0.0,False,,,
4,3,RSNA_11919,R-CC,NO,0.0,False,,,
4,3,RSNA_11919,L-MLO,NO,0.0,False,,,
4,3,RSNA_11919,R-MLO,NO,0.0,False,,,
4,4,RSNA_11942,L-CC,NO,0.0,False,,,
4,4,RSNA_11942,R-CC,NO,0.0,False,,,
4,4,RSNA_11942,L-MLO,NO,0.0,False,,,
4,4,RSNA_11942,R-MLO,NO,0.0,False,,,
4,5,RSNA_11952,L-CC,NO,0.0,False,,,
4,5,RSNA_11952,R-CC,NO,0.0,False,,,
4,5,RSNA_11952,L-MLO,NO,0.0,False,,,
4,5,RSNA_11952,R-MLO,NO,0.0,False,,,
4,6,RSNA_11985,L-CC,NO,0.0,False,,,
4,6,RSNA_11985,R-CC,NO,0.0,False,,,
4,6,RSNA_11985,L-MLO,NO,0.0,False,,,
4,6,RSNA_11985,R-MLO,NO,0.0,False,,,
4,7,RSNA_12005,L-CC,NO,0.0,False,,,
4,7,RSNA_12005,R-CC,NO,0.0,False,,,
4,7,RSNA_12005,L-MLO,NO,0.0,False,,,
4,7,RSNA_12005,R-MLO,NO,0.0,False,,,
4,8,RSNA_12020,L-CC,NO,0.0,False,,,
4,8,RSNA_12020,R-CC,NO,0.0,False,,,
4,8,RSNA_12020,L-MLO,NO,0.0,False,,,
4,8,RSNA_12020,R-MLO,NO,0.0,False,,,
4,9,RSNA_12027,L-CC,NO,1318.0,True,YES,0.0,False
4,9,RSNA_12027,R-CC,NO,1456.0,True,YES,0.0,False
4,9,RSNA_12027,L-MLO,NO,1445.0,True,YES,0.0,False
4,9,RSNA_12027,R-MLO,NO,1351.0,True,YES,0.0,False
4,10,RSNA_12091,L-CC,NO,0.0,False,,,
4,10,RSNA_12091,R-CC,NO,0.0,False,,,
4,10,RSNA_12091,L-MLO,NO,0.0,False,,,
4,10,RSNA_12091,R-MLO,NO,0.0,False,,,
4,11,RSNA_12110,L-CC,NO,0.0,False,,,
4,11,RSNA_12110,R-CC,NO,0.0,False,,,
4,11,RSNA_12110,L-MLO,NO,0.0,False,,,
4,11,RSNA_12110,R-MLO,NO,0.0,False,,,
4,12,RSNA_12111,L-CC,NO,0.0,False,,,
4,12,RSNA_12111,R-CC,NO,0.0,False,,,
4,12,RSNA_12111,L-MLO,NO,0.0,False,,,
4,12,RSNA_12111,R-MLO,NO,0.0,False,,,
4,13,RSNA_12119,L-CC,NO,0.0,False,,,
4,13,RSNA_12119,R-CC,NO,0.0,False,,,
4,13,RSNA_12119,L-MLO,NO,0.0,False,,,
4,13,RSNA_12119,R-MLO,NO,0.0,False,,,
4,14,RSNA_12161,L-CC,NO,0.0,False,,,
4,14,RSNA_12161,R-CC,NO,0.0,False,,,
4,14,RSNA_12161,L-MLO,NO,0.0,False,,,
4,14,RSNA_12161,R-MLO,NO,0.0,False,,,
4,15,RSNA_12172,L-CC,NO,0.0,False,,,
4,15,RSNA_12172,R-CC,NO,0.0,False,,,
4,15,RSNA_12172,L-MLO,NO,0.0,False,,,
4,15,RSNA_12172,R-MLO,NO,0.0,False,,,
4,16,RSNA_12223,L-CC,NO,1604.0,True,YES,0.0,False
4,16,RSNA_12223,R-CC,NO,1465.0,True,YES,0.0,False
4,16,RSNA_12223,L-MLO,NO,1131.0,True,YES,0.0,False
4,16,RSNA_12223,R-MLO,NO,1134.0,True,YES,0.0,False
4,17,RSNA_12226,L-CC,NO,1400.0,True,YES,0.0,False
4,17,RSNA_12226,R-CC,NO,1338.0,True,YES,0.0,False
4,17,RSNA_12226,L-MLO,NO,1561.0,True,YES,0.0,False
4,17,RSNA_12226,R-MLO,NO,1438.0,True,YES,0.0,False
4,18,RSNA_12227,L-CC,NO,0.0,False,,,
4,18,RSNA_12227,R-CC,NO,0.0,False,,,
4,18,RSNA_12227,L-MLO,NO,0.0,False,,,
4,18,RSNA_12227,R-MLO,NO,0.0,False,,,
4,19,RSNA_12232,L-CC,NO,0.0,False,,,
4,19,RSNA_12232,R-CC,NO,0.0,False,,,
4,19,RSNA_12232,L-MLO,NO,0.0,False,,,
4,19,RSNA_12232,R-MLO,NO,0.0,False,,,
4,20,RSNA_12251,L-CC,NO,0.0,False,,,
4,20,RSNA_12251,R-CC,NO,0.0,False,,,
4,20,RSNA_12251,L-MLO,NO,0.0,False,,,
4,20,RSNA_12251,R-MLO,NO,0.0,False,,,
4,21,RSNA_12258,L-CC,NO,0.0,False,,,
4,21,RSNA_12258,R-CC,NO,0.0,False,,,
4,21,RSNA_12258,L-MLO,NO,0.0,False,,,
4,21,RSNA_12258,R-MLO,NO,0.0,False,,,
4,22,RSNA_12276,L-CC,NO,0.0,False,,,
4,22,RSNA_12276,R-CC,NO,0.0,False,,,
4,22,RSNA_12276,L-MLO,NO,0.0,False,,,
4,22,RSNA_12276,R-MLO,NO,0.0,False,,,
4,23,RSNA_12306,L-CC,NO,0.0,False,,,
4,23,RSNA_12306,R-CC,NO,0.0,False,,,
4,23,RSNA_12306,L-MLO,NO,0.0,False,,,
4,23,RSNA_12306,R-MLO,NO,0.0,False,,,
4,24,RSNA_12319,L-CC,NO,0.0,False,,,
4,24,RSNA_12319,R-CC,NO,0.0,False,,,
4,24,RSNA_12319,L-MLO,NO,0.0,False,,,
4,24,RSNA_12319,R-MLO,NO,0.0,False,,,
5,0,RSNA_1234,L-CC,NO,993.0,True,YES,0.0,False
5,0,RSNA_1234,R-CC,NO,993.0,True,YES,0.0,False
5,0,RSNA_1234,L-MLO,NO,1079.0,True,YES,0.0,False
5,0,RSNA_1234,R-MLO,NO,1086.0,True,YES,0.0,False
5,1,RSNA_12340,L-CC,NO,0.0,False,,,
5,1,RSNA_12340,R-CC,NO,0.0,False,,,
5,1,RSNA_12340,L-MLO,NO,0.0,False,,,
5,1,RSNA_12340,R-MLO,NO,0.0,False,,,
5,2,RSNA_12344,L-CC,NO,0.0,False,,,
5,2,RSNA_12344,R-CC,NO,0.0,False,,,
5,2,RSNA_12344,L-MLO,NO,0.0,False,,,
5,2,RSNA_12344,R-MLO,NO,0.0,False,,,
5,3,RSNA_1237,L-CC,NO,0.0,False,,,
5,3,RSNA_1237,R-CC,NO,0.0,False,,,
5,3,RSNA_1237,L-MLO,NO,0.0,False,,,
5,3,RSNA_1237,R-MLO,NO,0.0,False,,,
5,4,RSNA_12374,L-CC,NO,591.0,True,YES,0.0,False
5,4,RSNA_12374,R-CC,NO,543.0,True,YES,0.0,False
5,4,RSNA_12374,L-MLO,NO,550.0,True,YES,0.0,False
5,4,RSNA_12374,R-MLO,NO,520.0,True,YES,0.0,False
5,5,RSNA_12377,L-CC,NO,0.0,False,,,
5,5,RSNA_12377,R-CC,NO,0.0,False,,,
5,5,RSNA_12377,L-MLO,NO,0.0,False,,,
5,5,RSNA_12377,R-MLO,NO,0.0,False,,,
5,6,RSNA_12392,L-CC,NO,1501.0,True,YES,0.0,False
5,6,RSNA_12392,R-CC,NO,1578.0,True,YES,0.0,False
5,6,RSNA_12392,L-MLO,NO,1489.0,True,YES,0.0,False
5,6,RSNA_12392,R-MLO,NO,1386.0,True,YES,0.0,False
5,7,RSNA_12393,L-CC,NO,0.0,False,,,
5,7,RSNA_12393,R-CC,NO,0.0,False,,,
5,7,RSNA_12393,L-MLO,NO,0.0,False,,,
5,7,RSNA_12393,R-MLO,NO,0.0,False,,,
5,8,RSNA_12405,L-CC,NO,0.0,False,,,
5,8,RSNA_12405,R-CC,NO,0.0,False,,,
5,8,RSNA_12405,L-MLO,NO,0.0,False,,,
5,8,RSNA_12405,R-MLO,NO,0.0,False,,,
5,9,RSNA_12408,L-CC,NO,1222.0,True,YES,0.0,False
5,9,RSNA_12408,R-CC,NO,1125.0,True,YES,0.0,False
5,9,RSNA_12408,L-MLO,NO,1252.0,True,YES,0.0,False
5,9,RSNA_12408,R-MLO,NO,1206.0,True,YES,0.0,False
5,10,RSNA_12416,L-CC,NO,0.0,False,,,
5,10,RSNA_12416,R-CC,NO,0.0,False,,,
5,10,RSNA_12416,L-MLO,NO,0.0,False,,,
5,10,RSNA_12416,R-MLO,NO,0.0,False,,,
5,11,RSNA_1242,L-CC,NO,0.0,False,,,
5,11,RSNA_1242,R-CC,NO,0.0,False,,,
5,11,RSNA_1242,L-MLO,NO,0.0,False,,,
5,11,RSNA_1242,R-MLO,NO,0.0,False,,,
5,12,RSNA_12438,L-CC,NO,0.0,False,,,
5,12,RSNA_12438,R-CC,NO,0.0,False,,,
5,12,RSNA_12438,L-MLO,NO,0.0,False,,,
5,12,RSNA_12438,R-MLO,NO,0.0,False,,,
5,13,RSNA_12451,L-CC,NO,0.0,False,,,
5,13,RSNA_12451,R-CC,NO,0.0,False,,,
5,13,RSNA_12451,L-MLO,NO,0.0,False,,,
5,13,RSNA_12451,R-MLO,NO,0.0,False,,,
5,14,RSNA_12453,L-CC,NO,0.0,False,,,
5,14,RSNA_12453,R-CC,NO,0.0,False,,,
5,14,RSNA_12453,L-MLO,NO,0.0,False,,,
5,14,RSNA_12453,R-MLO,NO,0.0,False,,,
5,15,RSNA_12480,L-CC,NO,0.0,False,,,
5,15,RSNA_12480,R-CC,NO,0.0,False,,,
5,15,RSNA_12480,L-MLO,NO,0.0,False,,,
5,15,RSNA_12480,R-MLO,NO,0.0,False,,,
5,16,RSNA_12485,L-CC,NO,0.0,False,,,
5,16,RSNA_12485,R-CC,NO,0.0,False,,,
5,16,RSNA_12485,L-MLO,NO,0.0,False,,,
5,16,RSNA_12485,R-MLO,NO,0.0,False,,,
5,17,RSNA_1250,L-CC,NO,0.0,False,,,
5,17,RSNA_1250,R-CC,NO,0.0,False,,,
5,17,RSNA_1250,L-MLO,NO,0.0,False,,,
5,17,RSNA_1250,R-MLO,NO,0.0,False,,,
5,18,RSNA_12522,L-CC,NO,0.0,False,,,
5,18,RSNA_12522,R-CC,NO,0.0,False,,,
5,18,RSNA_12522,L-MLO,NO,0.0,False,,,
5,18,RSNA_12522,R-MLO,NO,0.0,False,,,
5,19,RSNA_12538,L-CC,NO,0.0,False,,,
5,19,RSNA_12538,R-CC,NO,0.0,False,,,
5,19,RSNA_12538,L-MLO,NO,0.0,False,,,
5,19,RSNA_12538,R-MLO,NO,0.0,False,,,
5,20,RSNA_12555,L-CC,NO,0.0,False,,,
5,20,RSNA_12555,R-CC,NO,0.0,False,,,
5,20,RSNA_12555,L-MLO,NO,0.0,False,,,
5,20,RSNA_12555,R-MLO,NO,0.0,False,,,
5,21,RSNA_12563,L-CC,NO,0.0,False,,,
5,21,RSNA_12563,R-CC,NO,0.0,False,,,
5,21,RSNA_12563,L-MLO,NO,0.0,False,,,
5,21,RSNA_12563,R-MLO,NO,0.0,False,,,
5,22,RSNA_12584,L-CC,NO,0.0,False,,,
5,22,RSNA_12584,R-CC,NO,0.0,False,,,
5,22,RSNA_12584,L-MLO,NO,0.0,False,,,
5,22,RSNA_12584,R-MLO,NO,0.0,False,,,
5,23,RSNA_12596,L-CC,NO,1376.0,True,YES,0.0,False
5,23,RSNA_12596,R-CC,NO,1405.0,True,YES,0.0,False
5,23,RSNA_12596,L-MLO,NO,1242.0,True,YES,0.0,False
5,23,RSNA_12596,R-MLO,NO,1255.0,True,YES,0.0,False
5,24,RSNA_12599,L-CC,NO,0.0,False,,,
5,24,RSNA_12599,R-CC,NO,0.0,False,,,
5,24,RSNA_12599,L-MLO,NO,0.0,False,,,
5,24,RSNA_12599,R-MLO,NO,0.0,False,,,
6,0,RSNA_1261,L-CC,NO,0.0,False,,,
6,0,RSNA_1261,R-CC,NO,0.0,False,,,
6,0,RSNA_1261,L-MLO,NO,0.0,False,,,
6,0,RSNA_1261,R-MLO,NO,0.0,False,,,
6,1,RSNA_12613,L-CC,NO,0.0,False,,,
6,1,RSNA_12613,R-CC,NO,0.0,False,,,
6,1,RSNA_12613,L-MLO,NO,0.0,False,,,
6,1,RSNA_12613,R-MLO,NO,0.0,False,,,
6,2,RSNA_12615,L-CC,NO,0.0,False,,,
6,2,RSNA_12615,R-CC,NO,0.0,False,,,
6,2,RSNA_12615,L-MLO,NO,0.0,False,,,
6,2,RSNA_12615,R-MLO,NO,0.0,False,,,
6,3,RSNA_1262,L-CC,NO,0.0,False,,,
6,3,RSNA_1262,R-CC,NO,0.0,False,,,
6,3,RSNA_1262,L-MLO,NO,0.0,False,,,
6,3,RSNA_1262,R-MLO,NO,0.0,False,,,
6,4,RSNA_12645,L-CC,NO,0.0,False,,,
6,4,RSNA_12645,R-CC,NO,0.0,False,,,
6,4,RSNA_12645,L-MLO,NO,0.0,False,,,
6,4,RSNA_12645,R-MLO,NO,0.0,False,,,
6,5,RSNA_12650,L-CC,NO,0.0,False,,,
6,5,RSNA_12650,R-CC,NO,0.0,False,,,
6,5,RSNA_12650,L-MLO,NO,0.0,False,,,
6,5,RSNA_12650,R-MLO,NO,0.0,False,,,
6,6,RSNA_12663,L-CC,NO,628.0,True,YES,0.0,False
6,6,RSNA_12663,R-CC,NO,1576.0,True,YES,0.0,False
6,6,RSNA_12663,L-MLO,NO,551.0,True,YES,0.0,False
6,6,RSNA_12663,R-MLO,NO,255.0,True,YES,0.0,False
6,7,RSNA_1267,L-CC,NO,1720.0,True,YES,0.0,False
6,7,RSNA_1267,R-CC,NO,1785.0,True,YES,0.0,False
6,7,RSNA_1267,L-MLO,NO,1677.0,True,YES,0.0,False
6,7,RSNA_1267,R-MLO,NO,1647.0,True,YES,0.0,False
6,8,RSNA_127,L-CC,NO,0.0,False,,,
6,8,RSNA_127,R-CC,NO,0.0,False,,,
6,8,RSNA_127,L-MLO,NO,0.0,False,,,
6,8,RSNA_127,R-MLO,NO,0.0,False,,,
6,9,RSNA_12710,L-CC,NO,1138.0,True,YES,0.0,False
6,9,RSNA_12710,R-CC,NO,1094.0,True,YES,0.0,False
6,9,RSNA_12710,L-MLO,NO,1029.0,True,YES,0.0,False
6,9,RSNA_12710,R-MLO,NO,1094.0,True,YES,0.0,False
6,10,RSNA_12725,L-CC,NO,2408.0,True,YES,0.0,False
6,10,RSNA_12725,R-CC,NO,1671.0,True,YES,0.0,False
6,10,RSNA_12725,L-MLO,NO,2424.0,True,YES,0.0,False
6,10,RSNA_12725,R-MLO,NO,1445.0,True,YES,0.0,False
6,11,RSNA_12771,L-CC,NO,1241.0,True,YES,0.0,False
6,11,RSNA_12771,R-CC,NO,1290.0,True,YES,0.0,False
6,11,RSNA_12771,L-MLO,NO,1149.0,True,YES,0.0,False
6,11,RSNA_12771,R-MLO,NO,1166.0,True,YES,0.0,False
6,12,RSNA_12787,L-CC,NO,0.0,False,,,
6,12,RSNA_12787,R-CC,NO,0.0,False,,,
6,12,RSNA_12787,L-MLO,NO,0.0,False,,,
6,12,RSNA_12787,R-MLO,NO,0.0,False,,,
6,13,RSNA_12790,L-CC,NO,0.0,False,,,
6,13,RSNA_12790,R-CC,NO,0.0,False,,,
6,13,RSNA_12790,L-MLO,NO,0.0,False,,,
6,13,RSNA_12790,R-MLO,NO,0.0,False,,,
6,14,RSNA_12798,L-CC,NO,0.0,False,,,
6,14,RSNA_12798,R-CC,NO,0.0,False,,,
6,14,RSNA_12798,L-MLO,NO,0.0,False,,,
6,14,RSNA_12798,R-MLO,NO,0.0,False,,,
6,15,RSNA_128,L-CC,NO,1543.0,True,YES,0.0,False
6,15,RSNA_128,R-CC,NO,1529.0,True,YES,0.0,False
6,15,RSNA_128,L-MLO,NO,1515.0,True,YES,0.0,False
6,15,RSNA_128,R-MLO,NO,1493.0,True,YES,0.0,False
6,16,RSNA_12801,L-CC,NO,0.0,False,,,
6,16,RSNA_12801,R-CC,NO,0.0,False,,,
6,16,RSNA_12801,L-MLO,NO,0.0,False,,,
6,16,RSNA_12801,R-MLO,NO,0.0,False,,,
6,17,RSNA_12804,L-CC,NO,894.0,True,YES,0.0,False
6,17,RSNA_12804,R-CC,NO,771.0,True,YES,0.0,False
6,17,RSNA_12804,L-MLO,NO,788.0,True,YES,0.0,False
6,17,RSNA_12804,R-MLO,NO,787.0,True,YES,0.0,False
6,18,RSNA_12832,L-CC,NO,1231.0,True,YES,0.0,False
6,18,RSNA_12832,R-CC,NO,1301.0,True,YES,0.0,False
6,18,RSNA_12832,L-MLO,NO,1017.0,True,YES,0.0,False
6,18,RSNA_12832,R-MLO,NO,1106.0,True,YES,0.0,False
6,19,RSNA_1284,L-CC,NO,0.0,False,,,
6,19,RSNA_1284,R-CC,NO,0.0,False,,,
6,19,RSNA_1284,L-MLO,NO,0.0,False,,,
6,19,RSNA_1284,R-MLO,NO,0.0,False,,,
6,20,RSNA_12874,L-CC,NO,0.0,False,,,
6,20,RSNA_12874,R-CC,NO,0.0,False,,,
6,20,RSNA_12874,L-MLO,NO,0.0,False,,,
6,20,RSNA_12874,R-MLO,NO,0.0,False,,,
6,21,RSNA_1291,L-CC,NO,0.0,False,,,
6,21,RSNA_1291,R-CC,NO,0.0,False,,,
6,21,RSNA_1291,L-MLO,NO,0.0,False,,,
6,21,RSNA_1291,R-MLO,NO,0.0,False,,,
6,22,RSNA_12913,L-CC,NO,52.0,True,,,
6,22,RSNA_12913,R-CC,NO,0.0,False,,,
6,22,RSNA_12913,L-MLO,NO,0.0,False,,,
6,22,RSNA_12913,R-MLO,NO,0.0,False,,,
6,23,RSNA_12919,L-CC,NO,263.0,True,YES,0.0,False
6,23,RSNA_12919,R-CC,NO,358.0,True,YES,0.0,False
6,23,RSNA_12919,L-MLO,NO,243.0,True,YES,0.0,False
6,23,RSNA_12919,R-MLO,NO,369.0,True,YES,0.0,False
6,24,RSNA_12920,L-CC,NO,0.0,False,,,
6,24,RSNA_12920,R-CC,NO,0.0,False,,,
6,24,RSNA_12920,L-MLO,NO,0.0,False,,,
6,24,RSNA_12920,R-MLO,NO,0.0,False,,,
7,0,RSNA_12925,L-CC,NO,1580.0,True,YES,0.0,False
7,0,RSNA_12925,R-CC,NO,1756.0,True,YES,0.0,False
7,0,RSNA_12925,L-MLO,NO,1408.0,True,YES,0.0,False
7,0,RSNA_12925,R-MLO,NO,1616.0,True,YES,0.0,False
7,1,RSNA_12932,L-CC,NO,0.0,False,,,
7,1,RSNA_12932,R-CC,NO,0.0,False,,,
7,1,RSNA_12932,L-MLO,NO,0.0,False,,,
7,1,RSNA_12932,R-MLO,NO,0.0,False,,,
7,2,RSNA_12934,L-CC,NO,0.0,False,,,
7,2,RSNA_12934,R-CC,NO,0.0,False,,,
7,2,RSNA_12934,L-MLO,NO,0.0,False,,,
7,2,RSNA_12934,R-MLO,NO,0.0,False,,,
7,3,RSNA_12967,L-CC,NO,0.0,False,,,
7,3,RSNA_12967,R-CC,NO,0.0,False,,,
7,3,RSNA_12967,L-MLO,NO,0.0,False,,,
7,3,RSNA_12967,R-MLO,NO,0.0,False,,,
7,4,RSNA_12989,L-CC,NO,0.0,False,,,
7,4,RSNA_12989,R-CC,NO,0.0,False,,,
7,4,RSNA_12989,L-MLO,NO,0.0,False,,,
7,4,RSNA_12989,R-MLO,NO,0.0,False,,,
7,5,RSNA_12997,L-CC,NO,0.0,False,,,
7,5,RSNA_12997,R-CC,NO,0.0,False,,,
7,5,RSNA_12997,L-MLO,NO,0.0,False,,,
7,5,RSNA_12997,R-MLO,NO,0.0,False,,,
7,6,RSNA_13002,L-CC,NO,0.0,False,,,
7,6,RSNA_13002,R-CC,NO,0.0,False,,,
7,6,RSNA_13002,L-MLO,NO,0.0,False,,,
7,6,RSNA_13002,R-MLO,NO,0.0,False,,,
7,7,RSNA_13065,L-CC,NO,0.0,False,,,
7,7,RSNA_13065,R-CC,NO,0.0,False,,,
7,7,RSNA_13065,L-MLO,NO,0.0,False,,,
7,7,RSNA_13065,R-MLO,NO,0.0,False,,,
7,8,RSNA_13098,L-CC,NO,0.0,False,,,
7,8,RSNA_13098,R-CC,NO,0.0,False,,,
7,8,RSNA_13098,L-MLO,NO,0.0,False,,,
7,8,RSNA_13098,R-MLO,NO,0.0,False,,,
7,9,RSNA_13101,L-CC,NO,1210.0,True,YES,0.0,False
7,9,RSNA_13101,R-CC,NO,1223.0,True,YES,0.0,False
7,9,RSNA_13101,L-MLO,NO,1128.0,True,YES,0.0,False
7,9,RSNA_13101,R-MLO,NO,1158.0,True,YES,0.0,False
7,10,RSNA_13116,L-CC,NO,0.0,False,,,
7,10,RSNA_13116,R-CC,NO,0.0,False,,,
7,10,RSNA_13116,L-MLO,NO,0.0,False,,,
7,10,RSNA_13116,R-MLO,NO,0.0,False,,,
7,11,RSNA_13128,L-CC,NO,0.0,False,,,
7,11,RSNA_13128,R-CC,NO,0.0,False,,,
7,11,RSNA_13128,L-MLO,NO,0.0,False,,,
7,11,RSNA_13128,R-MLO,NO,0.0,False,,,
7,12,RSNA_13129,L-CC,NO,0.0,False,,,
7,12,RSNA_13129,R-CC,NO,0.0,False,,,
7,12,RSNA_13129,L-MLO,NO,0.0,False,,,
7,12,RSNA_13129,R-MLO,NO,0.0,False,,,
7,13,RSNA_1313,L-CC,NO,1531.0,True,YES,0.0,False
7,13,RSNA_1313,R-CC,NO,1387.0,True,YES,0.0,False
7,13,RSNA_1313,L-MLO,NO,1506.0,True,YES,0.0,False
7,13,RSNA_1313,R-MLO,NO,1410.0,True,YES,0.0,False
7,14,RSNA_13131,L-CC,NO,0.0,False,,,
7,14,RSNA_13131,R-CC,NO,0.0,False,,,
7,14,RSNA_13131,L-MLO,NO,0.0,False,,,
7,14,RSNA_13131,R-MLO,NO,0.0,False,,,
7,15,RSNA_13133,L-CC,NO,0.0,False,,,
7,15,RSNA_13133,R-CC,NO,0.0,False,,,
7,15,RSNA_13133,L-MLO,NO,0.0,False,,,
7,15,RSNA_13133,R-MLO,NO,0.0,False,,,
7,16,RSNA_13144,L-CC,NO,0.0,False,,,
7,16,RSNA_13144,R-CC,NO,0.0,False,,,
7,16,RSNA_13144,L-MLO,NO,0.0,False,,,
7,16,RSNA_13144,R-MLO,NO,0.0,False,,,
7,17,RSNA_13156,L-CC,NO,0.0,False,,,
7,17,RSNA_13156,R-CC,NO,0.0,False,,,
7,17,RSNA_13156,L-MLO,NO,0.0,False,,,
7,17,RSNA_13156,R-MLO,NO,0.0,False,,,
7,18,RSNA_13158,L-CC,NO,1067.0,True,YES,0.0,False
7,18,RSNA_13158,R-CC,NO,1127.0,True,YES,0.0,False
7,18,RSNA_13158,L-MLO,NO,1022.0,True,YES,0.0,False
7,18,RSNA_13158,R-MLO,NO,1151.0,True,YES,0.0,False
7,19,RSNA_13171,L-CC,NO,1651.0,True,YES,0.0,False
7,19,RSNA_13171,R-CC,NO,1671.0,True,YES,0.0,False
7,19,RSNA_13171,L-MLO,NO,1589.0,True,YES,0.0,False
7,19,RSNA_13171,R-MLO,NO,1667.0,True,YES,0.0,False
7,20,RSNA_1319,L-CC,NO,0.0,False,,,
7,20,RSNA_1319,R-CC,NO,0.0,False,,,
7,20,RSNA_1319,L-MLO,NO,0.0,False,,,
7,20,RSNA_1319,R-MLO,NO,0.0,False,,,
7,21,RSNA_1323,L-CC,NO,0.0,False,,,
7,21,RSNA_1323,R-CC,NO,0.0,False,,,
7,21,RSNA_1323,L-MLO,NO,0.0,False,,,
7,21,RSNA_1323,R-MLO,NO,0.0,False,,,
7,22,RSNA_13234,L-CC,NO,0.0,False,,,
7,22,RSNA_13234,R-CC,NO,0.0,False,,,
7,22,RSNA_13234,L-MLO,NO,0.0,False,,,
7,22,RSNA_13234,R-MLO,NO,0.0,False,,,
7,23,RSNA_13247,L-CC,NO,0.0,False,,,
7,23,RSNA_13247,R-CC,NO,0.0,False,,,
7,23,RSNA_13247,L-MLO,NO,0.0,False,,,
7,23,RSNA_13247,R-MLO,NO,0.0,False,,,
7,24,RSNA_13248,L-CC,NO,0.0,False,,,
7,24,RSNA_13248,R-CC,NO,0.0,False,,,
7,24,RSNA_13248,L-MLO,NO,0.0,False,,,
7,24,RSNA_13248,R-MLO,NO,0.0,False,,,
8,0,RSNA_13258,L-CC,NO,0.0,False,,,
8,0,RSNA_13258,R-CC,NO,0.0,False,,,
8,0,RSNA_13258,L-MLO,NO,0.0,False,,,
8,0,RSNA_13258,R-MLO,NO,0.0,False,,,
8,1,RSNA_13325,L-CC,NO,0.0,False,,,
8,1,RSNA_13325,R-CC,NO,0.0,False,,,
8,1,RSNA_13325,L-MLO,NO,0.0,False,,,
8,1,RSNA_13325,R-MLO,NO,0.0,False,,,
8,2,RSNA_13331,L-CC,NO,0.0,False,,,
8,2,RSNA_13331,R-CC,NO,0.0,False,,,
8,2,RSNA_13331,L-MLO,NO,0.0,False,,,
8,2,RSNA_13331,R-MLO,NO,0.0,False,,,
8,3,RSNA_13333,L-CC,NO,0.0,False,,,
8,3,RSNA_13333,R-CC,NO,0.0,False,,,
8,3,RSNA_13333,L-MLO,NO,0.0,False,,,
8,3,RSNA_13333,R-MLO,NO,0.0,False,,,
8,4,RSNA_13335,L-CC,NO,797.0,True,YES,0.0,False
8,4,RSNA_13335,R-CC,NO,995.0,True,YES,0.0,False
8,4,RSNA_13335,L-MLO,NO,813.0,True,YES,0.0,False
8,4,RSNA_13335,R-MLO,NO,999.0,True,YES,0.0,False
8,5,RSNA_13369,L-CC,NO,0.0,False,,,
8,5,RSNA_13369,R-CC,NO,0.0,False,,,
8,5,RSNA_13369,L-MLO,NO,0.0,False,,,
8,5,RSNA_13369,R-MLO,NO,0.0,False,,,
8,6,RSNA_13383,L-CC,NO,0.0,False,,,
8,6,RSNA_13383,R-CC,NO,0.0,False,,,
8,6,RSNA_13383,L-MLO,NO,0.0,False,,,
8,6,RSNA_13383,R-MLO,NO,0.0,False,,,
8,7,RSNA_13387,L-CC,NO,0.0,False,,,
8,7,RSNA_13387,R-CC,NO,0.0,False,,,
8,7,RSNA_13387,L-MLO,NO,0.0,False,,,
8,7,RSNA_13387,R-MLO,NO,0.0,False,,,
8,8,RSNA_13413,L-CC,NO,0.0,False,,,
8,8,RSNA_13413,R-CC,NO,0.0,False,,,
8,8,RSNA_13413,L-MLO,NO,0.0,False,,,
8,8,RSNA_13413,R-MLO,NO,0.0,False,,,
8,9,RSNA_13417,L-CC,NO,0.0,False,,,
8,9,RSNA_13417,R-CC,NO,0.0,False,,,
8,9,RSNA_13417,L-MLO,NO,0.0,False,,,
8,9,RSNA_13417,R-MLO,NO,0.0,False,,,
8,10,RSNA_13428,L-CC,NO,1434.0,True,YES,0.0,False
8,10,RSNA_13428,R-CC,NO,1492.0,True,YES,0.0,False
8,10,RSNA_13428,L-MLO,NO,1325.0,True,YES,0.0,False
8,10,RSNA_13428,R-MLO,NO,1368.0,True,YES,0.0,False
8,11,RSNA_13458,L-CC,NO,0.0,False,,,
8,11,RSNA_13458,R-CC,NO,0.0,False,,,
8,11,RSNA_13458,L-MLO,NO,0.0,False,,,
8,11,RSNA_13458,R-MLO,NO,0.0,False,,,
8,12,RSNA_13463,L-CC,NO,0.0,False,,,
8,12,RSNA_13463,R-CC,NO,0.0,False,,,
8,12,RSNA_13463,L-MLO,NO,0.0,False,,,
8,12,RSNA_13463,R-MLO,NO,0.0,False,,,
8,13,RSNA_13487,L-CC,NO,1446.0,True,YES,0.0,False
8,13,RSNA_13487,R-CC,NO,1548.0,True,YES,0.0,False
8,13,RSNA_13487,L-MLO,NO,1429.0,True,YES,0.0,False
8,13,RSNA_13487,R-MLO,NO,1573.0,True,YES,0.0,False
8,14,RSNA_13511,L-CC,NO,0.0,False,,,
8,14,RSNA_13511,R-CC,NO,0.0,False,,,
8,14,RSNA_13511,L-MLO,NO,0.0,False,,,
8,14,RSNA_13511,R-MLO,NO,0.0,False,,,
8,15,RSNA_13538,L-CC,NO,0.0,False,,,
8,15,RSNA_13538,R-CC,NO,0.0,False,,,
8,15,RSNA_13538,L-MLO,NO,0.0,False,,,
8,15,RSNA_13538,R-MLO,NO,0.0,False,,,
8,16,RSNA_13543,L-CC,NO,0.0,False,,,
8,16,RSNA_13543,R-CC,NO,0.0,False,,,
8,16,RSNA_13543,L-MLO,NO,0.0,False,,,
8,16,RSNA_13543,R-MLO,NO,0.0,False,,,
8,17,RSNA_13555,L-CC,NO,0.0,False,,,
8,17,RSNA_13555,R-CC,NO,0.0,False,,,
8,17,RSNA_13555,L-MLO,NO,0.0,False,,,
8,17,RSNA_13555,R-MLO,NO,0.0,False,,,
8,18,RSNA_13563,L-CC,NO,0.0,False,,,
8,18,RSNA_13563,R-CC,NO,0.0,False,,,
8,18,RSNA_13563,L-MLO,NO,0.0,False,,,
8,18,RSNA_13563,R-MLO,NO,0.0,False,,,
8,19,RSNA_1357,L-CC,NO,0.0,False,,,
8,19,RSNA_1357,R-CC,NO,0.0,False,,,
8,19,RSNA_1357,L-MLO,NO,0.0,False,,,
8,19,RSNA_1357,R-MLO,NO,0.0,False,,,
8,20,RSNA_13578,L-CC,NO,2067.0,True,YES,0.0,False
8,20,RSNA_13578,R-CC,NO,2164.0,True,YES,0.0,False
8,20,RSNA_13578,L-MLO,NO,2018.0,True,YES,0.0,False
8,20,RSNA_13578,R-MLO,NO,2122.0,True,YES,0.0,False
8,21,RSNA_13605,L-CC,NO,0.0,False,,,
8,21,RSNA_13605,R-CC,NO,0.0,False,,,
8,21,RSNA_13605,L-MLO,NO,0.0,False,,,
8,21,RSNA_13605,R-MLO,NO,0.0,False,,,
8,22,RSNA_13611,L-CC,NO,0.0,False,,,
8,22,RSNA_13611,R-CC,NO,0.0,False,,,
8,22,RSNA_13611,L-MLO,NO,0.0,False,,,
8,22,RSNA_13611,R-MLO,NO,0.0,False,,,
8,23,RSNA_13635,L-CC,NO,0.0,False,,,
8,23,RSNA_13635,R-CC,NO,0.0,False,,,
8,23,RSNA_13635,L-MLO,NO,0.0,False,,,
8,23,RSNA_13635,R-MLO,NO,0.0,False,,,
8,24,RSNA_13659,L-CC,NO,0.0,False,,,
8,24,RSNA_13659,R-CC,NO,0.0,False,,,
8,24,RSNA_13659,L-MLO,NO,0.0,False,,,
8,24,RSNA_13659,R-MLO,NO,0.0,False,,,
9,0,RSNA_13731,L-CC,NO,0.0,False,,,
9,0,RSNA_13731,R-CC,NO,0.0,False,,,
9,0,RSNA_13731,L-MLO,NO,0.0,False,,,
9,0,RSNA_13731,R-MLO,NO,0.0,False,,,
9,1,RSNA_13749,L-CC,NO,0.0,False,,,
9,1,RSNA_13749,R-CC,NO,0.0,False,,,
9,1,RSNA_13749,L-MLO,NO,0.0,False,,,
9,1,RSNA_13749,R-MLO,NO,0.0,False,,,
9,2,RSNA_13756,L-CC,NO,2200.0,True,YES,0.0,False
9,2,RSNA_13756,R-CC,NO,2164.0,True,YES,0.0,False
9,2,RSNA_13756,L-MLO,NO,2056.0,True,YES,0.0,False
9,2,RSNA_13756,R-MLO,NO,2023.0,True,YES,0.0,False
9,3,RSNA_13759,L-CC,NO,0.0,False,,,
9,3,RSNA_13759,R-CC,NO,0.0,False,,,
9,3,RSNA_13759,L-MLO,NO,0.0,False,,,
9,3,RSNA_13759,R-MLO,NO,0.0,False,,,
9,4,RSNA_13778,L-CC,NO,1526.0,True,YES,0.0,False
9,4,RSNA_13778,R-CC,NO,1398.0,True,YES,0.0,False
9,4,RSNA_13778,L-MLO,NO,1435.0,True,YES,0.0,False
9,4,RSNA_13778,R-MLO,NO,1290.0,True,YES,0.0,False
9,5,RSNA_13820,L-CC,NO,0.0,False,,,
9,5,RSNA_13820,R-CC,NO,0.0,False,,,
9,5,RSNA_13820,L-MLO,NO,0.0,False,,,
9,5,RSNA_13820,R-MLO,NO,0.0,False,,,
9,6,RSNA_13821,L-CC,NO,0.0,False,,,
9,6,RSNA_13821,R-CC,NO,0.0,False,,,
9,6,RSNA_13821,L-MLO,NO,0.0,False,,,
9,6,RSNA_13821,R-MLO,NO,0.0,False,,,
9,7,RSNA_13825,L-CC,NO,0.0,False,,,
9,7,RSNA_13825,R-CC,NO,0.0,False,,,
9,7,RSNA_13825,L-MLO,NO,0.0,False,,,
9,7,RSNA_13825,R-MLO,NO,0.0,False,,,
9,8,RSNA_13833,L-CC,NO,0.0,False,,,
9,8,RSNA_13833,R-CC,NO,0.0,False,,,
9,8,RSNA_13833,L-MLO,NO,0.0,False,,,
9,8,RSNA_13833,R-MLO,NO,0.0,False,,,
9,9,RSNA_13848,L-CC,NO,0.0,False,,,
9,9,RSNA_13848,R-CC,NO,0.0,False,,,
9,9,RSNA_13848,L-MLO,NO,0.0,False,,,
9,9,RSNA_13848,R-MLO,NO,0.0,False,,,
9,10,RSNA_1385,L-CC,NO,0.0,False,,,
9,10,RSNA_1385,R-CC,NO,0.0,False,,,
9,10,RSNA_1385,L-MLO,NO,0.0,False,,,
9,10,RSNA_1385,R-MLO,NO,0.0,False,,,
9,11,RSNA_13875,L-CC,NO,0.0,False,,,
9,11,RSNA_13875,R-CC,NO,0.0,False,,,
9,11,RSNA_13875,L-MLO,NO,0.0,False,,,
9,11,RSNA_13875,R-MLO,NO,0.0,False,,,
9,12,RSNA_13912,L-CC,NO,0.0,False,,,
9,12,RSNA_13912,R-CC,NO,0.0,False,,,
9,12,RSNA_13912,L-MLO,NO,0.0,False,,,
9,12,RSNA_13912,R-MLO,NO,0.0,False,,,
9,13,RSNA_13918,L-CC,NO,0.0,False,,,
9,13,RSNA_13918,R-CC,NO,0.0,False,,,
9,13,RSNA_13918,L-MLO,NO,0.0,False,,,
9,13,RSNA_13918,R-MLO,NO,0.0,False,,,
9,14,RSNA_13920,L-CC,NO,1977.0,True,YES,0.0,False
9,14,RSNA_13920,R-CC,NO,2004.0,True,YES,0.0,False
9,14,RSNA_13920,L-MLO,NO,1806.0,True,YES,0.0,False
9,14,RSNA_13920,R-MLO,NO,1726.0,True,YES,0.0,False
9,15,RSNA_13930,L-CC,NO,0.0,False,,,
9,15,RSNA_13930,R-CC,NO,0.0,False,,,
9,15,RSNA_13930,L-MLO,NO,0.0,False,,,
9,15,RSNA_13930,R-MLO,NO,0.0,False,,,
9,16,RSNA_13966,L-CC,NO,686.0,True,YES,0.0,False
9,16,RSNA_13966,R-CC,NO,1041.0,True,YES,0.0,False
9,16,RSNA_13966,L-MLO,NO,659.0,True,YES,0.0,False
9,16,RSNA_13966,R-MLO,NO,984.0,True,YES,0.0,False
9,17,RSNA_13975,L-CC,NO,0.0,False,,,
9,17,RSNA_13975,R-CC,NO,0.0,False,,,
9,17,RSNA_13975,L-MLO,NO,0.0,False,,,
9,17,RSNA_13975,R-MLO,NO,0.0,False,,,
9,18,RSNA_14002,L-CC,NO,0.0,False,,,
9,18,RSNA_14002,R-CC,NO,0.0,False,,,
9,18,RSNA_14002,L-MLO,NO,0.0,False,,,
9,18,RSNA_14002,R-MLO,NO,0.0,False,,,
9,19,RSNA_14021,L-CC,NO,0.0,False,,,
9,19,RSNA_14021,R-CC,NO,0.0,False,,,
9,19,RSNA_14021,L-MLO,NO,0.0,False,,,
9,19,RSNA_14021,R-MLO,NO,0.0,False,,,
9,20,RSNA_14045,L-CC,NO,1828.0,True,YES,0.0,False
9,20,RSNA_14045,R-CC,NO,2320.0,True,YES,0.0,False
9,20,RSNA_14045,L-MLO,NO,1801.0,True,YES,0.0,False
9,20,RSNA_14045,R-MLO,NO,2254.0,True,YES,0.0,False
9,21,RSNA_14048,L-CC,NO,1122.0,True,YES,0.0,False
9,21,RSNA_14048,R-CC,NO,1168.0,True,YES,0.0,False
9,21,RSNA_14048,L-MLO,NO,1022.0,True,YES,0.0,False
9,21,RSNA_14048,R-MLO,NO,994.0,True,YES,0.0,False
9,22,RSNA_14053,L-CC,NO,0.0,False,,,
9,22,RSNA_14053,R-CC,NO,0.0,False,,,
9,22,RSNA_14053,L-MLO,NO,0.0,False,,,
9,22,RSNA_14053,R-MLO,NO,0.0,False,,,
9,23,RSNA_14130,L-CC,NO,0.0,False,,,
9,23,RSNA_14130,R-CC,NO,0.0,False,,,
9,23,RSNA_14130,L-MLO,NO,0.0,False,,,
9,23,RSNA_14130,R-MLO,NO,0.0,False,,,
9,24,RSNA_14144,L-CC,NO,0.0,False,,,
9,24,RSNA_14144,R-CC,NO,0.0,False,,,
9,24,RSNA_14144,L-MLO,NO,0.0,False,,,
9,24,RSNA_14144,R-MLO,NO,0.0,False,,,
10,0,RSNA_14166,L-CC,NO,0.0,False,,,
10,0,RSNA_14166,R-CC,NO,0.0,False,,,
10,0,RSNA_14166,L-MLO,NO,0.0,False,,,
10,0,RSNA_14166,R-MLO,NO,0.0,False,,,
10,1,RSNA_14197,L-CC,NO,0.0,False,,,
10,1,RSNA_14197,R-CC,NO,0.0,False,,,
10,1,RSNA_14197,L-MLO,NO,0.0,False,,,
10,1,RSNA_14197,R-MLO,NO,0.0,False,,,
10,2,RSNA_14199,L-CC,NO,0.0,False,,,
10,2,RSNA_14199,R-CC,NO,0.0,False,,,
10,2,RSNA_14199,L-MLO,NO,0.0,False,,,
10,2,RSNA_14199,R-MLO,NO,0.0,False,,,
10,3,RSNA_14214,L-CC,NO,0.0,False,,,
10,3,RSNA_14214,R-CC,NO,0.0,False,,,
10,3,RSNA_14214,L-MLO,NO,0.0,False,,,
10,3,RSNA_14214,R-MLO,NO,0.0,False,,,
10,4,RSNA_14216,L-CC,NO,0.0,False,,,
10,4,RSNA_14216,R-CC,NO,0.0,False,,,
10,4,RSNA_14216,L-MLO,NO,0.0,False,,,
10,4,RSNA_14216,R-MLO,NO,0.0,False,,,
10,5,RSNA_14227,L-CC,NO,0.0,False,,,
10,5,RSNA_14227,R-CC,NO,0.0,False,,,
10,5,RSNA_14227,L-MLO,NO,0.0,False,,,
10,5,RSNA_14227,R-MLO,NO,0.0,False,,,
10,6,RSNA_14229,L-CC,NO,0.0,False,,,
10,6,RSNA_14229,R-CC,NO,0.0,False,,,
10,6,RSNA_14229,L-MLO,NO,0.0,False,,,
10,6,RSNA_14229,R-MLO,NO,0.0,False,,,
10,7,RSNA_14232,L-CC,NO,0.0,False,,,
10,7,RSNA_14232,R-CC,NO,0.0,False,,,
10,7,RSNA_14232,L-MLO,NO,0.0,False,,,
10,7,RSNA_14232,R-MLO,NO,0.0,False,,,
10,8,RSNA_1425,L-CC,NO,0.0,False,,,
10,8,RSNA_1425,R-CC,NO,0.0,False,,,
10,8,RSNA_1425,L-MLO,NO,0.0,False,,,
10,8,RSNA_1425,R-MLO,NO,0.0,False,,,
10,9,RSNA_14250,L-CC,NO,0.0,False,,,
10,9,RSNA_14250,R-CC,NO,0.0,False,,,
10,9,RSNA_14250,L-MLO,NO,0.0,False,,,
10,9,RSNA_14250,R-MLO,NO,0.0,False,,,
10,10,RSNA_14267,L-CC,NO,0.0,False,,,
10,10,RSNA_14267,R-CC,NO,0.0,False,,,
10,10,RSNA_14267,L-MLO,NO,0.0,False,,,
10,10,RSNA_14267,R-MLO,NO,0.0,False,,,
10,11,RSNA_14287,L-CC,NO,0.0,False,,,
10,11,RSNA_14287,R-CC,NO,0.0,False,,,
10,11,RSNA_14287,L-MLO,NO,0.0,False,,,
10,11,RSNA_14287,R-MLO,NO,0.0,False,,,
10,12,RSNA_14292,L-CC,NO,0.0,False,,,
10,12,RSNA_14292,R-CC,NO,0.0,False,,,
10,12,RSNA_14292,L-MLO,NO,0.0,False,,,
10,12,RSNA_14292,R-MLO,NO,0.0,False,,,
10,13,RSNA_14296,L-CC,NO,0.0,False,,,
10,13,RSNA_14296,R-CC,NO,0.0,False,,,
10,13,RSNA_14296,L-MLO,NO,0.0,False,,,
10,13,RSNA_14296,R-MLO,NO,0.0,False,,,
10,14,RSNA_14298,L-CC,NO,0.0,False,,,
10,14,RSNA_14298,R-CC,NO,0.0,False,,,
10,14,RSNA_14298,L-MLO,NO,0.0,False,,,
10,14,RSNA_14298,R-MLO,NO,0.0,False,,,
10,15,RSNA_14301,L-CC,NO,0.0,False,,,
10,15,RSNA_14301,R-CC,NO,0.0,False,,,
10,15,RSNA_14301,L-MLO,NO,0.0,False,,,
10,15,RSNA_14301,R-MLO,NO,0.0,False,,,
10,16,RSNA_14321,L-CC,NO,0.0,False,,,
10,16,RSNA_14321,R-CC,NO,0.0,False,,,
10,16,RSNA_14321,L-MLO,NO,0.0,False,,,
10,16,RSNA_14321,R-MLO,NO,0.0,False,,,
10,17,RSNA_14341,L-CC,NO,1326.0,True,YES,0.0,False
10,17,RSNA_14341,R-CC,NO,1212.0,True,YES,0.0,False
10,17,RSNA_14341,L-MLO,NO,1282.0,True,YES,0.0,False
10,17,RSNA_14341,R-MLO,NO,1214.0,True,YES,0.0,False
10,18,RSNA_14343,L-CC,NO,0.0,False,,,
10,18,RSNA_14343,R-CC,NO,0.0,False,,,
10,18,RSNA_14343,L-MLO,NO,0.0,False,,,
10,18,RSNA_14343,R-MLO,NO,0.0,False,,,
10,19,RSNA_14344,L-CC,NO,0.0,False,,,
10,19,RSNA_14344,R-CC,NO,0.0,False,,,
10,19,RSNA_14344,L-MLO,NO,0.0,False,,,
10,19,RSNA_14344,R-MLO,NO,0.0,False,,,
10,20,RSNA_14354,L-CC,NO,0.0,False,,,
10,20,RSNA_14354,R-CC,NO,0.0,False,,,
10,20,RSNA_14354,L-MLO,NO,0.0,False,,,
10,20,RSNA_14354,R-MLO,NO,0.0,False,,,
10,21,RSNA_14374,L-CC,NO,1860.0,True,YES,0.0,False
10,21,RSNA_14374,R-CC,NO,1877.0,True,YES,0.0,False
10,21,RSNA_14374,L-MLO,NO,1673.0,True,YES,0.0,False
10,21,RSNA_14374,R-MLO,NO,1608.0,True,YES,0.0,False
10,22,RSNA_14382,L-CC,NO,1701.0,True,YES,0.0,False
10,22,RSNA_14382,R-CC,NO,1773.0,True,YES,0.0,False
10,22,RSNA_14382,L-MLO,NO,1678.0,True,YES,0.0,False
10,22,RSNA_14382,R-MLO,NO,1745.0,True,YES,0.0,False
10,23,RSNA_14409,L-CC,NO,0.0,False,,,
10,23,RSNA_14409,R-CC,NO,0.0,False,,,
10,23,RSNA_14409,L-MLO,NO,0.0,False,,,
10,23,RSNA_14409,R-MLO,NO,0.0,False,,,
10,24,RSNA_1445,L-CC,NO,0.0,False,,,
10,24,RSNA_1445,R-CC,NO,0.0,False,,,
10,24,RSNA_1445,L-MLO,NO,0.0,False,,,
10,24,RSNA_1445,R-MLO,NO,0.0,False,,,
11,0,RSNA_1448,L-CC,NO,0.0,False,,,
11,0,RSNA_1448,R-CC,NO,0.0,False,,,
11,0,RSNA_1448,L-MLO,NO,0.0,False,,,
11,0,RSNA_1448,R-MLO,NO,0.0,False,,,
11,1,RSNA_14487,L-CC,NO,0.0,False,,,
11,1,RSNA_14487,R-CC,NO,0.0,False,,,
11,1,RSNA_14487,L-MLO,NO,0.0,False,,,
11,1,RSNA_14487,R-MLO,NO,0.0,False,,,
11,2,RSNA_14500,L-CC,NO,0.0,False,,,
11,2,RSNA_14500,R-CC,NO,0.0,False,,,
11,2,RSNA_14500,L-MLO,NO,0.0,False,,,
11,2,RSNA_14500,R-MLO,NO,0.0,False,,,
11,3,RSNA_14519,L-CC,NO,0.0,False,,,
11,3,RSNA_14519,R-CC,NO,0.0,False,,,
11,3,RSNA_14519,L-MLO,NO,0.0,False,,,
11,3,RSNA_14519,R-MLO,NO,0.0,False,,,
11,4,RSNA_14527,L-CC,NO,0.0,False,,,
11,4,RSNA_14527,R-CC,NO,0.0,False,,,
11,4,RSNA_14527,L-MLO,NO,0.0,False,,,
11,4,RSNA_14527,R-MLO,NO,0.0,False,,,
11,5,RSNA_14532,L-CC,NO,0.0,False,,,
11,5,RSNA_14532,R-CC,NO,0.0,False,,,
11,5,RSNA_14532,L-MLO,NO,0.0,False,,,
11,5,RSNA_14532,R-MLO,NO,0.0,False,,,
11,6,RSNA_14535,L-CC,NO,0.0,False,,,
11,6,RSNA_14535,R-CC,NO,0.0,False,,,
11,6,RSNA_14535,L-MLO,NO,0.0,False,,,
11,6,RSNA_14535,R-MLO,NO,0.0,False,,,
11,7,RSNA_14552,L-CC,NO,0.0,False,,,
11,7,RSNA_14552,R-CC,NO,0.0,False,,,
11,7,RSNA_14552,L-MLO,NO,0.0,False,,,
11,7,RSNA_14552,R-MLO,NO,0.0,False,,,
11,8,RSNA_14568,L-CC,NO,0.0,False,,,
11,8,RSNA_14568,R-CC,NO,0.0,False,,,
11,8,RSNA_14568,L-MLO,NO,0.0,False,,,
11,8,RSNA_14568,R-MLO,NO,0.0,False,,,
11,9,RSNA_14580,L-CC,NO,0.0,False,,,
11,9,RSNA_14580,R-CC,NO,0.0,False,,,
11,9,RSNA_14580,L-MLO,NO,0.0,False,,,
11,9,RSNA_14580,R-MLO,NO,0.0,False,,,
11,10,RSNA_14584,L-CC,NO,0.0,False,,,
11,10,RSNA_14584,R-CC,NO,0.0,False,,,
11,10,RSNA_14584,L-MLO,NO,0.0,False,,,
11,10,RSNA_14584,R-MLO,NO,0.0,False,,,
11,11,RSNA_14606,L-CC,NO,0.0,False,,,
11,11,RSNA_14606,R-CC,NO,0.0,False,,,
11,11,RSNA_14606,L-MLO,NO,0.0,False,,,
11,11,RSNA_14606,R-MLO,NO,0.0,False,,,
11,12,RSNA_14627,L-CC,NO,0.0,False,,,
11,12,RSNA_14627,R-CC,NO,0.0,False,,,
11,12,RSNA_14627,L-MLO,NO,0.0,False,,,
11,12,RSNA_14627,R-MLO,NO,0.0,False,,,
11,13,RSNA_14664,L-CC,NO,1549.0,True,YES,0.0,False
11,13,RSNA_14664,R-CC,NO,1394.0,True,YES,0.0,False
11,13,RSNA_14664,L-MLO,NO,1361.0,True,YES,0.0,False
11,13,RSNA_14664,R-MLO,NO,1135.0,True,YES,0.0,False
11,14,RSNA_14747,L-CC,NO,0.0,False,,,
11,14,RSNA_14747,R-CC,NO,0.0,False,,,
11,14,RSNA_14747,L-MLO,NO,0.0,False,,,
11,14,RSNA_14747,R-MLO,NO,0.0,False,,,
11,15,RSNA_14754,L-CC,NO,0.0,False,,,
11,15,RSNA_14754,R-CC,NO,0.0,False,,,
11,15,RSNA_14754,L-MLO,NO,0.0,False,,,
11,15,RSNA_14754,R-MLO,NO,0.0,False,,,
11,16,RSNA_1479,L-CC,NO,0.0,False,,,
11,16,RSNA_1479,R-CC,NO,0.0,False,,,
11,16,RSNA_1479,L-MLO,NO,0.0,False,,,
11,16,RSNA_1479,R-MLO,NO,0.0,False,,,
11,17,RSNA_14794,L-CC,NO,0.0,False,,,
11,17,RSNA_14794,R-CC,NO,0.0,False,,,
11,17,RSNA_14794,L-MLO,NO,0.0,False,,,
11,17,RSNA_14794,R-MLO,NO,0.0,False,,,
11,18,RSNA_14835,L-CC,NO,202.0,True,,,
11,18,RSNA_14835,R-CC,NO,80.0,True,,,
11,18,RSNA_14835,L-MLO,NO,0.0,False,,,
11,18,RSNA_14835,R-MLO,NO,0.0,False,,,
11,19,RSNA_14882,L-CC,NO,0.0,False,,,
11,19,RSNA_14882,R-CC,NO,0.0,False,,,
11,19,RSNA_14882,L-MLO,NO,0.0,False,,,
11,19,RSNA_14882,R-MLO,NO,0.0,False,,,
11,20,RSNA_14894,L-CC,NO,0.0,False,,,
11,20,RSNA_14894,R-CC,NO,0.0,False,,,
11,20,RSNA_14894,L-MLO,NO,0.0,False,,,
11,20,RSNA_14894,R-MLO,NO,0.0,False,,,
11,21,RSNA_14896,L-CC,NO,0.0,False,,,
11,21,RSNA_14896,R-CC,NO,0.0,False,,,
11,21,RSNA_14896,L-MLO,NO,0.0,False,,,
11,21,RSNA_14896,R-MLO,NO,0.0,False,,,
11,22,RSNA_14941,L-CC,NO,0.0,False,,,
11,22,RSNA_14941,R-CC,NO,0.0,False,,,
11,22,RSNA_14941,L-MLO,NO,0.0,False,,,
11,22,RSNA_14941,R-MLO,NO,0.0,False,,,
11,23,RSNA_14945,L-CC,NO,0.0,False,,,
11,23,RSNA_14945,R-CC,NO,0.0,False,,,
11,23,RSNA_14945,L-MLO,NO,0.0,False,,,
11,23,RSNA_14945,R-MLO,NO,0.0,False,,,
11,24,RSNA_14951,L-CC,NO,0.0,False,,,
11,24,RSNA_14951,R-CC,NO,0.0,False,,,
11,24,RSNA_14951,L-MLO,NO,0.0,False,,,
11,24,RSNA_14951,R-MLO,NO,0.0,False,,,
12,0,RSNA_14954,L-CC,NO,0.0,False,,,
12,0,RSNA_14954,R-CC,NO,0.0,False,,,
12,0,RSNA_14954,L-MLO,NO,0.0,False,,,
12,0,RSNA_14954,R-MLO,NO,0.0,False,,,
12,1,RSNA_14956,L-CC,NO,0.0,False,,,
12,1,RSNA_14956,R-CC,NO,0.0,False,,,
12,1,RSNA_14956,L-MLO,NO,0.0,False,,,
12,1,RSNA_14956,R-MLO,NO,0.0,False,,,
12,2,RSNA_14962,L-CC,NO,0.0,False,,,
12,2,RSNA_14962,R-CC,NO,0.0,False,,,
12,2,RSNA_14962,L-MLO,NO,0.0,False,,,
12,2,RSNA_14962,R-MLO,NO,0.0,False,,,
12,3,RSNA_14963,L-CC,NO,0.0,False,,,
12,3,RSNA_14963,R-CC,NO,0.0,False,,,
12,3,RSNA_14963,L-MLO,NO,0.0,False,,,
12,3,RSNA_14963,R-MLO,NO,0.0,False,,,
12,4,RSNA_14971,L-CC,NO,0.0,False,,,
12,4,RSNA_14971,R-CC,NO,0.0,False,,,
12,4,RSNA_14971,L-MLO,NO,0.0,False,,,
12,4,RSNA_14971,R-MLO,NO,0.0,False,,,
12,5,RSNA_14984,L-CC,NO,0.0,False,,,
12,5,RSNA_14984,R-CC,NO,0.0,False,,,
12,5,RSNA_14984,L-MLO,NO,0.0,False,,,
12,5,RSNA_14984,R-MLO,NO,0.0,False,,,
12,6,RSNA_15009,L-CC,NO,0.0,False,,,
12,6,RSNA_15009,R-CC,NO,0.0,False,,,
12,6,RSNA_15009,L-MLO,NO,0.0,False,,,
12,6,RSNA_15009,R-MLO,NO,0.0,False,,,
12,7,RSNA_1504,L-CC,NO,0.0,False,,,
12,7,RSNA_1504,R-CC,NO,0.0,False,,,
12,7,RSNA_1504,L-MLO,NO,0.0,False,,,
12,7,RSNA_1504,R-MLO,NO,0.0,False,,,
12,8,RSNA_15048,L-CC,NO,0.0,False,,,
12,8,RSNA_15048,R-CC,NO,0.0,False,,,
12,8,RSNA_15048,L-MLO,NO,0.0,False,,,
12,8,RSNA_15048,R-MLO,NO,0.0,False,,,
12,9,RSNA_15059,L-CC,NO,0.0,False,,,
12,9,RSNA_15059,R-CC,NO,0.0,False,,,
12,9,RSNA_15059,L-MLO,NO,0.0,False,,,
12,9,RSNA_15059,R-MLO,NO,0.0,False,,,
12,10,RSNA_15073,L-CC,NO,0.0,False,,,
12,10,RSNA_15073,R-CC,NO,0.0,False,,,
12,10,RSNA_15073,L-MLO,NO,0.0,False,,,
12,10,RSNA_15073,R-MLO,NO,0.0,False,,,
12,11,RSNA_15090,L-CC,NO,0.0,False,,,
12,11,RSNA_15090,R-CC,NO,0.0,False,,,
12,11,RSNA_15090,L-MLO,NO,0.0,False,,,
12,11,RSNA_15090,R-MLO,NO,0.0,False,,,
12,12,RSNA_15101,L-CC,NO,0.0,False,,,
12,12,RSNA_15101,R-CC,NO,0.0,False,,,
12,12,RSNA_15101,L-MLO,NO,0.0,False,,,
12,12,RSNA_15101,R-MLO,NO,0.0,False,,,
12,13,RSNA_15117,L-CC,NO,1583.0,True,YES,0.0,False
12,13,RSNA_15117,R-CC,NO,1616.0,True,YES,0.0,False
12,13,RSNA_15117,L-MLO,NO,1524.0,True,YES,0.0,False
12,13,RSNA_15117,R-MLO,NO,1604.0,True,YES,0.0,False
12,14,RSNA_15118,L-CC,NO,0.0,False,,,
12,14,RSNA_15118,R-CC,NO,0.0,False,,,
12,14,RSNA_15118,L-MLO,NO,0.0,False,,,
12,14,RSNA_15118,R-MLO,NO,0.0,False,,,
12,15,RSNA_1513,L-CC,NO,0.0,False,,,
12,15,RSNA_1513,R-CC,NO,0.0,False,,,
12,15,RSNA_1513,L-MLO,NO,0.0,False,,,
12,15,RSNA_1513,R-MLO,NO,0.0,False,,,
12,16,RSNA_15148,L-CC,NO,0.0,False,,,
12,16,RSNA_15148,R-CC,NO,0.0,False,,,
12,16,RSNA_15148,L-MLO,NO,0.0,False,,,
12,16,RSNA_15148,R-MLO,NO,0.0,False,,,
12,17,RSNA_15154,L-CC,NO,0.0,False,,,
12,17,RSNA_15154,R-CC,NO,0.0,False,,,
12,17,RSNA_15154,L-MLO,NO,0.0,False,,,
12,17,RSNA_15154,R-MLO,NO,0.0,False,,,
12,18,RSNA_15156,L-CC,NO,0.0,False,,,
12,18,RSNA_15156,R-CC,NO,0.0,False,,,
12,18,RSNA_15156,L-MLO,NO,0.0,False,,,
12,18,RSNA_15156,R-MLO,NO,0.0,False,,,
12,19,RSNA_15173,L-CC,NO,0.0,False,,,
12,19,RSNA_15173,R-CC,NO,0.0,False,,,
12,19,RSNA_15173,L-MLO,NO,0.0,False,,,
12,19,RSNA_15173,R-MLO,NO,0.0,False,,,
12,20,RSNA_15183,L-CC,NO,0.0,False,,,
12,20,RSNA_15183,R-CC,NO,0.0,False,,,
12,20,RSNA_15183,L-MLO,NO,0.0,False,,,
12,20,RSNA_15183,R-MLO,NO,0.0,False,,,
12,21,RSNA_1519,L-CC,NO,1104.0,True,YES,0.0,False
12,21,RSNA_1519,R-CC,NO,1113.0,True,YES,0.0,False
12,21,RSNA_1519,L-MLO,NO,1073.0,True,YES,0.0,False
12,21,RSNA_1519,R-MLO,NO,1133.0,True,YES,0.0,False
12,22,RSNA_15191,L-CC,NO,0.0,False,,,
12,22,RSNA_15191,R-CC,NO,0.0,False,,,
12,22,RSNA_15191,L-MLO,NO,0.0,False,,,
12,22,RSNA_15191,R-MLO,NO,0.0,False,,,
12,23,RSNA_152,L-CC,NO,0.0,False,,,
12,23,RSNA_152,R-CC,NO,0.0,False,,,
12,23,RSNA_152,L-MLO,NO,0.0,False,,,
12,23,RSNA_152,R-MLO,NO,0.0,False,,,
12,24,RSNA_15227,L-CC,NO,0.0,False,,,
12,24,RSNA_15227,R-CC,NO,0.0,False,,,
12,24,RSNA_15227,L-MLO,NO,0.0,False,,,
12,24,RSNA_15227,R-MLO,NO,0.0,False,,,
13,0,RSNA_1526,L-CC,NO,0.0,False,,,
13,0,RSNA_1526,R-CC,NO,0.0,False,,,
13,0,RSNA_1526,L-MLO,NO,0.0,False,,,
13,0,RSNA_1526,R-MLO,NO,0.0,False,,,
13,1,RSNA_15268,L-CC,NO,0.0,False,,,
13,1,RSNA_15268,R-CC,NO,0.0,False,,,
13,1,RSNA_15268,L-MLO,NO,0.0,False,,,
13,1,RSNA_15268,R-MLO,NO,0.0,False,,,
13,2,RSNA_15276,L-CC,NO,0.0,False,,,
13,2,RSNA_15276,R-CC,NO,0.0,False,,,
13,2,RSNA_15276,L-MLO,NO,0.0,False,,,
13,2,RSNA_15276,R-MLO,NO,0.0,False,,,
13,3,RSNA_15285,L-CC,NO,0.0,False,,,
13,3,RSNA_15285,R-CC,NO,0.0,False,,,
13,3,RSNA_15285,L-MLO,NO,0.0,False,,,
13,3,RSNA_15285,R-MLO,NO,0.0,False,,,
13,4,RSNA_15384,L-CC,NO,0.0,False,,,
13,4,RSNA_15384,R-CC,NO,0.0,False,,,
13,4,RSNA_15384,L-MLO,NO,0.0,False,,,
13,4,RSNA_15384,R-MLO,NO,0.0,False,,,
13,5,RSNA_15448,L-CC,NO,0.0,False,,,
13,5,RSNA_15448,R-CC,NO,0.0,False,,,
13,5,RSNA_15448,L-MLO,NO,0.0,False,,,
13,5,RSNA_15448,R-MLO,NO,0.0,False,,,
13,6,RSNA_15454,L-CC,NO,0.0,False,,,
13,6,RSNA_15454,R-CC,NO,0.0,False,,,
13,6,RSNA_15454,L-MLO,NO,0.0,False,,,
13,6,RSNA_15454,R-MLO,NO,0.0,False,,,
13,7,RSNA_15460,L-CC,NO,0.0,False,,,
13,7,RSNA_15460,R-CC,NO,0.0,False,,,
13,7,RSNA_15460,L-MLO,NO,0.0,False,,,
13,7,RSNA_15460,R-MLO,NO,0.0,False,,,
13,8,RSNA_15486,L-CC,NO,0.0,False,,,
13,8,RSNA_15486,R-CC,NO,0.0,False,,,
13,8,RSNA_15486,L-MLO,NO,0.0,False,,,
13,8,RSNA_15486,R-MLO,NO,0.0,False,,,
13,9,RSNA_15488,L-CC,NO,0.0,False,,,
13,9,RSNA_15488,R-CC,NO,0.0,False,,,
13,9,RSNA_15488,L-MLO,NO,0.0,False,,,
13,9,RSNA_15488,R-MLO,NO,0.0,False,,,
13,10,RSNA_15502,L-CC,NO,0.0,False,,,
13,10,RSNA_15502,R-CC,NO,0.0,False,,,
13,10,RSNA_15502,L-MLO,NO,0.0,False,,,
13,10,RSNA_15502,R-MLO,NO,0.0,False,,,
13,11,RSNA_15506,L-CC,NO,0.0,False,,,
13,11,RSNA_15506,R-CC,NO,0.0,False,,,
13,11,RSNA_15506,L-MLO,NO,0.0,False,,,
13,11,RSNA_15506,R-MLO,NO,0.0,False,,,
13,12,RSNA_15511,L-CC,NO,0.0,False,,,
13,12,RSNA_15511,R-CC,NO,0.0,False,,,
13,12,RSNA_15511,L-MLO,NO,0.0,False,,,
13,12,RSNA_15511,R-MLO,NO,0.0,False,,,
13,13,RSNA_15537,L-CC,NO,0.0,False,,,
13,13,RSNA_15537,R-CC,NO,0.0,False,,,
13,13,RSNA_15537,L-MLO,NO,0.0,False,,,
13,13,RSNA_15537,R-MLO,NO,0.0,False,,,
13,14,RSNA_15552,L-CC,NO,0.0,False,,,
13,14,RSNA_15552,R-CC,NO,0.0,False,,,
13,14,RSNA_15552,L-MLO,NO,0.0,False,,,
13,14,RSNA_15552,R-MLO,NO,0.0,False,,,
13,15,RSNA_15591,L-CC,NO,0.0,False,,,
13,15,RSNA_15591,R-CC,NO,0.0,False,,,
13,15,RSNA_15591,L-MLO,NO,0.0,False,,,
13,15,RSNA_15591,R-MLO,NO,0.0,False,,,
13,16,RSNA_15647,L-CC,NO,0.0,False,,,
13,16,RSNA_15647,R-CC,NO,0.0,False,,,
13,16,RSNA_15647,L-MLO,NO,0.0,False,,,
13,16,RSNA_15647,R-MLO,NO,0.0,False,,,
13,17,RSNA_15656,L-CC,NO,0.0,False,,,
13,17,RSNA_15656,R-CC,NO,0.0,False,,,
13,17,RSNA_15656,L-MLO,NO,0.0,False,,,
13,17,RSNA_15656,R-MLO,NO,0.0,False,,,
13,18,RSNA_15705,L-CC,NO,0.0,False,,,
13,18,RSNA_15705,R-CC,NO,0.0,False,,,
13,18,RSNA_15705,L-MLO,NO,0.0,False,,,
13,18,RSNA_15705,R-MLO,NO,0.0,False,,,
13,19,RSNA_15742,L-CC,NO,0.0,False,,,
13,19,RSNA_15742,R-CC,NO,0.0,False,,,
13,19,RSNA_15742,L-MLO,NO,0.0,False,,,
13,19,RSNA_15742,R-MLO,NO,0.0,False,,,
13,20,RSNA_15793,L-CC,NO,1746.0,True,YES,0.0,False
13,20,RSNA_15793,R-CC,NO,1894.0,True,YES,0.0,False
13,20,RSNA_15793,L-MLO,NO,1625.0,True,YES,0.0,False
13,20,RSNA_15793,R-MLO,NO,1461.0,True,YES,0.0,False
13,21,RSNA_15835,L-CC,NO,0.0,False,,,
13,21,RSNA_15835,R-CC,NO,0.0,False,,,
13,21,RSNA_15835,L-MLO,NO,0.0,False,,,
13,21,RSNA_15835,R-MLO,NO,0.0,False,,,
13,22,RSNA_15859,L-CC,NO,0.0,False,,,
13,22,RSNA_15859,R-CC,NO,0.0,False,,,
13,22,RSNA_15859,L-MLO,NO,0.0,False,,,
13,22,RSNA_15859,R-MLO,NO,0.0,False,,,
13,23,RSNA_15871,L-CC,NO,0.0,False,,,
13,23,RSNA_15871,R-CC,NO,0.0,False,,,
13,23,RSNA_15871,L-MLO,NO,0.0,False,,,
13,23,RSNA_15871,R-MLO,NO,0.0,False,,,
13,24,RSNA_1588,L-CC,NO,1825.0,True,YES,0.0,False
13,24,RSNA_1588,R-CC,NO,1999.0,True,YES,0.0,False
13,24,RSNA_1588,L-MLO,NO,1691.0,True,YES,0.0,False
13,24,RSNA_1588,R-MLO,NO,1913.0,True,YES,0.0,False
14,0,RSNA_15891,L-CC,NO,0.0,False,,,
14,0,RSNA_15891,R-CC,NO,0.0,False,,,
14,0,RSNA_15891,L-MLO,NO,0.0,False,,,
14,0,RSNA_15891,R-MLO,NO,0.0,False,,,
14,1,RSNA_15896,L-CC,NO,0.0,False,,,
14,1,RSNA_15896,R-CC,NO,0.0,False,,,
14,1,RSNA_15896,L-MLO,NO,0.0,False,,,
14,1,RSNA_15896,R-MLO,NO,0.0,False,,,
14,2,RSNA_15911,L-CC,NO,1318.0,True,YES,0.0,False
14,2,RSNA_15911,R-CC,NO,1366.0,True,YES,0.0,False
14,2,RSNA_15911,L-MLO,NO,1059.0,True,YES,0.0,False
14,2,RSNA_15911,R-MLO,NO,1243.0,True,YES,0.0,False
14,3,RSNA_15918,L-CC,NO,0.0,False,,,
14,3,RSNA_15918,R-CC,NO,0.0,False,,,
14,3,RSNA_15918,L-MLO,NO,0.0,False,,,
14,3,RSNA_15918,R-MLO,NO,0.0,False,,,
14,4,RSNA_15924,L-CC,NO,0.0,False,,,
14,4,RSNA_15924,R-CC,NO,0.0,False,,,
14,4,RSNA_15924,L-MLO,NO,0.0,False,,,
14,4,RSNA_15924,R-MLO,NO,0.0,False,,,
14,5,RSNA_15945,L-CC,NO,0.0,False,,,
14,5,RSNA_15945,R-CC,NO,0.0,False,,,
14,5,RSNA_15945,L-MLO,NO,0.0,False,,,
14,5,RSNA_15945,R-MLO,NO,0.0,False,,,
14,6,RSNA_15949,L-CC,NO,0.0,False,,,
14,6,RSNA_15949,R-CC,NO,0.0,False,,,
14,6,RSNA_15949,L-MLO,NO,0.0,False,,,
14,6,RSNA_15949,R-MLO,NO,0.0,False,,,
14,7,RSNA_15958,L-CC,NO,0.0,False,,,
14,7,RSNA_15958,R-CC,NO,0.0,False,,,
14,7,RSNA_15958,L-MLO,NO,0.0,False,,,
14,7,RSNA_15958,R-MLO,NO,0.0,False,,,
14,8,RSNA_16003,L-CC,NO,1837.0,True,YES,0.0,False
14,8,RSNA_16003,R-CC,NO,1776.0,True,YES,0.0,False
14,8,RSNA_16003,L-MLO,NO,1744.0,True,YES,0.0,False
14,8,RSNA_16003,R-MLO,NO,1675.0,True,YES,0.0,False
14,9,RSNA_16065,L-CC,NO,0.0,False,,,
14,9,RSNA_16065,R-CC,NO,0.0,False,,,
14,9,RSNA_16065,L-MLO,NO,0.0,False,,,
14,9,RSNA_16065,R-MLO,NO,0.0,False,,,
14,10,RSNA_16075,L-CC,NO,0.0,False,,,
14,10,RSNA_16075,R-CC,NO,0.0,False,,,
14,10,RSNA_16075,L-MLO,NO,0.0,False,,,
14,10,RSNA_16075,R-MLO,NO,0.0,False,,,
14,11,RSNA_16128,L-CC,NO,1680.0,True,YES,0.0,False
14,11,RSNA_16128,R-CC,NO,1687.0,True,YES,0.0,False
14,11,RSNA_16128,L-MLO,NO,1617.0,True,YES,0.0,False
14,11,RSNA_16128,R-MLO,NO,1526.0,True,YES,0.0,False
14,12,RSNA_16145,L-CC,NO,1703.0,True,YES,0.0,False
14,12,RSNA_16145,R-CC,NO,1983.0,True,YES,0.0,False
14,12,RSNA_16145,L-MLO,NO,1497.0,True,YES,0.0,False
14,12,RSNA_16145,R-MLO,NO,1745.0,True,YES,0.0,False
14,13,RSNA_16148,L-CC,NO,0.0,False,,,
14,13,RSNA_16148,R-CC,NO,0.0,False,,,
14,13,RSNA_16148,L-MLO,NO,0.0,False,,,
14,13,RSNA_16148,R-MLO,NO,0.0,False,,,
14,14,RSNA_16170,L-CC,NO,0.0,False,,,
14,14,RSNA_16170,R-CC,NO,0.0,False,,,
14,14,RSNA_16170,L-MLO,NO,0.0,False,,,
14,14,RSNA_16170,R-MLO,NO,0.0,False,,,
14,15,RSNA_16186,L-CC,NO,0.0,False,,,
14,15,RSNA_16186,R-CC,NO,0.0,False,,,
14,15,RSNA_16186,L-MLO,NO,0.0,False,,,
14,15,RSNA_16186,R-MLO,NO,0.0,False,,,
14,16,RSNA_16192,L-CC,NO,0.0,False,,,
14,16,RSNA_16192,R-CC,NO,0.0,False,,,
14,16,RSNA_16192,L-MLO,NO,0.0,False,,,
14,16,RSNA_16192,R-MLO,NO,0.0,False,,,
14,17,RSNA_16197,L-CC,NO,0.0,False,,,
14,17,RSNA_16197,R-CC,NO,0.0,False,,,
14,17,RSNA_16197,L-MLO,NO,0.0,False,,,
14,17,RSNA_16197,R-MLO,NO,0.0,False,,,
14,18,RSNA_16200,L-CC,NO,0.0,False,,,
14,18,RSNA_16200,R-CC,NO,0.0,False,,,
14,18,RSNA_16200,L-MLO,NO,0.0,False,,,
14,18,RSNA_16200,R-MLO,NO,0.0,False,,,
14,19,RSNA_16216,L-CC,NO,0.0,False,,,
14,19,RSNA_16216,R-CC,NO,0.0,False,,,
14,19,RSNA_16216,L-MLO,NO,0.0,False,,,
14,19,RSNA_16216,R-MLO,NO,0.0,False,,,
14,20,RSNA_16316,L-CC,NO,0.0,False,,,
14,20,RSNA_16316,R-CC,NO,0.0,False,,,
14,20,RSNA_16316,L-MLO,NO,0.0,False,,,
14,20,RSNA_16316,R-MLO,NO,0.0,False,,,
14,21,RSNA_16320,L-CC,NO,0.0,False,,,
14,21,RSNA_16320,R-CC,NO,0.0,False,,,
14,21,RSNA_16320,L-MLO,NO,0.0,False,,,
14,21,RSNA_16320,R-MLO,NO,0.0,False,,,
14,22,RSNA_16361,L-CC,NO,1565.0,True,YES,0.0,False
14,22,RSNA_16361,R-CC,NO,1296.0,True,YES,0.0,False
14,22,RSNA_16361,L-MLO,NO,1722.0,True,YES,0.0,False
14,22,RSNA_16361,R-MLO,NO,1688.0,True,YES,0.0,False
14,23,RSNA_16380,L-CC,NO,717.0,True,YES,0.0,False
14,23,RSNA_16380,R-CC,NO,575.0,True,YES,0.0,False
14,23,RSNA_16380,L-MLO,NO,597.0,True,YES,0.0,False
14,23,RSNA_16380,R-MLO,NO,512.0,True,YES,0.0,False
14,24,RSNA_16384,L-CC,NO,0.0,False,,,
14,24,RSNA_16384,R-CC,NO,0.0,False,,,
14,24,RSNA_16384,L-MLO,NO,0.0,False,,,
14,24,RSNA_16384,R-MLO,NO,0.0,False,,,
15,0,RSNA_16388,L-CC,NO,0.0,False,,,
15,0,RSNA_16388,R-CC,NO,0.0,False,,,
15,0,RSNA_16388,L-MLO,NO,0.0,False,,,
15,0,RSNA_16388,R-MLO,NO,0.0,False,,,
15,1,RSNA_16451,L-CC,NO,0.0,False,,,
15,1,RSNA_16451,R-CC,NO,0.0,False,,,
15,1,RSNA_16451,L-MLO,NO,0.0,False,,,
15,1,RSNA_16451,R-MLO,NO,0.0,False,,,
15,2,RSNA_16468,L-CC,NO,0.0,False,,,
15,2,RSNA_16468,R-CC,NO,0.0,False,,,
15,2,RSNA_16468,L-MLO,NO,0.0,False,,,
15,2,RSNA_16468,R-MLO,NO,0.0,False,,,
15,3,RSNA_16471,L-CC,NO,0.0,False,,,
15,3,RSNA_16471,R-CC,NO,0.0,False,,,
15,3,RSNA_16471,L-MLO,NO,0.0,False,,,
15,3,RSNA_16471,R-MLO,NO,0.0,False,,,
15,4,RSNA_16479,L-CC,NO,0.0,False,,,
15,4,RSNA_16479,R-CC,NO,0.0,False,,,
15,4,RSNA_16479,L-MLO,NO,0.0,False,,,
15,4,RSNA_16479,R-MLO,NO,0.0,False,,,
15,5,RSNA_16485,L-CC,NO,1055.0,True,YES,0.0,False
15,5,RSNA_16485,R-CC,NO,1220.0,True,YES,0.0,False
15,5,RSNA_16485,L-MLO,NO,875.0,True,YES,0.0,False
15,5,RSNA_16485,R-MLO,NO,931.0,True,YES,0.0,False
15,6,RSNA_16488,L-CC,NO,0.0,False,,,
15,6,RSNA_16488,R-CC,NO,0.0,False,,,
15,6,RSNA_16488,L-MLO,NO,0.0,False,,,
15,6,RSNA_16488,R-MLO,NO,0.0,False,,,
15,7,RSNA_16502,L-CC,NO,0.0,False,,,
15,7,RSNA_16502,R-CC,NO,0.0,False,,,
15,7,RSNA_16502,L-MLO,NO,0.0,False,,,
15,7,RSNA_16502,R-MLO,NO,0.0,False,,,
15,8,RSNA_16504,L-CC,NO,0.0,False,,,
15,8,RSNA_16504,R-CC,NO,0.0,False,,,
15,8,RSNA_16504,L-MLO,NO,0.0,False,,,
15,8,RSNA_16504,R-MLO,NO,0.0,False,,,
15,9,RSNA_16530,L-CC,NO,1626.0,True,YES,0.0,False
15,9,RSNA_16530,R-CC,NO,1631.0,True,YES,0.0,False
15,9,RSNA_16530,L-MLO,NO,1311.0,True,YES,0.0,False
15,9,RSNA_16530,R-MLO,NO,1525.0,True,YES,0.0,False
15,10,RSNA_16577,L-CC,NO,0.0,False,,,
15,10,RSNA_16577,R-CC,NO,0.0,False,,,
15,10,RSNA_16577,L-MLO,NO,0.0,False,,,
15,10,RSNA_16577,R-MLO,NO,0.0,False,,,
15,11,RSNA_16586,L-CC,NO,0.0,False,,,
15,11,RSNA_16586,R-CC,NO,0.0,False,,,
15,11,RSNA_16586,L-MLO,NO,0.0,False,,,
15,11,RSNA_16586,R-MLO,NO,0.0,False,,,
15,12,RSNA_1659,L-CC,NO,0.0,False,,,
15,12,RSNA_1659,R-CC,NO,0.0,False,,,
15,12,RSNA_1659,L-MLO,NO,0.0,False,,,
15,12,RSNA_1659,R-MLO,NO,0.0,False,,,
15,13,RSNA_16628,L-CC,NO,0.0,False,,,
15,13,RSNA_16628,R-CC,NO,0.0,False,,,
15,13,RSNA_16628,L-MLO,NO,0.0,False,,,
15,13,RSNA_16628,R-MLO,NO,0.0,False,,,
15,14,RSNA_1663,L-CC,NO,0.0,False,,,
15,14,RSNA_1663,R-CC,NO,0.0,False,,,
15,14,RSNA_1663,L-MLO,NO,0.0,False,,,
15,14,RSNA_1663,R-MLO,NO,0.0,False,,,
15,15,RSNA_16632,L-CC,NO,0.0,False,,,
15,15,RSNA_16632,R-CC,NO,0.0,False,,,
15,15,RSNA_16632,L-MLO,NO,0.0,False,,,
15,15,RSNA_16632,R-MLO,NO,0.0,False,,,
15,16,RSNA_16702,L-CC,NO,1585.0,True,YES,0.0,False
15,16,RSNA_16702,R-CC,NO,1424.0,True,YES,0.0,False
15,16,RSNA_16702,L-MLO,NO,1412.0,True,YES,0.0,False
15,16,RSNA_16702,R-MLO,NO,1412.0,True,YES,0.0,False
15,17,RSNA_16717,L-CC,NO,0.0,False,,,
15,17,RSNA_16717,R-CC,NO,0.0,False,,,
15,17,RSNA_16717,L-MLO,NO,0.0,False,,,
15,17,RSNA_16717,R-MLO,NO,0.0,False,,,
15,18,RSNA_16728,L-CC,NO,0.0,False,,,
15,18,RSNA_16728,R-CC,NO,0.0,False,,,
15,18,RSNA_16728,L-MLO,NO,0.0,False,,,
15,18,RSNA_16728,R-MLO,NO,0.0,False,,,
15,19,RSNA_16731,L-CC,NO,0.0,False,,,
15,19,RSNA_16731,R-CC,NO,0.0,False,,,
15,19,RSNA_16731,L-MLO,NO,0.0,False,,,
15,19,RSNA_16731,R-MLO,NO,0.0,False,,,
15,20,RSNA_16751,L-CC,NO,0.0,False,,,
15,20,RSNA_16751,R-CC,NO,0.0,False,,,
15,20,RSNA_16751,L-MLO,NO,0.0,False,,,
15,20,RSNA_16751,R-MLO,NO,0.0,False,,,
15,21,RSNA_16754,L-CC,NO,0.0,False,,,
15,21,RSNA_16754,R-CC,NO,0.0,False,,,
15,21,RSNA_16754,L-MLO,NO,0.0,False,,,
15,21,RSNA_16754,R-MLO,NO,0.0,False,,,
15,22,RSNA_1676,L-CC,NO,0.0,False,,,
15,22,RSNA_1676,R-CC,NO,0.0,False,,,
15,22,RSNA_1676,L-MLO,NO,0.0,False,,,
15,22,RSNA_1676,R-MLO,NO,0.0,False,,,
15,23,RSNA_16785,L-CC,NO,1569.0,True,YES,0.0,False
15,23,RSNA_16785,R-CC,NO,1504.0,True,YES,0.0,False
15,23,RSNA_16785,L-MLO,NO,1572.0,True,YES,0.0,False
15,23,RSNA_16785,R-MLO,NO,1507.0,True,YES,0.0,False
15,24,RSNA_16788,L-CC,NO,1662.0,True,YES,0.0,False
15,24,RSNA_16788,R-CC,NO,1625.0,True,YES,0.0,False
15,24,RSNA_16788,L-MLO,NO,1506.0,True,YES,0.0,False
15,24,RSNA_16788,R-MLO,NO,1463.0,True,YES,0.0,False
16,0,RSNA_16791,L-CC,NO,0.0,False,,,
16,0,RSNA_16791,R-CC,NO,0.0,False,,,
16,0,RSNA_16791,L-MLO,NO,0.0,False,,,
16,0,RSNA_16791,R-MLO,NO,0.0,False,,,
16,1,RSNA_16811,L-CC,NO,0.0,False,,,
16,1,RSNA_16811,R-CC,NO,0.0,False,,,
16,1,RSNA_16811,L-MLO,NO,0.0,False,,,
16,1,RSNA_16811,R-MLO,NO,0.0,False,,,
16,2,RSNA_16862,L-CC,NO,838.0,True,YES,0.0,False
16,2,RSNA_16862,R-CC,NO,1095.0,True,YES,0.0,False
16,2,RSNA_16862,L-MLO,NO,596.0,True,YES,0.0,False
16,2,RSNA_16862,R-MLO,NO,759.0,True,YES,0.0,False
16,3,RSNA_16879,L-CC,NO,0.0,False,,,
16,3,RSNA_16879,R-CC,NO,0.0,False,,,
16,3,RSNA_16879,L-MLO,NO,0.0,False,,,
16,3,RSNA_16879,R-MLO,NO,0.0,False,,,
16,4,RSNA_1688,L-CC,NO,1532.0,True,YES,0.0,False
16,4,RSNA_1688,R-CC,NO,1614.0,True,YES,0.0,False
16,4,RSNA_1688,L-MLO,NO,1497.0,True,YES,0.0,False
16,4,RSNA_1688,R-MLO,NO,1614.0,True,YES,0.0,False
16,5,RSNA_16901,L-CC,NO,0.0,False,,,
16,5,RSNA_16901,R-CC,NO,0.0,False,,,
16,5,RSNA_16901,L-MLO,NO,0.0,False,,,
16,5,RSNA_16901,R-MLO,NO,0.0,False,,,
16,6,RSNA_16904,L-CC,NO,0.0,False,,,
16,6,RSNA_16904,R-CC,NO,0.0,False,,,
16,6,RSNA_16904,L-MLO,NO,14.0,True,,,
16,6,RSNA_16904,R-MLO,NO,0.0,False,,,
16,7,RSNA_16905,L-CC,NO,0.0,False,,,
16,7,RSNA_16905,R-CC,NO,0.0,False,,,
16,7,RSNA_16905,L-MLO,NO,0.0,False,,,
16,7,RSNA_16905,R-MLO,NO,0.0,False,,,
16,8,RSNA_16919,L-CC,NO,0.0,False,,,
16,8,RSNA_16919,R-CC,NO,0.0,False,,,
16,8,RSNA_16919,L-MLO,NO,0.0,False,,,
16,8,RSNA_16919,R-MLO,NO,0.0,False,,,
16,9,RSNA_16949,L-CC,NO,0.0,False,,,
16,9,RSNA_16949,R-CC,NO,0.0,False,,,
16,9,RSNA_16949,L-MLO,NO,0.0,False,,,
16,9,RSNA_16949,R-MLO,NO,0.0,False,,,
16,10,RSNA_16985,L-CC,NO,0.0,False,,,
16,10,RSNA_16985,R-CC,NO,0.0,False,,,
16,10,RSNA_16985,L-MLO,NO,0.0,False,,,
16,10,RSNA_16985,R-MLO,NO,0.0,False,,,
16,11,RSNA_16995,L-CC,NO,0.0,False,,,
16,11,RSNA_16995,R-CC,NO,0.0,False,,,
16,11,RSNA_16995,L-MLO,NO,0.0,False,,,
16,11,RSNA_16995,R-MLO,NO,0.0,False,,,
16,12,RSNA_1701,L-CC,NO,724.0,True,YES,0.0,False
16,12,RSNA_1701,R-CC,NO,735.0,True,YES,0.0,False
16,12,RSNA_1701,L-MLO,NO,580.0,True,YES,0.0,False
16,12,RSNA_1701,R-MLO,NO,640.0,True,YES,0.0,False
16,13,RSNA_17012,L-CC,NO,0.0,False,,,
16,13,RSNA_17012,R-CC,NO,0.0,False,,,
16,13,RSNA_17012,L-MLO,NO,0.0,False,,,
16,13,RSNA_17012,R-MLO,NO,0.0,False,,,
16,14,RSNA_17039,L-CC,NO,1883.0,True,YES,0.0,False
16,14,RSNA_17039,R-CC,NO,1974.0,True,YES,0.0,False
16,14,RSNA_17039,L-MLO,NO,1665.0,True,YES,0.0,False
16,14,RSNA_17039,R-MLO,NO,1765.0,True,YES,0.0,False
16,15,RSNA_1704,L-CC,NO,0.0,False,,,
16,15,RSNA_1704,R-CC,NO,0.0,False,,,
16,15,RSNA_1704,L-MLO,NO,0.0,False,,,
16,15,RSNA_1704,R-MLO,NO,0.0,False,,,
16,16,RSNA_17056,L-CC,NO,0.0,False,,,
16,16,RSNA_17056,R-CC,NO,0.0,False,,,
16,16,RSNA_17056,L-MLO,NO,0.0,False,,,
16,16,RSNA_17056,R-MLO,NO,0.0,False,,,
16,17,RSNA_17061,L-CC,NO,0.0,False,,,
16,17,RSNA_17061,R-CC,NO,0.0,False,,,
16,17,RSNA_17061,L-MLO,NO,0.0,False,,,
16,17,RSNA_17061,R-MLO,NO,0.0,False,,,
16,18,RSNA_17064,L-CC,NO,0.0,False,,,
16,18,RSNA_17064,R-CC,NO,0.0,False,,,
16,18,RSNA_17064,L-MLO,NO,0.0,False,,,
16,18,RSNA_17064,R-MLO,NO,0.0,False,,,
16,19,RSNA_17076,L-CC,NO,0.0,False,,,
16,19,RSNA_17076,R-CC,NO,0.0,False,,,
16,19,RSNA_17076,L-MLO,NO,0.0,False,,,
16,19,RSNA_17076,R-MLO,NO,0.0,False,,,
16,20,RSNA_17095,L-CC,NO,0.0,False,,,
16,20,RSNA_17095,R-CC,NO,0.0,False,,,
16,20,RSNA_17095,L-MLO,NO,0.0,False,,,
16,20,RSNA_17095,R-MLO,NO,0.0,False,,,
16,21,RSNA_17113,L-CC,NO,0.0,False,,,
16,21,RSNA_17113,R-CC,NO,0.0,False,,,
16,21,RSNA_17113,L-MLO,NO,0.0,False,,,
16,21,RSNA_17113,R-MLO,NO,0.0,False,,,
16,22,RSNA_17154,L-CC,NO,1735.0,True,YES,0.0,False
16,22,RSNA_17154,R-CC,NO,1922.0,True,YES,0.0,False
16,22,RSNA_17154,L-MLO,NO,1655.0,True,YES,0.0,False
16,22,RSNA_17154,R-MLO,NO,1870.0,True,YES,0.0,False
16,23,RSNA_17162,L-CC,NO,0.0,False,,,
16,23,RSNA_17162,R-CC,NO,0.0,False,,,
16,23,RSNA_17162,L-MLO,NO,0.0,False,,,
16,23,RSNA_17162,R-MLO,NO,0.0,False,,,
16,24,RSNA_1717,L-CC,NO,0.0,False,,,
16,24,RSNA_1717,R-CC,NO,0.0,False,,,
16,24,RSNA_1717,L-MLO,NO,0.0,False,,,
16,24,RSNA_1717,R-MLO,NO,0.0,False,,,
17,0,RSNA_17202,L-CC,NO,0.0,False,,,
17,0,RSNA_17202,R-CC,NO,0.0,False,,,
17,0,RSNA_17202,L-MLO,NO,0.0,False,,,
17,0,RSNA_17202,R-MLO,NO,0.0,False,,,
17,1,RSNA_17209,L-CC,NO,0.0,False,,,
17,1,RSNA_17209,R-CC,NO,0.0,False,,,
17,1,RSNA_17209,L-MLO,NO,0.0,False,,,
17,1,RSNA_17209,R-MLO,NO,0.0,False,,,
17,2,RSNA_17216,L-CC,NO,0.0,False,,,
17,2,RSNA_17216,R-CC,NO,0.0,False,,,
17,2,RSNA_17216,L-MLO,NO,0.0,False,,,
17,2,RSNA_17216,R-MLO,NO,0.0,False,,,
17,3,RSNA_17231,L-CC,NO,0.0,False,,,
17,3,RSNA_17231,R-CC,NO,0.0,False,,,
17,3,RSNA_17231,L-MLO,NO,0.0,False,,,
17,3,RSNA_17231,R-MLO,NO,0.0,False,,,
17,4,RSNA_1724,L-CC,NO,0.0,False,,,
17,4,RSNA_1724,R-CC,NO,0.0,False,,,
17,4,RSNA_1724,L-MLO,NO,0.0,False,,,
17,4,RSNA_1724,R-MLO,NO,0.0,False,,,
17,5,RSNA_17270,L-CC,NO,875.0,True,YES,0.0,False
17,5,RSNA_17270,R-CC,NO,744.0,True,YES,0.0,False
17,5,RSNA_17270,L-MLO,NO,879.0,True,YES,0.0,False
17,5,RSNA_17270,R-MLO,NO,697.0,True,YES,0.0,False
17,6,RSNA_17272,L-CC,NO,1521.0,True,YES,0.0,False
17,6,RSNA_17272,R-CC,NO,1601.0,True,YES,0.0,False
17,6,RSNA_17272,L-MLO,NO,1289.0,True,YES,0.0,False
17,6,RSNA_17272,R-MLO,NO,1392.0,True,YES,0.0,False
17,7,RSNA_17280,L-CC,NO,0.0,False,,,
17,7,RSNA_17280,R-CC,NO,0.0,False,,,
17,7,RSNA_17280,L-MLO,NO,0.0,False,,,
17,7,RSNA_17280,R-MLO,NO,0.0,False,,,
17,8,RSNA_17283,L-CC,NO,0.0,False,,,
17,8,RSNA_17283,R-CC,NO,0.0,False,,,
17,8,RSNA_17283,L-MLO,NO,0.0,False,,,
17,8,RSNA_17283,R-MLO,NO,0.0,False,,,
17,9,RSNA_17302,L-CC,NO,0.0,False,,,
17,9,RSNA_17302,R-CC,NO,0.0,False,,,
17,9,RSNA_17302,L-MLO,NO,0.0,False,,,
17,9,RSNA_17302,R-MLO,NO,0.0,False,,,
17,10,RSNA_17308,L-CC,NO,0.0,False,,,
17,10,RSNA_17308,R-CC,NO,0.0,False,,,
17,10,RSNA_17308,L-MLO,NO,0.0,False,,,
17,10,RSNA_17308,R-MLO,NO,0.0,False,,,
17,11,RSNA_17316,L-CC,NO,196.0,True,YES,0.0,False
17,11,RSNA_17316,R-CC,NO,436.0,True,YES,0.0,False
17,11,RSNA_17316,L-MLO,NO,335.0,True,YES,0.0,False
17,11,RSNA_17316,R-MLO,NO,494.0,True,YES,0.0,False
17,12,RSNA_17320,L-CC,NO,0.0,False,,,
17,12,RSNA_17320,R-CC,NO,0.0,False,,,
17,12,RSNA_17320,L-MLO,NO,0.0,False,,,
17,12,RSNA_17320,R-MLO,NO,0.0,False,,,
17,13,RSNA_17329,L-CC,NO,0.0,False,,,
17,13,RSNA_17329,R-CC,NO,0.0,False,,,
17,13,RSNA_17329,L-MLO,NO,0.0,False,,,
17,13,RSNA_17329,R-MLO,NO,0.0,False,,,
17,14,RSNA_17361,L-CC,NO,0.0,False,,,
17,14,RSNA_17361,R-CC,NO,0.0,False,,,
17,14,RSNA_17361,L-MLO,NO,0.0,False,,,
17,14,RSNA_17361,R-MLO,NO,0.0,False,,,
17,15,RSNA_17367,L-CC,NO,0.0,False,,,
17,15,RSNA_17367,R-CC,NO,0.0,False,,,
17,15,RSNA_17367,L-MLO,NO,0.0,False,,,
17,15,RSNA_17367,R-MLO,NO,0.0,False,,,
17,16,RSNA_17373,L-CC,NO,0.0,False,,,
17,16,RSNA_17373,R-CC,NO,0.0,False,,,
17,16,RSNA_17373,L-MLO,NO,0.0,False,,,
17,16,RSNA_17373,R-MLO,NO,0.0,False,,,
17,17,RSNA_17375,L-CC,NO,1367.0,True,YES,0.0,False
17,17,RSNA_17375,R-CC,NO,1297.0,True,YES,0.0,False
17,17,RSNA_17375,L-MLO,NO,1147.0,True,YES,0.0,False
17,17,RSNA_17375,R-MLO,NO,1180.0,True,YES,0.0,False
17,18,RSNA_17376,L-CC,NO,1593.0,True,YES,0.0,False
17,18,RSNA_17376,R-CC,NO,2248.0,True,YES,0.0,False
17,18,RSNA_17376,L-MLO,NO,1610.0,True,YES,0.0,False
17,18,RSNA_17376,R-MLO,NO,2135.0,True,YES,0.0,False
17,19,RSNA_17394,L-CC,NO,0.0,False,,,
17,19,RSNA_17394,R-CC,NO,0.0,False,,,
17,19,RSNA_17394,L-MLO,NO,0.0,False,,,
17,19,RSNA_17394,R-MLO,NO,0.0,False,,,
17,20,RSNA_17398,L-CC,NO,0.0,False,,,
17,20,RSNA_17398,R-CC,NO,0.0,False,,,
17,20,RSNA_17398,L-MLO,NO,0.0,False,,,
17,20,RSNA_17398,R-MLO,NO,0.0,False,,,
17,21,RSNA_17399,L-CC,NO,1605.0,True,YES,0.0,False
17,21,RSNA_17399,R-CC,NO,1438.0,True,YES,0.0,False
17,21,RSNA_17399,L-MLO,NO,1670.0,True,YES,0.0,False
17,21,RSNA_17399,R-MLO,NO,1543.0,True,YES,0.0,False
17,22,RSNA_17402,L-CC,NO,0.0,False,,,
17,22,RSNA_17402,R-CC,NO,0.0,False,,,
17,22,RSNA_17402,L-MLO,NO,0.0,False,,,
17,22,RSNA_17402,R-MLO,NO,0.0,False,,,
17,23,RSNA_17404,L-CC,NO,1245.0,True,YES,0.0,False
17,23,RSNA_17404,R-CC,NO,1677.0,True,YES,0.0,False
17,23,RSNA_17404,L-MLO,NO,1104.0,True,YES,0.0,False
17,23,RSNA_17404,R-MLO,NO,1118.0,True,YES,0.0,False
17,24,RSNA_17407,L-CC,NO,0.0,False,,,
17,24,RSNA_17407,R-CC,NO,0.0,False,,,
17,24,RSNA_17407,L-MLO,NO,0.0,False,,,
17,24,RSNA_17407,R-MLO,NO,0.0,False,,,
18,0,RSNA_17416,L-CC,NO,0.0,False,,,
18,0,RSNA_17416,R-CC,NO,0.0,False,,,
18,0,RSNA_17416,L-MLO,NO,0.0,False,,,
18,0,RSNA_17416,R-MLO,NO,0.0,False,,,
18,1,RSNA_17426,L-CC,NO,0.0,False,,,
18,1,RSNA_17426,R-CC,NO,0.0,False,,,
18,1,RSNA_17426,L-MLO,NO,0.0,False,,,
18,1,RSNA_17426,R-MLO,NO,0.0,False,,,
18,2,RSNA_17450,L-CC,NO,0.0,False,,,
18,2,RSNA_17450,R-CC,NO,0.0,False,,,
18,2,RSNA_17450,L-MLO,NO,0.0,False,,,
18,2,RSNA_17450,R-MLO,NO,0.0,False,,,
18,3,RSNA_17455,L-CC,NO,0.0,False,,,
18,3,RSNA_17455,R-CC,NO,0.0,False,,,
18,3,RSNA_17455,L-MLO,NO,0.0,False,,,
18,3,RSNA_17455,R-MLO,NO,0.0,False,,,
18,4,RSNA_17469,L-CC,NO,0.0,False,,,
18,4,RSNA_17469,R-CC,NO,0.0,False,,,
18,4,RSNA_17469,L-MLO,NO,0.0,False,,,
18,4,RSNA_17469,R-MLO,NO,0.0,False,,,
18,5,RSNA_1747,L-CC,NO,0.0,False,,,
18,5,RSNA_1747,R-CC,NO,0.0,False,,,
18,5,RSNA_1747,L-MLO,NO,0.0,False,,,
18,5,RSNA_1747,R-MLO,NO,0.0,False,,,
18,6,RSNA_17491,L-CC,NO,0.0,False,,,
18,6,RSNA_17491,R-CC,NO,0.0,False,,,
18,6,RSNA_17491,L-MLO,NO,0.0,False,,,
18,6,RSNA_17491,R-MLO,NO,0.0,False,,,
18,7,RSNA_17500,L-CC,NO,0.0,False,,,
18,7,RSNA_17500,R-CC,NO,0.0,False,,,
18,7,RSNA_17500,L-MLO,NO,0.0,False,,,
18,7,RSNA_17500,R-MLO,NO,0.0,False,,,
18,8,RSNA_17507,L-CC,NO,0.0,False,,,
18,8,RSNA_17507,R-CC,NO,0.0,False,,,
18,8,RSNA_17507,L-MLO,NO,0.0,False,,,
18,8,RSNA_17507,R-MLO,NO,0.0,False,,,
18,9,RSNA_17526,L-CC,NO,0.0,False,,,
18,9,RSNA_17526,R-CC,NO,0.0,False,,,
18,9,RSNA_17526,L-MLO,NO,0.0,False,,,
18,9,RSNA_17526,R-MLO,NO,0.0,False,,,
18,10,RSNA_17549,L-CC,NO,1716.0,True,YES,0.0,False
18,10,RSNA_17549,R-CC,NO,1701.0,True,YES,0.0,False
18,10,RSNA_17549,L-MLO,NO,1718.0,True,YES,0.0,False
18,10,RSNA_17549,R-MLO,NO,1671.0,True,YES,0.0,False
18,11,RSNA_17552,L-CC,NO,2111.0,True,YES,0.0,False
18,11,RSNA_17552,R-CC,NO,2026.0,True,YES,0.0,False
18,11,RSNA_17552,L-MLO,NO,1911.0,True,YES,0.0,False
18,11,RSNA_17552,R-MLO,NO,2018.0,True,YES,0.0,False
18,12,RSNA_17558,L-CC,NO,0.0,False,,,
18,12,RSNA_17558,R-CC,NO,0.0,False,,,
18,12,RSNA_17558,L-MLO,NO,0.0,False,,,
18,12,RSNA_17558,R-MLO,NO,0.0,False,,,
18,13,RSNA_17567,L-CC,NO,0.0,False,,,
18,13,RSNA_17567,R-CC,NO,0.0,False,,,
18,13,RSNA_17567,L-MLO,NO,0.0,False,,,
18,13,RSNA_17567,R-MLO,NO,0.0,False,,,
18,14,RSNA_17570,L-CC,NO,0.0,False,,,
18,14,RSNA_17570,R-CC,NO,0.0,False,,,
18,14,RSNA_17570,L-MLO,NO,0.0,False,,,
18,14,RSNA_17570,R-MLO,NO,0.0,False,,,
18,15,RSNA_1758,L-CC,NO,0.0,False,,,
18,15,RSNA_1758,R-CC,NO,0.0,False,,,
18,15,RSNA_1758,L-MLO,NO,0.0,False,,,
18,15,RSNA_1758,R-MLO,NO,0.0,False,,,
18,16,RSNA_17581,L-CC,NO,0.0,False,,,
18,16,RSNA_17581,R-CC,NO,0.0,False,,,
18,16,RSNA_17581,L-MLO,NO,0.0,False,,,
18,16,RSNA_17581,R-MLO,NO,0.0,False,,,
18,17,RSNA_17591,L-CC,NO,0.0,False,,,
18,17,RSNA_17591,R-CC,NO,0.0,False,,,
18,17,RSNA_17591,L-MLO,NO,0.0,False,,,
18,17,RSNA_17591,R-MLO,NO,0.0,False,,,
18,18,RSNA_17598,L-CC,NO,0.0,False,,,
18,18,RSNA_17598,R-CC,NO,0.0,False,,,
18,18,RSNA_17598,L-MLO,NO,0.0,False,,,
18,18,RSNA_17598,R-MLO,NO,0.0,False,,,
18,19,RSNA_17599,L-CC,NO,0.0,False,,,
18,19,RSNA_17599,R-CC,NO,0.0,False,,,
18,19,RSNA_17599,L-MLO,NO,0.0,False,,,
18,19,RSNA_17599,R-MLO,NO,0.0,False,,,
18,20,RSNA_17604,L-CC,NO,1153.0,True,YES,0.0,False
18,20,RSNA_17604,R-CC,NO,1860.0,True,YES,0.0,False
18,20,RSNA_17604,L-MLO,NO,1762.0,True,YES,0.0,False
18,20,RSNA_17604,R-MLO,NO,1914.0,True,YES,0.0,False
18,21,RSNA_17622,L-CC,NO,0.0,False,,,
18,21,RSNA_17622,R-CC,NO,0.0,False,,,
18,21,RSNA_17622,L-MLO,NO,0.0,False,,,
18,21,RSNA_17622,R-MLO,NO,0.0,False,,,
18,22,RSNA_17626,L-CC,NO,0.0,False,,,
18,22,RSNA_17626,R-CC,NO,0.0,False,,,
18,22,RSNA_17626,L-MLO,NO,0.0,False,,,
18,22,RSNA_17626,R-MLO,NO,0.0,False,,,
18,23,RSNA_17635,L-CC,NO,0.0,False,,,
18,23,RSNA_17635,R-CC,NO,0.0,False,,,
18,23,RSNA_17635,L-MLO,NO,0.0,False,,,
18,23,RSNA_17635,R-MLO,NO,0.0,False,,,
18,24,RSNA_17638,L-CC,NO,0.0,False,,,
18,24,RSNA_17638,R-CC,NO,0.0,False,,,
18,24,RSNA_17638,L-MLO,NO,0.0,False,,,
18,24,RSNA_17638,R-MLO,NO,0.0,False,,,
19,0,RSNA_17657,L-CC,NO,0.0,False,,,
19,0,RSNA_17657,R-CC,NO,0.0,False,,,
19,0,RSNA_17657,L-MLO,NO,0.0,False,,,
19,0,RSNA_17657,R-MLO,NO,0.0,False,,,
19,1,RSNA_17682,L-CC,NO,0.0,False,,,
19,1,RSNA_17682,R-CC,NO,0.0,False,,,
19,1,RSNA_17682,L-MLO,NO,0.0,False,,,
19,1,RSNA_17682,R-MLO,NO,0.0,False,,,
19,2,RSNA_17692,L-CC,NO,0.0,False,,,
19,2,RSNA_17692,R-CC,NO,0.0,False,,,
19,2,RSNA_17692,L-MLO,NO,0.0,False,,,
19,2,RSNA_17692,R-MLO,NO,0.0,False,,,
19,3,RSNA_17711,L-CC,NO,1356.0,True,YES,0.0,False
19,3,RSNA_17711,R-CC,NO,1313.0,True,YES,0.0,False
19,3,RSNA_17711,L-MLO,NO,1167.0,True,YES,0.0,False
19,3,RSNA_17711,R-MLO,NO,1198.0,True,YES,0.0,False
19,4,RSNA_17713,L-CC,NO,0.0,False,,,
19,4,RSNA_17713,R-CC,NO,0.0,False,,,
19,4,RSNA_17713,L-MLO,NO,0.0,False,,,
19,4,RSNA_17713,R-MLO,NO,0.0,False,,,
19,5,RSNA_17740,L-CC,NO,0.0,False,,,
19,5,RSNA_17740,R-CC,NO,0.0,False,,,
19,5,RSNA_17740,L-MLO,NO,0.0,False,,,
19,5,RSNA_17740,R-MLO,NO,0.0,False,,,
19,6,RSNA_17749,L-CC,NO,0.0,False,,,
19,6,RSNA_17749,R-CC,NO,0.0,False,,,
19,6,RSNA_17749,L-MLO,NO,0.0,False,,,
19,6,RSNA_17749,R-MLO,NO,0.0,False,,,
19,7,RSNA_17750,L-CC,NO,0.0,False,,,
19,7,RSNA_17750,R-CC,NO,0.0,False,,,
19,7,RSNA_17750,L-MLO,NO,0.0,False,,,
19,7,RSNA_17750,R-MLO,NO,0.0,False,,,
19,8,RSNA_17765,L-CC,NO,0.0,False,,,
19,8,RSNA_17765,R-CC,NO,0.0,False,,,
19,8,RSNA_17765,L-MLO,NO,0.0,False,,,
19,8,RSNA_17765,R-MLO,NO,0.0,False,,,
19,9,RSNA_17775,L-CC,NO,0.0,False,,,
19,9,RSNA_17775,R-CC,NO,0.0,False,,,
19,9,RSNA_17775,L-MLO,NO,0.0,False,,,
19,9,RSNA_17775,R-MLO,NO,0.0,False,,,
19,10,RSNA_17797,L-CC,NO,1253.0,True,YES,0.0,False
19,10,RSNA_17797,R-CC,NO,1460.0,True,YES,0.0,False
19,10,RSNA_17797,L-MLO,NO,1094.0,True,YES,0.0,False
19,10,RSNA_17797,R-MLO,NO,1359.0,True,YES,0.0,False
19,11,RSNA_17825,L-CC,NO,0.0,False,,,
19,11,RSNA_17825,R-CC,NO,0.0,False,,,
19,11,RSNA_17825,L-MLO,NO,0.0,False,,,
19,11,RSNA_17825,R-MLO,NO,0.0,False,,,
19,12,RSNA_17838,L-CC,NO,0.0,False,,,
19,12,RSNA_17838,R-CC,NO,0.0,False,,,
19,12,RSNA_17838,L-MLO,NO,0.0,False,,,
19,12,RSNA_17838,R-MLO,NO,0.0,False,,,
19,13,RSNA_1785,L-CC,NO,0.0,False,,,
19,13,RSNA_1785,R-CC,NO,0.0,False,,,
19,13,RSNA_1785,L-MLO,NO,0.0,False,,,
19,13,RSNA_1785,R-MLO,NO,0.0,False,,,
19,14,RSNA_17853,L-CC,NO,0.0,False,,,
19,14,RSNA_17853,R-CC,NO,0.0,False,,,
19,14,RSNA_17853,L-MLO,NO,0.0,False,,,
19,14,RSNA_17853,R-MLO,NO,0.0,False,,,
19,15,RSNA_17857,L-CC,NO,0.0,False,,,
19,15,RSNA_17857,R-CC,NO,0.0,False,,,
19,15,RSNA_17857,L-MLO,NO,0.0,False,,,
19,15,RSNA_17857,R-MLO,NO,0.0,False,,,
19,16,RSNA_17868,L-CC,NO,0.0,False,,,
19,16,RSNA_17868,R-CC,NO,0.0,False,,,
19,16,RSNA_17868,L-MLO,NO,0.0,False,,,
19,16,RSNA_17868,R-MLO,NO,0.0,False,,,
19,17,RSNA_17886,L-CC,NO,0.0,False,,,
19,17,RSNA_17886,R-CC,NO,0.0,False,,,
19,17,RSNA_17886,L-MLO,NO,0.0,False,,,
19,17,RSNA_17886,R-MLO,NO,0.0,False,,,
19,18,RSNA_17887,L-CC,NO,0.0,False,,,
19,18,RSNA_17887,R-CC,NO,0.0,False,,,
19,18,RSNA_17887,L-MLO,NO,0.0,False,,,
19,18,RSNA_17887,R-MLO,NO,0.0,False,,,
19,19,RSNA_1789,L-CC,NO,0.0,False,,,
19,19,RSNA_1789,R-CC,NO,0.0,False,,,
19,19,RSNA_1789,L-MLO,NO,0.0,False,,,
19,19,RSNA_1789,R-MLO,NO,0.0,False,,,
19,20,RSNA_17892,L-CC,NO,0.0,False,,,
19,20,RSNA_17892,R-CC,NO,0.0,False,,,
19,20,RSNA_17892,L-MLO,NO,0.0,False,,,
19,20,RSNA_17892,R-MLO,NO,0.0,False,,,
19,21,RSNA_1791,L-CC,NO,0.0,False,,,
19,21,RSNA_1791,R-CC,NO,0.0,False,,,
19,21,RSNA_1791,L-MLO,NO,0.0,False,,,
19,21,RSNA_1791,R-MLO,NO,0.0,False,,,
19,22,RSNA_17953,L-CC,NO,0.0,False,,,
19,22,RSNA_17953,R-CC,NO,0.0,False,,,
19,22,RSNA_17953,L-MLO,NO,0.0,False,,,
19,22,RSNA_17953,R-MLO,NO,0.0,False,,,
19,23,RSNA_17963,L-CC,NO,0.0,False,,,
19,23,RSNA_17963,R-CC,NO,0.0,False,,,
19,23,RSNA_17963,L-MLO,NO,0.0,False,,,
19,23,RSNA_17963,R-MLO,NO,0.0,False,,,
19,24,RSNA_17981,L-CC,NO,0.0,False,,,
19,24,RSNA_17981,R-CC,NO,0.0,False,,,
19,24,RSNA_17981,L-MLO,NO,0.0,False,,,
19,24,RSNA_17981,R-MLO,NO,0.0,False,,,
20,0,RSNA_17987,L-CC,NO,0.0,False,,,
20,0,RSNA_17987,R-CC,NO,0.0,False,,,
20,0,RSNA_17987,L-MLO,NO,0.0,False,,,
20,0,RSNA_17987,R-MLO,NO,0.0,False,,,
20,1,RSNA_1807,L-CC,NO,1087.0,True,YES,0.0,False
20,1,RSNA_1807,R-CC,NO,1009.0,True,YES,0.0,False
20,1,RSNA_1807,L-MLO,NO,835.0,True,YES,0.0,False
20,1,RSNA_1807,R-MLO,NO,844.0,True,YES,0.0,False
20,2,RSNA_18071,L-CC,NO,0.0,False,,,
20,2,RSNA_18071,R-CC,NO,0.0,False,,,
20,2,RSNA_18071,L-MLO,NO,0.0,False,,,
20,2,RSNA_18071,R-MLO,NO,0.0,False,,,
20,3,RSNA_18106,L-CC,NO,0.0,False,,,
20,3,RSNA_18106,R-CC,NO,0.0,False,,,
20,3,RSNA_18106,L-MLO,NO,0.0,False,,,
20,3,RSNA_18106,R-MLO,NO,0.0,False,,,
20,4,RSNA_18243,L-CC,NO,2020.0,True,YES,0.0,False
20,4,RSNA_18243,R-CC,NO,2008.0,True,YES,0.0,False
20,4,RSNA_18243,L-MLO,NO,1956.0,True,YES,0.0,False
20,4,RSNA_18243,R-MLO,NO,1942.0,True,YES,0.0,False
20,5,RSNA_18262,L-CC,NO,0.0,False,,,
20,5,RSNA_18262,R-CC,NO,0.0,False,,,
20,5,RSNA_18262,L-MLO,NO,0.0,False,,,
20,5,RSNA_18262,R-MLO,NO,0.0,False,,,
20,6,RSNA_18269,L-CC,NO,1462.0,True,YES,0.0,False
20,6,RSNA_18269,R-CC,NO,1336.0,True,YES,0.0,False
20,6,RSNA_18269,L-MLO,NO,1985.0,True,YES,0.0,False
20,6,RSNA_18269,R-MLO,NO,1385.0,True,YES,0.0,False
20,7,RSNA_1829,L-CC,NO,0.0,False,,,
20,7,RSNA_1829,R-CC,NO,0.0,False,,,
20,7,RSNA_1829,L-MLO,NO,0.0,False,,,
20,7,RSNA_1829,R-MLO,NO,0.0,False,,,
20,8,RSNA_18297,L-CC,NO,1497.0,True,YES,0.0,False
20,8,RSNA_18297,R-CC,NO,762.0,True,YES,0.0,False
20,8,RSNA_18297,L-MLO,NO,1394.0,True,YES,0.0,False
20,8,RSNA_18297,R-MLO,NO,756.0,True,YES,0.0,False
20,9,RSNA_18346,L-CC,NO,0.0,False,,,
20,9,RSNA_18346,R-CC,NO,0.0,False,,,
20,9,RSNA_18346,L-MLO,NO,0.0,False,,,
20,9,RSNA_18346,R-MLO,NO,0.0,False,,,
20,10,RSNA_18376,L-CC,NO,0.0,False,,,
20,10,RSNA_18376,R-CC,NO,0.0,False,,,
20,10,RSNA_18376,L-MLO,NO,0.0,False,,,
20,10,RSNA_18376,R-MLO,NO,0.0,False,,,
20,11,RSNA_18380,L-CC,NO,0.0,False,,,
20,11,RSNA_18380,R-CC,NO,0.0,False,,,
20,11,RSNA_18380,L-MLO,NO,0.0,False,,,
20,11,RSNA_18380,R-MLO,NO,0.0,False,,,
20,12,RSNA_18381,L-CC,NO,0.0,False,,,
20,12,RSNA_18381,R-CC,NO,0.0,False,,,
20,12,RSNA_18381,L-MLO,NO,0.0,False,,,
20,12,RSNA_18381,R-MLO,NO,0.0,False,,,
20,13,RSNA_18392,L-CC,NO,0.0,False,,,
20,13,RSNA_18392,R-CC,NO,0.0,False,,,
20,13,RSNA_18392,L-MLO,NO,0.0,False,,,
20,13,RSNA_18392,R-MLO,NO,0.0,False,,,
20,14,RSNA_1843,L-CC,NO,0.0,False,,,
20,14,RSNA_1843,R-CC,NO,0.0,False,,,
20,14,RSNA_1843,L-MLO,NO,0.0,False,,,
20,14,RSNA_1843,R-MLO,NO,0.0,False,,,
20,15,RSNA_18465,L-CC,NO,0.0,False,,,
20,15,RSNA_18465,R-CC,NO,0.0,False,,,
20,15,RSNA_18465,L-MLO,NO,0.0,False,,,
20,15,RSNA_18465,R-MLO,NO,0.0,False,,,
20,16,RSNA_18533,L-CC,NO,0.0,False,,,
20,16,RSNA_18533,R-CC,NO,0.0,False,,,
20,16,RSNA_18533,L-MLO,NO,0.0,False,,,
20,16,RSNA_18533,R-MLO,NO,0.0,False,,,
20,17,RSNA_18537,L-CC,NO,0.0,False,,,
20,17,RSNA_18537,R-CC,NO,0.0,False,,,
20,17,RSNA_18537,L-MLO,NO,0.0,False,,,
20,17,RSNA_18537,R-MLO,NO,0.0,False,,,
20,18,RSNA_18548,L-CC,NO,0.0,False,,,
20,18,RSNA_18548,R-CC,NO,0.0,False,,,
20,18,RSNA_18548,L-MLO,NO,0.0,False,,,
20,18,RSNA_18548,R-MLO,NO,0.0,False,,,
20,19,RSNA_18586,L-CC,NO,0.0,False,,,
20,19,RSNA_18586,R-CC,NO,0.0,False,,,
20,19,RSNA_18586,L-MLO,NO,0.0,False,,,
20,19,RSNA_18586,R-MLO,NO,0.0,False,,,
20,20,RSNA_18623,L-CC,NO,0.0,False,,,
20,20,RSNA_18623,R-CC,NO,0.0,False,,,
20,20,RSNA_18623,L-MLO,NO,0.0,False,,,
20,20,RSNA_18623,R-MLO,NO,0.0,False,,,
20,21,RSNA_18630,L-CC,NO,0.0,False,,,
20,21,RSNA_18630,R-CC,NO,0.0,False,,,
20,21,RSNA_18630,L-MLO,NO,0.0,False,,,
20,21,RSNA_18630,R-MLO,NO,0.0,False,,,
20,22,RSNA_18641,L-CC,NO,0.0,False,,,
20,22,RSNA_18641,R-CC,NO,0.0,False,,,
20,22,RSNA_18641,L-MLO,NO,0.0,False,,,
20,22,RSNA_18641,R-MLO,NO,0.0,False,,,
20,23,RSNA_18646,L-CC,NO,0.0,False,,,
20,23,RSNA_18646,R-CC,NO,0.0,False,,,
20,23,RSNA_18646,L-MLO,NO,0.0,False,,,
20,23,RSNA_18646,R-MLO,NO,0.0,False,,,
20,24,RSNA_18694,L-CC,NO,0.0,False,,,
20,24,RSNA_18694,R-CC,NO,0.0,False,,,
20,24,RSNA_18694,L-MLO,NO,0.0,False,,,
20,24,RSNA_18694,R-MLO,NO,0.0,False,,,
21,0,RSNA_18710,L-CC,NO,0.0,False,,,
21,0,RSNA_18710,R-CC,NO,0.0,False,,,
21,0,RSNA_18710,L-MLO,NO,0.0,False,,,
21,0,RSNA_18710,R-MLO,NO,0.0,False,,,
21,1,RSNA_18717,L-CC,NO,0.0,False,,,
21,1,RSNA_18717,R-CC,NO,0.0,False,,,
21,1,RSNA_18717,L-MLO,NO,0.0,False,,,
21,1,RSNA_18717,R-MLO,NO,0.0,False,,,
21,2,RSNA_18771,L-CC,NO,0.0,False,,,
21,2,RSNA_18771,R-CC,NO,0.0,False,,,
21,2,RSNA_18771,L-MLO,NO,0.0,False,,,
21,2,RSNA_18771,R-MLO,NO,0.0,False,,,
21,3,RSNA_18779,L-CC,NO,0.0,False,,,
21,3,RSNA_18779,R-CC,NO,0.0,False,,,
21,3,RSNA_18779,L-MLO,NO,0.0,False,,,
21,3,RSNA_18779,R-MLO,NO,0.0,False,,,
21,4,RSNA_18792,L-CC,NO,0.0,False,,,
21,4,RSNA_18792,R-CC,NO,0.0,False,,,
21,4,RSNA_18792,L-MLO,NO,0.0,False,,,
21,4,RSNA_18792,R-MLO,NO,0.0,False,,,
21,5,RSNA_18797,L-CC,NO,755.0,True,YES,0.0,False
21,5,RSNA_18797,R-CC,NO,903.0,True,YES,0.0,False
21,5,RSNA_18797,L-MLO,NO,473.0,True,YES,0.0,False
21,5,RSNA_18797,R-MLO,NO,737.0,True,YES,0.0,False
21,6,RSNA_18802,L-CC,NO,0.0,False,,,
21,6,RSNA_18802,R-CC,NO,0.0,False,,,
21,6,RSNA_18802,L-MLO,NO,0.0,False,,,
21,6,RSNA_18802,R-MLO,NO,0.0,False,,,
21,7,RSNA_18815,L-CC,NO,0.0,False,,,
21,7,RSNA_18815,R-CC,NO,0.0,False,,,
21,7,RSNA_18815,L-MLO,NO,0.0,False,,,
21,7,RSNA_18815,R-MLO,NO,0.0,False,,,
21,8,RSNA_1883,L-CC,NO,1839.0,True,YES,0.0,False
21,8,RSNA_1883,R-CC,NO,1868.0,True,YES,0.0,False
21,8,RSNA_1883,L-MLO,NO,1827.0,True,YES,0.0,False
21,8,RSNA_1883,R-MLO,NO,1830.0,True,YES,0.0,False
21,9,RSNA_18846,L-CC,NO,0.0,False,,,
21,9,RSNA_18846,R-CC,NO,0.0,False,,,
21,9,RSNA_18846,L-MLO,NO,0.0,False,,,
21,9,RSNA_18846,R-MLO,NO,0.0,False,,,
21,10,RSNA_18865,L-CC,NO,0.0,False,,,
21,10,RSNA_18865,R-CC,NO,0.0,False,,,
21,10,RSNA_18865,L-MLO,NO,0.0,False,,,
21,10,RSNA_18865,R-MLO,NO,0.0,False,,,
21,11,RSNA_18873,L-CC,NO,1132.0,True,YES,0.0,False
21,11,RSNA_18873,R-CC,NO,1114.0,True,YES,0.0,False
21,11,RSNA_18873,L-MLO,NO,900.0,True,YES,0.0,False
21,11,RSNA_18873,R-MLO,NO,1042.0,True,YES,0.0,False
21,12,RSNA_18888,L-CC,NO,0.0,False,,,
21,12,RSNA_18888,R-CC,NO,0.0,False,,,
21,12,RSNA_18888,L-MLO,NO,0.0,False,,,
21,12,RSNA_18888,R-MLO,NO,0.0,False,,,
21,13,RSNA_18891,L-CC,NO,0.0,False,,,
21,13,RSNA_18891,R-CC,NO,0.0,False,,,
21,13,RSNA_18891,L-MLO,NO,0.0,False,,,
21,13,RSNA_18891,R-MLO,NO,0.0,False,,,
21,14,RSNA_18895,L-CC,NO,0.0,False,,,
21,14,RSNA_18895,R-CC,NO,0.0,False,,,
21,14,RSNA_18895,L-MLO,NO,0.0,False,,,
21,14,RSNA_18895,R-MLO,NO,0.0,False,,,
21,15,RSNA_1890,L-CC,NO,0.0,False,,,
21,15,RSNA_1890,R-CC,NO,0.0,False,,,
21,15,RSNA_1890,L-MLO,NO,0.0,False,,,
21,15,RSNA_1890,R-MLO,NO,0.0,False,,,
21,16,RSNA_1891,L-CC,NO,0.0,False,,,
21,16,RSNA_1891,R-CC,NO,0.0,False,,,
21,16,RSNA_1891,L-MLO,NO,0.0,False,,,
21,16,RSNA_1891,R-MLO,NO,0.0,False,,,
21,17,RSNA_1893,L-CC,NO,0.0,False,,,
21,17,RSNA_1893,R-CC,NO,0.0,False,,,
21,17,RSNA_1893,L-MLO,NO,0.0,False,,,
21,17,RSNA_1893,R-MLO,NO,0.0,False,,,
21,18,RSNA_18952,L-CC,NO,0.0,False,,,
21,18,RSNA_18952,R-CC,NO,0.0,False,,,
21,18,RSNA_18952,L-MLO,NO,0.0,False,,,
21,18,RSNA_18952,R-MLO,NO,0.0,False,,,
21,19,RSNA_1897,L-CC,NO,0.0,False,,,
21,19,RSNA_1897,R-CC,NO,0.0,False,,,
21,19,RSNA_1897,L-MLO,NO,0.0,False,,,
21,19,RSNA_1897,R-MLO,NO,0.0,False,,,
21,20,RSNA_18975,L-CC,NO,0.0,False,,,
21,20,RSNA_18975,R-CC,NO,0.0,False,,,
21,20,RSNA_18975,L-MLO,NO,0.0,False,,,
21,20,RSNA_18975,R-MLO,NO,0.0,False,,,
21,21,RSNA_19023,L-CC,NO,1020.0,True,YES,0.0,False
21,21,RSNA_19023,R-CC,NO,1017.0,True,YES,0.0,False
21,21,RSNA_19023,L-MLO,NO,983.0,True,YES,0.0,False
21,21,RSNA_19023,R-MLO,NO,902.0,True,YES,0.0,False
21,22,RSNA_19033,L-CC,NO,0.0,False,,,
21,22,RSNA_19033,R-CC,NO,0.0,False,,,
21,22,RSNA_19033,L-MLO,NO,0.0,False,,,
21,22,RSNA_19033,R-MLO,NO,0.0,False,,,
21,23,RSNA_19037,L-CC,NO,0.0,False,,,
21,23,RSNA_19037,R-CC,NO,0.0,False,,,
21,23,RSNA_19037,L-MLO,NO,0.0,False,,,
21,23,RSNA_19037,R-MLO,NO,0.0,False,,,
21,24,RSNA_19039,L-CC,NO,0.0,False,,,
21,24,RSNA_19039,R-CC,NO,0.0,False,,,
21,24,RSNA_19039,L-MLO,NO,0.0,False,,,
21,24,RSNA_19039,R-MLO,NO,0.0,False,,,
22,0,RSNA_19048,L-CC,NO,0.0,False,,,
22,0,RSNA_19048,R-CC,NO,0.0,False,,,
22,0,RSNA_19048,L-MLO,NO,0.0,False,,,
22,0,RSNA_19048,R-MLO,NO,0.0,False,,,
22,1,RSNA_19072,L-CC,NO,1747.0,True,YES,0.0,False
22,1,RSNA_19072,R-CC,NO,1858.0,True,YES,0.0,False
22,1,RSNA_19072,L-MLO,NO,1674.0,True,YES,0.0,False
22,1,RSNA_19072,R-MLO,NO,1699.0,True,YES,0.0,False
22,2,RSNA_19075,L-CC,NO,0.0,False,,,
22,2,RSNA_19075,R-CC,NO,0.0,False,,,
22,2,RSNA_19075,L-MLO,NO,0.0,False,,,
22,2,RSNA_19075,R-MLO,NO,0.0,False,,,
22,3,RSNA_19086,L-CC,NO,0.0,False,,,
22,3,RSNA_19086,R-CC,NO,0.0,False,,,
22,3,RSNA_19086,L-MLO,NO,0.0,False,,,
22,3,RSNA_19086,R-MLO,NO,0.0,False,,,
22,4,RSNA_19088,L-CC,NO,0.0,False,,,
22,4,RSNA_19088,R-CC,NO,0.0,False,,,
22,4,RSNA_19088,L-MLO,NO,0.0,False,,,
22,4,RSNA_19088,R-MLO,NO,0.0,False,,,
22,5,RSNA_19106,L-CC,NO,1323.0,True,YES,0.0,False
22,5,RSNA_19106,R-CC,NO,1369.0,True,YES,0.0,False
22,5,RSNA_19106,L-MLO,NO,1211.0,True,YES,0.0,False
22,5,RSNA_19106,R-MLO,NO,1339.0,True,YES,0.0,False
22,6,RSNA_19109,L-CC,NO,0.0,False,,,
22,6,RSNA_19109,R-CC,NO,0.0,False,,,
22,6,RSNA_19109,L-MLO,NO,0.0,False,,,
22,6,RSNA_19109,R-MLO,NO,0.0,False,,,
22,7,RSNA_19171,L-CC,NO,0.0,False,,,
22,7,RSNA_19171,R-CC,NO,0.0,False,,,
22,7,RSNA_19171,L-MLO,NO,0.0,False,,,
22,7,RSNA_19171,R-MLO,NO,0.0,False,,,
22,8,RSNA_19209,L-CC,NO,0.0,False,,,
22,8,RSNA_19209,R-CC,NO,0.0,False,,,
22,8,RSNA_19209,L-MLO,NO,0.0,False,,,
22,8,RSNA_19209,R-MLO,NO,0.0,False,,,
22,9,RSNA_19274,L-CC,NO,0.0,False,,,
22,9,RSNA_19274,R-CC,NO,0.0,False,,,
22,9,RSNA_19274,L-MLO,NO,0.0,False,,,
22,9,RSNA_19274,R-MLO,NO,0.0,False,,,
22,10,RSNA_19277,L-CC,NO,0.0,False,,,
22,10,RSNA_19277,R-CC,NO,0.0,False,,,
22,10,RSNA_19277,L-MLO,NO,0.0,False,,,
22,10,RSNA_19277,R-MLO,NO,0.0,False,,,
22,11,RSNA_19278,L-CC,NO,0.0,False,,,
22,11,RSNA_19278,R-CC,NO,0.0,False,,,
22,11,RSNA_19278,L-MLO,NO,0.0,False,,,
22,11,RSNA_19278,R-MLO,NO,0.0,False,,,
22,12,RSNA_19287,L-CC,NO,0.0,False,,,
22,12,RSNA_19287,R-CC,NO,0.0,False,,,
22,12,RSNA_19287,L-MLO,NO,0.0,False,,,
22,12,RSNA_19287,R-MLO,NO,0.0,False,,,
22,13,RSNA_19293,L-CC,NO,0.0,False,,,
22,13,RSNA_19293,R-CC,NO,0.0,False,,,
22,13,RSNA_19293,L-MLO,NO,0.0,False,,,
22,13,RSNA_19293,R-MLO,NO,0.0,False,,,
22,14,RSNA_19354,L-CC,NO,1135.0,True,YES,0.0,False
22,14,RSNA_19354,R-CC,NO,1101.0,True,YES,0.0,False
22,14,RSNA_19354,L-MLO,NO,1069.0,True,YES,0.0,False
22,14,RSNA_19354,R-MLO,NO,1024.0,True,YES,0.0,False
22,15,RSNA_19355,L-CC,NO,0.0,False,,,
22,15,RSNA_19355,R-CC,NO,0.0,False,,,
22,15,RSNA_19355,L-MLO,NO,0.0,False,,,
22,15,RSNA_19355,R-MLO,NO,0.0,False,,,
22,16,RSNA_19393,L-CC,NO,0.0,False,,,
22,16,RSNA_19393,R-CC,NO,0.0,False,,,
22,16,RSNA_19393,L-MLO,NO,0.0,False,,,
22,16,RSNA_19393,R-MLO,NO,0.0,False,,,
22,17,RSNA_19404,L-CC,NO,0.0,False,,,
22,17,RSNA_19404,R-CC,NO,0.0,False,,,
22,17,RSNA_19404,L-MLO,NO,0.0,False,,,
22,17,RSNA_19404,R-MLO,NO,0.0,False,,,
22,18,RSNA_19412,L-CC,NO,0.0,False,,,
22,18,RSNA_19412,R-CC,NO,0.0,False,,,
22,18,RSNA_19412,L-MLO,NO,0.0,False,,,
22,18,RSNA_19412,R-MLO,NO,0.0,False,,,
22,19,RSNA_19498,L-CC,NO,0.0,False,,,
22,19,RSNA_19498,R-CC,NO,0.0,False,,,
22,19,RSNA_19498,L-MLO,NO,0.0,False,,,
22,19,RSNA_19498,R-MLO,NO,0.0,False,,,
22,20,RSNA_19534,L-CC,NO,1759.0,True,YES,0.0,False
22,20,RSNA_19534,R-CC,NO,1380.0,True,YES,0.0,False
22,20,RSNA_19534,L-MLO,NO,1851.0,True,YES,0.0,False
22,20,RSNA_19534,R-MLO,NO,1406.0,True,YES,0.0,False
22,21,RSNA_19551,L-CC,NO,0.0,False,,,
22,21,RSNA_19551,R-CC,NO,0.0,False,,,
22,21,RSNA_19551,L-MLO,NO,0.0,False,,,
22,21,RSNA_19551,R-MLO,NO,0.0,False,,,
22,22,RSNA_19553,L-CC,NO,0.0,False,,,
22,22,RSNA_19553,R-CC,NO,0.0,False,,,
22,22,RSNA_19553,L-MLO,NO,0.0,False,,,
22,22,RSNA_19553,R-MLO,NO,0.0,False,,,
22,23,RSNA_1957,L-CC,NO,0.0,False,,,
22,23,RSNA_1957,R-CC,NO,0.0,False,,,
22,23,RSNA_1957,L-MLO,NO,0.0,False,,,
22,23,RSNA_1957,R-MLO,NO,0.0,False,,,
22,24,RSNA_19576,L-CC,NO,0.0,False,,,
22,24,RSNA_19576,R-CC,NO,0.0,False,,,
22,24,RSNA_19576,L-MLO,NO,0.0,False,,,
22,24,RSNA_19576,R-MLO,NO,0.0,False,,,
23,0,RSNA_19577,L-CC,NO,1362.0,True,YES,0.0,False
23,0,RSNA_19577,R-CC,NO,2043.0,True,YES,0.0,False
23,0,RSNA_19577,L-MLO,NO,1297.0,True,YES,0.0,False
23,0,RSNA_19577,R-MLO,NO,1855.0,True,YES,0.0,False
23,1,RSNA_19578,L-CC,NO,0.0,False,,,
23,1,RSNA_19578,R-CC,NO,0.0,False,,,
23,1,RSNA_19578,L-MLO,NO,0.0,False,,,
23,1,RSNA_19578,R-MLO,NO,0.0,False,,,
23,2,RSNA_1960,L-CC,NO,0.0,False,,,
23,2,RSNA_1960,R-CC,NO,0.0,False,,,
23,2,RSNA_1960,L-MLO,NO,0.0,False,,,
23,2,RSNA_1960,R-MLO,NO,0.0,False,,,
23,3,RSNA_19603,L-CC,NO,1304.0,True,YES,0.0,False
23,3,RSNA_19603,R-CC,NO,1424.0,True,YES,0.0,False
23,3,RSNA_19603,L-MLO,NO,1727.0,True,YES,0.0,False
23,3,RSNA_19603,R-MLO,NO,1441.0,True,YES,0.0,False
23,4,RSNA_19605,L-CC,NO,2129.0,True,YES,0.0,False
23,4,RSNA_19605,R-CC,NO,2052.0,True,YES,0.0,False
23,4,RSNA_19605,L-MLO,NO,2112.0,True,YES,0.0,False
23,4,RSNA_19605,R-MLO,NO,2073.0,True,YES,0.0,False
23,5,RSNA_19608,L-CC,NO,0.0,False,,,
23,5,RSNA_19608,R-CC,NO,0.0,False,,,
23,5,RSNA_19608,L-MLO,NO,0.0,False,,,
23,5,RSNA_19608,R-MLO,NO,0.0,False,,,
23,6,RSNA_19625,L-CC,NO,0.0,False,,,
23,6,RSNA_19625,R-CC,NO,0.0,False,,,
23,6,RSNA_19625,L-MLO,NO,0.0,False,,,
23,6,RSNA_19625,R-MLO,NO,0.0,False,,,
23,7,RSNA_1963,L-CC,NO,0.0,False,,,
23,7,RSNA_1963,R-CC,NO,0.0,False,,,
23,7,RSNA_1963,L-MLO,NO,0.0,False,,,
23,7,RSNA_1963,R-MLO,NO,0.0,False,,,
23,8,RSNA_19638,L-CC,NO,0.0,False,,,
23,8,RSNA_19638,R-CC,NO,0.0,False,,,
23,8,RSNA_19638,L-MLO,NO,0.0,False,,,
23,8,RSNA_19638,R-MLO,NO,0.0,False,,,
23,9,RSNA_19639,L-CC,NO,0.0,False,,,
23,9,RSNA_19639,R-CC,NO,0.0,False,,,
23,9,RSNA_19639,L-MLO,NO,0.0,False,,,
23,9,RSNA_19639,R-MLO,NO,0.0,False,,,
23,10,RSNA_19649,L-CC,NO,1626.0,True,YES,0.0,False
23,10,RSNA_19649,R-CC,NO,1637.0,True,YES,0.0,False
23,10,RSNA_19649,L-MLO,NO,1495.0,True,YES,0.0,False
23,10,RSNA_19649,R-MLO,NO,1444.0,True,YES,0.0,False
23,11,RSNA_1970,L-CC,NO,0.0,False,,,
23,11,RSNA_1970,R-CC,NO,0.0,False,,,
23,11,RSNA_1970,L-MLO,NO,0.0,False,,,
23,11,RSNA_1970,R-MLO,NO,0.0,False,,,
23,12,RSNA_19713,L-CC,NO,1688.0,True,YES,0.0,False
23,12,RSNA_19713,R-CC,NO,1610.0,True,YES,0.0,False
23,12,RSNA_19713,L-MLO,NO,1561.0,True,YES,0.0,False
23,12,RSNA_19713,R-MLO,NO,1451.0,True,YES,0.0,False
23,13,RSNA_19715,L-CC,NO,0.0,False,,,
23,13,RSNA_19715,R-CC,NO,0.0,False,,,
23,13,RSNA_19715,L-MLO,NO,0.0,False,,,
23,13,RSNA_19715,R-MLO,NO,0.0,False,,,
23,14,RSNA_19726,L-CC,NO,0.0,False,,,
23,14,RSNA_19726,R-CC,NO,0.0,False,,,
23,14,RSNA_19726,L-MLO,NO,0.0,False,,,
23,14,RSNA_19726,R-MLO,NO,0.0,False,,,
23,15,RSNA_19759,L-CC,NO,0.0,False,,,
23,15,RSNA_19759,R-CC,NO,0.0,False,,,
23,15,RSNA_19759,L-MLO,NO,0.0,False,,,
23,15,RSNA_19759,R-MLO,NO,0.0,False,,,
23,16,RSNA_19787,L-CC,NO,0.0,False,,,
23,16,RSNA_19787,R-CC,NO,0.0,False,,,
23,16,RSNA_19787,L-MLO,NO,0.0,False,,,
23,16,RSNA_19787,R-MLO,NO,0.0,False,,,
23,17,RSNA_19788,L-CC,NO,0.0,False,,,
23,17,RSNA_19788,R-CC,NO,0.0,False,,,
23,17,RSNA_19788,L-MLO,NO,0.0,False,,,
23,17,RSNA_19788,R-MLO,NO,0.0,False,,,
23,18,RSNA_19791,L-CC,NO,0.0,False,,,
23,18,RSNA_19791,R-CC,NO,0.0,False,,,
23,18,RSNA_19791,L-MLO,NO,0.0,False,,,
23,18,RSNA_19791,R-MLO,NO,0.0,False,,,
23,19,RSNA_19811,L-CC,NO,0.0,False,,,
23,19,RSNA_19811,R-CC,NO,0.0,False,,,
23,19,RSNA_19811,L-MLO,NO,0.0,False,,,
23,19,RSNA_19811,R-MLO,NO,0.0,False,,,
23,20,RSNA_19824,L-CC,NO,0.0,False,,,
23,20,RSNA_19824,R-CC,NO,0.0,False,,,
23,20,RSNA_19824,L-MLO,NO,0.0,False,,,
23,20,RSNA_19824,R-MLO,NO,0.0,False,,,
23,21,RSNA_19830,L-CC,NO,0.0,False,,,
23,21,RSNA_19830,R-CC,NO,0.0,False,,,
23,21,RSNA_19830,L-MLO,NO,0.0,False,,,
23,21,RSNA_19830,R-MLO,NO,0.0,False,,,
23,22,RSNA_19853,L-CC,NO,1236.0,True,YES,0.0,False
23,22,RSNA_19853,R-CC,NO,968.0,True,YES,0.0,False
23,22,RSNA_19853,L-MLO,NO,976.0,True,YES,0.0,False
23,22,RSNA_19853,R-MLO,NO,1002.0,True,YES,0.0,False
23,23,RSNA_19862,L-CC,NO,0.0,False,,,
23,23,RSNA_19862,R-CC,NO,0.0,False,,,
23,23,RSNA_19862,L-MLO,NO,0.0,False,,,
23,23,RSNA_19862,R-MLO,NO,0.0,False,,,
23,24,RSNA_19863,L-CC,NO,0.0,False,,,
23,24,RSNA_19863,R-CC,NO,0.0,False,,,
23,24,RSNA_19863,L-MLO,NO,0.0,False,,,
23,24,RSNA_19863,R-MLO,NO,0.0,False,,,
24,0,RSNA_19867,L-CC,NO,0.0,False,,,
24,0,RSNA_19867,R-CC,NO,0.0,False,,,
24,0,RSNA_19867,L-MLO,NO,0.0,False,,,
24,0,RSNA_19867,R-MLO,NO,0.0,False,,,
24,1,RSNA_19887,L-CC,NO,0.0,False,,,
24,1,RSNA_19887,R-CC,NO,0.0,False,,,
24,1,RSNA_19887,L-MLO,NO,0.0,False,,,
24,1,RSNA_19887,R-MLO,NO,0.0,False,,,
24,2,RSNA_19888,L-CC,NO,0.0,False,,,
24,2,RSNA_19888,R-CC,NO,0.0,False,,,
24,2,RSNA_19888,L-MLO,NO,0.0,False,,,
24,2,RSNA_19888,R-MLO,NO,0.0,False,,,
24,3,RSNA_1990,L-CC,NO,1670.0,True,YES,0.0,False
24,3,RSNA_1990,R-CC,NO,1587.0,True,YES,0.0,False
24,3,RSNA_1990,L-MLO,NO,1613.0,True,YES,0.0,False
24,3,RSNA_1990,R-MLO,NO,1416.0,True,YES,0.0,False
24,4,RSNA_19903,L-CC,NO,1411.0,True,YES,0.0,False
24,4,RSNA_19903,R-CC,NO,1567.0,True,YES,0.0,False
24,4,RSNA_19903,L-MLO,NO,1290.0,True,YES,0.0,False
24,4,RSNA_19903,R-MLO,NO,1282.0,True,YES,0.0,False
24,5,RSNA_19905,L-CC,NO,0.0,False,,,
24,5,RSNA_19905,R-CC,NO,0.0,False,,,
24,5,RSNA_19905,L-MLO,NO,0.0,False,,,
24,5,RSNA_19905,R-MLO,NO,0.0,False,,,
24,6,RSNA_19919,L-CC,NO,1894.0,True,YES,0.0,False
24,6,RSNA_19919,R-CC,NO,1864.0,True,YES,0.0,False
24,6,RSNA_19919,L-MLO,NO,1863.0,True,YES,0.0,False
24,6,RSNA_19919,R-MLO,NO,1799.0,True,YES,0.0,False
24,7,RSNA_19987,L-CC,NO,0.0,False,,,
24,7,RSNA_19987,R-CC,NO,0.0,False,,,
24,7,RSNA_19987,L-MLO,NO,0.0,False,,,
24,7,RSNA_19987,R-MLO,NO,0.0,False,,,
24,8,RSNA_20004,L-CC,NO,0.0,False,,,
24,8,RSNA_20004,R-CC,NO,0.0,False,,,
24,8,RSNA_20004,L-MLO,NO,0.0,False,,,
24,8,RSNA_20004,R-MLO,NO,0.0,False,,,
24,9,RSNA_20005,L-CC,NO,1822.0,True,YES,0.0,False
24,9,RSNA_20005,R-CC,NO,1820.0,True,YES,0.0,False
24,9,RSNA_20005,L-MLO,NO,1737.0,True,YES,0.0,False
24,9,RSNA_20005,R-MLO,NO,1692.0,True,YES,0.0,False
24,10,RSNA_20012,L-CC,NO,0.0,False,,,
24,10,RSNA_20012,R-CC,NO,0.0,False,,,
24,10,RSNA_20012,L-MLO,NO,0.0,False,,,
24,10,RSNA_20012,R-MLO,NO,0.0,False,,,
24,11,RSNA_20023,L-CC,NO,0.0,False,,,
24,11,RSNA_20023,R-CC,NO,0.0,False,,,
24,11,RSNA_20023,L-MLO,NO,0.0,False,,,
24,11,RSNA_20023,R-MLO,NO,0.0,False,,,
24,12,RSNA_2004,L-CC,NO,0.0,False,,,
24,12,RSNA_2004,R-CC,NO,0.0,False,,,
24,12,RSNA_2004,L-MLO,NO,0.0,False,,,
24,12,RSNA_2004,R-MLO,NO,0.0,False,,,
24,13,RSNA_20057,L-CC,NO,0.0,False,,,
24,13,RSNA_20057,R-CC,NO,0.0,False,,,
24,13,RSNA_20057,L-MLO,NO,0.0,False,,,
24,13,RSNA_20057,R-MLO,NO,0.0,False,,,
24,14,RSNA_20126,L-CC,NO,0.0,False,,,
24,14,RSNA_20126,R-CC,NO,0.0,False,,,
24,14,RSNA_20126,L-MLO,NO,0.0,False,,,
24,14,RSNA_20126,R-MLO,NO,0.0,False,,,
24,15,RSNA_20139,L-CC,NO,0.0,False,,,
24,15,RSNA_20139,R-CC,NO,0.0,False,,,
24,15,RSNA_20139,L-MLO,NO,0.0,False,,,
24,15,RSNA_20139,R-MLO,NO,0.0,False,,,
24,16,RSNA_20184,L-CC,NO,1219.0,True,YES,0.0,False
24,16,RSNA_20184,R-CC,NO,1312.0,True,YES,0.0,False
24,16,RSNA_20184,L-MLO,NO,1103.0,True,YES,0.0,False
24,16,RSNA_20184,R-MLO,NO,1315.0,True,YES,0.0,False
24,17,RSNA_20187,L-CC,NO,765.0,True,YES,0.0,False
24,17,RSNA_20187,R-CC,NO,736.0,True,YES,0.0,False
24,17,RSNA_20187,L-MLO,NO,390.0,True,YES,0.0,False
24,17,RSNA_20187,R-MLO,NO,504.0,True,YES,0.0,False
24,18,RSNA_20196,L-CC,NO,0.0,False,,,
24,18,RSNA_20196,R-CC,NO,0.0,False,,,
24,18,RSNA_20196,L-MLO,NO,0.0,False,,,
24,18,RSNA_20196,R-MLO,NO,0.0,False,,,
24,19,RSNA_20197,L-CC,NO,0.0,False,,,
24,19,RSNA_20197,R-CC,NO,0.0,False,,,
24,19,RSNA_20197,L-MLO,NO,0.0,False,,,
24,19,RSNA_20197,R-MLO,NO,0.0,False,,,
24,20,RSNA_20198,L-CC,NO,1402.0,True,YES,0.0,False
24,20,RSNA_20198,R-CC,NO,1441.0,True,YES,0.0,False
24,20,RSNA_20198,L-MLO,NO,1483.0,True,YES,0.0,False
24,20,RSNA_20198,R-MLO,NO,1382.0,True,YES,0.0,False
24,21,RSNA_20209,L-CC,NO,0.0,False,,,
24,21,RSNA_20209,R-CC,NO,0.0,False,,,
24,21,RSNA_20209,L-MLO,NO,0.0,False,,,
24,21,RSNA_20209,R-MLO,NO,0.0,False,,,
24,22,RSNA_20210,L-CC,NO,1504.0,True,YES,0.0,False
24,22,RSNA_20210,R-CC,NO,1579.0,True,YES,0.0,False
24,22,RSNA_20210,L-MLO,NO,1387.0,True,YES,0.0,False
24,22,RSNA_20210,R-MLO,NO,1271.0,True,YES,0.0,False
24,23,RSNA_20211,L-CC,NO,0.0,False,,,
24,23,RSNA_20211,R-CC,NO,0.0,False,,,
24,23,RSNA_20211,L-MLO,NO,0.0,False,,,
24,23,RSNA_20211,R-MLO,NO,0.0,False,,,
24,24,RSNA_20218,L-CC,NO,0.0,False,,,
24,24,RSNA_20218,R-CC,NO,0.0,False,,,
24,24,RSNA_20218,L-MLO,NO,0.0,False,,,
24,24,RSNA_20218,R-MLO,NO,0.0,False,,,
25,0,RSNA_20247,L-CC,NO,0.0,False,,,
25,0,RSNA_20247,R-CC,NO,0.0,False,,,
25,0,RSNA_20247,L-MLO,NO,0.0,False,,,
25,0,RSNA_20247,R-MLO,NO,0.0,False,,,
25,1,RSNA_20251,L-CC,NO,1864.0,True,YES,0.0,False
25,1,RSNA_20251,R-CC,NO,2004.0,True,YES,0.0,False
25,1,RSNA_20251,L-MLO,NO,1737.0,True,YES,0.0,False
25,1,RSNA_20251,R-MLO,NO,1906.0,True,YES,0.0,False
25,2,RSNA_20294,L-CC,NO,0.0,False,,,
25,2,RSNA_20294,R-CC,NO,0.0,False,,,
25,2,RSNA_20294,L-MLO,NO,0.0,False,,,
25,2,RSNA_20294,R-MLO,NO,0.0,False,,,
25,3,RSNA_2030,L-CC,NO,1738.0,True,YES,0.0,False
25,3,RSNA_2030,R-CC,NO,1745.0,True,YES,0.0,False
25,3,RSNA_2030,L-MLO,NO,1654.0,True,YES,0.0,False
25,3,RSNA_2030,R-MLO,NO,1677.0,True,YES,0.0,False
25,4,RSNA_20302,L-CC,NO,0.0,False,,,
25,4,RSNA_20302,R-CC,NO,0.0,False,,,
25,4,RSNA_20302,L-MLO,NO,0.0,False,,,
25,4,RSNA_20302,R-MLO,NO,0.0,False,,,
25,5,RSNA_20317,L-CC,NO,0.0,False,,,
25,5,RSNA_20317,R-CC,NO,0.0,False,,,
25,5,RSNA_20317,L-MLO,NO,0.0,False,,,
25,5,RSNA_20317,R-MLO,NO,0.0,False,,,
25,6,RSNA_20319,L-CC,NO,0.0,False,,,
25,6,RSNA_20319,R-CC,NO,0.0,False,,,
25,6,RSNA_20319,L-MLO,NO,0.0,False,,,
25,6,RSNA_20319,R-MLO,NO,0.0,False,,,
25,7,RSNA_20326,L-CC,NO,0.0,False,,,
25,7,RSNA_20326,R-CC,NO,0.0,False,,,
25,7,RSNA_20326,L-MLO,NO,0.0,False,,,
25,7,RSNA_20326,R-MLO,NO,0.0,False,,,
25,8,RSNA_20338,L-CC,NO,0.0,False,,,
25,8,RSNA_20338,R-CC,NO,0.0,False,,,
25,8,RSNA_20338,L-MLO,NO,0.0,False,,,
25,8,RSNA_20338,R-MLO,NO,0.0,False,,,
25,9,RSNA_20341,L-CC,NO,0.0,False,,,
25,9,RSNA_20341,R-CC,NO,0.0,False,,,
25,9,RSNA_20341,L-MLO,NO,0.0,False,,,
25,9,RSNA_20341,R-MLO,NO,0.0,False,,,
25,10,RSNA_20352,L-CC,NO,0.0,False,,,
25,10,RSNA_20352,R-CC,NO,0.0,False,,,
25,10,RSNA_20352,L-MLO,NO,0.0,False,,,
25,10,RSNA_20352,R-MLO,NO,0.0,False,,,
25,11,RSNA_20398,L-CC,NO,0.0,False,,,
25,11,RSNA_20398,R-CC,NO,0.0,False,,,
25,11,RSNA_20398,L-MLO,NO,0.0,False,,,
25,11,RSNA_20398,R-MLO,NO,0.0,False,,,
25,12,RSNA_204,L-CC,NO,0.0,False,,,
25,12,RSNA_204,R-CC,NO,0.0,False,,,
25,12,RSNA_204,L-MLO,NO,0.0,False,,,
25,12,RSNA_204,R-MLO,NO,0.0,False,,,
25,13,RSNA_20412,L-CC,NO,0.0,False,,,
25,13,RSNA_20412,R-CC,NO,0.0,False,,,
25,13,RSNA_20412,L-MLO,NO,0.0,False,,,
25,13,RSNA_20412,R-MLO,NO,0.0,False,,,
25,14,RSNA_20442,L-CC,NO,0.0,False,,,
25,14,RSNA_20442,R-CC,NO,0.0,False,,,
25,14,RSNA_20442,L-MLO,NO,0.0,False,,,
25,14,RSNA_20442,R-MLO,NO,0.0,False,,,
25,15,RSNA_20468,L-CC,NO,0.0,False,,,
25,15,RSNA_20468,R-CC,NO,0.0,False,,,
25,15,RSNA_20468,L-MLO,NO,0.0,False,,,
25,15,RSNA_20468,R-MLO,NO,0.0,False,,,
25,16,RSNA_20476,L-CC,NO,0.0,False,,,
25,16,RSNA_20476,R-CC,NO,0.0,False,,,
25,16,RSNA_20476,L-MLO,NO,0.0,False,,,
25,16,RSNA_20476,R-MLO,NO,0.0,False,,,
25,17,RSNA_20494,L-CC,NO,0.0,False,,,
25,17,RSNA_20494,R-CC,NO,0.0,False,,,
25,17,RSNA_20494,L-MLO,NO,0.0,False,,,
25,17,RSNA_20494,R-MLO,NO,0.0,False,,,
25,18,RSNA_20521,L-CC,NO,0.0,False,,,
25,18,RSNA_20521,R-CC,NO,0.0,False,,,
25,18,RSNA_20521,L-MLO,NO,0.0,False,,,
25,18,RSNA_20521,R-MLO,NO,0.0,False,,,
25,19,RSNA_20540,L-CC,NO,1954.0,True,YES,0.0,False
25,19,RSNA_20540,R-CC,NO,1959.0,True,YES,0.0,False
25,19,RSNA_20540,L-MLO,NO,1835.0,True,YES,0.0,False
25,19,RSNA_20540,R-MLO,NO,1716.0,True,YES,0.0,False
25,20,RSNA_20583,L-CC,NO,0.0,False,,,
25,20,RSNA_20583,R-CC,NO,0.0,False,,,
25,20,RSNA_20583,L-MLO,NO,0.0,False,,,
25,20,RSNA_20583,R-MLO,NO,0.0,False,,,
25,21,RSNA_20595,L-CC,NO,0.0,False,,,
25,21,RSNA_20595,R-CC,NO,0.0,False,,,
25,21,RSNA_20595,L-MLO,NO,0.0,False,,,
25,21,RSNA_20595,R-MLO,NO,0.0,False,,,
25,22,RSNA_20611,L-CC,NO,0.0,False,,,
25,22,RSNA_20611,R-CC,NO,0.0,False,,,
25,22,RSNA_20611,L-MLO,NO,0.0,False,,,
25,22,RSNA_20611,R-MLO,NO,0.0,False,,,
25,23,RSNA_20646,L-CC,NO,0.0,False,,,
25,23,RSNA_20646,R-CC,NO,0.0,False,,,
25,23,RSNA_20646,L-MLO,NO,0.0,False,,,
25,23,RSNA_20646,R-MLO,NO,0.0,False,,,
25,24,RSNA_20655,L-CC,NO,0.0,False,,,
25,24,RSNA_20655,R-CC,NO,0.0,False,,,
25,24,RSNA_20655,L-MLO,NO,0.0,False,,,
25,24,RSNA_20655,R-MLO,NO,0.0,False,,,
26,0,RSNA_2069,L-CC,NO,0.0,False,,,
26,0,RSNA_2069,R-CC,NO,0.0,False,,,
26,0,RSNA_2069,L-MLO,NO,0.0,False,,,
26,0,RSNA_2069,R-MLO,NO,0.0,False,,,
26,1,RSNA_20696,L-CC,NO,0.0,False,,,
26,1,RSNA_20696,R-CC,NO,0.0,False,,,
26,1,RSNA_20696,L-MLO,NO,0.0,False,,,
26,1,RSNA_20696,R-MLO,NO,0.0,False,,,
26,2,RSNA_20741,L-CC,NO,0.0,False,,,
26,2,RSNA_20741,R-CC,NO,0.0,False,,,
26,2,RSNA_20741,L-MLO,NO,0.0,False,,,
26,2,RSNA_20741,R-MLO,NO,0.0,False,,,
26,3,RSNA_20744,L-CC,NO,0.0,False,,,
26,3,RSNA_20744,R-CC,NO,0.0,False,,,
26,3,RSNA_20744,L-MLO,NO,0.0,False,,,
26,3,RSNA_20744,R-MLO,NO,0.0,False,,,
26,4,RSNA_20750,L-CC,NO,0.0,False,,,
26,4,RSNA_20750,R-CC,NO,0.0,False,,,
26,4,RSNA_20750,L-MLO,NO,0.0,False,,,
26,4,RSNA_20750,R-MLO,NO,0.0,False,,,
26,5,RSNA_20751,L-CC,NO,0.0,False,,,
26,5,RSNA_20751,R-CC,NO,0.0,False,,,
26,5,RSNA_20751,L-MLO,NO,0.0,False,,,
26,5,RSNA_20751,R-MLO,NO,0.0,False,,,
26,6,RSNA_20782,L-CC,NO,0.0,False,,,
26,6,RSNA_20782,R-CC,NO,0.0,False,,,
26,6,RSNA_20782,L-MLO,NO,0.0,False,,,
26,6,RSNA_20782,R-MLO,NO,0.0,False,,,
26,7,RSNA_20786,L-CC,NO,0.0,False,,,
26,7,RSNA_20786,R-CC,NO,0.0,False,,,
26,7,RSNA_20786,L-MLO,NO,0.0,False,,,
26,7,RSNA_20786,R-MLO,NO,0.0,False,,,
26,8,RSNA_20850,L-CC,NO,0.0,False,,,
26,8,RSNA_20850,R-CC,NO,0.0,False,,,
26,8,RSNA_20850,L-MLO,NO,0.0,False,,,
26,8,RSNA_20850,R-MLO,NO,0.0,False,,,
26,9,RSNA_20909,L-CC,NO,0.0,False,,,
26,9,RSNA_20909,R-CC,NO,0.0,False,,,
26,9,RSNA_20909,L-MLO,NO,0.0,False,,,
26,9,RSNA_20909,R-MLO,NO,0.0,False,,,
26,10,RSNA_20932,L-CC,NO,0.0,False,,,
26,10,RSNA_20932,R-CC,NO,0.0,False,,,
26,10,RSNA_20932,L-MLO,NO,0.0,False,,,
26,10,RSNA_20932,R-MLO,NO,0.0,False,,,
26,11,RSNA_20948,L-CC,NO,1907.0,True,YES,0.0,False
26,11,RSNA_20948,R-CC,NO,1918.0,True,YES,0.0,False
26,11,RSNA_20948,L-MLO,NO,1676.0,True,YES,0.0,False
26,11,RSNA_20948,R-MLO,NO,1670.0,True,YES,0.0,False
26,12,RSNA_20953,L-CC,NO,0.0,False,,,
26,12,RSNA_20953,R-CC,NO,0.0,False,,,
26,12,RSNA_20953,L-MLO,NO,0.0,False,,,
26,12,RSNA_20953,R-MLO,NO,0.0,False,,,
26,13,RSNA_20954,L-CC,NO,0.0,False,,,
26,13,RSNA_20954,R-CC,NO,0.0,False,,,
26,13,RSNA_20954,L-MLO,NO,0.0,False,,,
26,13,RSNA_20954,R-MLO,NO,0.0,False,,,
26,14,RSNA_20980,L-CC,NO,0.0,False,,,
26,14,RSNA_20980,R-CC,NO,0.0,False,,,
26,14,RSNA_20980,L-MLO,NO,0.0,False,,,
26,14,RSNA_20980,R-MLO,NO,0.0,False,,,
26,15,RSNA_20988,L-CC,NO,0.0,False,,,
26,15,RSNA_20988,R-CC,NO,0.0,False,,,
26,15,RSNA_20988,L-MLO,NO,0.0,False,,,
26,15,RSNA_20988,R-MLO,NO,0.0,False,,,
26,16,RSNA_20990,L-CC,NO,0.0,False,,,
26,16,RSNA_20990,R-CC,NO,0.0,False,,,
26,16,RSNA_20990,L-MLO,NO,0.0,False,,,
26,16,RSNA_20990,R-MLO,NO,0.0,False,,,
26,17,RSNA_21055,L-CC,NO,0.0,False,,,
26,17,RSNA_21055,R-CC,NO,0.0,False,,,
26,17,RSNA_21055,L-MLO,NO,0.0,False,,,
26,17,RSNA_21055,R-MLO,NO,0.0,False,,,
26,18,RSNA_21068,L-CC,NO,0.0,False,,,
26,18,RSNA_21068,R-CC,NO,0.0,False,,,
26,18,RSNA_21068,L-MLO,NO,0.0,False,,,
26,18,RSNA_21068,R-MLO,NO,0.0,False,,,
26,19,RSNA_211,L-CC,NO,1778.0,True,YES,0.0,False
26,19,RSNA_211,R-CC,NO,1815.0,True,YES,0.0,False
26,19,RSNA_211,L-MLO,NO,1525.0,True,YES,0.0,False
26,19,RSNA_211,R-MLO,NO,1626.0,True,YES,0.0,False
26,20,RSNA_2112,L-CC,NO,0.0,False,,,
26,20,RSNA_2112,R-CC,NO,0.0,False,,,
26,20,RSNA_2112,L-MLO,NO,0.0,False,,,
26,20,RSNA_2112,R-MLO,NO,0.0,False,,,
26,21,RSNA_21133,L-CC,NO,0.0,False,,,
26,21,RSNA_21133,R-CC,NO,0.0,False,,,
26,21,RSNA_21133,L-MLO,NO,0.0,False,,,
26,21,RSNA_21133,R-MLO,NO,0.0,False,,,
26,22,RSNA_21149,L-CC,NO,0.0,False,,,
26,22,RSNA_21149,R-CC,NO,0.0,False,,,
26,22,RSNA_21149,L-MLO,NO,0.0,False,,,
26,22,RSNA_21149,R-MLO,NO,0.0,False,,,
26,23,RSNA_21154,L-CC,NO,0.0,False,,,
26,23,RSNA_21154,R-CC,NO,0.0,False,,,
26,23,RSNA_21154,L-MLO,NO,0.0,False,,,
26,23,RSNA_21154,R-MLO,NO,0.0,False,,,
26,24,RSNA_21189,L-CC,NO,23.0,True,,,
26,24,RSNA_21189,R-CC,NO,0.0,False,,,
26,24,RSNA_21189,L-MLO,NO,42.0,True,,,
26,24,RSNA_21189,R-MLO,NO,83.0,True,,,
27,0,RSNA_21194,L-CC,NO,0.0,False,,,
27,0,RSNA_21194,R-CC,NO,0.0,False,,,
27,0,RSNA_21194,L-MLO,NO,0.0,False,,,
27,0,RSNA_21194,R-MLO,NO,0.0,False,,,
27,1,RSNA_21221,L-CC,NO,0.0,False,,,
27,1,RSNA_21221,R-CC,NO,0.0,False,,,
27,1,RSNA_21221,L-MLO,NO,0.0,False,,,
27,1,RSNA_21221,R-MLO,NO,0.0,False,,,
27,2,RSNA_21224,L-CC,NO,698.0,True,YES,0.0,False
27,2,RSNA_21224,R-CC,NO,945.0,True,YES,0.0,False
27,2,RSNA_21224,L-MLO,NO,689.0,True,YES,0.0,False
27,2,RSNA_21224,R-MLO,NO,767.0,True,YES,0.0,False
27,3,RSNA_21229,L-CC,NO,0.0,False,,,
27,3,RSNA_21229,R-CC,NO,0.0,False,,,
27,3,RSNA_21229,L-MLO,NO,0.0,False,,,
27,3,RSNA_21229,R-MLO,NO,0.0,False,,,
27,4,RSNA_21232,L-CC,NO,0.0,False,,,
27,4,RSNA_21232,R-CC,NO,0.0,False,,,
27,4,RSNA_21232,L-MLO,NO,0.0,False,,,
27,4,RSNA_21232,R-MLO,NO,0.0,False,,,
27,5,RSNA_21244,L-CC,NO,0.0,False,,,
27,5,RSNA_21244,R-CC,NO,0.0,False,,,
27,5,RSNA_21244,L-MLO,NO,0.0,False,,,
27,5,RSNA_21244,R-MLO,NO,0.0,False,,,
27,6,RSNA_21245,L-CC,NO,1664.0,True,YES,0.0,False
27,6,RSNA_21245,R-CC,NO,1625.0,True,YES,0.0,False
27,6,RSNA_21245,L-MLO,NO,1599.0,True,YES,0.0,False
27,6,RSNA_21245,R-MLO,NO,1631.0,True,YES,0.0,False
27,7,RSNA_21262,L-CC,NO,0.0,False,,,
27,7,RSNA_21262,R-CC,NO,0.0,False,,,
27,7,RSNA_21262,L-MLO,NO,0.0,False,,,
27,7,RSNA_21262,R-MLO,NO,0.0,False,,,
27,8,RSNA_21287,L-CC,NO,0.0,False,,,
27,8,RSNA_21287,R-CC,NO,0.0,False,,,
27,8,RSNA_21287,L-MLO,NO,0.0,False,,,
27,8,RSNA_21287,R-MLO,NO,0.0,False,,,
27,9,RSNA_21288,L-CC,NO,0.0,False,,,
27,9,RSNA_21288,R-CC,NO,0.0,False,,,
27,9,RSNA_21288,L-MLO,NO,0.0,False,,,
27,9,RSNA_21288,R-MLO,NO,0.0,False,,,
27,10,RSNA_21296,L-CC,NO,0.0,False,,,
27,10,RSNA_21296,R-CC,NO,0.0,False,,,
27,10,RSNA_21296,L-MLO,NO,0.0,False,,,
27,10,RSNA_21296,R-MLO,NO,0.0,False,,,
27,11,RSNA_21300,L-CC,NO,0.0,False,,,
27,11,RSNA_21300,R-CC,NO,0.0,False,,,
27,11,RSNA_21300,L-MLO,NO,0.0,False,,,
27,11,RSNA_21300,R-MLO,NO,0.0,False,,,
27,12,RSNA_21304,L-CC,NO,0.0,False,,,
27,12,RSNA_21304,R-CC,NO,0.0,False,,,
27,12,RSNA_21304,L-MLO,NO,0.0,False,,,
27,12,RSNA_21304,R-MLO,NO,0.0,False,,,
27,13,RSNA_21305,L-CC,NO,0.0,False,,,
27,13,RSNA_21305,R-CC,NO,0.0,False,,,
27,13,RSNA_21305,L-MLO,NO,0.0,False,,,
27,13,RSNA_21305,R-MLO,NO,0.0,False,,,
27,14,RSNA_21307,L-CC,NO,0.0,False,,,
27,14,RSNA_21307,R-CC,NO,0.0,False,,,
27,14,RSNA_21307,L-MLO,NO,0.0,False,,,
27,14,RSNA_21307,R-MLO,NO,0.0,False,,,
27,15,RSNA_21314,L-CC,NO,0.0,False,,,
27,15,RSNA_21314,R-CC,NO,0.0,False,,,
27,15,RSNA_21314,L-MLO,NO,0.0,False,,,
27,15,RSNA_21314,R-MLO,NO,0.0,False,,,
27,16,RSNA_2133,L-CC,NO,0.0,False,,,
27,16,RSNA_2133,R-CC,NO,0.0,False,,,
27,16,RSNA_2133,L-MLO,NO,0.0,False,,,
27,16,RSNA_2133,R-MLO,NO,0.0,False,,,
27,17,RSNA_21346,L-CC,NO,0.0,False,,,
27,17,RSNA_21346,R-CC,NO,0.0,False,,,
27,17,RSNA_21346,L-MLO,NO,0.0,False,,,
27,17,RSNA_21346,R-MLO,NO,0.0,False,,,
27,18,RSNA_21368,L-CC,NO,0.0,False,,,
27,18,RSNA_21368,R-CC,NO,0.0,False,,,
27,18,RSNA_21368,L-MLO,NO,0.0,False,,,
27,18,RSNA_21368,R-MLO,NO,0.0,False,,,
27,19,RSNA_21391,L-CC,NO,0.0,False,,,
27,19,RSNA_21391,R-CC,NO,0.0,False,,,
27,19,RSNA_21391,L-MLO,NO,0.0,False,,,
27,19,RSNA_21391,R-MLO,NO,0.0,False,,,
27,20,RSNA_21409,L-CC,NO,0.0,False,,,
27,20,RSNA_21409,R-CC,NO,0.0,False,,,
27,20,RSNA_21409,L-MLO,NO,0.0,False,,,
27,20,RSNA_21409,R-MLO,NO,0.0,False,,,
27,21,RSNA_2141,L-CC,NO,0.0,False,,,
27,21,RSNA_2141,R-CC,NO,0.0,False,,,
27,21,RSNA_2141,L-MLO,NO,0.0,False,,,
27,21,RSNA_2141,R-MLO,NO,0.0,False,,,
27,22,RSNA_21462,L-CC,NO,163.0,True,YES,0.0,False
27,22,RSNA_21462,R-CC,NO,368.0,True,YES,0.0,False
27,22,RSNA_21462,L-MLO,NO,271.0,True,YES,0.0,False
27,22,RSNA_21462,R-MLO,NO,356.0,True,YES,0.0,False
27,23,RSNA_21486,L-CC,NO,0.0,False,,,
27,23,RSNA_21486,R-CC,NO,0.0,False,,,
27,23,RSNA_21486,L-MLO,NO,0.0,False,,,
27,23,RSNA_21486,R-MLO,NO,0.0,False,,,
27,24,RSNA_21511,L-CC,NO,0.0,False,,,
27,24,RSNA_21511,R-CC,NO,0.0,False,,,
27,24,RSNA_21511,L-MLO,NO,0.0,False,,,
27,24,RSNA_21511,R-MLO,NO,0.0,False,,,
28,0,RSNA_21519,L-CC,NO,1011.0,True,YES,0.0,False
28,0,RSNA_21519,R-CC,NO,1095.0,True,YES,0.0,False
28,0,RSNA_21519,L-MLO,NO,872.0,True,YES,0.0,False
28,0,RSNA_21519,R-MLO,NO,1034.0,True,YES,0.0,False
28,1,RSNA_2152,L-CC,NO,0.0,False,,,
28,1,RSNA_2152,R-CC,NO,0.0,False,,,
28,1,RSNA_2152,L-MLO,NO,0.0,False,,,
28,1,RSNA_2152,R-MLO,NO,0.0,False,,,
28,2,RSNA_21562,L-CC,NO,0.0,False,,,
28,2,RSNA_21562,R-CC,NO,0.0,False,,,
28,2,RSNA_21562,L-MLO,NO,0.0,False,,,
28,2,RSNA_21562,R-MLO,NO,0.0,False,,,
28,3,RSNA_21587,L-CC,NO,0.0,False,,,
28,3,RSNA_21587,R-CC,NO,0.0,False,,,
28,3,RSNA_21587,L-MLO,NO,0.0,False,,,
28,3,RSNA_21587,R-MLO,NO,0.0,False,,,
28,4,RSNA_21619,L-CC,NO,0.0,False,,,
28,4,RSNA_21619,R-CC,NO,0.0,False,,,
28,4,RSNA_21619,L-MLO,NO,0.0,False,,,
28,4,RSNA_21619,R-MLO,NO,0.0,False,,,
28,5,RSNA_2162,L-CC,NO,0.0,False,,,
28,5,RSNA_2162,R-CC,NO,0.0,False,,,
28,5,RSNA_2162,L-MLO,NO,0.0,False,,,
28,5,RSNA_2162,R-MLO,NO,0.0,False,,,
28,6,RSNA_21678,L-CC,NO,0.0,False,,,
28,6,RSNA_21678,R-CC,NO,0.0,False,,,
28,6,RSNA_21678,L-MLO,NO,0.0,False,,,
28,6,RSNA_21678,R-MLO,NO,0.0,False,,,
28,7,RSNA_21687,L-CC,NO,0.0,False,,,
28,7,RSNA_21687,R-CC,NO,0.0,False,,,
28,7,RSNA_21687,L-MLO,NO,0.0,False,,,
28,7,RSNA_21687,R-MLO,NO,0.0,False,,,
28,8,RSNA_21695,L-CC,NO,0.0,False,,,
28,8,RSNA_21695,R-CC,NO,0.0,False,,,
28,8,RSNA_21695,L-MLO,NO,0.0,False,,,
28,8,RSNA_21695,R-MLO,NO,0.0,False,,,
28,9,RSNA_21711,L-CC,NO,0.0,False,,,
28,9,RSNA_21711,R-CC,NO,0.0,False,,,
28,9,RSNA_21711,L-MLO,NO,0.0,False,,,
28,9,RSNA_21711,R-MLO,NO,0.0,False,,,
28,10,RSNA_21713,L-CC,NO,1330.0,True,YES,0.0,False
28,10,RSNA_21713,R-CC,NO,1251.0,True,YES,0.0,False
28,10,RSNA_21713,L-MLO,NO,1223.0,True,YES,0.0,False
28,10,RSNA_21713,R-MLO,NO,2346.0,True,YES,0.0,False
28,11,RSNA_21720,L-CC,NO,0.0,False,,,
28,11,RSNA_21720,R-CC,NO,0.0,False,,,
28,11,RSNA_21720,L-MLO,NO,0.0,False,,,
28,11,RSNA_21720,R-MLO,NO,0.0,False,,,
28,12,RSNA_21738,L-CC,NO,0.0,False,,,
28,12,RSNA_21738,R-CC,NO,0.0,False,,,
28,12,RSNA_21738,L-MLO,NO,0.0,False,,,
28,12,RSNA_21738,R-MLO,NO,0.0,False,,,
28,13,RSNA_21744,L-CC,NO,0.0,False,,,
28,13,RSNA_21744,R-CC,NO,0.0,False,,,
28,13,RSNA_21744,L-MLO,NO,0.0,False,,,
28,13,RSNA_21744,R-MLO,NO,0.0,False,,,
28,14,RSNA_21750,L-CC,NO,0.0,False,,,
28,14,RSNA_21750,R-CC,NO,0.0,False,,,
28,14,RSNA_21750,L-MLO,NO,0.0,False,,,
28,14,RSNA_21750,R-MLO,NO,0.0,False,,,
28,15,RSNA_21759,L-CC,NO,0.0,False,,,
28,15,RSNA_21759,R-CC,NO,0.0,False,,,
28,15,RSNA_21759,L-MLO,NO,0.0,False,,,
28,15,RSNA_21759,R-MLO,NO,0.0,False,,,
28,16,RSNA_21780,L-CC,NO,1512.0,True,YES,0.0,False
28,16,RSNA_21780,R-CC,NO,1618.0,True,YES,0.0,False
28,16,RSNA_21780,L-MLO,NO,1537.0,True,YES,0.0,False
28,16,RSNA_21780,R-MLO,NO,1565.0,True,YES,0.0,False
28,17,RSNA_21785,L-CC,NO,0.0,False,,,
28,17,RSNA_21785,R-CC,NO,0.0,False,,,
28,17,RSNA_21785,L-MLO,NO,0.0,False,,,
28,17,RSNA_21785,R-MLO,NO,0.0,False,,,
28,18,RSNA_21789,L-CC,NO,0.0,False,,,
28,18,RSNA_21789,R-CC,NO,0.0,False,,,
28,18,RSNA_21789,L-MLO,NO,0.0,False,,,
28,18,RSNA_21789,R-MLO,NO,0.0,False,,,
28,19,RSNA_2180,L-CC,NO,169.0,True,,,
28,19,RSNA_2180,R-CC,NO,21.0,True,,,
28,19,RSNA_2180,L-MLO,NO,0.0,False,,,
28,19,RSNA_2180,R-MLO,NO,0.0,False,,,
28,20,RSNA_21805,L-CC,NO,0.0,False,,,
28,20,RSNA_21805,R-CC,NO,0.0,False,,,
28,20,RSNA_21805,L-MLO,NO,0.0,False,,,
28,20,RSNA_21805,R-MLO,NO,0.0,False,,,
28,21,RSNA_21810,L-CC,NO,0.0,False,,,
28,21,RSNA_21810,R-CC,NO,0.0,False,,,
28,21,RSNA_21810,L-MLO,NO,0.0,False,,,
28,21,RSNA_21810,R-MLO,NO,0.0,False,,,
28,22,RSNA_21865,L-CC,NO,0.0,False,,,
28,22,RSNA_21865,R-CC,NO,0.0,False,,,
28,22,RSNA_21865,L-MLO,NO,0.0,False,,,
28,22,RSNA_21865,R-MLO,NO,0.0,False,,,
28,23,RSNA_21888,L-CC,NO,0.0,False,,,
28,23,RSNA_21888,R-CC,NO,0.0,False,,,
28,23,RSNA_21888,L-MLO,NO,0.0,False,,,
28,23,RSNA_21888,R-MLO,NO,0.0,False,,,
28,24,RSNA_21914,L-CC,NO,0.0,False,,,
28,24,RSNA_21914,R-CC,NO,0.0,False,,,
28,24,RSNA_21914,L-MLO,NO,0.0,False,,,
28,24,RSNA_21914,R-MLO,NO,0.0,False,,,
29,0,RSNA_21943,L-CC,NO,0.0,False,,,
29,0,RSNA_21943,R-CC,NO,0.0,False,,,
29,0,RSNA_21943,L-MLO,NO,0.0,False,,,
29,0,RSNA_21943,R-MLO,NO,0.0,False,,,
29,1,RSNA_21957,L-CC,NO,0.0,False,,,
29,1,RSNA_21957,R-CC,NO,0.0,False,,,
29,1,RSNA_21957,L-MLO,NO,0.0,False,,,
29,1,RSNA_21957,R-MLO,NO,0.0,False,,,
29,2,RSNA_21981,L-CC,NO,0.0,False,,,
29,2,RSNA_21981,R-CC,NO,0.0,False,,,
29,2,RSNA_21981,L-MLO,NO,0.0,False,,,
29,2,RSNA_21981,R-MLO,NO,0.0,False,,,
29,3,RSNA_22012,L-CC,NO,0.0,False,,,
29,3,RSNA_22012,R-CC,NO,0.0,False,,,
29,3,RSNA_22012,L-MLO,NO,0.0,False,,,
29,3,RSNA_22012,R-MLO,NO,0.0,False,,,
29,4,RSNA_22023,L-CC,NO,1206.0,True,YES,0.0,False
29,4,RSNA_22023,R-CC,NO,1383.0,True,YES,0.0,False
29,4,RSNA_22023,L-MLO,NO,1203.0,True,YES,0.0,False
29,4,RSNA_22023,R-MLO,NO,1409.0,True,YES,0.0,False
29,5,RSNA_22046,L-CC,NO,0.0,False,,,
29,5,RSNA_22046,R-CC,NO,0.0,False,,,
29,5,RSNA_22046,L-MLO,NO,0.0,False,,,
29,5,RSNA_22046,R-MLO,NO,0.0,False,,,
29,6,RSNA_22049,L-CC,NO,0.0,False,,,
29,6,RSNA_22049,R-CC,NO,0.0,False,,,
29,6,RSNA_22049,L-MLO,NO,0.0,False,,,
29,6,RSNA_22049,R-MLO,NO,0.0,False,,,
29,7,RSNA_2205,L-CC,NO,0.0,False,,,
29,7,RSNA_2205,R-CC,NO,0.0,False,,,
29,7,RSNA_2205,L-MLO,NO,0.0,False,,,
29,7,RSNA_2205,R-MLO,NO,0.0,False,,,
29,8,RSNA_22060,L-CC,NO,0.0,False,,,
29,8,RSNA_22060,R-CC,NO,0.0,False,,,
29,8,RSNA_22060,L-MLO,NO,0.0,False,,,
29,8,RSNA_22060,R-MLO,NO,0.0,False,,,
29,9,RSNA_22065,L-CC,NO,0.0,False,,,
29,9,RSNA_22065,R-CC,NO,0.0,False,,,
29,9,RSNA_22065,L-MLO,NO,0.0,False,,,
29,9,RSNA_22065,R-MLO,NO,0.0,False,,,
29,10,RSNA_22098,L-CC,NO,0.0,False,,,
29,10,RSNA_22098,R-CC,NO,0.0,False,,,
29,10,RSNA_22098,L-MLO,NO,0.0,False,,,
29,10,RSNA_22098,R-MLO,NO,0.0,False,,,
29,11,RSNA_2210,L-CC,NO,0.0,False,,,
29,11,RSNA_2210,R-CC,NO,0.0,False,,,
29,11,RSNA_2210,L-MLO,NO,0.0,False,,,
29,11,RSNA_2210,R-MLO,NO,0.0,False,,,
29,12,RSNA_22130,L-CC,NO,0.0,False,,,
29,12,RSNA_22130,R-CC,NO,0.0,False,,,
29,12,RSNA_22130,L-MLO,NO,0.0,False,,,
29,12,RSNA_22130,R-MLO,NO,0.0,False,,,
29,13,RSNA_22134,L-CC,NO,0.0,False,,,
29,13,RSNA_22134,R-CC,NO,0.0,False,,,
29,13,RSNA_22134,L-MLO,NO,0.0,False,,,
29,13,RSNA_22134,R-MLO,NO,0.0,False,,,
29,14,RSNA_22150,L-CC,NO,0.0,False,,,
29,14,RSNA_22150,R-CC,NO,0.0,False,,,
29,14,RSNA_22150,L-MLO,NO,0.0,False,,,
29,14,RSNA_22150,R-MLO,NO,0.0,False,,,
29,15,RSNA_22165,L-CC,NO,0.0,False,,,
29,15,RSNA_22165,R-CC,NO,0.0,False,,,
29,15,RSNA_22165,L-MLO,NO,0.0,False,,,
29,15,RSNA_22165,R-MLO,NO,0.0,False,,,
29,16,RSNA_22174,L-CC,NO,0.0,False,,,
29,16,RSNA_22174,R-CC,NO,0.0,False,,,
29,16,RSNA_22174,L-MLO,NO,0.0,False,,,
29,16,RSNA_22174,R-MLO,NO,0.0,False,,,
29,17,RSNA_22223,L-CC,NO,0.0,False,,,
29,17,RSNA_22223,R-CC,NO,0.0,False,,,
29,17,RSNA_22223,L-MLO,NO,0.0,False,,,
29,17,RSNA_22223,R-MLO,NO,0.0,False,,,
29,18,RSNA_22230,L-CC,NO,1684.0,True,YES,0.0,False
29,18,RSNA_22230,R-CC,NO,1792.0,True,YES,0.0,False
29,18,RSNA_22230,L-MLO,NO,1576.0,True,YES,0.0,False
29,18,RSNA_22230,R-MLO,NO,1698.0,True,YES,0.0,False
29,19,RSNA_22238,L-CC,NO,0.0,False,,,
29,19,RSNA_22238,R-CC,NO,0.0,False,,,
29,19,RSNA_22238,L-MLO,NO,0.0,False,,,
29,19,RSNA_22238,R-MLO,NO,0.0,False,,,
29,20,RSNA_22271,L-CC,NO,1107.0,True,YES,0.0,False
29,20,RSNA_22271,R-CC,NO,1124.0,True,YES,0.0,False
29,20,RSNA_22271,L-MLO,NO,998.0,True,YES,0.0,False
29,20,RSNA_22271,R-MLO,NO,1046.0,True,YES,0.0,False
29,21,RSNA_22279,L-CC,NO,1706.0,True,YES,0.0,False
29,21,RSNA_22279,R-CC,NO,2104.0,True,YES,0.0,False
29,21,RSNA_22279,L-MLO,NO,1589.0,True,YES,0.0,False
29,21,RSNA_22279,R-MLO,NO,2056.0,True,YES,0.0,False
29,22,RSNA_2229,L-CC,NO,0.0,False,,,
29,22,RSNA_2229,R-CC,NO,0.0,False,,,
29,22,RSNA_2229,L-MLO,NO,0.0,False,,,
29,22,RSNA_2229,R-MLO,NO,0.0,False,,,
29,23,RSNA_22292,L-CC,NO,0.0,False,,,
29,23,RSNA_22292,R-CC,NO,0.0,False,,,
29,23,RSNA_22292,L-MLO,NO,0.0,False,,,
29,23,RSNA_22292,R-MLO,NO,0.0,False,,,
29,24,RSNA_22297,L-CC,NO,0.0,False,,,
29,24,RSNA_22297,R-CC,NO,0.0,False,,,
29,24,RSNA_22297,L-MLO,NO,0.0,False,,,
29,24,RSNA_22297,R-MLO,NO,0.0,False,,,
30,0,RSNA_22299,L-CC,NO,0.0,False,,,
30,0,RSNA_22299,R-CC,NO,0.0,False,,,
30,0,RSNA_22299,L-MLO,NO,0.0,False,,,
30,0,RSNA_22299,R-MLO,NO,0.0,False,,,
30,1,RSNA_22309,L-CC,NO,0.0,False,,,
30,1,RSNA_22309,R-CC,NO,0.0,False,,,
30,1,RSNA_22309,L-MLO,NO,0.0,False,,,
30,1,RSNA_22309,R-MLO,NO,0.0,False,,,
30,2,RSNA_2231,L-CC,NO,0.0,False,,,
30,2,RSNA_2231,R-CC,NO,0.0,False,,,
30,2,RSNA_2231,L-MLO,NO,0.0,False,,,
30,2,RSNA_2231,R-MLO,NO,0.0,False,,,
30,3,RSNA_22321,L-CC,NO,0.0,False,,,
30,3,RSNA_22321,R-CC,NO,0.0,False,,,
30,3,RSNA_22321,L-MLO,NO,0.0,False,,,
30,3,RSNA_22321,R-MLO,NO,0.0,False,,,
30,4,RSNA_22334,L-CC,NO,0.0,False,,,
30,4,RSNA_22334,R-CC,NO,0.0,False,,,
30,4,RSNA_22334,L-MLO,NO,0.0,False,,,
30,4,RSNA_22334,R-MLO,NO,0.0,False,,,
30,5,RSNA_22343,L-CC,NO,563.0,True,YES,0.0,False
30,5,RSNA_22343,R-CC,NO,729.0,True,YES,0.0,False
30,5,RSNA_22343,L-MLO,NO,509.0,True,YES,0.0,False
30,5,RSNA_22343,R-MLO,NO,626.0,True,YES,0.0,False
30,6,RSNA_22361,L-CC,NO,0.0,False,,,
30,6,RSNA_22361,R-CC,NO,0.0,False,,,
30,6,RSNA_22361,L-MLO,NO,0.0,False,,,
30,6,RSNA_22361,R-MLO,NO,0.0,False,,,
30,7,RSNA_22393,L-CC,NO,0.0,False,,,
30,7,RSNA_22393,R-CC,NO,0.0,False,,,
30,7,RSNA_22393,L-MLO,NO,0.0,False,,,
30,7,RSNA_22393,R-MLO,NO,0.0,False,,,
30,8,RSNA_2240,L-CC,NO,0.0,False,,,
30,8,RSNA_2240,R-CC,NO,0.0,False,,,
30,8,RSNA_2240,L-MLO,NO,0.0,False,,,
30,8,RSNA_2240,R-MLO,NO,0.0,False,,,
30,9,RSNA_22411,L-CC,NO,0.0,False,,,
30,9,RSNA_22411,R-CC,NO,0.0,False,,,
30,9,RSNA_22411,L-MLO,NO,0.0,False,,,
30,9,RSNA_22411,R-MLO,NO,0.0,False,,,
30,10,RSNA_22429,L-CC,NO,0.0,False,,,
30,10,RSNA_22429,R-CC,NO,0.0,False,,,
30,10,RSNA_22429,L-MLO,NO,0.0,False,,,
30,10,RSNA_22429,R-MLO,NO,0.0,False,,,
30,11,RSNA_22449,L-CC,NO,0.0,False,,,
30,11,RSNA_22449,R-CC,NO,0.0,False,,,
30,11,RSNA_22449,L-MLO,NO,0.0,False,,,
30,11,RSNA_22449,R-MLO,NO,0.0,False,,,
30,12,RSNA_22455,L-CC,NO,0.0,False,,,
30,12,RSNA_22455,R-CC,NO,0.0,False,,,
30,12,RSNA_22455,L-MLO,NO,0.0,False,,,
30,12,RSNA_22455,R-MLO,NO,0.0,False,,,
30,13,RSNA_2248,L-CC,NO,0.0,False,,,
30,13,RSNA_2248,R-CC,NO,0.0,False,,,
30,13,RSNA_2248,L-MLO,NO,0.0,False,,,
30,13,RSNA_2248,R-MLO,NO,0.0,False,,,
30,14,RSNA_22504,L-CC,NO,0.0,False,,,
30,14,RSNA_22504,R-CC,NO,0.0,False,,,
30,14,RSNA_22504,L-MLO,NO,0.0,False,,,
30,14,RSNA_22504,R-MLO,NO,0.0,False,,,
30,15,RSNA_22508,L-CC,NO,0.0,False,,,
30,15,RSNA_22508,R-CC,NO,0.0,False,,,
30,15,RSNA_22508,L-MLO,NO,0.0,False,,,
30,15,RSNA_22508,R-MLO,NO,0.0,False,,,
30,16,RSNA_22543,L-CC,NO,0.0,False,,,
30,16,RSNA_22543,R-CC,NO,0.0,False,,,
30,16,RSNA_22543,L-MLO,NO,0.0,False,,,
30,16,RSNA_22543,R-MLO,NO,0.0,False,,,
30,17,RSNA_22562,L-CC,NO,0.0,False,,,
30,17,RSNA_22562,R-CC,NO,0.0,False,,,
30,17,RSNA_22562,L-MLO,NO,0.0,False,,,
30,17,RSNA_22562,R-MLO,NO,0.0,False,,,
30,18,RSNA_22563,L-CC,NO,0.0,False,,,
30,18,RSNA_22563,R-CC,NO,0.0,False,,,
30,18,RSNA_22563,L-MLO,NO,0.0,False,,,
30,18,RSNA_22563,R-MLO,NO,0.0,False,,,
30,19,RSNA_22597,L-CC,NO,0.0,False,,,
30,19,RSNA_22597,R-CC,NO,0.0,False,,,
30,19,RSNA_22597,L-MLO,NO,0.0,False,,,
30,19,RSNA_22597,R-MLO,NO,0.0,False,,,
30,20,RSNA_22607,L-CC,NO,0.0,False,,,
30,20,RSNA_22607,R-CC,NO,0.0,False,,,
30,20,RSNA_22607,L-MLO,NO,0.0,False,,,
30,20,RSNA_22607,R-MLO,NO,0.0,False,,,
30,21,RSNA_22625,L-CC,NO,0.0,False,,,
30,21,RSNA_22625,R-CC,NO,0.0,False,,,
30,21,RSNA_22625,L-MLO,NO,0.0,False,,,
30,21,RSNA_22625,R-MLO,NO,0.0,False,,,
30,22,RSNA_22626,L-CC,NO,0.0,False,,,
30,22,RSNA_22626,R-CC,NO,0.0,False,,,
30,22,RSNA_22626,L-MLO,NO,0.0,False,,,
30,22,RSNA_22626,R-MLO,NO,0.0,False,,,
30,23,RSNA_22629,L-CC,NO,0.0,False,,,
30,23,RSNA_22629,R-CC,NO,0.0,False,,,
30,23,RSNA_22629,L-MLO,NO,0.0,False,,,
30,23,RSNA_22629,R-MLO,NO,0.0,False,,,
30,24,RSNA_22634,L-CC,NO,0.0,False,,,
30,24,RSNA_22634,R-CC,NO,548.0,True,,,
30,24,RSNA_22634,L-MLO,NO,0.0,False,,,
30,24,RSNA_22634,R-MLO,NO,0.0,False,,,
31,0,RSNA_22639,L-CC,NO,0.0,False,,,
31,0,RSNA_22639,R-CC,NO,0.0,False,,,
31,0,RSNA_22639,L-MLO,NO,0.0,False,,,
31,0,RSNA_22639,R-MLO,NO,0.0,False,,,
31,1,RSNA_22643,L-CC,NO,0.0,False,,,
31,1,RSNA_22643,R-CC,NO,0.0,False,,,
31,1,RSNA_22643,L-MLO,NO,0.0,False,,,
31,1,RSNA_22643,R-MLO,NO,0.0,False,,,
31,2,RSNA_22653,L-CC,NO,1721.0,True,YES,0.0,False
31,2,RSNA_22653,R-CC,NO,1796.0,True,YES,0.0,False
31,2,RSNA_22653,L-MLO,NO,1520.0,True,YES,0.0,False
31,2,RSNA_22653,R-MLO,NO,1526.0,True,YES,0.0,False
31,3,RSNA_22664,L-CC,NO,0.0,False,,,
31,3,RSNA_22664,R-CC,NO,0.0,False,,,
31,3,RSNA_22664,L-MLO,NO,0.0,False,,,
31,3,RSNA_22664,R-MLO,NO,0.0,False,,,
31,4,RSNA_22676,L-CC,NO,0.0,False,,,
31,4,RSNA_22676,R-CC,NO,0.0,False,,,
31,4,RSNA_22676,L-MLO,NO,0.0,False,,,
31,4,RSNA_22676,R-MLO,NO,0.0,False,,,
31,5,RSNA_22699,L-CC,NO,0.0,False,,,
31,5,RSNA_22699,R-CC,NO,0.0,False,,,
31,5,RSNA_22699,L-MLO,NO,0.0,False,,,
31,5,RSNA_22699,R-MLO,NO,0.0,False,,,
31,6,RSNA_22746,L-CC,NO,0.0,False,,,
31,6,RSNA_22746,R-CC,NO,0.0,False,,,
31,6,RSNA_22746,L-MLO,NO,0.0,False,,,
31,6,RSNA_22746,R-MLO,NO,0.0,False,,,
31,7,RSNA_22756,L-CC,NO,0.0,False,,,
31,7,RSNA_22756,R-CC,NO,0.0,False,,,
31,7,RSNA_22756,L-MLO,NO,0.0,False,,,
31,7,RSNA_22756,R-MLO,NO,0.0,False,,,
31,8,RSNA_22800,L-CC,NO,1407.0,True,YES,0.0,False
31,8,RSNA_22800,R-CC,NO,1395.0,True,YES,0.0,False
31,8,RSNA_22800,L-MLO,NO,1344.0,True,YES,0.0,False
31,8,RSNA_22800,R-MLO,NO,1326.0,True,YES,0.0,False
31,9,RSNA_2281,L-CC,NO,0.0,False,,,
31,9,RSNA_2281,R-CC,NO,0.0,False,,,
31,9,RSNA_2281,L-MLO,NO,0.0,False,,,
31,9,RSNA_2281,R-MLO,NO,0.0,False,,,
31,10,RSNA_22817,L-CC,NO,0.0,False,,,
31,10,RSNA_22817,R-CC,NO,0.0,False,,,
31,10,RSNA_22817,L-MLO,NO,0.0,False,,,
31,10,RSNA_22817,R-MLO,NO,0.0,False,,,
31,11,RSNA_2282,L-CC,NO,0.0,False,,,
31,11,RSNA_2282,R-CC,NO,0.0,False,,,
31,11,RSNA_2282,L-MLO,NO,0.0,False,,,
31,11,RSNA_2282,R-MLO,NO,0.0,False,,,
31,12,RSNA_22845,L-CC,NO,1593.0,True,YES,0.0,False
31,12,RSNA_22845,R-CC,NO,1691.0,True,YES,0.0,False
31,12,RSNA_22845,L-MLO,NO,1471.0,True,YES,0.0,False
31,12,RSNA_22845,R-MLO,NO,1510.0,True,YES,0.0,False
31,13,RSNA_2287,L-CC,NO,0.0,False,,,
31,13,RSNA_2287,R-CC,NO,0.0,False,,,
31,13,RSNA_2287,L-MLO,NO,0.0,False,,,
31,13,RSNA_2287,R-MLO,NO,0.0,False,,,
31,14,RSNA_2288,L-CC,NO,0.0,False,,,
31,14,RSNA_2288,R-CC,NO,0.0,False,,,
31,14,RSNA_2288,L-MLO,NO,0.0,False,,,
31,14,RSNA_2288,R-MLO,NO,0.0,False,,,
31,15,RSNA_22882,L-CC,NO,1872.0,True,YES,0.0,False
31,15,RSNA_22882,R-CC,NO,1586.0,True,YES,0.0,False
31,15,RSNA_22882,L-MLO,NO,1701.0,True,YES,0.0,False
31,15,RSNA_22882,R-MLO,NO,1401.0,True,YES,0.0,False
31,16,RSNA_22887,L-CC,NO,0.0,False,,,
31,16,RSNA_22887,R-CC,NO,0.0,False,,,
31,16,RSNA_22887,L-MLO,NO,0.0,False,,,
31,16,RSNA_22887,R-MLO,NO,0.0,False,,,
31,17,RSNA_22900,L-CC,NO,0.0,False,,,
31,17,RSNA_22900,R-CC,NO,0.0,False,,,
31,17,RSNA_22900,L-MLO,NO,0.0,False,,,
31,17,RSNA_22900,R-MLO,NO,0.0,False,,,
31,18,RSNA_22909,L-CC,NO,2192.0,True,YES,0.0,False
31,18,RSNA_22909,R-CC,NO,1981.0,True,YES,0.0,False
31,18,RSNA_22909,L-MLO,NO,1364.0,True,YES,0.0,False
31,18,RSNA_22909,R-MLO,NO,1262.0,True,YES,0.0,False
31,19,RSNA_22915,L-CC,NO,0.0,False,,,
31,19,RSNA_22915,R-CC,NO,0.0,False,,,
31,19,RSNA_22915,L-MLO,NO,0.0,False,,,
31,19,RSNA_22915,R-MLO,NO,0.0,False,,,
31,20,RSNA_22931,L-CC,NO,0.0,False,,,
31,20,RSNA_22931,R-CC,NO,0.0,False,,,
31,20,RSNA_22931,L-MLO,NO,0.0,False,,,
31,20,RSNA_22931,R-MLO,NO,0.0,False,,,
31,21,RSNA_22941,L-CC,NO,0.0,False,,,
31,21,RSNA_22941,R-CC,NO,0.0,False,,,
31,21,RSNA_22941,L-MLO,NO,0.0,False,,,
31,21,RSNA_22941,R-MLO,NO,0.0,False,,,
31,22,RSNA_22948,L-CC,NO,0.0,False,,,
31,22,RSNA_22948,R-CC,NO,0.0,False,,,
31,22,RSNA_22948,L-MLO,NO,0.0,False,,,
31,22,RSNA_22948,R-MLO,NO,0.0,False,,,
31,23,RSNA_22958,L-CC,NO,0.0,False,,,
31,23,RSNA_22958,R-CC,NO,0.0,False,,,
31,23,RSNA_22958,L-MLO,NO,0.0,False,,,
31,23,RSNA_22958,R-MLO,NO,0.0,False,,,
31,24,RSNA_23013,L-CC,NO,0.0,False,,,
31,24,RSNA_23013,R-CC,NO,0.0,False,,,
31,24,RSNA_23013,L-MLO,NO,0.0,False,,,
31,24,RSNA_23013,R-MLO,NO,0.0,False,,,
32,0,RSNA_23017,L-CC,NO,0.0,False,,,
32,0,RSNA_23017,R-CC,NO,0.0,False,,,
32,0,RSNA_23017,L-MLO,NO,0.0,False,,,
32,0,RSNA_23017,R-MLO,NO,0.0,False,,,
32,1,RSNA_23026,L-CC,NO,0.0,False,,,
32,1,RSNA_23026,R-CC,NO,0.0,False,,,
32,1,RSNA_23026,L-MLO,NO,0.0,False,,,
32,1,RSNA_23026,R-MLO,NO,0.0,False,,,
32,2,RSNA_23031,L-CC,NO,0.0,False,,,
32,2,RSNA_23031,R-CC,NO,0.0,False,,,
32,2,RSNA_23031,L-MLO,NO,0.0,False,,,
32,2,RSNA_23031,R-MLO,NO,0.0,False,,,
32,3,RSNA_23032,L-CC,NO,17.0,True,,,
32,3,RSNA_23032,R-CC,NO,5.0,True,,,
32,3,RSNA_23032,L-MLO,NO,12.0,True,,,
32,3,RSNA_23032,R-MLO,NO,0.0,False,,,
32,4,RSNA_23035,L-CC,NO,1488.0,True,YES,0.0,False
32,4,RSNA_23035,R-CC,NO,1430.0,True,YES,0.0,False
32,4,RSNA_23035,L-MLO,NO,1414.0,True,YES,0.0,False
32,4,RSNA_23035,R-MLO,NO,1315.0,True,YES,0.0,False
32,5,RSNA_23045,L-CC,NO,0.0,False,,,
32,5,RSNA_23045,R-CC,NO,0.0,False,,,
32,5,RSNA_23045,L-MLO,NO,0.0,False,,,
32,5,RSNA_23045,R-MLO,NO,0.0,False,,,
32,6,RSNA_23054,L-CC,NO,0.0,False,,,
32,6,RSNA_23054,R-CC,NO,0.0,False,,,
32,6,RSNA_23054,L-MLO,NO,0.0,False,,,
32,6,RSNA_23054,R-MLO,NO,0.0,False,,,
32,7,RSNA_23065,L-CC,NO,0.0,False,,,
32,7,RSNA_23065,R-CC,NO,0.0,False,,,
32,7,RSNA_23065,L-MLO,NO,0.0,False,,,
32,7,RSNA_23065,R-MLO,NO,0.0,False,,,
32,8,RSNA_23092,L-CC,NO,0.0,False,,,
32,8,RSNA_23092,R-CC,NO,0.0,False,,,
32,8,RSNA_23092,L-MLO,NO,0.0,False,,,
32,8,RSNA_23092,R-MLO,NO,0.0,False,,,
32,9,RSNA_2311,L-CC,NO,0.0,False,,,
32,9,RSNA_2311,R-CC,NO,0.0,False,,,
32,9,RSNA_2311,L-MLO,NO,0.0,False,,,
32,9,RSNA_2311,R-MLO,NO,0.0,False,,,
32,10,RSNA_23111,L-CC,NO,0.0,False,,,
32,10,RSNA_23111,R-CC,NO,0.0,False,,,
32,10,RSNA_23111,L-MLO,NO,0.0,False,,,
32,10,RSNA_23111,R-MLO,NO,0.0,False,,,
32,11,RSNA_23126,L-CC,NO,0.0,False,,,
32,11,RSNA_23126,R-CC,NO,0.0,False,,,
32,11,RSNA_23126,L-MLO,NO,0.0,False,,,
32,11,RSNA_23126,R-MLO,NO,0.0,False,,,
32,12,RSNA_23128,L-CC,NO,0.0,False,,,
32,12,RSNA_23128,R-CC,NO,0.0,False,,,
32,12,RSNA_23128,L-MLO,NO,0.0,False,,,
32,12,RSNA_23128,R-MLO,NO,0.0,False,,,
32,13,RSNA_2313,L-CC,NO,0.0,False,,,
32,13,RSNA_2313,R-CC,NO,0.0,False,,,
32,13,RSNA_2313,L-MLO,NO,0.0,False,,,
32,13,RSNA_2313,R-MLO,NO,0.0,False,,,
32,14,RSNA_23130,L-CC,NO,0.0,False,,,
32,14,RSNA_23130,R-CC,NO,0.0,False,,,
32,14,RSNA_23130,L-MLO,NO,0.0,False,,,
32,14,RSNA_23130,R-MLO,NO,0.0,False,,,
32,15,RSNA_23161,L-CC,NO,0.0,False,,,
32,15,RSNA_23161,R-CC,NO,0.0,False,,,
32,15,RSNA_23161,L-MLO,NO,0.0,False,,,
32,15,RSNA_23161,R-MLO,NO,0.0,False,,,
32,16,RSNA_2317,L-CC,NO,0.0,False,,,
32,16,RSNA_2317,R-CC,NO,0.0,False,,,
32,16,RSNA_2317,L-MLO,NO,0.0,False,,,
32,16,RSNA_2317,R-MLO,NO,0.0,False,,,
32,17,RSNA_23187,L-CC,NO,0.0,False,,,
32,17,RSNA_23187,R-CC,NO,0.0,False,,,
32,17,RSNA_23187,L-MLO,NO,0.0,False,,,
32,17,RSNA_23187,R-MLO,NO,0.0,False,,,
32,18,RSNA_23194,L-CC,NO,1271.0,True,YES,0.0,False
32,18,RSNA_23194,R-CC,NO,992.0,True,YES,0.0,False
32,18,RSNA_23194,L-MLO,NO,799.0,True,YES,0.0,False
32,18,RSNA_23194,R-MLO,NO,750.0,True,YES,0.0,False
32,19,RSNA_23215,L-CC,NO,0.0,False,,,
32,19,RSNA_23215,R-CC,NO,0.0,False,,,
32,19,RSNA_23215,L-MLO,NO,0.0,False,,,
32,19,RSNA_23215,R-MLO,NO,0.0,False,,,
32,20,RSNA_23226,L-CC,NO,0.0,False,,,
32,20,RSNA_23226,R-CC,NO,0.0,False,,,
32,20,RSNA_23226,L-MLO,NO,0.0,False,,,
32,20,RSNA_23226,R-MLO,NO,0.0,False,,,
32,21,RSNA_23228,L-CC,NO,0.0,False,,,
32,21,RSNA_23228,R-CC,NO,0.0,False,,,
32,21,RSNA_23228,L-MLO,NO,0.0,False,,,
32,21,RSNA_23228,R-MLO,NO,0.0,False,,,
32,22,RSNA_23276,L-CC,NO,0.0,False,,,
32,22,RSNA_23276,R-CC,NO,0.0,False,,,
32,22,RSNA_23276,L-MLO,NO,0.0,False,,,
32,22,RSNA_23276,R-MLO,NO,0.0,False,,,
32,23,RSNA_233,L-CC,NO,0.0,False,,,
32,23,RSNA_233,R-CC,NO,0.0,False,,,
32,23,RSNA_233,L-MLO,NO,0.0,False,,,
32,23,RSNA_233,R-MLO,NO,0.0,False,,,
32,24,RSNA_23308,L-CC,NO,0.0,False,,,
32,24,RSNA_23308,R-CC,NO,0.0,False,,,
32,24,RSNA_23308,L-MLO,NO,0.0,False,,,
32,24,RSNA_23308,R-MLO,NO,0.0,False,,,
33,0,RSNA_23317,L-CC,NO,0.0,False,,,
33,0,RSNA_23317,R-CC,NO,0.0,False,,,
33,0,RSNA_23317,L-MLO,NO,0.0,False,,,
33,0,RSNA_23317,R-MLO,NO,0.0,False,,,
33,1,RSNA_23334,L-CC,NO,801.0,True,,,
33,1,RSNA_23334,R-CC,NO,0.0,False,,,
33,1,RSNA_23334,L-MLO,NO,0.0,False,,,
33,1,RSNA_23334,R-MLO,NO,0.0,False,,,
33,2,RSNA_23342,L-CC,NO,0.0,False,,,
33,2,RSNA_23342,R-CC,NO,0.0,False,,,
33,2,RSNA_23342,L-MLO,NO,0.0,False,,,
33,2,RSNA_23342,R-MLO,NO,0.0,False,,,
33,3,RSNA_23363,L-CC,NO,0.0,False,,,
33,3,RSNA_23363,R-CC,NO,0.0,False,,,
33,3,RSNA_23363,L-MLO,NO,0.0,False,,,
33,3,RSNA_23363,R-MLO,NO,0.0,False,,,
33,4,RSNA_23398,L-CC,NO,0.0,False,,,
33,4,RSNA_23398,R-CC,NO,44.0,True,,,
33,4,RSNA_23398,L-MLO,NO,0.0,False,,,
33,4,RSNA_23398,R-MLO,NO,0.0,False,,,
33,5,RSNA_23417,L-CC,NO,0.0,False,,,
33,5,RSNA_23417,R-CC,NO,0.0,False,,,
33,5,RSNA_23417,L-MLO,NO,0.0,False,,,
33,5,RSNA_23417,R-MLO,NO,0.0,False,,,
33,6,RSNA_23420,L-CC,NO,0.0,False,,,
33,6,RSNA_23420,R-CC,NO,0.0,False,,,
33,6,RSNA_23420,L-MLO,NO,0.0,False,,,
33,6,RSNA_23420,R-MLO,NO,0.0,False,,,
33,7,RSNA_23433,L-CC,NO,0.0,False,,,
33,7,RSNA_23433,R-CC,NO,0.0,False,,,
33,7,RSNA_23433,L-MLO,NO,0.0,False,,,
33,7,RSNA_23433,R-MLO,NO,0.0,False,,,
33,8,RSNA_23435,L-CC,NO,0.0,False,,,
33,8,RSNA_23435,R-CC,NO,0.0,False,,,
33,8,RSNA_23435,L-MLO,NO,0.0,False,,,
33,8,RSNA_23435,R-MLO,NO,0.0,False,,,
33,9,RSNA_23440,L-CC,NO,0.0,False,,,
33,9,RSNA_23440,R-CC,NO,0.0,False,,,
33,9,RSNA_23440,L-MLO,NO,0.0,False,,,
33,9,RSNA_23440,R-MLO,NO,0.0,False,,,
33,10,RSNA_23449,L-CC,NO,1910.0,True,YES,0.0,False
33,10,RSNA_23449,R-CC,NO,1754.0,True,YES,0.0,False
33,10,RSNA_23449,L-MLO,NO,1769.0,True,YES,0.0,False
33,10,RSNA_23449,R-MLO,NO,1636.0,True,YES,0.0,False
33,11,RSNA_23463,L-CC,NO,0.0,False,,,
33,11,RSNA_23463,R-CC,NO,0.0,False,,,
33,11,RSNA_23463,L-MLO,NO,0.0,False,,,
33,11,RSNA_23463,R-MLO,NO,0.0,False,,,
33,12,RSNA_23481,L-CC,NO,0.0,False,,,
33,12,RSNA_23481,R-CC,NO,0.0,False,,,
33,12,RSNA_23481,L-MLO,NO,0.0,False,,,
33,12,RSNA_23481,R-MLO,NO,0.0,False,,,
33,13,RSNA_23484,L-CC,NO,0.0,False,,,
33,13,RSNA_23484,R-CC,NO,0.0,False,,,
33,13,RSNA_23484,L-MLO,NO,0.0,False,,,
33,13,RSNA_23484,R-MLO,NO,0.0,False,,,
33,14,RSNA_23485,L-CC,NO,0.0,False,,,
33,14,RSNA_23485,R-CC,NO,0.0,False,,,
33,14,RSNA_23485,L-MLO,NO,0.0,False,,,
33,14,RSNA_23485,R-MLO,NO,0.0,False,,,
33,15,RSNA_23492,L-CC,NO,0.0,False,,,
33,15,RSNA_23492,R-CC,NO,0.0,False,,,
33,15,RSNA_23492,L-MLO,NO,0.0,False,,,
33,15,RSNA_23492,R-MLO,NO,0.0,False,,,
33,16,RSNA_23513,L-CC,NO,0.0,False,,,
33,16,RSNA_23513,R-CC,NO,0.0,False,,,
33,16,RSNA_23513,L-MLO,NO,0.0,False,,,
33,16,RSNA_23513,R-MLO,NO,0.0,False,,,
33,17,RSNA_23516,L-CC,NO,0.0,False,,,
33,17,RSNA_23516,R-CC,NO,0.0,False,,,
33,17,RSNA_23516,L-MLO,NO,0.0,False,,,
33,17,RSNA_23516,R-MLO,NO,0.0,False,,,
33,18,RSNA_23543,L-CC,NO,0.0,False,,,
33,18,RSNA_23543,R-CC,NO,0.0,False,,,
33,18,RSNA_23543,L-MLO,NO,0.0,False,,,
33,18,RSNA_23543,R-MLO,NO,0.0,False,,,
33,19,RSNA_23554,L-CC,NO,0.0,False,,,
33,19,RSNA_23554,R-CC,NO,0.0,False,,,
33,19,RSNA_23554,L-MLO,NO,0.0,False,,,
33,19,RSNA_23554,R-MLO,NO,0.0,False,,,
33,20,RSNA_23572,L-CC,NO,0.0,False,,,
33,20,RSNA_23572,R-CC,NO,0.0,False,,,
33,20,RSNA_23572,L-MLO,NO,0.0,False,,,
33,20,RSNA_23572,R-MLO,NO,0.0,False,,,
33,21,RSNA_23581,L-CC,NO,0.0,False,,,
33,21,RSNA_23581,R-CC,NO,0.0,False,,,
33,21,RSNA_23581,L-MLO,NO,0.0,False,,,
33,21,RSNA_23581,R-MLO,NO,0.0,False,,,
33,22,RSNA_23604,L-CC,NO,1359.0,True,YES,0.0,False
33,22,RSNA_23604,R-CC,NO,1282.0,True,YES,0.0,False
33,22,RSNA_23604,L-MLO,NO,1489.0,True,YES,0.0,False
33,22,RSNA_23604,R-MLO,NO,1016.0,True,YES,0.0,False
33,23,RSNA_23630,L-CC,NO,0.0,False,,,
33,23,RSNA_23630,R-CC,NO,0.0,False,,,
33,23,RSNA_23630,L-MLO,NO,0.0,False,,,
33,23,RSNA_23630,R-MLO,NO,0.0,False,,,
33,24,RSNA_2364,L-CC,NO,0.0,False,,,
33,24,RSNA_2364,R-CC,NO,0.0,False,,,
33,24,RSNA_2364,L-MLO,NO,0.0,False,,,
33,24,RSNA_2364,R-MLO,NO,0.0,False,,,
34,0,RSNA_23671,L-CC,NO,0.0,False,,,
34,0,RSNA_23671,R-CC,NO,0.0,False,,,
34,0,RSNA_23671,L-MLO,NO,0.0,False,,,
34,0,RSNA_23671,R-MLO,NO,0.0,False,,,
34,1,RSNA_23722,L-CC,NO,0.0,False,,,
34,1,RSNA_23722,R-CC,NO,0.0,False,,,
34,1,RSNA_23722,L-MLO,NO,0.0,False,,,
34,1,RSNA_23722,R-MLO,NO,0.0,False,,,
34,2,RSNA_23729,L-CC,NO,0.0,False,,,
34,2,RSNA_23729,R-CC,NO,0.0,False,,,
34,2,RSNA_23729,L-MLO,NO,0.0,False,,,
34,2,RSNA_23729,R-MLO,NO,0.0,False,,,
34,3,RSNA_23749,L-CC,NO,0.0,False,,,
34,3,RSNA_23749,R-CC,NO,0.0,False,,,
34,3,RSNA_23749,L-MLO,NO,0.0,False,,,
34,3,RSNA_23749,R-MLO,NO,0.0,False,,,
34,4,RSNA_23769,L-CC,NO,0.0,False,,,
34,4,RSNA_23769,R-CC,NO,0.0,False,,,
34,4,RSNA_23769,L-MLO,NO,0.0,False,,,
34,4,RSNA_23769,R-MLO,NO,0.0,False,,,
34,5,RSNA_23845,L-CC,NO,0.0,False,,,
34,5,RSNA_23845,R-CC,NO,0.0,False,,,
34,5,RSNA_23845,L-MLO,NO,0.0,False,,,
34,5,RSNA_23845,R-MLO,NO,0.0,False,,,
34,6,RSNA_23876,L-CC,NO,0.0,False,,,
34,6,RSNA_23876,R-CC,NO,0.0,False,,,
34,6,RSNA_23876,L-MLO,NO,0.0,False,,,
34,6,RSNA_23876,R-MLO,NO,0.0,False,,,
34,7,RSNA_23908,L-CC,NO,0.0,False,,,
34,7,RSNA_23908,R-CC,NO,0.0,False,,,
34,7,RSNA_23908,L-MLO,NO,0.0,False,,,
34,7,RSNA_23908,R-MLO,NO,0.0,False,,,
34,8,RSNA_23933,L-CC,NO,1560.0,True,YES,0.0,False
34,8,RSNA_23933,R-CC,NO,1801.0,True,YES,0.0,False
34,8,RSNA_23933,L-MLO,NO,1480.0,True,YES,0.0,False
34,8,RSNA_23933,R-MLO,NO,1719.0,True,YES,0.0,False
34,9,RSNA_23937,L-CC,NO,0.0,False,,,
34,9,RSNA_23937,R-CC,NO,0.0,False,,,
34,9,RSNA_23937,L-MLO,NO,0.0,False,,,
34,9,RSNA_23937,R-MLO,NO,0.0,False,,,
34,10,RSNA_23940,L-CC,NO,0.0,False,,,
34,10,RSNA_23940,R-CC,NO,0.0,False,,,
34,10,RSNA_23940,L-MLO,NO,0.0,False,,,
34,10,RSNA_23940,R-MLO,NO,0.0,False,,,
34,11,RSNA_23951,L-CC,NO,0.0,False,,,
34,11,RSNA_23951,R-CC,NO,0.0,False,,,
34,11,RSNA_23951,L-MLO,NO,0.0,False,,,
34,11,RSNA_23951,R-MLO,NO,0.0,False,,,
34,12,RSNA_23953,L-CC,NO,0.0,False,,,
34,12,RSNA_23953,R-CC,NO,0.0,False,,,
34,12,RSNA_23953,L-MLO,NO,0.0,False,,,
34,12,RSNA_23953,R-MLO,NO,0.0,False,,,
34,13,RSNA_24006,L-CC,NO,0.0,False,,,
34,13,RSNA_24006,R-CC,NO,0.0,False,,,
34,13,RSNA_24006,L-MLO,NO,0.0,False,,,
34,13,RSNA_24006,R-MLO,NO,0.0,False,,,
34,14,RSNA_24057,L-CC,NO,0.0,False,,,
34,14,RSNA_24057,R-CC,NO,0.0,False,,,
34,14,RSNA_24057,L-MLO,NO,0.0,False,,,
34,14,RSNA_24057,R-MLO,NO,0.0,False,,,
34,15,RSNA_24121,L-CC,NO,0.0,False,,,
34,15,RSNA_24121,R-CC,NO,0.0,False,,,
34,15,RSNA_24121,L-MLO,NO,0.0,False,,,
34,15,RSNA_24121,R-MLO,NO,0.0,False,,,
34,16,RSNA_24130,L-CC,NO,0.0,False,,,
34,16,RSNA_24130,R-CC,NO,0.0,False,,,
34,16,RSNA_24130,L-MLO,NO,0.0,False,,,
34,16,RSNA_24130,R-MLO,NO,0.0,False,,,
34,17,RSNA_24141,L-CC,NO,1572.0,True,YES,0.0,False
34,17,RSNA_24141,R-CC,NO,1587.0,True,YES,0.0,False
34,17,RSNA_24141,L-MLO,NO,1411.0,True,YES,0.0,False
34,17,RSNA_24141,R-MLO,NO,1472.0,True,YES,0.0,False
34,18,RSNA_24154,L-CC,NO,0.0,False,,,
34,18,RSNA_24154,R-CC,NO,0.0,False,,,
34,18,RSNA_24154,L-MLO,NO,0.0,False,,,
34,18,RSNA_24154,R-MLO,NO,0.0,False,,,
34,19,RSNA_24191,L-CC,NO,0.0,False,,,
34,19,RSNA_24191,R-CC,NO,0.0,False,,,
34,19,RSNA_24191,L-MLO,NO,0.0,False,,,
34,19,RSNA_24191,R-MLO,NO,0.0,False,,,
34,20,RSNA_24204,L-CC,NO,0.0,False,,,
34,20,RSNA_24204,R-CC,NO,0.0,False,,,
34,20,RSNA_24204,L-MLO,NO,485.0,True,,,
34,20,RSNA_24204,R-MLO,NO,590.0,True,,,
34,21,RSNA_24231,L-CC,NO,0.0,False,,,
34,21,RSNA_24231,R-CC,NO,0.0,False,,,
34,21,RSNA_24231,L-MLO,NO,0.0,False,,,
34,21,RSNA_24231,R-MLO,NO,0.0,False,,,
34,22,RSNA_24242,L-CC,NO,0.0,False,,,
34,22,RSNA_24242,R-CC,NO,0.0,False,,,
34,22,RSNA_24242,L-MLO,NO,0.0,False,,,
34,22,RSNA_24242,R-MLO,NO,0.0,False,,,
34,23,RSNA_24243,L-CC,NO,1509.0,True,YES,0.0,False
34,23,RSNA_24243,R-CC,NO,1697.0,True,YES,0.0,False
34,23,RSNA_24243,L-MLO,NO,1500.0,True,YES,0.0,False
34,23,RSNA_24243,R-MLO,NO,1663.0,True,YES,0.0,False
34,24,RSNA_24286,L-CC,NO,0.0,False,,,
34,24,RSNA_24286,R-CC,NO,0.0,False,,,
34,24,RSNA_24286,L-MLO,NO,0.0,False,,,
34,24,RSNA_24286,R-MLO,NO,0.0,False,,,
35,0,RSNA_243,L-CC,NO,0.0,False,,,
35,0,RSNA_243,R-CC,NO,0.0,False,,,
35,0,RSNA_243,L-MLO,NO,0.0,False,,,
35,0,RSNA_243,R-MLO,NO,0.0,False,,,
35,1,RSNA_24322,L-CC,NO,0.0,False,,,
35,1,RSNA_24322,R-CC,NO,0.0,False,,,
35,1,RSNA_24322,L-MLO,NO,0.0,False,,,
35,1,RSNA_24322,R-MLO,NO,0.0,False,,,
35,2,RSNA_24339,L-CC,NO,0.0,False,,,
35,2,RSNA_24339,R-CC,NO,0.0,False,,,
35,2,RSNA_24339,L-MLO,NO,0.0,False,,,
35,2,RSNA_24339,R-MLO,NO,0.0,False,,,
35,3,RSNA_24347,L-CC,NO,1188.0,True,YES,0.0,False
35,3,RSNA_24347,R-CC,NO,1312.0,True,YES,0.0,False
35,3,RSNA_24347,L-MLO,NO,1675.0,True,YES,0.0,False
35,3,RSNA_24347,R-MLO,NO,1221.0,True,YES,0.0,False
35,4,RSNA_24348,L-CC,NO,0.0,False,,,
35,4,RSNA_24348,R-CC,NO,0.0,False,,,
35,4,RSNA_24348,L-MLO,NO,0.0,False,,,
35,4,RSNA_24348,R-MLO,NO,0.0,False,,,
35,5,RSNA_24383,L-CC,NO,0.0,False,,,
35,5,RSNA_24383,R-CC,NO,0.0,False,,,
35,5,RSNA_24383,L-MLO,NO,0.0,False,,,
35,5,RSNA_24383,R-MLO,NO,0.0,False,,,
35,6,RSNA_24391,L-CC,NO,0.0,False,,,
35,6,RSNA_24391,R-CC,NO,0.0,False,,,
35,6,RSNA_24391,L-MLO,NO,0.0,False,,,
35,6,RSNA_24391,R-MLO,NO,0.0,False,,,
35,7,RSNA_24392,L-CC,NO,0.0,False,,,
35,7,RSNA_24392,R-CC,NO,0.0,False,,,
35,7,RSNA_24392,L-MLO,NO,0.0,False,,,
35,7,RSNA_24392,R-MLO,NO,0.0,False,,,
35,8,RSNA_24426,L-CC,NO,0.0,False,,,
35,8,RSNA_24426,R-CC,NO,0.0,False,,,
35,8,RSNA_24426,L-MLO,NO,0.0,False,,,
35,8,RSNA_24426,R-MLO,NO,0.0,False,,,
35,9,RSNA_24441,L-CC,NO,0.0,False,,,
35,9,RSNA_24441,R-CC,NO,0.0,False,,,
35,9,RSNA_24441,L-MLO,NO,0.0,False,,,
35,9,RSNA_24441,R-MLO,NO,0.0,False,,,
35,10,RSNA_2446,L-CC,NO,1888.0,True,YES,0.0,False
35,10,RSNA_2446,R-CC,NO,2073.0,True,YES,0.0,False
35,10,RSNA_2446,L-MLO,NO,1787.0,True,YES,0.0,False
35,10,RSNA_2446,R-MLO,NO,1827.0,True,YES,0.0,False
35,11,RSNA_2454,L-CC,NO,0.0,False,,,
35,11,RSNA_2454,R-CC,NO,0.0,False,,,
35,11,RSNA_2454,L-MLO,NO,0.0,False,,,
35,11,RSNA_2454,R-MLO,NO,0.0,False,,,
35,12,RSNA_24557,L-CC,NO,0.0,False,,,
35,12,RSNA_24557,R-CC,NO,0.0,False,,,
35,12,RSNA_24557,L-MLO,NO,0.0,False,,,
35,12,RSNA_24557,R-MLO,NO,0.0,False,,,
35,13,RSNA_24566,L-CC,NO,0.0,False,,,
35,13,RSNA_24566,R-CC,NO,0.0,False,,,
35,13,RSNA_24566,L-MLO,NO,0.0,False,,,
35,13,RSNA_24566,R-MLO,NO,0.0,False,,,
35,14,RSNA_2457,L-CC,NO,1088.0,True,YES,0.0,False
35,14,RSNA_2457,R-CC,NO,1136.0,True,YES,0.0,False
35,14,RSNA_2457,L-MLO,NO,1017.0,True,YES,0.0,False
35,14,RSNA_2457,R-MLO,NO,1126.0,True,YES,0.0,False
35,15,RSNA_24572,L-CC,NO,0.0,False,,,
35,15,RSNA_24572,R-CC,NO,0.0,False,,,
35,15,RSNA_24572,L-MLO,NO,0.0,False,,,
35,15,RSNA_24572,R-MLO,NO,0.0,False,,,
35,16,RSNA_24582,L-CC,NO,0.0,False,,,
35,16,RSNA_24582,R-CC,NO,0.0,False,,,
35,16,RSNA_24582,L-MLO,NO,0.0,False,,,
35,16,RSNA_24582,R-MLO,NO,0.0,False,,,
35,17,RSNA_24599,L-CC,NO,0.0,False,,,
35,17,RSNA_24599,R-CC,NO,0.0,False,,,
35,17,RSNA_24599,L-MLO,NO,0.0,False,,,
35,17,RSNA_24599,R-MLO,NO,0.0,False,,,
35,18,RSNA_2460,L-CC,NO,0.0,False,,,
35,18,RSNA_2460,R-CC,NO,0.0,False,,,
35,18,RSNA_2460,L-MLO,NO,0.0,False,,,
35,18,RSNA_2460,R-MLO,NO,0.0,False,,,
35,19,RSNA_24605,L-CC,NO,2148.0,True,YES,0.0,False
35,19,RSNA_24605,R-CC,NO,2132.0,True,YES,0.0,False
35,19,RSNA_24605,L-MLO,NO,1966.0,True,YES,0.0,False
35,19,RSNA_24605,R-MLO,NO,2050.0,True,YES,0.0,False
35,20,RSNA_24613,L-CC,NO,1381.0,True,YES,0.0,False
35,20,RSNA_24613,R-CC,NO,1370.0,True,YES,0.0,False
35,20,RSNA_24613,L-MLO,NO,1299.0,True,YES,0.0,False
35,20,RSNA_24613,R-MLO,NO,1392.0,True,YES,0.0,False
35,21,RSNA_24643,L-CC,NO,492.0,True,YES,0.0,False
35,21,RSNA_24643,R-CC,NO,527.0,True,YES,0.0,False
35,21,RSNA_24643,L-MLO,NO,287.0,True,YES,0.0,False
35,21,RSNA_24643,R-MLO,NO,339.0,True,YES,0.0,False
35,22,RSNA_24657,L-CC,NO,0.0,False,,,
35,22,RSNA_24657,R-CC,NO,0.0,False,,,
35,22,RSNA_24657,L-MLO,NO,0.0,False,,,
35,22,RSNA_24657,R-MLO,NO,0.0,False,,,
35,23,RSNA_24675,L-CC,NO,0.0,False,,,
35,23,RSNA_24675,R-CC,NO,0.0,False,,,
35,23,RSNA_24675,L-MLO,NO,0.0,False,,,
35,23,RSNA_24675,R-MLO,NO,0.0,False,,,
35,24,RSNA_24719,L-CC,NO,0.0,False,,,
35,24,RSNA_24719,R-CC,NO,0.0,False,,,
35,24,RSNA_24719,L-MLO,NO,0.0,False,,,
35,24,RSNA_24719,R-MLO,NO,0.0,False,,,
36,0,RSNA_24720,L-CC,NO,0.0,False,,,
36,0,RSNA_24720,R-CC,NO,0.0,False,,,
36,0,RSNA_24720,L-MLO,NO,0.0,False,,,
36,0,RSNA_24720,R-MLO,NO,0.0,False,,,
36,1,RSNA_24733,L-CC,NO,0.0,False,,,
36,1,RSNA_24733,R-CC,NO,0.0,False,,,
36,1,RSNA_24733,L-MLO,NO,0.0,False,,,
36,1,RSNA_24733,R-MLO,NO,0.0,False,,,
36,2,RSNA_24750,L-CC,NO,0.0,False,,,
36,2,RSNA_24750,R-CC,NO,0.0,False,,,
36,2,RSNA_24750,L-MLO,NO,0.0,False,,,
36,2,RSNA_24750,R-MLO,NO,0.0,False,,,
36,3,RSNA_24754,L-CC,NO,0.0,False,,,
36,3,RSNA_24754,R-CC,NO,0.0,False,,,
36,3,RSNA_24754,L-MLO,NO,0.0,False,,,
36,3,RSNA_24754,R-MLO,NO,0.0,False,,,
36,4,RSNA_2476,L-CC,NO,0.0,False,,,
36,4,RSNA_2476,R-CC,NO,0.0,False,,,
36,4,RSNA_2476,L-MLO,NO,0.0,False,,,
36,4,RSNA_2476,R-MLO,NO,0.0,False,,,
36,5,RSNA_24760,L-CC,NO,1304.0,True,YES,0.0,False
36,5,RSNA_24760,R-CC,NO,1281.0,True,YES,0.0,False
36,5,RSNA_24760,L-MLO,NO,1632.0,True,YES,0.0,False
36,5,RSNA_24760,R-MLO,NO,1169.0,True,YES,0.0,False
36,6,RSNA_24768,L-CC,NO,0.0,False,,,
36,6,RSNA_24768,R-CC,NO,0.0,False,,,
36,6,RSNA_24768,L-MLO,NO,0.0,False,,,
36,6,RSNA_24768,R-MLO,NO,0.0,False,,,
36,7,RSNA_24772,L-CC,NO,0.0,False,,,
36,7,RSNA_24772,R-CC,NO,0.0,False,,,
36,7,RSNA_24772,L-MLO,NO,0.0,False,,,
36,7,RSNA_24772,R-MLO,NO,0.0,False,,,
36,8,RSNA_24791,L-CC,NO,0.0,False,,,
36,8,RSNA_24791,R-CC,NO,0.0,False,,,
36,8,RSNA_24791,L-MLO,NO,0.0,False,,,
36,8,RSNA_24791,R-MLO,NO,0.0,False,,,
36,9,RSNA_24797,L-CC,NO,0.0,False,,,
36,9,RSNA_24797,R-CC,NO,0.0,False,,,
36,9,RSNA_24797,L-MLO,NO,0.0,False,,,
36,9,RSNA_24797,R-MLO,NO,0.0,False,,,
36,10,RSNA_24803,L-CC,NO,637.0,True,YES,0.0,False
36,10,RSNA_24803,R-CC,NO,654.0,True,YES,0.0,False
36,10,RSNA_24803,L-MLO,NO,630.0,True,YES,0.0,False
36,10,RSNA_24803,R-MLO,NO,802.0,True,YES,0.0,False
36,11,RSNA_2482,L-CC,NO,0.0,False,,,
36,11,RSNA_2482,R-CC,NO,0.0,False,,,
36,11,RSNA_2482,L-MLO,NO,0.0,False,,,
36,11,RSNA_2482,R-MLO,NO,0.0,False,,,
36,12,RSNA_24837,L-CC,NO,0.0,False,,,
36,12,RSNA_24837,R-CC,NO,0.0,False,,,
36,12,RSNA_24837,L-MLO,NO,0.0,False,,,
36,12,RSNA_24837,R-MLO,NO,0.0,False,,,
36,13,RSNA_24844,L-CC,NO,0.0,False,,,
36,13,RSNA_24844,R-CC,NO,0.0,False,,,
36,13,RSNA_24844,L-MLO,NO,0.0,False,,,
36,13,RSNA_24844,R-MLO,NO,0.0,False,,,
36,14,RSNA_24868,L-CC,NO,0.0,False,,,
36,14,RSNA_24868,R-CC,NO,0.0,False,,,
36,14,RSNA_24868,L-MLO,NO,0.0,False,,,
36,14,RSNA_24868,R-MLO,NO,0.0,False,,,
36,15,RSNA_2489,L-CC,NO,0.0,False,,,
36,15,RSNA_2489,R-CC,NO,0.0,False,,,
36,15,RSNA_2489,L-MLO,NO,0.0,False,,,
36,15,RSNA_2489,R-MLO,NO,0.0,False,,,
36,16,RSNA_24900,L-CC,NO,0.0,False,,,
36,16,RSNA_24900,R-CC,NO,0.0,False,,,
36,16,RSNA_24900,L-MLO,NO,0.0,False,,,
36,16,RSNA_24900,R-MLO,NO,0.0,False,,,
36,17,RSNA_24901,L-CC,NO,0.0,False,,,
36,17,RSNA_24901,R-CC,NO,0.0,False,,,
36,17,RSNA_24901,L-MLO,NO,0.0,False,,,
36,17,RSNA_24901,R-MLO,NO,0.0,False,,,
36,18,RSNA_24906,L-CC,NO,0.0,False,,,
36,18,RSNA_24906,R-CC,NO,0.0,False,,,
36,18,RSNA_24906,L-MLO,NO,0.0,False,,,
36,18,RSNA_24906,R-MLO,NO,0.0,False,,,
36,19,RSNA_24934,L-CC,NO,0.0,False,,,
36,19,RSNA_24934,R-CC,NO,0.0,False,,,
36,19,RSNA_24934,L-MLO,NO,0.0,False,,,
36,19,RSNA_24934,R-MLO,NO,0.0,False,,,
36,20,RSNA_24937,L-CC,NO,0.0,False,,,
36,20,RSNA_24937,R-CC,NO,0.0,False,,,
36,20,RSNA_24937,L-MLO,NO,0.0,False,,,
36,20,RSNA_24937,R-MLO,NO,0.0,False,,,
36,21,RSNA_24943,L-CC,NO,0.0,False,,,
36,21,RSNA_24943,R-CC,NO,0.0,False,,,
36,21,RSNA_24943,L-MLO,NO,0.0,False,,,
36,21,RSNA_24943,R-MLO,NO,0.0,False,,,
36,22,RSNA_24947,L-CC,NO,0.0,False,,,
36,22,RSNA_24947,R-CC,NO,0.0,False,,,
36,22,RSNA_24947,L-MLO,NO,0.0,False,,,
36,22,RSNA_24947,R-MLO,NO,0.0,False,,,
36,23,RSNA_24954,L-CC,NO,0.0,False,,,
36,23,RSNA_24954,R-CC,NO,0.0,False,,,
36,23,RSNA_24954,L-MLO,NO,0.0,False,,,
36,23,RSNA_24954,R-MLO,NO,0.0,False,,,
36,24,RSNA_24971,L-CC,NO,0.0,False,,,
36,24,RSNA_24971,R-CC,NO,0.0,False,,,
36,24,RSNA_24971,L-MLO,NO,0.0,False,,,
36,24,RSNA_24971,R-MLO,NO,0.0,False,,,
37,0,RSNA_24987,L-CC,NO,0.0,False,,,
37,0,RSNA_24987,R-CC,NO,0.0,False,,,
37,0,RSNA_24987,L-MLO,NO,0.0,False,,,
37,0,RSNA_24987,R-MLO,NO,0.0,False,,,
37,1,RSNA_25001,L-CC,NO,0.0,False,,,
37,1,RSNA_25001,R-CC,NO,0.0,False,,,
37,1,RSNA_25001,L-MLO,NO,0.0,False,,,
37,1,RSNA_25001,R-MLO,NO,0.0,False,,,
37,2,RSNA_25075,L-CC,NO,0.0,False,,,
37,2,RSNA_25075,R-CC,NO,0.0,False,,,
37,2,RSNA_25075,L-MLO,NO,0.0,False,,,
37,2,RSNA_25075,R-MLO,NO,0.0,False,,,
37,3,RSNA_2509,L-CC,NO,1359.0,True,YES,0.0,False
37,3,RSNA_2509,R-CC,NO,1423.0,True,YES,0.0,False
37,3,RSNA_2509,L-MLO,NO,1223.0,True,YES,0.0,False
37,3,RSNA_2509,R-MLO,NO,1241.0,True,YES,0.0,False
37,4,RSNA_25101,L-CC,NO,1687.0,True,YES,0.0,False
37,4,RSNA_25101,R-CC,NO,1902.0,True,YES,0.0,False
37,4,RSNA_25101,L-MLO,NO,1514.0,True,YES,0.0,False
37,4,RSNA_25101,R-MLO,NO,1738.0,True,YES,0.0,False
37,5,RSNA_25108,L-CC,NO,0.0,False,,,
37,5,RSNA_25108,R-CC,NO,0.0,False,,,
37,5,RSNA_25108,L-MLO,NO,0.0,False,,,
37,5,RSNA_25108,R-MLO,NO,0.0,False,,,
37,6,RSNA_25118,L-CC,NO,0.0,False,,,
37,6,RSNA_25118,R-CC,NO,0.0,False,,,
37,6,RSNA_25118,L-MLO,NO,0.0,False,,,
37,6,RSNA_25118,R-MLO,NO,0.0,False,,,
37,7,RSNA_25120,L-CC,NO,0.0,False,,,
37,7,RSNA_25120,R-CC,NO,0.0,False,,,
37,7,RSNA_25120,L-MLO,NO,0.0,False,,,
37,7,RSNA_25120,R-MLO,NO,0.0,False,,,
37,8,RSNA_2514,L-CC,NO,1285.0,True,YES,0.0,False
37,8,RSNA_2514,R-CC,NO,1477.0,True,YES,0.0,False
37,8,RSNA_2514,L-MLO,NO,1074.0,True,YES,0.0,False
37,8,RSNA_2514,R-MLO,NO,1223.0,True,YES,0.0,False
37,9,RSNA_25159,L-CC,NO,0.0,False,,,
37,9,RSNA_25159,R-CC,NO,0.0,False,,,
37,9,RSNA_25159,L-MLO,NO,0.0,False,,,
37,9,RSNA_25159,R-MLO,NO,0.0,False,,,
37,10,RSNA_25171,L-CC,NO,0.0,False,,,
37,10,RSNA_25171,R-CC,NO,0.0,False,,,
37,10,RSNA_25171,L-MLO,NO,0.0,False,,,
37,10,RSNA_25171,R-MLO,NO,0.0,False,,,
37,11,RSNA_25175,L-CC,NO,0.0,False,,,
37,11,RSNA_25175,R-CC,NO,0.0,False,,,
37,11,RSNA_25175,L-MLO,NO,0.0,False,,,
37,11,RSNA_25175,R-MLO,NO,0.0,False,,,
37,12,RSNA_25180,L-CC,NO,0.0,False,,,
37,12,RSNA_25180,R-CC,NO,0.0,False,,,
37,12,RSNA_25180,L-MLO,NO,0.0,False,,,
37,12,RSNA_25180,R-MLO,NO,0.0,False,,,
37,13,RSNA_25185,L-CC,NO,0.0,False,,,
37,13,RSNA_25185,R-CC,NO,0.0,False,,,
37,13,RSNA_25185,L-MLO,NO,0.0,False,,,
37,13,RSNA_25185,R-MLO,NO,0.0,False,,,
37,14,RSNA_25208,L-CC,NO,0.0,False,,,
37,14,RSNA_25208,R-CC,NO,0.0,False,,,
37,14,RSNA_25208,L-MLO,NO,0.0,False,,,
37,14,RSNA_25208,R-MLO,NO,0.0,False,,,
37,15,RSNA_25210,L-CC,NO,0.0,False,,,
37,15,RSNA_25210,R-CC,NO,0.0,False,,,
37,15,RSNA_25210,L-MLO,NO,0.0,False,,,
37,15,RSNA_25210,R-MLO,NO,0.0,False,,,
37,16,RSNA_25211,L-CC,NO,0.0,False,,,
37,16,RSNA_25211,R-CC,NO,0.0,False,,,
37,16,RSNA_25211,L-MLO,NO,0.0,False,,,
37,16,RSNA_25211,R-MLO,NO,0.0,False,,,
37,17,RSNA_25219,L-CC,NO,0.0,False,,,
37,17,RSNA_25219,R-CC,NO,0.0,False,,,
37,17,RSNA_25219,L-MLO,NO,0.0,False,,,
37,17,RSNA_25219,R-MLO,NO,0.0,False,,,
37,18,RSNA_25266,L-CC,NO,0.0,False,,,
37,18,RSNA_25266,R-CC,NO,0.0,False,,,
37,18,RSNA_25266,L-MLO,NO,0.0,False,,,
37,18,RSNA_25266,R-MLO,NO,0.0,False,,,
37,19,RSNA_25269,L-CC,NO,0.0,False,,,
37,19,RSNA_25269,R-CC,NO,0.0,False,,,
37,19,RSNA_25269,L-MLO,NO,0.0,False,,,
37,19,RSNA_25269,R-MLO,NO,0.0,False,,,
37,20,RSNA_25308,L-CC,NO,0.0,False,,,
37,20,RSNA_25308,R-CC,NO,0.0,False,,,
37,20,RSNA_25308,L-MLO,NO,0.0,False,,,
37,20,RSNA_25308,R-MLO,NO,0.0,False,,,
37,21,RSNA_25325,L-CC,NO,0.0,False,,,
37,21,RSNA_25325,R-CC,NO,0.0,False,,,
37,21,RSNA_25325,L-MLO,NO,0.0,False,,,
37,21,RSNA_25325,R-MLO,NO,0.0,False,,,
37,22,RSNA_25327,L-CC,NO,0.0,False,,,
37,22,RSNA_25327,R-CC,NO,0.0,False,,,
37,22,RSNA_25327,L-MLO,NO,0.0,False,,,
37,22,RSNA_25327,R-MLO,NO,0.0,False,,,
37,23,RSNA_25341,L-CC,NO,0.0,False,,,
37,23,RSNA_25341,R-CC,NO,0.0,False,,,
37,23,RSNA_25341,L-MLO,NO,0.0,False,,,
37,23,RSNA_25341,R-MLO,NO,0.0,False,,,
37,24,RSNA_25380,L-CC,NO,0.0,False,,,
37,24,RSNA_25380,R-CC,NO,0.0,False,,,
37,24,RSNA_25380,L-MLO,NO,0.0,False,,,
37,24,RSNA_25380,R-MLO,NO,0.0,False,,,
38,0,RSNA_25399,L-CC,NO,0.0,False,,,
38,0,RSNA_25399,R-CC,NO,0.0,False,,,
38,0,RSNA_25399,L-MLO,NO,0.0,False,,,
38,0,RSNA_25399,R-MLO,NO,0.0,False,,,
38,1,RSNA_25410,L-CC,NO,0.0,False,,,
38,1,RSNA_25410,R-CC,NO,0.0,False,,,
38,1,RSNA_25410,L-MLO,NO,0.0,False,,,
38,1,RSNA_25410,R-MLO,NO,0.0,False,,,
38,2,RSNA_25411,L-CC,NO,0.0,False,,,
38,2,RSNA_25411,R-CC,NO,0.0,False,,,
38,2,RSNA_25411,L-MLO,NO,0.0,False,,,
38,2,RSNA_25411,R-MLO,NO,0.0,False,,,
38,3,RSNA_2543,L-CC,NO,0.0,False,,,
38,3,RSNA_2543,R-CC,NO,0.0,False,,,
38,3,RSNA_2543,L-MLO,NO,0.0,False,,,
38,3,RSNA_2543,R-MLO,NO,0.0,False,,,
38,4,RSNA_25432,L-CC,NO,0.0,False,,,
38,4,RSNA_25432,R-CC,NO,0.0,False,,,
38,4,RSNA_25432,L-MLO,NO,0.0,False,,,
38,4,RSNA_25432,R-MLO,NO,0.0,False,,,
38,5,RSNA_25433,L-CC,NO,0.0,False,,,
38,5,RSNA_25433,R-CC,NO,0.0,False,,,
38,5,RSNA_25433,L-MLO,NO,0.0,False,,,
38,5,RSNA_25433,R-MLO,NO,0.0,False,,,
38,6,RSNA_25456,L-CC,NO,0.0,False,,,
38,6,RSNA_25456,R-CC,NO,0.0,False,,,
38,6,RSNA_25456,L-MLO,NO,0.0,False,,,
38,6,RSNA_25456,R-MLO,NO,0.0,False,,,
38,7,RSNA_25478,L-CC,NO,0.0,False,,,
38,7,RSNA_25478,R-CC,NO,0.0,False,,,
38,7,RSNA_25478,L-MLO,NO,0.0,False,,,
38,7,RSNA_25478,R-MLO,NO,0.0,False,,,
38,8,RSNA_25488,L-CC,NO,0.0,False,,,
38,8,RSNA_25488,R-CC,NO,0.0,False,,,
38,8,RSNA_25488,L-MLO,NO,0.0,False,,,
38,8,RSNA_25488,R-MLO,NO,0.0,False,,,
38,9,RSNA_25492,L-CC,NO,0.0,False,,,
38,9,RSNA_25492,R-CC,NO,0.0,False,,,
38,9,RSNA_25492,L-MLO,NO,0.0,False,,,
38,9,RSNA_25492,R-MLO,NO,0.0,False,,,
38,10,RSNA_25500,L-CC,NO,1017.0,True,YES,0.0,False
38,10,RSNA_25500,R-CC,NO,1332.0,True,YES,0.0,False
38,10,RSNA_25500,L-MLO,NO,1071.0,True,YES,0.0,False
38,10,RSNA_25500,R-MLO,NO,1209.0,True,YES,0.0,False
38,11,RSNA_25538,L-CC,NO,0.0,False,,,
38,11,RSNA_25538,R-CC,NO,0.0,False,,,
38,11,RSNA_25538,L-MLO,NO,0.0,False,,,
38,11,RSNA_25538,R-MLO,NO,0.0,False,,,
38,12,RSNA_25540,L-CC,NO,0.0,False,,,
38,12,RSNA_25540,R-CC,NO,0.0,False,,,
38,12,RSNA_25540,L-MLO,NO,0.0,False,,,
38,12,RSNA_25540,R-MLO,NO,0.0,False,,,
38,13,RSNA_25550,L-CC,NO,0.0,False,,,
38,13,RSNA_25550,R-CC,NO,0.0,False,,,
38,13,RSNA_25550,L-MLO,NO,0.0,False,,,
38,13,RSNA_25550,R-MLO,NO,0.0,False,,,
38,14,RSNA_25551,L-CC,NO,0.0,False,,,
38,14,RSNA_25551,R-CC,NO,0.0,False,,,
38,14,RSNA_25551,L-MLO,NO,0.0,False,,,
38,14,RSNA_25551,R-MLO,NO,0.0,False,,,
38,15,RSNA_25565,L-CC,NO,0.0,False,,,
38,15,RSNA_25565,R-CC,NO,0.0,False,,,
38,15,RSNA_25565,L-MLO,NO,0.0,False,,,
38,15,RSNA_25565,R-MLO,NO,0.0,False,,,
38,16,RSNA_25578,L-CC,NO,0.0,False,,,
38,16,RSNA_25578,R-CC,NO,0.0,False,,,
38,16,RSNA_25578,L-MLO,NO,0.0,False,,,
38,16,RSNA_25578,R-MLO,NO,0.0,False,,,
38,17,RSNA_25582,L-CC,NO,1679.0,True,YES,0.0,False
38,17,RSNA_25582,R-CC,NO,1627.0,True,YES,0.0,False
38,17,RSNA_25582,L-MLO,NO,1665.0,True,YES,0.0,False
38,17,RSNA_25582,R-MLO,NO,1704.0,True,YES,0.0,False
38,18,RSNA_25605,L-CC,NO,1225.0,True,YES,0.0,False
38,18,RSNA_25605,R-CC,NO,1301.0,True,YES,0.0,False
38,18,RSNA_25605,L-MLO,NO,1184.0,True,YES,0.0,False
38,18,RSNA_25605,R-MLO,NO,1219.0,True,YES,0.0,False
38,19,RSNA_2564,L-CC,NO,0.0,False,,,
38,19,RSNA_2564,R-CC,NO,0.0,False,,,
38,19,RSNA_2564,L-MLO,NO,0.0,False,,,
38,19,RSNA_2564,R-MLO,NO,0.0,False,,,
38,20,RSNA_25669,L-CC,NO,0.0,False,,,
38,20,RSNA_25669,R-CC,NO,0.0,False,,,
38,20,RSNA_25669,L-MLO,NO,0.0,False,,,
38,20,RSNA_25669,R-MLO,NO,0.0,False,,,
38,21,RSNA_25678,L-CC,NO,0.0,False,,,
38,21,RSNA_25678,R-CC,NO,0.0,False,,,
38,21,RSNA_25678,L-MLO,NO,0.0,False,,,
38,21,RSNA_25678,R-MLO,NO,0.0,False,,,
38,22,RSNA_25679,L-CC,NO,0.0,False,,,
38,22,RSNA_25679,R-CC,NO,0.0,False,,,
38,22,RSNA_25679,L-MLO,NO,0.0,False,,,
38,22,RSNA_25679,R-MLO,NO,0.0,False,,,
38,23,RSNA_25694,L-CC,NO,0.0,False,,,
38,23,RSNA_25694,R-CC,NO,0.0,False,,,
38,23,RSNA_25694,L-MLO,NO,0.0,False,,,
38,23,RSNA_25694,R-MLO,NO,0.0,False,,,
38,24,RSNA_25710,L-CC,NO,0.0,False,,,
38,24,RSNA_25710,R-CC,NO,0.0,False,,,
38,24,RSNA_25710,L-MLO,NO,0.0,False,,,
38,24,RSNA_25710,R-MLO,NO,0.0,False,,,
39,0,RSNA_25762,L-CC,NO,0.0,False,,,
39,0,RSNA_25762,R-CC,NO,0.0,False,,,
39,0,RSNA_25762,L-MLO,NO,0.0,False,,,
39,0,RSNA_25762,R-MLO,NO,0.0,False,,,
39,1,RSNA_25763,L-CC,NO,1454.0,True,YES,0.0,False
39,1,RSNA_25763,R-CC,NO,1463.0,True,YES,0.0,False
39,1,RSNA_25763,L-MLO,NO,1444.0,True,YES,0.0,False
39,1,RSNA_25763,R-MLO,NO,1439.0,True,YES,0.0,False
39,2,RSNA_25798,L-CC,NO,0.0,False,,,
39,2,RSNA_25798,R-CC,NO,0.0,False,,,
39,2,RSNA_25798,L-MLO,NO,0.0,False,,,
39,2,RSNA_25798,R-MLO,NO,0.0,False,,,
39,3,RSNA_25806,L-CC,NO,0.0,False,,,
39,3,RSNA_25806,R-CC,NO,0.0,False,,,
39,3,RSNA_25806,L-MLO,NO,0.0,False,,,
39,3,RSNA_25806,R-MLO,NO,0.0,False,,,
39,4,RSNA_25836,L-CC,NO,0.0,False,,,
39,4,RSNA_25836,R-CC,NO,0.0,False,,,
39,4,RSNA_25836,L-MLO,NO,0.0,False,,,
39,4,RSNA_25836,R-MLO,NO,0.0,False,,,
39,5,RSNA_25865,L-CC,NO,0.0,False,,,
39,5,RSNA_25865,R-CC,NO,0.0,False,,,
39,5,RSNA_25865,L-MLO,NO,0.0,False,,,
39,5,RSNA_25865,R-MLO,NO,0.0,False,,,
39,6,RSNA_25892,L-CC,NO,0.0,False,,,
39,6,RSNA_25892,R-CC,NO,0.0,False,,,
39,6,RSNA_25892,L-MLO,NO,0.0,False,,,
39,6,RSNA_25892,R-MLO,NO,0.0,False,,,
39,7,RSNA_259,L-CC,NO,0.0,False,,,
39,7,RSNA_259,R-CC,NO,0.0,False,,,
39,7,RSNA_259,L-MLO,NO,0.0,False,,,
39,7,RSNA_259,R-MLO,NO,0.0,False,,,
39,8,RSNA_25901,L-CC,NO,0.0,False,,,
39,8,RSNA_25901,R-CC,NO,0.0,False,,,
39,8,RSNA_25901,L-MLO,NO,0.0,False,,,
39,8,RSNA_25901,R-MLO,NO,0.0,False,,,
39,9,RSNA_25909,L-CC,NO,0.0,False,,,
39,9,RSNA_25909,R-CC,NO,0.0,False,,,
39,9,RSNA_25909,L-MLO,NO,0.0,False,,,
39,9,RSNA_25909,R-MLO,NO,0.0,False,,,
39,10,RSNA_25948,L-CC,NO,0.0,False,,,
39,10,RSNA_25948,R-CC,NO,0.0,False,,,
39,10,RSNA_25948,L-MLO,NO,0.0,False,,,
39,10,RSNA_25948,R-MLO,NO,0.0,False,,,
39,11,RSNA_25953,L-CC,NO,0.0,False,,,
39,11,RSNA_25953,R-CC,NO,0.0,False,,,
39,11,RSNA_25953,L-MLO,NO,0.0,False,,,
39,11,RSNA_25953,R-MLO,NO,0.0,False,,,
39,12,RSNA_25989,L-CC,NO,0.0,False,,,
39,12,RSNA_25989,R-CC,NO,0.0,False,,,
39,12,RSNA_25989,L-MLO,NO,0.0,False,,,
39,12,RSNA_25989,R-MLO,NO,0.0,False,,,
39,13,RSNA_2599,L-CC,NO,0.0,False,,,
39,13,RSNA_2599,R-CC,NO,0.0,False,,,
39,13,RSNA_2599,L-MLO,NO,0.0,False,,,
39,13,RSNA_2599,R-MLO,NO,0.0,False,,,
39,14,RSNA_260,L-CC,NO,0.0,False,,,
39,14,RSNA_260,R-CC,NO,0.0,False,,,
39,14,RSNA_260,L-MLO,NO,0.0,False,,,
39,14,RSNA_260,R-MLO,NO,0.0,False,,,
39,15,RSNA_26006,L-CC,NO,0.0,False,,,
39,15,RSNA_26006,R-CC,NO,0.0,False,,,
39,15,RSNA_26006,L-MLO,NO,0.0,False,,,
39,15,RSNA_26006,R-MLO,NO,0.0,False,,,
39,16,RSNA_26062,L-CC,NO,0.0,False,,,
39,16,RSNA_26062,R-CC,NO,0.0,False,,,
39,16,RSNA_26062,L-MLO,NO,0.0,False,,,
39,16,RSNA_26062,R-MLO,NO,0.0,False,,,
39,17,RSNA_26064,L-CC,NO,0.0,False,,,
39,17,RSNA_26064,R-CC,NO,0.0,False,,,
39,17,RSNA_26064,L-MLO,NO,0.0,False,,,
39,17,RSNA_26064,R-MLO,NO,0.0,False,,,
39,18,RSNA_26085,L-CC,NO,0.0,False,,,
39,18,RSNA_26085,R-CC,NO,0.0,False,,,
39,18,RSNA_26085,L-MLO,NO,0.0,False,,,
39,18,RSNA_26085,R-MLO,NO,0.0,False,,,
39,19,RSNA_26102,L-CC,NO,1985.0,True,YES,0.0,False
39,19,RSNA_26102,R-CC,NO,1983.0,True,YES,0.0,False
39,19,RSNA_26102,L-MLO,NO,1641.0,True,YES,0.0,False
39,19,RSNA_26102,R-MLO,NO,1824.0,True,YES,0.0,False
39,20,RSNA_2612,L-CC,NO,0.0,False,,,
39,20,RSNA_2612,R-CC,NO,0.0,False,,,
39,20,RSNA_2612,L-MLO,NO,0.0,False,,,
39,20,RSNA_2612,R-MLO,NO,0.0,False,,,
39,21,RSNA_26123,L-CC,NO,0.0,False,,,
39,21,RSNA_26123,R-CC,NO,0.0,False,,,
39,21,RSNA_26123,L-MLO,NO,0.0,False,,,
39,21,RSNA_26123,R-MLO,NO,0.0,False,,,
39,22,RSNA_2613,L-CC,NO,0.0,False,,,
39,22,RSNA_2613,R-CC,NO,0.0,False,,,
39,22,RSNA_2613,L-MLO,NO,0.0,False,,,
39,22,RSNA_2613,R-MLO,NO,0.0,False,,,
39,23,RSNA_26180,L-CC,NO,0.0,False,,,
39,23,RSNA_26180,R-CC,NO,0.0,False,,,
39,23,RSNA_26180,L-MLO,NO,0.0,False,,,
39,23,RSNA_26180,R-MLO,NO,0.0,False,,,
39,24,RSNA_262,L-CC,NO,0.0,False,,,
39,24,RSNA_262,R-CC,NO,0.0,False,,,
39,24,RSNA_262,L-MLO,NO,0.0,False,,,
39,24,RSNA_262,R-MLO,NO,0.0,False,,,
40,0,RSNA_26201,L-CC,NO,0.0,False,,,
40,0,RSNA_26201,R-CC,NO,0.0,False,,,
40,0,RSNA_26201,L-MLO,NO,0.0,False,,,
40,0,RSNA_26201,R-MLO,NO,0.0,False,,,
40,1,RSNA_26204,L-CC,NO,0.0,False,,,
40,1,RSNA_26204,R-CC,NO,0.0,False,,,
40,1,RSNA_26204,L-MLO,NO,0.0,False,,,
40,1,RSNA_26204,R-MLO,NO,0.0,False,,,
40,2,RSNA_26206,L-CC,NO,1350.0,True,YES,0.0,False
40,2,RSNA_26206,R-CC,NO,1312.0,True,YES,0.0,False
40,2,RSNA_26206,L-MLO,NO,1267.0,True,YES,0.0,False
40,2,RSNA_26206,R-MLO,NO,1259.0,True,YES,0.0,False
40,3,RSNA_26219,L-CC,NO,0.0,False,,,
40,3,RSNA_26219,R-CC,NO,0.0,False,,,
40,3,RSNA_26219,L-MLO,NO,0.0,False,,,
40,3,RSNA_26219,R-MLO,NO,0.0,False,,,
40,4,RSNA_26223,L-CC,NO,0.0,False,,,
40,4,RSNA_26223,R-CC,NO,0.0,False,,,
40,4,RSNA_26223,L-MLO,NO,0.0,False,,,
40,4,RSNA_26223,R-MLO,NO,0.0,False,,,
40,5,RSNA_26235,L-CC,NO,0.0,False,,,
40,5,RSNA_26235,R-CC,NO,0.0,False,,,
40,5,RSNA_26235,L-MLO,NO,0.0,False,,,
40,5,RSNA_26235,R-MLO,NO,0.0,False,,,
40,6,RSNA_26242,L-CC,NO,0.0,False,,,
40,6,RSNA_26242,R-CC,NO,0.0,False,,,
40,6,RSNA_26242,L-MLO,NO,0.0,False,,,
40,6,RSNA_26242,R-MLO,NO,0.0,False,,,
40,7,RSNA_26255,L-CC,NO,0.0,False,,,
40,7,RSNA_26255,R-CC,NO,0.0,False,,,
40,7,RSNA_26255,L-MLO,NO,0.0,False,,,
40,7,RSNA_26255,R-MLO,NO,0.0,False,,,
40,8,RSNA_26273,L-CC,NO,0.0,False,,,
40,8,RSNA_26273,R-CC,NO,0.0,False,,,
40,8,RSNA_26273,L-MLO,NO,0.0,False,,,
40,8,RSNA_26273,R-MLO,NO,0.0,False,,,
40,9,RSNA_26277,L-CC,NO,0.0,False,,,
40,9,RSNA_26277,R-CC,NO,0.0,False,,,
40,9,RSNA_26277,L-MLO,NO,0.0,False,,,
40,9,RSNA_26277,R-MLO,NO,0.0,False,,,
40,10,RSNA_26284,L-CC,NO,0.0,False,,,
40,10,RSNA_26284,R-CC,NO,0.0,False,,,
40,10,RSNA_26284,L-MLO,NO,0.0,False,,,
40,10,RSNA_26284,R-MLO,NO,0.0,False,,,
40,11,RSNA_26292,L-CC,NO,1194.0,True,YES,0.0,False
40,11,RSNA_26292,R-CC,NO,1279.0,True,YES,0.0,False
40,11,RSNA_26292,L-MLO,NO,1048.0,True,YES,0.0,False
40,11,RSNA_26292,R-MLO,NO,982.0,True,YES,0.0,False
40,12,RSNA_26330,L-CC,NO,0.0,False,,,
40,12,RSNA_26330,R-CC,NO,0.0,False,,,
40,12,RSNA_26330,L-MLO,NO,0.0,False,,,
40,12,RSNA_26330,R-MLO,NO,0.0,False,,,
40,13,RSNA_26344,L-CC,NO,0.0,False,,,
40,13,RSNA_26344,R-CC,NO,0.0,False,,,
40,13,RSNA_26344,L-MLO,NO,0.0,False,,,
40,13,RSNA_26344,R-MLO,NO,0.0,False,,,
40,14,RSNA_26356,L-CC,NO,0.0,False,,,
40,14,RSNA_26356,R-CC,NO,0.0,False,,,
40,14,RSNA_26356,L-MLO,NO,0.0,False,,,
40,14,RSNA_26356,R-MLO,NO,0.0,False,,,
40,15,RSNA_26368,L-CC,NO,0.0,False,,,
40,15,RSNA_26368,R-CC,NO,0.0,False,,,
40,15,RSNA_26368,L-MLO,NO,0.0,False,,,
40,15,RSNA_26368,R-MLO,NO,0.0,False,,,
40,16,RSNA_26371,L-CC,NO,0.0,False,,,
40,16,RSNA_26371,R-CC,NO,0.0,False,,,
40,16,RSNA_26371,L-MLO,NO,0.0,False,,,
40,16,RSNA_26371,R-MLO,NO,0.0,False,,,
40,17,RSNA_26374,L-CC,NO,0.0,False,,,
40,17,RSNA_26374,R-CC,NO,0.0,False,,,
40,17,RSNA_26374,L-MLO,NO,0.0,False,,,
40,17,RSNA_26374,R-MLO,NO,0.0,False,,,
40,18,RSNA_2638,L-CC,NO,0.0,False,,,
40,18,RSNA_2638,R-CC,NO,0.0,False,,,
40,18,RSNA_2638,L-MLO,NO,0.0,False,,,
40,18,RSNA_2638,R-MLO,NO,0.0,False,,,
40,19,RSNA_26390,L-CC,NO,1156.0,True,YES,0.0,False
40,19,RSNA_26390,R-CC,NO,1702.0,True,YES,0.0,False
40,19,RSNA_26390,L-MLO,NO,1853.0,True,YES,0.0,False
40,19,RSNA_26390,R-MLO,NO,1593.0,True,YES,0.0,False
40,20,RSNA_2641,L-CC,NO,0.0,False,,,
40,20,RSNA_2641,R-CC,NO,0.0,False,,,
40,20,RSNA_2641,L-MLO,NO,0.0,False,,,
40,20,RSNA_2641,R-MLO,NO,0.0,False,,,
40,21,RSNA_26435,L-CC,NO,0.0,False,,,
40,21,RSNA_26435,R-CC,NO,0.0,False,,,
40,21,RSNA_26435,L-MLO,NO,0.0,False,,,
40,21,RSNA_26435,R-MLO,NO,0.0,False,,,
40,22,RSNA_26468,L-CC,NO,0.0,False,,,
40,22,RSNA_26468,R-CC,NO,0.0,False,,,
40,22,RSNA_26468,L-MLO,NO,0.0,False,,,
40,22,RSNA_26468,R-MLO,NO,0.0,False,,,
40,23,RSNA_26479,L-CC,NO,0.0,False,,,
40,23,RSNA_26479,R-CC,NO,0.0,False,,,
40,23,RSNA_26479,L-MLO,NO,0.0,False,,,
40,23,RSNA_26479,R-MLO,NO,0.0,False,,,
40,24,RSNA_26545,L-CC,NO,0.0,False,,,
40,24,RSNA_26545,R-CC,NO,0.0,False,,,
40,24,RSNA_26545,L-MLO,NO,0.0,False,,,
40,24,RSNA_26545,R-MLO,NO,0.0,False,,,
41,0,RSNA_26549,L-CC,NO,0.0,False,,,
41,0,RSNA_26549,R-CC,NO,743.0,True,,,
41,0,RSNA_26549,L-MLO,NO,0.0,False,,,
41,0,RSNA_26549,R-MLO,NO,563.0,True,,,
41,1,RSNA_26588,L-CC,NO,1395.0,True,YES,0.0,False
41,1,RSNA_26588,R-CC,NO,1433.0,True,YES,0.0,False
41,1,RSNA_26588,L-MLO,NO,1287.0,True,YES,0.0,False
41,1,RSNA_26588,R-MLO,NO,1414.0,True,YES,0.0,False
41,2,RSNA_26593,L-CC,NO,1180.0,True,YES,0.0,False
41,2,RSNA_26593,R-CC,NO,1232.0,True,YES,0.0,False
41,2,RSNA_26593,L-MLO,NO,947.0,True,YES,0.0,False
41,2,RSNA_26593,R-MLO,NO,1032.0,True,YES,0.0,False
41,3,RSNA_26602,L-CC,NO,1951.0,True,YES,0.0,False
41,3,RSNA_26602,R-CC,NO,1626.0,True,YES,0.0,False
41,3,RSNA_26602,L-MLO,NO,1367.0,True,YES,0.0,False
41,3,RSNA_26602,R-MLO,NO,1372.0,True,YES,0.0,False
41,4,RSNA_2663,L-CC,NO,0.0,False,,,
41,4,RSNA_2663,R-CC,NO,0.0,False,,,
41,4,RSNA_2663,L-MLO,NO,0.0,False,,,
41,4,RSNA_2663,R-MLO,NO,0.0,False,,,
41,5,RSNA_26639,L-CC,NO,0.0,False,,,
41,5,RSNA_26639,R-CC,NO,0.0,False,,,
41,5,RSNA_26639,L-MLO,NO,0.0,False,,,
41,5,RSNA_26639,R-MLO,NO,0.0,False,,,
41,6,RSNA_26644,L-CC,NO,0.0,False,,,
41,6,RSNA_26644,R-CC,NO,0.0,False,,,
41,6,RSNA_26644,L-MLO,NO,0.0,False,,,
41,6,RSNA_26644,R-MLO,NO,0.0,False,,,
41,7,RSNA_26657,L-CC,NO,0.0,False,,,
41,7,RSNA_26657,R-CC,NO,0.0,False,,,
41,7,RSNA_26657,L-MLO,NO,0.0,False,,,
41,7,RSNA_26657,R-MLO,NO,0.0,False,,,
41,8,RSNA_26670,L-CC,NO,0.0,False,,,
41,8,RSNA_26670,R-CC,NO,0.0,False,,,
41,8,RSNA_26670,L-MLO,NO,0.0,False,,,
41,8,RSNA_26670,R-MLO,NO,0.0,False,,,
41,9,RSNA_26690,L-CC,NO,0.0,False,,,
41,9,RSNA_26690,R-CC,NO,0.0,False,,,
41,9,RSNA_26690,L-MLO,NO,0.0,False,,,
41,9,RSNA_26690,R-MLO,NO,0.0,False,,,
41,10,RSNA_26694,L-CC,NO,0.0,False,,,
41,10,RSNA_26694,R-CC,NO,0.0,False,,,
41,10,RSNA_26694,L-MLO,NO,0.0,False,,,
41,10,RSNA_26694,R-MLO,NO,0.0,False,,,
41,11,RSNA_2671,L-CC,NO,0.0,False,,,
41,11,RSNA_2671,R-CC,NO,0.0,False,,,
41,11,RSNA_2671,L-MLO,NO,0.0,False,,,
41,11,RSNA_2671,R-MLO,NO,0.0,False,,,
41,12,RSNA_26713,L-CC,NO,0.0,False,,,
41,12,RSNA_26713,R-CC,NO,0.0,False,,,
41,12,RSNA_26713,L-MLO,NO,0.0,False,,,
41,12,RSNA_26713,R-MLO,NO,0.0,False,,,
41,13,RSNA_2673,L-CC,NO,0.0,False,,,
41,13,RSNA_2673,R-CC,NO,0.0,False,,,
41,13,RSNA_2673,L-MLO,NO,0.0,False,,,
41,13,RSNA_2673,R-MLO,NO,0.0,False,,,
41,14,RSNA_26736,L-CC,NO,0.0,False,,,
41,14,RSNA_26736,R-CC,NO,0.0,False,,,
41,14,RSNA_26736,L-MLO,NO,0.0,False,,,
41,14,RSNA_26736,R-MLO,NO,0.0,False,,,
41,15,RSNA_26737,L-CC,NO,0.0,False,,,
41,15,RSNA_26737,R-CC,NO,0.0,False,,,
41,15,RSNA_26737,L-MLO,NO,0.0,False,,,
41,15,RSNA_26737,R-MLO,NO,0.0,False,,,
41,16,RSNA_26745,L-CC,NO,0.0,False,,,
41,16,RSNA_26745,R-CC,NO,0.0,False,,,
41,16,RSNA_26745,L-MLO,NO,0.0,False,,,
41,16,RSNA_26745,R-MLO,NO,0.0,False,,,
41,17,RSNA_26754,L-CC,NO,1392.0,True,YES,0.0,False
41,17,RSNA_26754,R-CC,NO,1589.0,True,YES,0.0,False
41,17,RSNA_26754,L-MLO,NO,1241.0,True,YES,0.0,False
41,17,RSNA_26754,R-MLO,NO,1530.0,True,YES,0.0,False
41,18,RSNA_2676,L-CC,NO,1797.0,True,YES,0.0,False
41,18,RSNA_2676,R-CC,NO,1850.0,True,YES,0.0,False
41,18,RSNA_2676,L-MLO,NO,1659.0,True,YES,0.0,False
41,18,RSNA_2676,R-MLO,NO,1734.0,True,YES,0.0,False
41,19,RSNA_26782,L-CC,NO,0.0,False,,,
41,19,RSNA_26782,R-CC,NO,0.0,False,,,
41,19,RSNA_26782,L-MLO,NO,0.0,False,,,
41,19,RSNA_26782,R-MLO,NO,0.0,False,,,
41,20,RSNA_26796,L-CC,NO,0.0,False,,,
41,20,RSNA_26796,R-CC,NO,0.0,False,,,
41,20,RSNA_26796,L-MLO,NO,0.0,False,,,
41,20,RSNA_26796,R-MLO,NO,0.0,False,,,
41,21,RSNA_26802,L-CC,NO,0.0,False,,,
41,21,RSNA_26802,R-CC,NO,0.0,False,,,
41,21,RSNA_26802,L-MLO,NO,0.0,False,,,
41,21,RSNA_26802,R-MLO,NO,0.0,False,,,
41,22,RSNA_26832,L-CC,NO,0.0,False,,,
41,22,RSNA_26832,R-CC,NO,0.0,False,,,
41,22,RSNA_26832,L-MLO,NO,0.0,False,,,
41,22,RSNA_26832,R-MLO,NO,0.0,False,,,
41,23,RSNA_26837,L-CC,NO,0.0,False,,,
41,23,RSNA_26837,R-CC,NO,0.0,False,,,
41,23,RSNA_26837,L-MLO,NO,0.0,False,,,
41,23,RSNA_26837,R-MLO,NO,0.0,False,,,
41,24,RSNA_26848,L-CC,NO,0.0,False,,,
41,24,RSNA_26848,R-CC,NO,0.0,False,,,
41,24,RSNA_26848,L-MLO,NO,0.0,False,,,
41,24,RSNA_26848,R-MLO,NO,0.0,False,,,
42,0,RSNA_26869,L-CC,NO,1629.0,True,YES,0.0,False
42,0,RSNA_26869,R-CC,NO,1850.0,True,YES,0.0,False
42,0,RSNA_26869,L-MLO,NO,1620.0,True,YES,0.0,False
42,0,RSNA_26869,R-MLO,NO,1946.0,True,YES,0.0,False
42,1,RSNA_26872,L-CC,NO,1095.0,True,YES,0.0,False
42,1,RSNA_26872,R-CC,NO,1040.0,True,YES,0.0,False
42,1,RSNA_26872,L-MLO,NO,976.0,True,YES,0.0,False
42,1,RSNA_26872,R-MLO,NO,1032.0,True,YES,0.0,False
42,2,RSNA_26876,L-CC,NO,1422.0,True,YES,0.0,False
42,2,RSNA_26876,R-CC,NO,1461.0,True,YES,0.0,False
42,2,RSNA_26876,L-MLO,NO,1291.0,True,YES,0.0,False
42,2,RSNA_26876,R-MLO,NO,1293.0,True,YES,0.0,False
42,3,RSNA_26924,L-CC,NO,0.0,False,,,
42,3,RSNA_26924,R-CC,NO,0.0,False,,,
42,3,RSNA_26924,L-MLO,NO,0.0,False,,,
42,3,RSNA_26924,R-MLO,NO,0.0,False,,,
42,4,RSNA_26930,L-CC,NO,0.0,False,,,
42,4,RSNA_26930,R-CC,NO,0.0,False,,,
42,4,RSNA_26930,L-MLO,NO,0.0,False,,,
42,4,RSNA_26930,R-MLO,NO,0.0,False,,,
42,5,RSNA_26954,L-CC,NO,0.0,False,,,
42,5,RSNA_26954,R-CC,NO,0.0,False,,,
42,5,RSNA_26954,L-MLO,NO,0.0,False,,,
42,5,RSNA_26954,R-MLO,NO,0.0,False,,,
42,6,RSNA_26963,L-CC,NO,0.0,False,,,
42,6,RSNA_26963,R-CC,NO,0.0,False,,,
42,6,RSNA_26963,L-MLO,NO,0.0,False,,,
42,6,RSNA_26963,R-MLO,NO,0.0,False,,,
42,7,RSNA_26974,L-CC,NO,0.0,False,,,
42,7,RSNA_26974,R-CC,NO,0.0,False,,,
42,7,RSNA_26974,L-MLO,NO,0.0,False,,,
42,7,RSNA_26974,R-MLO,NO,0.0,False,,,
42,8,RSNA_27009,L-CC,NO,0.0,False,,,
42,8,RSNA_27009,R-CC,NO,0.0,False,,,
42,8,RSNA_27009,L-MLO,NO,0.0,False,,,
42,8,RSNA_27009,R-MLO,NO,0.0,False,,,
42,9,RSNA_2701,L-CC,NO,0.0,False,,,
42,9,RSNA_2701,R-CC,NO,0.0,False,,,
42,9,RSNA_2701,L-MLO,NO,0.0,False,,,
42,9,RSNA_2701,R-MLO,NO,0.0,False,,,
42,10,RSNA_27064,L-CC,NO,0.0,False,,,
42,10,RSNA_27064,R-CC,NO,0.0,False,,,
42,10,RSNA_27064,L-MLO,NO,0.0,False,,,
42,10,RSNA_27064,R-MLO,NO,0.0,False,,,
42,11,RSNA_2708,L-CC,NO,0.0,False,,,
42,11,RSNA_2708,R-CC,NO,0.0,False,,,
42,11,RSNA_2708,L-MLO,NO,0.0,False,,,
42,11,RSNA_2708,R-MLO,NO,0.0,False,,,
42,12,RSNA_27083,L-CC,NO,0.0,False,,,
42,12,RSNA_27083,R-CC,NO,0.0,False,,,
42,12,RSNA_27083,L-MLO,NO,0.0,False,,,
42,12,RSNA_27083,R-MLO,NO,0.0,False,,,
42,13,RSNA_27097,L-CC,NO,0.0,False,,,
42,13,RSNA_27097,R-CC,NO,0.0,False,,,
42,13,RSNA_27097,L-MLO,NO,0.0,False,,,
42,13,RSNA_27097,R-MLO,NO,0.0,False,,,
42,14,RSNA_27099,L-CC,NO,0.0,False,,,
42,14,RSNA_27099,R-CC,NO,0.0,False,,,
42,14,RSNA_27099,L-MLO,NO,0.0,False,,,
42,14,RSNA_27099,R-MLO,NO,0.0,False,,,
42,15,RSNA_27102,L-CC,NO,0.0,False,,,
42,15,RSNA_27102,R-CC,NO,0.0,False,,,
42,15,RSNA_27102,L-MLO,NO,0.0,False,,,
42,15,RSNA_27102,R-MLO,NO,0.0,False,,,
42,16,RSNA_27125,L-CC,NO,0.0,False,,,
42,16,RSNA_27125,R-CC,NO,0.0,False,,,
42,16,RSNA_27125,L-MLO,NO,0.0,False,,,
42,16,RSNA_27125,R-MLO,NO,0.0,False,,,
42,17,RSNA_27134,L-CC,NO,0.0,False,,,
42,17,RSNA_27134,R-CC,NO,0.0,False,,,
42,17,RSNA_27134,L-MLO,NO,0.0,False,,,
42,17,RSNA_27134,R-MLO,NO,0.0,False,,,
42,18,RSNA_27164,L-CC,NO,1379.0,True,YES,0.0,False
42,18,RSNA_27164,R-CC,NO,1393.0,True,YES,0.0,False
42,18,RSNA_27164,L-MLO,NO,1366.0,True,YES,0.0,False
42,18,RSNA_27164,R-MLO,NO,1341.0,True,YES,0.0,False
42,19,RSNA_27188,L-CC,NO,0.0,False,,,
42,19,RSNA_27188,R-CC,NO,0.0,False,,,
42,19,RSNA_27188,L-MLO,NO,0.0,False,,,
42,19,RSNA_27188,R-MLO,NO,0.0,False,,,
42,20,RSNA_272,L-CC,NO,0.0,False,,,
42,20,RSNA_272,R-CC,NO,0.0,False,,,
42,20,RSNA_272,L-MLO,NO,0.0,False,,,
42,20,RSNA_272,R-MLO,NO,0.0,False,,,
42,21,RSNA_2721,L-CC,NO,0.0,False,,,
42,21,RSNA_2721,R-CC,NO,0.0,False,,,
42,21,RSNA_2721,L-MLO,NO,0.0,False,,,
42,21,RSNA_2721,R-MLO,NO,0.0,False,,,
42,22,RSNA_27221,L-CC,NO,0.0,False,,,
42,22,RSNA_27221,R-CC,NO,0.0,False,,,
42,22,RSNA_27221,L-MLO,NO,0.0,False,,,
42,22,RSNA_27221,R-MLO,NO,0.0,False,,,
42,23,RSNA_27243,L-CC,NO,0.0,False,,,
42,23,RSNA_27243,R-CC,NO,0.0,False,,,
42,23,RSNA_27243,L-MLO,NO,0.0,False,,,
42,23,RSNA_27243,R-MLO,NO,0.0,False,,,
42,24,RSNA_27259,L-CC,NO,1336.0,True,YES,0.0,False
42,24,RSNA_27259,R-CC,NO,1288.0,True,YES,0.0,False
42,24,RSNA_27259,L-MLO,NO,1189.0,True,YES,0.0,False
42,24,RSNA_27259,R-MLO,NO,1253.0,True,YES,0.0,False
43,0,RSNA_27275,L-CC,NO,1357.0,True,YES,0.0,False
43,0,RSNA_27275,R-CC,NO,1271.0,True,YES,0.0,False
43,0,RSNA_27275,L-MLO,NO,1213.0,True,YES,0.0,False
43,0,RSNA_27275,R-MLO,NO,1230.0,True,YES,0.0,False
43,1,RSNA_27344,L-CC,NO,1019.0,True,YES,0.0,False
43,1,RSNA_27344,R-CC,NO,1018.0,True,YES,0.0,False
43,1,RSNA_27344,L-MLO,NO,933.0,True,YES,0.0,False
43,1,RSNA_27344,R-MLO,NO,944.0,True,YES,0.0,False
43,2,RSNA_27346,L-CC,NO,0.0,False,,,
43,2,RSNA_27346,R-CC,NO,0.0,False,,,
43,2,RSNA_27346,L-MLO,NO,0.0,False,,,
43,2,RSNA_27346,R-MLO,NO,0.0,False,,,
43,3,RSNA_27366,L-CC,NO,0.0,False,,,
43,3,RSNA_27366,R-CC,NO,0.0,False,,,
43,3,RSNA_27366,L-MLO,NO,0.0,False,,,
43,3,RSNA_27366,R-MLO,NO,0.0,False,,,
43,4,RSNA_27372,L-CC,NO,0.0,False,,,
43,4,RSNA_27372,R-CC,NO,0.0,False,,,
43,4,RSNA_27372,L-MLO,NO,0.0,False,,,
43,4,RSNA_27372,R-MLO,NO,0.0,False,,,
43,5,RSNA_27388,L-CC,NO,0.0,False,,,
43,5,RSNA_27388,R-CC,NO,0.0,False,,,
43,5,RSNA_27388,L-MLO,NO,0.0,False,,,
43,5,RSNA_27388,R-MLO,NO,0.0,False,,,
43,6,RSNA_27398,L-CC,NO,1786.0,True,YES,0.0,False
43,6,RSNA_27398,R-CC,NO,1822.0,True,YES,0.0,False
43,6,RSNA_27398,L-MLO,NO,1658.0,True,YES,0.0,False
43,6,RSNA_27398,R-MLO,NO,1689.0,True,YES,0.0,False
43,7,RSNA_2741,L-CC,NO,0.0,False,,,
43,7,RSNA_2741,R-CC,NO,0.0,False,,,
43,7,RSNA_2741,L-MLO,NO,0.0,False,,,
43,7,RSNA_2741,R-MLO,NO,0.0,False,,,
43,8,RSNA_27421,L-CC,NO,0.0,False,,,
43,8,RSNA_27421,R-CC,NO,0.0,False,,,
43,8,RSNA_27421,L-MLO,NO,0.0,False,,,
43,8,RSNA_27421,R-MLO,NO,0.0,False,,,
43,9,RSNA_27429,L-CC,NO,0.0,False,,,
43,9,RSNA_27429,R-CC,NO,0.0,False,,,
43,9,RSNA_27429,L-MLO,NO,0.0,False,,,
43,9,RSNA_27429,R-MLO,NO,0.0,False,,,
43,10,RSNA_27430,L-CC,NO,0.0,False,,,
43,10,RSNA_27430,R-CC,NO,0.0,False,,,
43,10,RSNA_27430,L-MLO,NO,0.0,False,,,
43,10,RSNA_27430,R-MLO,NO,0.0,False,,,
43,11,RSNA_27447,L-CC,NO,0.0,False,,,
43,11,RSNA_27447,R-CC,NO,0.0,False,,,
43,11,RSNA_27447,L-MLO,NO,0.0,False,,,
43,11,RSNA_27447,R-MLO,NO,0.0,False,,,
43,12,RSNA_27451,L-CC,NO,0.0,False,,,
43,12,RSNA_27451,R-CC,NO,0.0,False,,,
43,12,RSNA_27451,L-MLO,NO,0.0,False,,,
43,12,RSNA_27451,R-MLO,NO,0.0,False,,,
43,13,RSNA_27467,L-CC,NO,0.0,False,,,
43,13,RSNA_27467,R-CC,NO,0.0,False,,,
43,13,RSNA_27467,L-MLO,NO,0.0,False,,,
43,13,RSNA_27467,R-MLO,NO,0.0,False,,,
43,14,RSNA_27484,L-CC,NO,0.0,False,,,
43,14,RSNA_27484,R-CC,NO,0.0,False,,,
43,14,RSNA_27484,L-MLO,NO,0.0,False,,,
43,14,RSNA_27484,R-MLO,NO,0.0,False,,,
43,15,RSNA_27502,L-CC,NO,0.0,False,,,
43,15,RSNA_27502,R-CC,NO,0.0,False,,,
43,15,RSNA_27502,L-MLO,NO,0.0,False,,,
43,15,RSNA_27502,R-MLO,NO,0.0,False,,,
43,16,RSNA_27514,L-CC,NO,0.0,False,,,
43,16,RSNA_27514,R-CC,NO,0.0,False,,,
43,16,RSNA_27514,L-MLO,NO,0.0,False,,,
43,16,RSNA_27514,R-MLO,NO,0.0,False,,,
43,17,RSNA_27555,L-CC,NO,0.0,False,,,
43,17,RSNA_27555,R-CC,NO,0.0,False,,,
43,17,RSNA_27555,L-MLO,NO,0.0,False,,,
43,17,RSNA_27555,R-MLO,NO,0.0,False,,,
43,18,RSNA_2757,L-CC,NO,0.0,False,,,
43,18,RSNA_2757,R-CC,NO,0.0,False,,,
43,18,RSNA_2757,L-MLO,NO,0.0,False,,,
43,18,RSNA_2757,R-MLO,NO,0.0,False,,,
43,19,RSNA_27620,L-CC,NO,0.0,False,,,
43,19,RSNA_27620,R-CC,NO,0.0,False,,,
43,19,RSNA_27620,L-MLO,NO,0.0,False,,,
43,19,RSNA_27620,R-MLO,NO,0.0,False,,,
43,20,RSNA_27630,L-CC,NO,0.0,False,,,
43,20,RSNA_27630,R-CC,NO,0.0,False,,,
43,20,RSNA_27630,L-MLO,NO,0.0,False,,,
43,20,RSNA_27630,R-MLO,NO,0.0,False,,,
43,21,RSNA_27636,L-CC,NO,0.0,False,,,
43,21,RSNA_27636,R-CC,NO,0.0,False,,,
43,21,RSNA_27636,L-MLO,NO,0.0,False,,,
43,21,RSNA_27636,R-MLO,NO,0.0,False,,,
43,22,RSNA_27638,L-CC,NO,0.0,False,,,
43,22,RSNA_27638,R-CC,NO,0.0,False,,,
43,22,RSNA_27638,L-MLO,NO,0.0,False,,,
43,22,RSNA_27638,R-MLO,NO,0.0,False,,,
43,23,RSNA_27654,L-CC,NO,0.0,False,,,
43,23,RSNA_27654,R-CC,NO,0.0,False,,,
43,23,RSNA_27654,L-MLO,NO,0.0,False,,,
43,23,RSNA_27654,R-MLO,NO,0.0,False,,,
43,24,RSNA_27667,L-CC,NO,0.0,False,,,
43,24,RSNA_27667,R-CC,NO,0.0,False,,,
43,24,RSNA_27667,L-MLO,NO,0.0,False,,,
43,24,RSNA_27667,R-MLO,NO,0.0,False,,,
44,0,RSNA_2770,L-CC,NO,0.0,False,,,
44,0,RSNA_2770,R-CC,NO,0.0,False,,,
44,0,RSNA_2770,L-MLO,NO,0.0,False,,,
44,0,RSNA_2770,R-MLO,NO,0.0,False,,,
44,1,RSNA_27712,L-CC,NO,0.0,False,,,
44,1,RSNA_27712,R-CC,NO,0.0,False,,,
44,1,RSNA_27712,L-MLO,NO,0.0,False,,,
44,1,RSNA_27712,R-MLO,NO,0.0,False,,,
44,2,RSNA_27718,L-CC,NO,0.0,False,,,
44,2,RSNA_27718,R-CC,NO,0.0,False,,,
44,2,RSNA_27718,L-MLO,NO,0.0,False,,,
44,2,RSNA_27718,R-MLO,NO,0.0,False,,,
44,3,RSNA_27728,L-CC,NO,0.0,False,,,
44,3,RSNA_27728,R-CC,NO,0.0,False,,,
44,3,RSNA_27728,L-MLO,NO,0.0,False,,,
44,3,RSNA_27728,R-MLO,NO,0.0,False,,,
44,4,RSNA_27730,L-CC,NO,0.0,False,,,
44,4,RSNA_27730,R-CC,NO,0.0,False,,,
44,4,RSNA_27730,L-MLO,NO,0.0,False,,,
44,4,RSNA_27730,R-MLO,NO,0.0,False,,,
44,5,RSNA_27759,L-CC,NO,0.0,False,,,
44,5,RSNA_27759,R-CC,NO,0.0,False,,,
44,5,RSNA_27759,L-MLO,NO,0.0,False,,,
44,5,RSNA_27759,R-MLO,NO,0.0,False,,,
44,6,RSNA_2776,L-CC,NO,0.0,False,,,
44,6,RSNA_2776,R-CC,NO,0.0,False,,,
44,6,RSNA_2776,L-MLO,NO,0.0,False,,,
44,6,RSNA_2776,R-MLO,NO,0.0,False,,,
44,7,RSNA_27793,L-CC,NO,0.0,False,,,
44,7,RSNA_27793,R-CC,NO,0.0,False,,,
44,7,RSNA_27793,L-MLO,NO,0.0,False,,,
44,7,RSNA_27793,R-MLO,NO,0.0,False,,,
44,8,RSNA_27800,L-CC,NO,0.0,False,,,
44,8,RSNA_27800,R-CC,NO,0.0,False,,,
44,8,RSNA_27800,L-MLO,NO,0.0,False,,,
44,8,RSNA_27800,R-MLO,NO,0.0,False,,,
44,9,RSNA_27804,L-CC,NO,0.0,False,,,
44,9,RSNA_27804,R-CC,NO,0.0,False,,,
44,9,RSNA_27804,L-MLO,NO,0.0,False,,,
44,9,RSNA_27804,R-MLO,NO,0.0,False,,,
44,10,RSNA_27819,L-CC,NO,0.0,False,,,
44,10,RSNA_27819,R-CC,NO,0.0,False,,,
44,10,RSNA_27819,L-MLO,NO,0.0,False,,,
44,10,RSNA_27819,R-MLO,NO,0.0,False,,,
44,11,RSNA_27823,L-CC,NO,0.0,False,,,
44,11,RSNA_27823,R-CC,NO,0.0,False,,,
44,11,RSNA_27823,L-MLO,NO,0.0,False,,,
44,11,RSNA_27823,R-MLO,NO,0.0,False,,,
44,12,RSNA_27827,L-CC,NO,1816.0,True,YES,0.0,False
44,12,RSNA_27827,R-CC,NO,1833.0,True,YES,0.0,False
44,12,RSNA_27827,L-MLO,NO,1752.0,True,YES,0.0,False
44,12,RSNA_27827,R-MLO,NO,1759.0,True,YES,0.0,False
44,13,RSNA_27841,L-CC,NO,0.0,False,,,
44,13,RSNA_27841,R-CC,NO,0.0,False,,,
44,13,RSNA_27841,L-MLO,NO,0.0,False,,,
44,13,RSNA_27841,R-MLO,NO,0.0,False,,,
44,14,RSNA_27859,L-CC,NO,0.0,False,,,
44,14,RSNA_27859,R-CC,NO,0.0,False,,,
44,14,RSNA_27859,L-MLO,NO,0.0,False,,,
44,14,RSNA_27859,R-MLO,NO,0.0,False,,,
44,15,RSNA_27860,L-CC,NO,0.0,False,,,
44,15,RSNA_27860,R-CC,NO,0.0,False,,,
44,15,RSNA_27860,L-MLO,NO,0.0,False,,,
44,15,RSNA_27860,R-MLO,NO,0.0,False,,,
44,16,RSNA_27903,L-CC,NO,1104.0,True,YES,0.0,False
44,16,RSNA_27903,R-CC,NO,1074.0,True,YES,0.0,False
44,16,RSNA_27903,L-MLO,NO,1124.0,True,YES,0.0,False
44,16,RSNA_27903,R-MLO,NO,1075.0,True,YES,0.0,False
44,17,RSNA_27928,L-CC,NO,926.0,True,YES,0.0,False
44,17,RSNA_27928,R-CC,NO,913.0,True,YES,0.0,False
44,17,RSNA_27928,L-MLO,NO,948.0,True,YES,0.0,False
44,17,RSNA_27928,R-MLO,NO,793.0,True,YES,0.0,False
44,18,RSNA_27961,L-CC,NO,0.0,False,,,
44,18,RSNA_27961,R-CC,NO,0.0,False,,,
44,18,RSNA_27961,L-MLO,NO,0.0,False,,,
44,18,RSNA_27961,R-MLO,NO,0.0,False,,,
44,19,RSNA_28003,L-CC,NO,0.0,False,,,
44,19,RSNA_28003,R-CC,NO,0.0,False,,,
44,19,RSNA_28003,L-MLO,NO,0.0,False,,,
44,19,RSNA_28003,R-MLO,NO,0.0,False,,,
44,20,RSNA_28081,L-CC,NO,0.0,False,,,
44,20,RSNA_28081,R-CC,NO,0.0,False,,,
44,20,RSNA_28081,L-MLO,NO,0.0,False,,,
44,20,RSNA_28081,R-MLO,NO,0.0,False,,,
44,21,RSNA_28084,L-CC,NO,0.0,False,,,
44,21,RSNA_28084,R-CC,NO,0.0,False,,,
44,21,RSNA_28084,L-MLO,NO,0.0,False,,,
44,21,RSNA_28084,R-MLO,NO,0.0,False,,,
44,22,RSNA_28099,L-CC,NO,0.0,False,,,
44,22,RSNA_28099,R-CC,NO,0.0,False,,,
44,22,RSNA_28099,L-MLO,NO,0.0,False,,,
44,22,RSNA_28099,R-MLO,NO,0.0,False,,,
44,23,RSNA_281,L-CC,NO,0.0,False,,,
44,23,RSNA_281,R-CC,NO,0.0,False,,,
44,23,RSNA_281,L-MLO,NO,0.0,False,,,
44,23,RSNA_281,R-MLO,NO,0.0,False,,,
44,24,RSNA_28107,L-CC,NO,0.0,False,,,
44,24,RSNA_28107,R-CC,NO,0.0,False,,,
44,24,RSNA_28107,L-MLO,NO,0.0,False,,,
44,24,RSNA_28107,R-MLO,NO,0.0,False,,,
45,0,RSNA_28117,L-CC,NO,0.0,False,,,
45,0,RSNA_28117,R-CC,NO,0.0,False,,,
45,0,RSNA_28117,L-MLO,NO,0.0,False,,,
45,0,RSNA_28117,R-MLO,NO,0.0,False,,,
45,1,RSNA_28121,L-CC,NO,731.0,True,YES,0.0,False
45,1,RSNA_28121,R-CC,NO,744.0,True,YES,0.0,False
45,1,RSNA_28121,L-MLO,NO,707.0,True,YES,0.0,False
45,1,RSNA_28121,R-MLO,NO,735.0,True,YES,0.0,False
45,2,RSNA_28135,L-CC,NO,0.0,False,,,
45,2,RSNA_28135,R-CC,NO,0.0,False,,,
45,2,RSNA_28135,L-MLO,NO,0.0,False,,,
45,2,RSNA_28135,R-MLO,NO,0.0,False,,,
45,3,RSNA_28140,L-CC,NO,0.0,False,,,
45,3,RSNA_28140,R-CC,NO,0.0,False,,,
45,3,RSNA_28140,L-MLO,NO,0.0,False,,,
45,3,RSNA_28140,R-MLO,NO,0.0,False,,,
45,4,RSNA_28169,L-CC,NO,0.0,False,,,
45,4,RSNA_28169,R-CC,NO,0.0,False,,,
45,4,RSNA_28169,L-MLO,NO,0.0,False,,,
45,4,RSNA_28169,R-MLO,NO,0.0,False,,,
45,5,RSNA_28184,L-CC,NO,0.0,False,,,
45,5,RSNA_28184,R-CC,NO,0.0,False,,,
45,5,RSNA_28184,L-MLO,NO,0.0,False,,,
45,5,RSNA_28184,R-MLO,NO,0.0,False,,,
45,6,RSNA_28204,L-CC,NO,0.0,False,,,
45,6,RSNA_28204,R-CC,NO,0.0,False,,,
45,6,RSNA_28204,L-MLO,NO,0.0,False,,,
45,6,RSNA_28204,R-MLO,NO,0.0,False,,,
45,7,RSNA_2821,L-CC,NO,0.0,False,,,
45,7,RSNA_2821,R-CC,NO,0.0,False,,,
45,7,RSNA_2821,L-MLO,NO,0.0,False,,,
45,7,RSNA_2821,R-MLO,NO,0.0,False,,,
45,8,RSNA_28262,L-CC,NO,0.0,False,,,
45,8,RSNA_28262,R-CC,NO,0.0,False,,,
45,8,RSNA_28262,L-MLO,NO,0.0,False,,,
45,8,RSNA_28262,R-MLO,NO,0.0,False,,,
45,9,RSNA_28275,L-CC,NO,1535.0,True,YES,0.0,False
45,9,RSNA_28275,R-CC,NO,1557.0,True,YES,0.0,False
45,9,RSNA_28275,L-MLO,NO,1459.0,True,YES,0.0,False
45,9,RSNA_28275,R-MLO,NO,1488.0,True,YES,0.0,False
45,10,RSNA_28284,L-CC,NO,0.0,False,,,
45,10,RSNA_28284,R-CC,NO,0.0,False,,,
45,10,RSNA_28284,L-MLO,NO,0.0,False,,,
45,10,RSNA_28284,R-MLO,NO,0.0,False,,,
45,11,RSNA_28288,L-CC,NO,0.0,False,,,
45,11,RSNA_28288,R-CC,NO,0.0,False,,,
45,11,RSNA_28288,L-MLO,NO,0.0,False,,,
45,11,RSNA_28288,R-MLO,NO,0.0,False,,,
45,12,RSNA_28302,L-CC,NO,0.0,False,,,
45,12,RSNA_28302,R-CC,NO,0.0,False,,,
45,12,RSNA_28302,L-MLO,NO,0.0,False,,,
45,12,RSNA_28302,R-MLO,NO,0.0,False,,,
45,13,RSNA_28306,L-CC,NO,0.0,False,,,
45,13,RSNA_28306,R-CC,NO,0.0,False,,,
45,13,RSNA_28306,L-MLO,NO,0.0,False,,,
45,13,RSNA_28306,R-MLO,NO,0.0,False,,,
45,14,RSNA_2831,L-CC,NO,0.0,False,,,
45,14,RSNA_2831,R-CC,NO,0.0,False,,,
45,14,RSNA_2831,L-MLO,NO,0.0,False,,,
45,14,RSNA_2831,R-MLO,NO,0.0,False,,,
45,15,RSNA_28317,L-CC,NO,0.0,False,,,
45,15,RSNA_28317,R-CC,NO,0.0,False,,,
45,15,RSNA_28317,L-MLO,NO,0.0,False,,,
45,15,RSNA_28317,R-MLO,NO,0.0,False,,,
45,16,RSNA_28321,L-CC,NO,0.0,False,,,
45,16,RSNA_28321,R-CC,NO,0.0,False,,,
45,16,RSNA_28321,L-MLO,NO,0.0,False,,,
45,16,RSNA_28321,R-MLO,NO,0.0,False,,,
45,17,RSNA_2834,L-CC,NO,0.0,False,,,
45,17,RSNA_2834,R-CC,NO,0.0,False,,,
45,17,RSNA_2834,L-MLO,NO,0.0,False,,,
45,17,RSNA_2834,R-MLO,NO,0.0,False,,,
45,18,RSNA_28367,L-CC,NO,0.0,False,,,
45,18,RSNA_28367,R-CC,NO,0.0,False,,,
45,18,RSNA_28367,L-MLO,NO,0.0,False,,,
45,18,RSNA_28367,R-MLO,NO,0.0,False,,,
45,19,RSNA_28374,L-CC,NO,0.0,False,,,
45,19,RSNA_28374,R-CC,NO,0.0,False,,,
45,19,RSNA_28374,L-MLO,NO,0.0,False,,,
45,19,RSNA_28374,R-MLO,NO,0.0,False,,,
45,20,RSNA_28376,L-CC,NO,0.0,False,,,
45,20,RSNA_28376,R-CC,NO,0.0,False,,,
45,20,RSNA_28376,L-MLO,NO,0.0,False,,,
45,20,RSNA_28376,R-MLO,NO,0.0,False,,,
45,21,RSNA_28393,L-CC,NO,0.0,False,,,
45,21,RSNA_28393,R-CC,NO,0.0,False,,,
45,21,RSNA_28393,L-MLO,NO,0.0,False,,,
45,21,RSNA_28393,R-MLO,NO,0.0,False,,,
45,22,RSNA_28408,L-CC,NO,0.0,False,,,
45,22,RSNA_28408,R-CC,NO,0.0,False,,,
45,22,RSNA_28408,L-MLO,NO,0.0,False,,,
45,22,RSNA_28408,R-MLO,NO,0.0,False,,,
45,23,RSNA_28416,L-CC,NO,137.0,True,YES,0.0,False
45,23,RSNA_28416,R-CC,NO,704.0,True,YES,0.0,False
45,23,RSNA_28416,L-MLO,NO,464.0,True,YES,0.0,False
45,23,RSNA_28416,R-MLO,NO,623.0,True,YES,0.0,False
45,24,RSNA_28430,L-CC,NO,0.0,False,,,
45,24,RSNA_28430,R-CC,NO,0.0,False,,,
45,24,RSNA_28430,L-MLO,NO,0.0,False,,,
45,24,RSNA_28430,R-MLO,NO,0.0,False,,,
46,0,RSNA_28438,L-CC,NO,0.0,False,,,
46,0,RSNA_28438,R-CC,NO,0.0,False,,,
46,0,RSNA_28438,L-MLO,NO,0.0,False,,,
46,0,RSNA_28438,R-MLO,NO,0.0,False,,,
46,1,RSNA_28443,L-CC,NO,0.0,False,,,
46,1,RSNA_28443,R-CC,NO,0.0,False,,,
46,1,RSNA_28443,L-MLO,NO,0.0,False,,,
46,1,RSNA_28443,R-MLO,NO,0.0,False,,,
46,2,RSNA_28451,L-CC,NO,0.0,False,,,
46,2,RSNA_28451,R-CC,NO,0.0,False,,,
46,2,RSNA_28451,L-MLO,NO,0.0,False,,,
46,2,RSNA_28451,R-MLO,NO,0.0,False,,,
46,3,RSNA_28456,L-CC,NO,0.0,False,,,
46,3,RSNA_28456,R-CC,NO,0.0,False,,,
46,3,RSNA_28456,L-MLO,NO,0.0,False,,,
46,3,RSNA_28456,R-MLO,NO,0.0,False,,,
46,4,RSNA_28467,L-CC,NO,0.0,False,,,
46,4,RSNA_28467,R-CC,NO,0.0,False,,,
46,4,RSNA_28467,L-MLO,NO,0.0,False,,,
46,4,RSNA_28467,R-MLO,NO,0.0,False,,,
46,5,RSNA_28476,L-CC,NO,0.0,False,,,
46,5,RSNA_28476,R-CC,NO,0.0,False,,,
46,5,RSNA_28476,L-MLO,NO,0.0,False,,,
46,5,RSNA_28476,R-MLO,NO,0.0,False,,,
46,6,RSNA_28482,L-CC,NO,0.0,False,,,
46,6,RSNA_28482,R-CC,NO,0.0,False,,,
46,6,RSNA_28482,L-MLO,NO,0.0,False,,,
46,6,RSNA_28482,R-MLO,NO,0.0,False,,,
46,7,RSNA_28486,L-CC,NO,0.0,False,,,
46,7,RSNA_28486,R-CC,NO,0.0,False,,,
46,7,RSNA_28486,L-MLO,NO,0.0,False,,,
46,7,RSNA_28486,R-MLO,NO,0.0,False,,,
46,8,RSNA_28488,L-CC,NO,0.0,False,,,
46,8,RSNA_28488,R-CC,NO,0.0,False,,,
46,8,RSNA_28488,L-MLO,NO,0.0,False,,,
46,8,RSNA_28488,R-MLO,NO,0.0,False,,,
46,9,RSNA_28507,L-CC,NO,0.0,False,,,
46,9,RSNA_28507,R-CC,NO,0.0,False,,,
46,9,RSNA_28507,L-MLO,NO,0.0,False,,,
46,9,RSNA_28507,R-MLO,NO,0.0,False,,,
46,10,RSNA_28522,L-CC,NO,0.0,False,,,
46,10,RSNA_28522,R-CC,NO,0.0,False,,,
46,10,RSNA_28522,L-MLO,NO,0.0,False,,,
46,10,RSNA_28522,R-MLO,NO,0.0,False,,,
46,11,RSNA_28605,L-CC,NO,0.0,False,,,
46,11,RSNA_28605,R-CC,NO,0.0,False,,,
46,11,RSNA_28605,L-MLO,NO,0.0,False,,,
46,11,RSNA_28605,R-MLO,NO,0.0,False,,,
46,12,RSNA_28616,L-CC,NO,0.0,False,,,
46,12,RSNA_28616,R-CC,NO,0.0,False,,,
46,12,RSNA_28616,L-MLO,NO,0.0,False,,,
46,12,RSNA_28616,R-MLO,NO,0.0,False,,,
46,13,RSNA_28659,L-CC,NO,0.0,False,,,
46,13,RSNA_28659,R-CC,NO,0.0,False,,,
46,13,RSNA_28659,L-MLO,NO,0.0,False,,,
46,13,RSNA_28659,R-MLO,NO,0.0,False,,,
46,14,RSNA_28661,L-CC,NO,1302.0,True,YES,0.0,False
46,14,RSNA_28661,R-CC,NO,1447.0,True,YES,0.0,False
46,14,RSNA_28661,L-MLO,NO,1441.0,True,YES,0.0,False
46,14,RSNA_28661,R-MLO,NO,1520.0,True,YES,0.0,False
46,15,RSNA_28678,L-CC,NO,0.0,False,,,
46,15,RSNA_28678,R-CC,NO,0.0,False,,,
46,15,RSNA_28678,L-MLO,NO,0.0,False,,,
46,15,RSNA_28678,R-MLO,NO,0.0,False,,,
46,16,RSNA_28722,L-CC,NO,0.0,False,,,
46,16,RSNA_28722,R-CC,NO,0.0,False,,,
46,16,RSNA_28722,L-MLO,NO,0.0,False,,,
46,16,RSNA_28722,R-MLO,NO,0.0,False,,,
46,17,RSNA_28748,L-CC,NO,0.0,False,,,
46,17,RSNA_28748,R-CC,NO,0.0,False,,,
46,17,RSNA_28748,L-MLO,NO,0.0,False,,,
46,17,RSNA_28748,R-MLO,NO,0.0,False,,,
46,18,RSNA_28782,L-CC,NO,0.0,False,,,
46,18,RSNA_28782,R-CC,NO,0.0,False,,,
46,18,RSNA_28782,L-MLO,NO,0.0,False,,,
46,18,RSNA_28782,R-MLO,NO,0.0,False,,,
46,19,RSNA_28785,L-CC,NO,307.0,True,YES,0.0,False
46,19,RSNA_28785,R-CC,NO,604.0,True,YES,0.0,False
46,19,RSNA_28785,L-MLO,NO,385.0,True,YES,0.0,False
46,19,RSNA_28785,R-MLO,NO,254.0,True,YES,0.0,False
46,20,RSNA_2879,L-CC,NO,0.0,False,,,
46,20,RSNA_2879,R-CC,NO,0.0,False,,,
46,20,RSNA_2879,L-MLO,NO,0.0,False,,,
46,20,RSNA_2879,R-MLO,NO,0.0,False,,,
46,21,RSNA_28807,L-CC,NO,0.0,False,,,
46,21,RSNA_28807,R-CC,NO,0.0,False,,,
46,21,RSNA_28807,L-MLO,NO,0.0,False,,,
46,21,RSNA_28807,R-MLO,NO,0.0,False,,,
46,22,RSNA_28817,L-CC,NO,476.0,True,YES,0.0,False
46,22,RSNA_28817,R-CC,NO,430.0,True,YES,0.0,False
46,22,RSNA_28817,L-MLO,NO,369.0,True,YES,0.0,False
46,22,RSNA_28817,R-MLO,NO,313.0,True,YES,0.0,False
46,23,RSNA_2882,L-CC,NO,0.0,False,,,
46,23,RSNA_2882,R-CC,NO,0.0,False,,,
46,23,RSNA_2882,L-MLO,NO,0.0,False,,,
46,23,RSNA_2882,R-MLO,NO,0.0,False,,,
46,24,RSNA_28827,L-CC,NO,0.0,False,,,
46,24,RSNA_28827,R-CC,NO,0.0,False,,,
46,24,RSNA_28827,L-MLO,NO,0.0,False,,,
46,24,RSNA_28827,R-MLO,NO,0.0,False,,,
47,0,RSNA_28833,L-CC,NO,0.0,False,,,
47,0,RSNA_28833,R-CC,NO,0.0,False,,,
47,0,RSNA_28833,L-MLO,NO,0.0,False,,,
47,0,RSNA_28833,R-MLO,NO,0.0,False,,,
47,1,RSNA_2884,L-CC,NO,0.0,False,,,
47,1,RSNA_2884,R-CC,NO,0.0,False,,,
47,1,RSNA_2884,L-MLO,NO,0.0,False,,,
47,1,RSNA_2884,R-MLO,NO,0.0,False,,,
47,2,RSNA_28869,L-CC,NO,0.0,False,,,
47,2,RSNA_28869,R-CC,NO,0.0,False,,,
47,2,RSNA_28869,L-MLO,NO,0.0,False,,,
47,2,RSNA_28869,R-MLO,NO,0.0,False,,,
47,3,RSNA_28913,L-CC,NO,0.0,False,,,
47,3,RSNA_28913,R-CC,NO,0.0,False,,,
47,3,RSNA_28913,L-MLO,NO,0.0,False,,,
47,3,RSNA_28913,R-MLO,NO,0.0,False,,,
47,4,RSNA_28916,L-CC,NO,0.0,False,,,
47,4,RSNA_28916,R-CC,NO,0.0,False,,,
47,4,RSNA_28916,L-MLO,NO,0.0,False,,,
47,4,RSNA_28916,R-MLO,NO,0.0,False,,,
47,5,RSNA_28925,L-CC,NO,1073.0,True,YES,0.0,False
47,5,RSNA_28925,R-CC,NO,1165.0,True,YES,0.0,False
47,5,RSNA_28925,L-MLO,NO,1103.0,True,YES,0.0,False
47,5,RSNA_28925,R-MLO,NO,1188.0,True,YES,0.0,False
47,6,RSNA_28945,L-CC,NO,0.0,False,,,
47,6,RSNA_28945,R-CC,NO,0.0,False,,,
47,6,RSNA_28945,L-MLO,NO,0.0,False,,,
47,6,RSNA_28945,R-MLO,NO,0.0,False,,,
47,7,RSNA_28949,L-CC,NO,0.0,False,,,
47,7,RSNA_28949,R-CC,NO,0.0,False,,,
47,7,RSNA_28949,L-MLO,NO,0.0,False,,,
47,7,RSNA_28949,R-MLO,NO,0.0,False,,,
47,8,RSNA_2897,L-CC,NO,0.0,False,,,
47,8,RSNA_2897,R-CC,NO,0.0,False,,,
47,8,RSNA_2897,L-MLO,NO,0.0,False,,,
47,8,RSNA_2897,R-MLO,NO,0.0,False,,,
47,9,RSNA_28989,L-CC,NO,0.0,False,,,
47,9,RSNA_28989,R-CC,NO,0.0,False,,,
47,9,RSNA_28989,L-MLO,NO,0.0,False,,,
47,9,RSNA_28989,R-MLO,NO,0.0,False,,,
47,10,RSNA_29019,L-CC,NO,0.0,False,,,
47,10,RSNA_29019,R-CC,NO,0.0,False,,,
47,10,RSNA_29019,L-MLO,NO,0.0,False,,,
47,10,RSNA_29019,R-MLO,NO,0.0,False,,,
47,11,RSNA_29023,L-CC,NO,0.0,False,,,
47,11,RSNA_29023,R-CC,NO,0.0,False,,,
47,11,RSNA_29023,L-MLO,NO,0.0,False,,,
47,11,RSNA_29023,R-MLO,NO,0.0,False,,,
47,12,RSNA_29041,L-CC,NO,0.0,False,,,
47,12,RSNA_29041,R-CC,NO,0.0,False,,,
47,12,RSNA_29041,L-MLO,NO,0.0,False,,,
47,12,RSNA_29041,R-MLO,NO,0.0,False,,,
47,13,RSNA_29043,L-CC,NO,0.0,False,,,
47,13,RSNA_29043,R-CC,NO,0.0,False,,,
47,13,RSNA_29043,L-MLO,NO,0.0,False,,,
47,13,RSNA_29043,R-MLO,NO,0.0,False,,,
47,14,RSNA_29076,L-CC,NO,2073.0,True,YES,0.0,False
47,14,RSNA_29076,R-CC,NO,1939.0,True,YES,0.0,False
47,14,RSNA_29076,L-MLO,NO,1957.0,True,YES,0.0,False
47,14,RSNA_29076,R-MLO,NO,1865.0,True,YES,0.0,False
47,15,RSNA_29082,L-CC,NO,0.0,False,,,
47,15,RSNA_29082,R-CC,NO,0.0,False,,,
47,15,RSNA_29082,L-MLO,NO,0.0,False,,,
47,15,RSNA_29082,R-MLO,NO,0.0,False,,,
47,16,RSNA_29091,L-CC,NO,0.0,False,,,
47,16,RSNA_29091,R-CC,NO,0.0,False,,,
47,16,RSNA_29091,L-MLO,NO,0.0,False,,,
47,16,RSNA_29091,R-MLO,NO,0.0,False,,,
47,17,RSNA_29106,L-CC,NO,0.0,False,,,
47,17,RSNA_29106,R-CC,NO,0.0,False,,,
47,17,RSNA_29106,L-MLO,NO,0.0,False,,,
47,17,RSNA_29106,R-MLO,NO,0.0,False,,,
47,18,RSNA_29152,L-CC,NO,0.0,False,,,
47,18,RSNA_29152,R-CC,NO,0.0,False,,,
47,18,RSNA_29152,L-MLO,NO,0.0,False,,,
47,18,RSNA_29152,R-MLO,NO,0.0,False,,,
47,19,RSNA_29156,L-CC,NO,0.0,False,,,
47,19,RSNA_29156,R-CC,NO,0.0,False,,,
47,19,RSNA_29156,L-MLO,NO,0.0,False,,,
47,19,RSNA_29156,R-MLO,NO,0.0,False,,,
47,20,RSNA_29174,L-CC,NO,0.0,False,,,
47,20,RSNA_29174,R-CC,NO,0.0,False,,,
47,20,RSNA_29174,L-MLO,NO,0.0,False,,,
47,20,RSNA_29174,R-MLO,NO,0.0,False,,,
47,21,RSNA_29190,L-CC,NO,0.0,False,,,
47,21,RSNA_29190,R-CC,NO,0.0,False,,,
47,21,RSNA_29190,L-MLO,NO,0.0,False,,,
47,21,RSNA_29190,R-MLO,NO,0.0,False,,,
47,22,RSNA_29192,L-CC,NO,1286.0,True,YES,0.0,False
47,22,RSNA_29192,R-CC,NO,1297.0,True,YES,0.0,False
47,22,RSNA_29192,L-MLO,NO,1150.0,True,YES,0.0,False
47,22,RSNA_29192,R-MLO,NO,1141.0,True,YES,0.0,False
47,23,RSNA_29198,L-CC,NO,0.0,False,,,
47,23,RSNA_29198,R-CC,NO,0.0,False,,,
47,23,RSNA_29198,L-MLO,NO,0.0,False,,,
47,23,RSNA_29198,R-MLO,NO,0.0,False,,,
47,24,RSNA_29203,L-CC,NO,0.0,False,,,
47,24,RSNA_29203,R-CC,NO,0.0,False,,,
47,24,RSNA_29203,L-MLO,NO,0.0,False,,,
47,24,RSNA_29203,R-MLO,NO,0.0,False,,,
48,0,RSNA_29222,L-CC,NO,0.0,False,,,
48,0,RSNA_29222,R-CC,NO,0.0,False,,,
48,0,RSNA_29222,L-MLO,NO,0.0,False,,,
48,0,RSNA_29222,R-MLO,NO,0.0,False,,,
48,1,RSNA_29226,L-CC,NO,0.0,False,,,
48,1,RSNA_29226,R-CC,NO,0.0,False,,,
48,1,RSNA_29226,L-MLO,NO,0.0,False,,,
48,1,RSNA_29226,R-MLO,NO,0.0,False,,,
48,2,RSNA_29235,L-CC,NO,0.0,False,,,
48,2,RSNA_29235,R-CC,NO,0.0,False,,,
48,2,RSNA_29235,L-MLO,NO,0.0,False,,,
48,2,RSNA_29235,R-MLO,NO,0.0,False,,,
48,3,RSNA_29238,L-CC,NO,0.0,False,,,
48,3,RSNA_29238,R-CC,NO,0.0,False,,,
48,3,RSNA_29238,L-MLO,NO,0.0,False,,,
48,3,RSNA_29238,R-MLO,NO,0.0,False,,,
48,4,RSNA_29239,L-CC,NO,0.0,False,,,
48,4,RSNA_29239,R-CC,NO,0.0,False,,,
48,4,RSNA_29239,L-MLO,NO,0.0,False,,,
48,4,RSNA_29239,R-MLO,NO,0.0,False,,,
48,5,RSNA_29306,L-CC,NO,0.0,False,,,
48,5,RSNA_29306,R-CC,NO,0.0,False,,,
48,5,RSNA_29306,L-MLO,NO,0.0,False,,,
48,5,RSNA_29306,R-MLO,NO,0.0,False,,,
48,6,RSNA_29333,L-CC,NO,0.0,False,,,
48,6,RSNA_29333,R-CC,NO,0.0,False,,,
48,6,RSNA_29333,L-MLO,NO,0.0,False,,,
48,6,RSNA_29333,R-MLO,NO,0.0,False,,,
48,7,RSNA_29350,L-CC,NO,0.0,False,,,
48,7,RSNA_29350,R-CC,NO,0.0,False,,,
48,7,RSNA_29350,L-MLO,NO,0.0,False,,,
48,7,RSNA_29350,R-MLO,NO,0.0,False,,,
48,8,RSNA_29371,L-CC,NO,0.0,False,,,
48,8,RSNA_29371,R-CC,NO,0.0,False,,,
48,8,RSNA_29371,L-MLO,NO,0.0,False,,,
48,8,RSNA_29371,R-MLO,NO,0.0,False,,,
48,9,RSNA_29394,L-CC,NO,0.0,False,,,
48,9,RSNA_29394,R-CC,NO,0.0,False,,,
48,9,RSNA_29394,L-MLO,NO,0.0,False,,,
48,9,RSNA_29394,R-MLO,NO,0.0,False,,,
48,10,RSNA_29410,L-CC,NO,0.0,False,,,
48,10,RSNA_29410,R-CC,NO,0.0,False,,,
48,10,RSNA_29410,L-MLO,NO,0.0,False,,,
48,10,RSNA_29410,R-MLO,NO,0.0,False,,,
48,11,RSNA_2943,L-CC,NO,0.0,False,,,
48,11,RSNA_2943,R-CC,NO,0.0,False,,,
48,11,RSNA_2943,L-MLO,NO,0.0,False,,,
48,11,RSNA_2943,R-MLO,NO,0.0,False,,,
48,12,RSNA_29432,L-CC,NO,0.0,False,,,
48,12,RSNA_29432,R-CC,NO,0.0,False,,,
48,12,RSNA_29432,L-MLO,NO,0.0,False,,,
48,12,RSNA_29432,R-MLO,NO,0.0,False,,,
48,13,RSNA_29454,L-CC,NO,989.0,True,YES,0.0,False
48,13,RSNA_29454,R-CC,NO,1017.0,True,YES,0.0,False
48,13,RSNA_29454,L-MLO,NO,937.0,True,YES,0.0,False
48,13,RSNA_29454,R-MLO,NO,1072.0,True,YES,0.0,False
48,14,RSNA_29456,L-CC,NO,0.0,False,,,
48,14,RSNA_29456,R-CC,NO,0.0,False,,,
48,14,RSNA_29456,L-MLO,NO,0.0,False,,,
48,14,RSNA_29456,R-MLO,NO,0.0,False,,,
48,15,RSNA_29472,L-CC,NO,0.0,False,,,
48,15,RSNA_29472,R-CC,NO,0.0,False,,,
48,15,RSNA_29472,L-MLO,NO,0.0,False,,,
48,15,RSNA_29472,R-MLO,NO,0.0,False,,,
48,16,RSNA_29478,L-CC,NO,0.0,False,,,
48,16,RSNA_29478,R-CC,NO,0.0,False,,,
48,16,RSNA_29478,L-MLO,NO,0.0,False,,,
48,16,RSNA_29478,R-MLO,NO,0.0,False,,,
48,17,RSNA_29489,L-CC,NO,0.0,False,,,
48,17,RSNA_29489,R-CC,NO,0.0,False,,,
48,17,RSNA_29489,L-MLO,NO,0.0,False,,,
48,17,RSNA_29489,R-MLO,NO,0.0,False,,,
48,18,RSNA_29495,L-CC,NO,0.0,False,,,
48,18,RSNA_29495,R-CC,NO,0.0,False,,,
48,18,RSNA_29495,L-MLO,NO,0.0,False,,,
48,18,RSNA_29495,R-MLO,NO,0.0,False,,,
48,19,RSNA_29518,L-CC,NO,0.0,False,,,
48,19,RSNA_29518,R-CC,NO,0.0,False,,,
48,19,RSNA_29518,L-MLO,NO,0.0,False,,,
48,19,RSNA_29518,R-MLO,NO,0.0,False,,,
48,20,RSNA_29526,L-CC,NO,1833.0,True,YES,0.0,False
48,20,RSNA_29526,R-CC,NO,1799.0,True,YES,0.0,False
48,20,RSNA_29526,L-MLO,NO,1723.0,True,YES,0.0,False
48,20,RSNA_29526,R-MLO,NO,1646.0,True,YES,0.0,False
48,21,RSNA_29552,L-CC,NO,0.0,False,,,
48,21,RSNA_29552,R-CC,NO,0.0,False,,,
48,21,RSNA_29552,L-MLO,NO,0.0,False,,,
48,21,RSNA_29552,R-MLO,NO,0.0,False,,,
48,22,RSNA_29592,L-CC,NO,0.0,False,,,
48,22,RSNA_29592,R-CC,NO,0.0,False,,,
48,22,RSNA_29592,L-MLO,NO,0.0,False,,,
48,22,RSNA_29592,R-MLO,NO,0.0,False,,,
48,23,RSNA_29597,L-CC,NO,0.0,False,,,
48,23,RSNA_29597,R-CC,NO,0.0,False,,,
48,23,RSNA_29597,L-MLO,NO,0.0,False,,,
48,23,RSNA_29597,R-MLO,NO,0.0,False,,,
48,24,RSNA_29598,L-CC,NO,0.0,False,,,
48,24,RSNA_29598,R-CC,NO,0.0,False,,,
48,24,RSNA_29598,L-MLO,NO,0.0,False,,,
48,24,RSNA_29598,R-MLO,NO,0.0,False,,,
49,0,RSNA_29631,L-CC,NO,0.0,False,,,
49,0,RSNA_29631,R-CC,NO,0.0,False,,,
49,0,RSNA_29631,L-MLO,NO,0.0,False,,,
49,0,RSNA_29631,R-MLO,NO,0.0,False,,,
49,1,RSNA_29660,L-CC,NO,0.0,False,,,
49,1,RSNA_29660,R-CC,NO,0.0,False,,,
49,1,RSNA_29660,L-MLO,NO,0.0,False,,,
49,1,RSNA_29660,R-MLO,NO,0.0,False,,,
49,2,RSNA_29696,L-CC,NO,0.0,False,,,
49,2,RSNA_29696,R-CC,NO,0.0,False,,,
49,2,RSNA_29696,L-MLO,NO,0.0,False,,,
49,2,RSNA_29696,R-MLO,NO,0.0,False,,,
49,3,RSNA_29704,L-CC,NO,0.0,False,,,
49,3,RSNA_29704,R-CC,NO,0.0,False,,,
49,3,RSNA_29704,L-MLO,NO,0.0,False,,,
49,3,RSNA_29704,R-MLO,NO,0.0,False,,,
49,4,RSNA_29714,L-CC,NO,0.0,False,,,
49,4,RSNA_29714,R-CC,NO,0.0,False,,,
49,4,RSNA_29714,L-MLO,NO,0.0,False,,,
49,4,RSNA_29714,R-MLO,NO,0.0,False,,,
49,5,RSNA_29801,L-CC,NO,0.0,False,,,
49,5,RSNA_29801,R-CC,NO,0.0,False,,,
49,5,RSNA_29801,L-MLO,NO,0.0,False,,,
49,5,RSNA_29801,R-MLO,NO,0.0,False,,,
49,6,RSNA_29816,L-CC,NO,0.0,False,,,
49,6,RSNA_29816,R-CC,NO,0.0,False,,,
49,6,RSNA_29816,L-MLO,NO,0.0,False,,,
49,6,RSNA_29816,R-MLO,NO,0.0,False,,,
49,7,RSNA_29826,L-CC,NO,0.0,False,,,
49,7,RSNA_29826,R-CC,NO,0.0,False,,,
49,7,RSNA_29826,L-MLO,NO,0.0,False,,,
49,7,RSNA_29826,R-MLO,NO,0.0,False,,,
49,8,RSNA_29836,L-CC,NO,0.0,False,,,
49,8,RSNA_29836,R-CC,NO,0.0,False,,,
49,8,RSNA_29836,L-MLO,NO,0.0,False,,,
49,8,RSNA_29836,R-MLO,NO,0.0,False,,,
49,9,RSNA_29851,L-CC,NO,0.0,False,,,
49,9,RSNA_29851,R-CC,NO,0.0,False,,,
49,9,RSNA_29851,L-MLO,NO,0.0,False,,,
49,9,RSNA_29851,R-MLO,NO,0.0,False,,,
49,10,RSNA_29889,L-CC,NO,0.0,False,,,
49,10,RSNA_29889,R-CC,NO,0.0,False,,,
49,10,RSNA_29889,L-MLO,NO,0.0,False,,,
49,10,RSNA_29889,R-MLO,NO,0.0,False,,,
49,11,RSNA_29899,L-CC,NO,0.0,False,,,
49,11,RSNA_29899,R-CC,NO,0.0,False,,,
49,11,RSNA_29899,L-MLO,NO,0.0,False,,,
49,11,RSNA_29899,R-MLO,NO,0.0,False,,,
49,12,RSNA_299,L-CC,NO,0.0,False,,,
49,12,RSNA_299,R-CC,NO,0.0,False,,,
49,12,RSNA_299,L-MLO,NO,0.0,False,,,
49,12,RSNA_299,R-MLO,NO,0.0,False,,,
49,13,RSNA_29918,L-CC,NO,0.0,False,,,
49,13,RSNA_29918,R-CC,NO,0.0,False,,,
49,13,RSNA_29918,L-MLO,NO,0.0,False,,,
49,13,RSNA_29918,R-MLO,NO,0.0,False,,,
49,14,RSNA_29923,L-CC,NO,0.0,False,,,
49,14,RSNA_29923,R-CC,NO,0.0,False,,,
49,14,RSNA_29923,L-MLO,NO,0.0,False,,,
49,14,RSNA_29923,R-MLO,NO,0.0,False,,,
49,15,RSNA_29932,L-CC,NO,0.0,False,,,
49,15,RSNA_29932,R-CC,NO,0.0,False,,,
49,15,RSNA_29932,L-MLO,NO,0.0,False,,,
49,15,RSNA_29932,R-MLO,NO,0.0,False,,,
49,16,RSNA_29951,L-CC,NO,0.0,False,,,
49,16,RSNA_29951,R-CC,NO,0.0,False,,,
49,16,RSNA_29951,L-MLO,NO,0.0,False,,,
49,16,RSNA_29951,R-MLO,NO,0.0,False,,,
49,17,RSNA_29960,L-CC,NO,0.0,False,,,
49,17,RSNA_29960,R-CC,NO,0.0,False,,,
49,17,RSNA_29960,L-MLO,NO,0.0,False,,,
49,17,RSNA_29960,R-MLO,NO,0.0,False,,,
49,18,RSNA_30,L-CC,NO,0.0,False,,,
49,18,RSNA_30,R-CC,NO,0.0,False,,,
49,18,RSNA_30,L-MLO,NO,0.0,False,,,
49,18,RSNA_30,R-MLO,NO,0.0,False,,,
49,19,RSNA_30007,L-CC,NO,0.0,False,,,
49,19,RSNA_30007,R-CC,NO,0.0,False,,,
49,19,RSNA_30007,L-MLO,NO,0.0,False,,,
49,19,RSNA_30007,R-MLO,NO,0.0,False,,,
49,20,RSNA_30033,L-CC,NO,1502.0,True,YES,0.0,False
49,20,RSNA_30033,R-CC,NO,1804.0,True,YES,0.0,False
49,20,RSNA_30033,L-MLO,NO,1440.0,True,YES,0.0,False
49,20,RSNA_30033,R-MLO,NO,1541.0,True,YES,0.0,False
49,21,RSNA_30044,L-CC,NO,0.0,False,,,
49,21,RSNA_30044,R-CC,NO,0.0,False,,,
49,21,RSNA_30044,L-MLO,NO,0.0,False,,,
49,21,RSNA_30044,R-MLO,NO,0.0,False,,,
49,22,RSNA_30052,L-CC,NO,877.0,True,YES,0.0,False
49,22,RSNA_30052,R-CC,NO,755.0,True,YES,0.0,False
49,22,RSNA_30052,L-MLO,NO,896.0,True,YES,0.0,False
49,22,RSNA_30052,R-MLO,NO,786.0,True,YES,0.0,False
49,23,RSNA_30103,L-CC,NO,0.0,False,,,
49,23,RSNA_30103,R-CC,NO,0.0,False,,,
49,23,RSNA_30103,L-MLO,NO,0.0,False,,,
49,23,RSNA_30103,R-MLO,NO,0.0,False,,,
49,24,RSNA_3013,L-CC,NO,0.0,False,,,
49,24,RSNA_3013,R-CC,NO,0.0,False,,,
49,24,RSNA_3013,L-MLO,NO,0.0,False,,,
49,24,RSNA_3013,R-MLO,NO,0.0,False,,,
50,0,RSNA_30183,L-CC,NO,0.0,False,,,
50,0,RSNA_30183,R-CC,NO,0.0,False,,,
50,0,RSNA_30183,L-MLO,NO,0.0,False,,,
50,0,RSNA_30183,R-MLO,NO,0.0,False,,,
50,1,RSNA_30189,L-CC,NO,0.0,False,,,
50,1,RSNA_30189,R-CC,NO,0.0,False,,,
50,1,RSNA_30189,L-MLO,NO,0.0,False,,,
50,1,RSNA_30189,R-MLO,NO,0.0,False,,,
50,2,RSNA_30203,L-CC,NO,0.0,False,,,
50,2,RSNA_30203,R-CC,NO,0.0,False,,,
50,2,RSNA_30203,L-MLO,NO,0.0,False,,,
50,2,RSNA_30203,R-MLO,NO,0.0,False,,,
50,3,RSNA_3022,L-CC,NO,0.0,False,,,
50,3,RSNA_3022,R-CC,NO,0.0,False,,,
50,3,RSNA_3022,L-MLO,NO,0.0,False,,,
50,3,RSNA_3022,R-MLO,NO,0.0,False,,,
50,4,RSNA_30233,L-CC,NO,0.0,False,,,
50,4,RSNA_30233,R-CC,NO,0.0,False,,,
50,4,RSNA_30233,L-MLO,NO,0.0,False,,,
50,4,RSNA_30233,R-MLO,NO,0.0,False,,,
50,5,RSNA_30237,L-CC,NO,0.0,False,,,
50,5,RSNA_30237,R-CC,NO,0.0,False,,,
50,5,RSNA_30237,L-MLO,NO,0.0,False,,,
50,5,RSNA_30237,R-MLO,NO,0.0,False,,,
50,6,RSNA_3024,L-CC,NO,0.0,False,,,
50,6,RSNA_3024,R-CC,NO,0.0,False,,,
50,6,RSNA_3024,L-MLO,NO,0.0,False,,,
50,6,RSNA_3024,R-MLO,NO,0.0,False,,,
50,7,RSNA_30247,L-CC,NO,0.0,False,,,
50,7,RSNA_30247,R-CC,NO,0.0,False,,,
50,7,RSNA_30247,L-MLO,NO,0.0,False,,,
50,7,RSNA_30247,R-MLO,NO,0.0,False,,,
50,8,RSNA_30300,L-CC,NO,0.0,False,,,
50,8,RSNA_30300,R-CC,NO,0.0,False,,,
50,8,RSNA_30300,L-MLO,NO,0.0,False,,,
50,8,RSNA_30300,R-MLO,NO,0.0,False,,,
50,9,RSNA_30324,L-CC,NO,805.0,True,YES,0.0,False
50,9,RSNA_30324,R-CC,NO,869.0,True,YES,0.0,False
50,9,RSNA_30324,L-MLO,NO,601.0,True,YES,0.0,False
50,9,RSNA_30324,R-MLO,NO,695.0,True,YES,0.0,False
50,10,RSNA_30356,L-CC,NO,0.0,False,,,
50,10,RSNA_30356,R-CC,NO,0.0,False,,,
50,10,RSNA_30356,L-MLO,NO,0.0,False,,,
50,10,RSNA_30356,R-MLO,NO,0.0,False,,,
50,11,RSNA_30403,L-CC,NO,0.0,False,,,
50,11,RSNA_30403,R-CC,NO,0.0,False,,,
50,11,RSNA_30403,L-MLO,NO,0.0,False,,,
50,11,RSNA_30403,R-MLO,NO,0.0,False,,,
50,12,RSNA_30410,L-CC,NO,0.0,False,,,
50,12,RSNA_30410,R-CC,NO,0.0,False,,,
50,12,RSNA_30410,L-MLO,NO,0.0,False,,,
50,12,RSNA_30410,R-MLO,NO,0.0,False,,,
50,13,RSNA_30444,L-CC,NO,0.0,False,,,
50,13,RSNA_30444,R-CC,NO,0.0,False,,,
50,13,RSNA_30444,L-MLO,NO,0.0,False,,,
50,13,RSNA_30444,R-MLO,NO,0.0,False,,,
50,14,RSNA_30445,L-CC,NO,0.0,False,,,
50,14,RSNA_30445,R-CC,NO,0.0,False,,,
50,14,RSNA_30445,L-MLO,NO,0.0,False,,,
50,14,RSNA_30445,R-MLO,NO,0.0,False,,,
50,15,RSNA_30448,L-CC,NO,0.0,False,,,
50,15,RSNA_30448,R-CC,NO,0.0,False,,,
50,15,RSNA_30448,L-MLO,NO,0.0,False,,,
50,15,RSNA_30448,R-MLO,NO,0.0,False,,,
50,16,RSNA_30462,L-CC,NO,0.0,False,,,
50,16,RSNA_30462,R-CC,NO,0.0,False,,,
50,16,RSNA_30462,L-MLO,NO,0.0,False,,,
50,16,RSNA_30462,R-MLO,NO,0.0,False,,,
50,17,RSNA_30490,L-CC,NO,0.0,False,,,
50,17,RSNA_30490,R-CC,NO,0.0,False,,,
50,17,RSNA_30490,L-MLO,NO,0.0,False,,,
50,17,RSNA_30490,R-MLO,NO,0.0,False,,,
50,18,RSNA_30503,L-CC,NO,0.0,False,,,
50,18,RSNA_30503,R-CC,NO,0.0,False,,,
50,18,RSNA_30503,L-MLO,NO,0.0,False,,,
50,18,RSNA_30503,R-MLO,NO,0.0,False,,,
50,19,RSNA_30509,L-CC,NO,0.0,False,,,
50,19,RSNA_30509,R-CC,NO,0.0,False,,,
50,19,RSNA_30509,L-MLO,NO,0.0,False,,,
50,19,RSNA_30509,R-MLO,NO,0.0,False,,,
50,20,RSNA_30512,L-CC,NO,1591.0,True,YES,0.0,False
50,20,RSNA_30512,R-CC,NO,1128.0,True,YES,0.0,False
50,20,RSNA_30512,L-MLO,NO,943.0,True,YES,0.0,False
50,20,RSNA_30512,R-MLO,NO,987.0,True,YES,0.0,False
50,21,RSNA_30536,L-CC,NO,0.0,False,,,
50,21,RSNA_30536,R-CC,NO,0.0,False,,,
50,21,RSNA_30536,L-MLO,NO,0.0,False,,,
50,21,RSNA_30536,R-MLO,NO,0.0,False,,,
50,22,RSNA_30546,L-CC,NO,0.0,False,,,
50,22,RSNA_30546,R-CC,NO,0.0,False,,,
50,22,RSNA_30546,L-MLO,NO,0.0,False,,,
50,22,RSNA_30546,R-MLO,NO,0.0,False,,,
50,23,RSNA_30557,L-CC,NO,0.0,False,,,
50,23,RSNA_30557,R-CC,NO,0.0,False,,,
50,23,RSNA_30557,L-MLO,NO,0.0,False,,,
50,23,RSNA_30557,R-MLO,NO,0.0,False,,,
50,24,RSNA_30575,L-CC,NO,0.0,False,,,
50,24,RSNA_30575,R-CC,NO,0.0,False,,,
50,24,RSNA_30575,L-MLO,NO,0.0,False,,,
50,24,RSNA_30575,R-MLO,NO,0.0,False,,,
51,0,RSNA_30586,L-CC,NO,0.0,False,,,
51,0,RSNA_30586,R-CC,NO,0.0,False,,,
51,0,RSNA_30586,L-MLO,NO,0.0,False,,,
51,0,RSNA_30586,R-MLO,NO,0.0,False,,,
51,1,RSNA_30595,L-CC,NO,0.0,False,,,
51,1,RSNA_30595,R-CC,NO,0.0,False,,,
51,1,RSNA_30595,L-MLO,NO,0.0,False,,,
51,1,RSNA_30595,R-MLO,NO,0.0,False,,,
51,2,RSNA_30632,L-CC,NO,0.0,False,,,
51,2,RSNA_30632,R-CC,NO,0.0,False,,,
51,2,RSNA_30632,L-MLO,NO,0.0,False,,,
51,2,RSNA_30632,R-MLO,NO,0.0,False,,,
51,3,RSNA_3064,L-CC,NO,492.0,True,YES,0.0,False
51,3,RSNA_3064,R-CC,NO,580.0,True,YES,0.0,False
51,3,RSNA_3064,L-MLO,NO,666.0,True,YES,0.0,False
51,3,RSNA_3064,R-MLO,NO,530.0,True,YES,0.0,False
51,4,RSNA_30699,L-CC,NO,0.0,False,,,
51,4,RSNA_30699,R-CC,NO,0.0,False,,,
51,4,RSNA_30699,L-MLO,NO,0.0,False,,,
51,4,RSNA_30699,R-MLO,NO,0.0,False,,,
51,5,RSNA_30717,L-CC,NO,0.0,False,,,
51,5,RSNA_30717,R-CC,NO,0.0,False,,,
51,5,RSNA_30717,L-MLO,NO,0.0,False,,,
51,5,RSNA_30717,R-MLO,NO,0.0,False,,,
51,6,RSNA_30741,L-CC,NO,0.0,False,,,
51,6,RSNA_30741,R-CC,NO,0.0,False,,,
51,6,RSNA_30741,L-MLO,NO,0.0,False,,,
51,6,RSNA_30741,R-MLO,NO,0.0,False,,,
51,7,RSNA_30742,L-CC,NO,0.0,False,,,
51,7,RSNA_30742,R-CC,NO,0.0,False,,,
51,7,RSNA_30742,L-MLO,NO,0.0,False,,,
51,7,RSNA_30742,R-MLO,NO,0.0,False,,,
51,8,RSNA_30772,L-CC,NO,0.0,False,,,
51,8,RSNA_30772,R-CC,NO,0.0,False,,,
51,8,RSNA_30772,L-MLO,NO,0.0,False,,,
51,8,RSNA_30772,R-MLO,NO,0.0,False,,,
51,9,RSNA_30800,L-CC,NO,0.0,False,,,
51,9,RSNA_30800,R-CC,NO,0.0,False,,,
51,9,RSNA_30800,L-MLO,NO,0.0,False,,,
51,9,RSNA_30800,R-MLO,NO,0.0,False,,,
51,10,RSNA_30824,L-CC,NO,0.0,False,,,
51,10,RSNA_30824,R-CC,NO,0.0,False,,,
51,10,RSNA_30824,L-MLO,NO,0.0,False,,,
51,10,RSNA_30824,R-MLO,NO,0.0,False,,,
51,11,RSNA_30830,L-CC,NO,0.0,False,,,
51,11,RSNA_30830,R-CC,NO,0.0,False,,,
51,11,RSNA_30830,L-MLO,NO,0.0,False,,,
51,11,RSNA_30830,R-MLO,NO,0.0,False,,,
51,12,RSNA_30842,L-CC,NO,0.0,False,,,
51,12,RSNA_30842,R-CC,NO,0.0,False,,,
51,12,RSNA_30842,L-MLO,NO,0.0,False,,,
51,12,RSNA_30842,R-MLO,NO,0.0,False,,,
51,13,RSNA_30855,L-CC,NO,1667.0,True,YES,0.0,False
51,13,RSNA_30855,R-CC,NO,1644.0,True,YES,0.0,False
51,13,RSNA_30855,L-MLO,NO,1642.0,True,YES,0.0,False
51,13,RSNA_30855,R-MLO,NO,1591.0,True,YES,0.0,False
51,14,RSNA_30858,L-CC,NO,0.0,False,,,
51,14,RSNA_30858,R-CC,NO,0.0,False,,,
51,14,RSNA_30858,L-MLO,NO,0.0,False,,,
51,14,RSNA_30858,R-MLO,NO,0.0,False,,,
51,15,RSNA_30867,L-CC,NO,0.0,False,,,
51,15,RSNA_30867,R-CC,NO,0.0,False,,,
51,15,RSNA_30867,L-MLO,NO,0.0,False,,,
51,15,RSNA_30867,R-MLO,NO,0.0,False,,,
51,16,RSNA_30893,L-CC,NO,0.0,False,,,
51,16,RSNA_30893,R-CC,NO,0.0,False,,,
51,16,RSNA_30893,L-MLO,NO,0.0,False,,,
51,16,RSNA_30893,R-MLO,NO,0.0,False,,,
51,17,RSNA_30896,L-CC,NO,1159.0,True,YES,0.0,False
51,17,RSNA_30896,R-CC,NO,1629.0,True,YES,0.0,False
51,17,RSNA_30896,L-MLO,NO,975.0,True,YES,0.0,False
51,17,RSNA_30896,R-MLO,NO,1661.0,True,YES,0.0,False
51,18,RSNA_30898,L-CC,NO,0.0,False,,,
51,18,RSNA_30898,R-CC,NO,0.0,False,,,
51,18,RSNA_30898,L-MLO,NO,0.0,False,,,
51,18,RSNA_30898,R-MLO,NO,0.0,False,,,
51,19,RSNA_30972,L-CC,NO,0.0,False,,,
51,19,RSNA_30972,R-CC,NO,0.0,False,,,
51,19,RSNA_30972,L-MLO,NO,0.0,False,,,
51,19,RSNA_30972,R-MLO,NO,0.0,False,,,
51,20,RSNA_30973,L-CC,NO,0.0,False,,,
51,20,RSNA_30973,R-CC,NO,0.0,False,,,
51,20,RSNA_30973,L-MLO,NO,0.0,False,,,
51,20,RSNA_30973,R-MLO,NO,0.0,False,,,
51,21,RSNA_31023,L-CC,NO,1658.0,True,YES,0.0,False
51,21,RSNA_31023,R-CC,NO,1704.0,True,YES,0.0,False
51,21,RSNA_31023,L-MLO,NO,1581.0,True,YES,0.0,False
51,21,RSNA_31023,R-MLO,NO,1737.0,True,YES,0.0,False
51,22,RSNA_31042,L-CC,NO,0.0,False,,,
51,22,RSNA_31042,R-CC,NO,50.0,True,,,
51,22,RSNA_31042,L-MLO,NO,0.0,False,,,
51,22,RSNA_31042,R-MLO,NO,0.0,False,,,
51,23,RSNA_31045,L-CC,NO,0.0,False,,,
51,23,RSNA_31045,R-CC,NO,0.0,False,,,
51,23,RSNA_31045,L-MLO,NO,0.0,False,,,
51,23,RSNA_31045,R-MLO,NO,0.0,False,,,
51,24,RSNA_31046,L-CC,NO,0.0,False,,,
51,24,RSNA_31046,R-CC,NO,0.0,False,,,
51,24,RSNA_31046,L-MLO,NO,0.0,False,,,
51,24,RSNA_31046,R-MLO,NO,0.0,False,,,
52,0,RSNA_31055,L-CC,NO,0.0,False,,,
52,0,RSNA_31055,R-CC,NO,0.0,False,,,
52,0,RSNA_31055,L-MLO,NO,0.0,False,,,
52,0,RSNA_31055,R-MLO,NO,0.0,False,,,
52,1,RSNA_31069,L-CC,NO,0.0,False,,,
52,1,RSNA_31069,R-CC,NO,0.0,False,,,
52,1,RSNA_31069,L-MLO,NO,0.0,False,,,
52,1,RSNA_31069,R-MLO,NO,0.0,False,,,
52,2,RSNA_3110,L-CC,NO,0.0,False,,,
52,2,RSNA_3110,R-CC,NO,0.0,False,,,
52,2,RSNA_3110,L-MLO,NO,0.0,False,,,
52,2,RSNA_3110,R-MLO,NO,0.0,False,,,
52,3,RSNA_31114,L-CC,NO,0.0,False,,,
52,3,RSNA_31114,R-CC,NO,0.0,False,,,
52,3,RSNA_31114,L-MLO,NO,0.0,False,,,
52,3,RSNA_31114,R-MLO,NO,0.0,False,,,
52,4,RSNA_31121,L-CC,NO,0.0,False,,,
52,4,RSNA_31121,R-CC,NO,0.0,False,,,
52,4,RSNA_31121,L-MLO,NO,0.0,False,,,
52,4,RSNA_31121,R-MLO,NO,0.0,False,,,
52,5,RSNA_31127,L-CC,NO,0.0,False,,,
52,5,RSNA_31127,R-CC,NO,0.0,False,,,
52,5,RSNA_31127,L-MLO,NO,0.0,False,,,
52,5,RSNA_31127,R-MLO,NO,0.0,False,,,
52,6,RSNA_31130,L-CC,NO,1420.0,True,YES,0.0,False
52,6,RSNA_31130,R-CC,NO,1451.0,True,YES,0.0,False
52,6,RSNA_31130,L-MLO,NO,1340.0,True,YES,0.0,False
52,6,RSNA_31130,R-MLO,NO,1493.0,True,YES,0.0,False
52,7,RSNA_31139,L-CC,NO,0.0,False,,,
52,7,RSNA_31139,R-CC,NO,0.0,False,,,
52,7,RSNA_31139,L-MLO,NO,0.0,False,,,
52,7,RSNA_31139,R-MLO,NO,0.0,False,,,
52,8,RSNA_31167,L-CC,NO,0.0,False,,,
52,8,RSNA_31167,R-CC,NO,0.0,False,,,
52,8,RSNA_31167,L-MLO,NO,0.0,False,,,
52,8,RSNA_31167,R-MLO,NO,0.0,False,,,
52,9,RSNA_31178,L-CC,NO,0.0,False,,,
52,9,RSNA_31178,R-CC,NO,0.0,False,,,
52,9,RSNA_31178,L-MLO,NO,0.0,False,,,
52,9,RSNA_31178,R-MLO,NO,0.0,False,,,
52,10,RSNA_3118,L-CC,NO,0.0,False,,,
52,10,RSNA_3118,R-CC,NO,0.0,False,,,
52,10,RSNA_3118,L-MLO,NO,0.0,False,,,
52,10,RSNA_3118,R-MLO,NO,0.0,False,,,
52,11,RSNA_31191,L-CC,NO,0.0,False,,,
52,11,RSNA_31191,R-CC,NO,0.0,False,,,
52,11,RSNA_31191,L-MLO,NO,0.0,False,,,
52,11,RSNA_31191,R-MLO,NO,0.0,False,,,
52,12,RSNA_31193,L-CC,NO,0.0,False,,,
52,12,RSNA_31193,R-CC,NO,0.0,False,,,
52,12,RSNA_31193,L-MLO,NO,0.0,False,,,
52,12,RSNA_31193,R-MLO,NO,0.0,False,,,
52,13,RSNA_31221,L-CC,NO,0.0,False,,,
52,13,RSNA_31221,R-CC,NO,0.0,False,,,
52,13,RSNA_31221,L-MLO,NO,0.0,False,,,
52,13,RSNA_31221,R-MLO,NO,0.0,False,,,
52,14,RSNA_31236,L-CC,NO,0.0,False,,,
52,14,RSNA_31236,R-CC,NO,0.0,False,,,
52,14,RSNA_31236,L-MLO,NO,0.0,False,,,
52,14,RSNA_31236,R-MLO,NO,0.0,False,,,
52,15,RSNA_31255,L-CC,NO,0.0,False,,,
52,15,RSNA_31255,R-CC,NO,0.0,False,,,
52,15,RSNA_31255,L-MLO,NO,0.0,False,,,
52,15,RSNA_31255,R-MLO,NO,0.0,False,,,
52,16,RSNA_31287,L-CC,NO,0.0,False,,,
52,16,RSNA_31287,R-CC,NO,0.0,False,,,
52,16,RSNA_31287,L-MLO,NO,0.0,False,,,
52,16,RSNA_31287,R-MLO,NO,0.0,False,,,
52,17,RSNA_31317,L-CC,NO,0.0,False,,,
52,17,RSNA_31317,R-CC,NO,0.0,False,,,
52,17,RSNA_31317,L-MLO,NO,0.0,False,,,
52,17,RSNA_31317,R-MLO,NO,0.0,False,,,
52,18,RSNA_31323,L-CC,NO,0.0,False,,,
52,18,RSNA_31323,R-CC,NO,0.0,False,,,
52,18,RSNA_31323,L-MLO,NO,0.0,False,,,
52,18,RSNA_31323,R-MLO,NO,0.0,False,,,
52,19,RSNA_31345,L-CC,NO,0.0,False,,,
52,19,RSNA_31345,R-CC,NO,0.0,False,,,
52,19,RSNA_31345,L-MLO,NO,0.0,False,,,
52,19,RSNA_31345,R-MLO,NO,0.0,False,,,
52,20,RSNA_31361,L-CC,NO,0.0,False,,,
52,20,RSNA_31361,R-CC,NO,0.0,False,,,
52,20,RSNA_31361,L-MLO,NO,0.0,False,,,
52,20,RSNA_31361,R-MLO,NO,0.0,False,,,
52,21,RSNA_31369,L-CC,NO,0.0,False,,,
52,21,RSNA_31369,R-CC,NO,0.0,False,,,
52,21,RSNA_31369,L-MLO,NO,0.0,False,,,
52,21,RSNA_31369,R-MLO,NO,0.0,False,,,
52,22,RSNA_31373,L-CC,NO,0.0,False,,,
52,22,RSNA_31373,R-CC,NO,0.0,False,,,
52,22,RSNA_31373,L-MLO,NO,0.0,False,,,
52,22,RSNA_31373,R-MLO,NO,0.0,False,,,
52,23,RSNA_31394,L-CC,NO,0.0,False,,,
52,23,RSNA_31394,R-CC,NO,0.0,False,,,
52,23,RSNA_31394,L-MLO,NO,0.0,False,,,
52,23,RSNA_31394,R-MLO,NO,0.0,False,,,
52,24,RSNA_31436,L-CC,NO,0.0,False,,,
52,24,RSNA_31436,R-CC,NO,0.0,False,,,
52,24,RSNA_31436,L-MLO,NO,0.0,False,,,
52,24,RSNA_31436,R-MLO,NO,0.0,False,,,
53,0,RSNA_31468,L-CC,NO,0.0,False,,,
53,0,RSNA_31468,R-CC,NO,0.0,False,,,
53,0,RSNA_31468,L-MLO,NO,0.0,False,,,
53,0,RSNA_31468,R-MLO,NO,0.0,False,,,
53,1,RSNA_31484,L-CC,NO,0.0,False,,,
53,1,RSNA_31484,R-CC,NO,0.0,False,,,
53,1,RSNA_31484,L-MLO,NO,0.0,False,,,
53,1,RSNA_31484,R-MLO,NO,0.0,False,,,
53,2,RSNA_31494,L-CC,NO,0.0,False,,,
53,2,RSNA_31494,R-CC,NO,0.0,False,,,
53,2,RSNA_31494,L-MLO,NO,0.0,False,,,
53,2,RSNA_31494,R-MLO,NO,0.0,False,,,
53,3,RSNA_31507,L-CC,NO,0.0,False,,,
53,3,RSNA_31507,R-CC,NO,0.0,False,,,
53,3,RSNA_31507,L-MLO,NO,0.0,False,,,
53,3,RSNA_31507,R-MLO,NO,0.0,False,,,
53,4,RSNA_3151,L-CC,NO,0.0,False,,,
53,4,RSNA_3151,R-CC,NO,0.0,False,,,
53,4,RSNA_3151,L-MLO,NO,0.0,False,,,
53,4,RSNA_3151,R-MLO,NO,0.0,False,,,
53,5,RSNA_31510,L-CC,NO,0.0,False,,,
53,5,RSNA_31510,R-CC,NO,0.0,False,,,
53,5,RSNA_31510,L-MLO,NO,0.0,False,,,
53,5,RSNA_31510,R-MLO,NO,0.0,False,,,
53,6,RSNA_31517,L-CC,NO,0.0,False,,,
53,6,RSNA_31517,R-CC,NO,0.0,False,,,
53,6,RSNA_31517,L-MLO,NO,0.0,False,,,
53,6,RSNA_31517,R-MLO,NO,0.0,False,,,
53,7,RSNA_31551,L-CC,NO,0.0,False,,,
53,7,RSNA_31551,R-CC,NO,0.0,False,,,
53,7,RSNA_31551,L-MLO,NO,0.0,False,,,
53,7,RSNA_31551,R-MLO,NO,0.0,False,,,
53,8,RSNA_3161,L-CC,NO,0.0,False,,,
53,8,RSNA_3161,R-CC,NO,0.0,False,,,
53,8,RSNA_3161,L-MLO,NO,0.0,False,,,
53,8,RSNA_3161,R-MLO,NO,0.0,False,,,
53,9,RSNA_31663,L-CC,NO,0.0,False,,,
53,9,RSNA_31663,R-CC,NO,0.0,False,,,
53,9,RSNA_31663,L-MLO,NO,0.0,False,,,
53,9,RSNA_31663,R-MLO,NO,0.0,False,,,
53,10,RSNA_31670,L-CC,NO,0.0,False,,,
53,10,RSNA_31670,R-CC,NO,0.0,False,,,
53,10,RSNA_31670,L-MLO,NO,0.0,False,,,
53,10,RSNA_31670,R-MLO,NO,0.0,False,,,
53,11,RSNA_31674,L-CC,NO,0.0,False,,,
53,11,RSNA_31674,R-CC,NO,0.0,False,,,
53,11,RSNA_31674,L-MLO,NO,0.0,False,,,
53,11,RSNA_31674,R-MLO,NO,0.0,False,,,
53,12,RSNA_31680,L-CC,NO,0.0,False,,,
53,12,RSNA_31680,R-CC,NO,0.0,False,,,
53,12,RSNA_31680,L-MLO,NO,0.0,False,,,
53,12,RSNA_31680,R-MLO,NO,0.0,False,,,
53,13,RSNA_31691,L-CC,NO,0.0,False,,,
53,13,RSNA_31691,R-CC,NO,0.0,False,,,
53,13,RSNA_31691,L-MLO,NO,0.0,False,,,
53,13,RSNA_31691,R-MLO,NO,0.0,False,,,
53,14,RSNA_31698,L-CC,NO,0.0,False,,,
53,14,RSNA_31698,R-CC,NO,0.0,False,,,
53,14,RSNA_31698,L-MLO,NO,0.0,False,,,
53,14,RSNA_31698,R-MLO,NO,0.0,False,,,
53,15,RSNA_317,L-CC,NO,0.0,False,,,
53,15,RSNA_317,R-CC,NO,90.0,True,,,
53,15,RSNA_317,L-MLO,NO,0.0,False,,,
53,15,RSNA_317,R-MLO,NO,0.0,False,,,
53,16,RSNA_31727,L-CC,NO,0.0,False,,,
53,16,RSNA_31727,R-CC,NO,0.0,False,,,
53,16,RSNA_31727,L-MLO,NO,0.0,False,,,
53,16,RSNA_31727,R-MLO,NO,0.0,False,,,
53,17,RSNA_31778,L-CC,NO,1011.0,True,YES,0.0,False
53,17,RSNA_31778,R-CC,NO,1269.0,True,YES,0.0,False
53,17,RSNA_31778,L-MLO,NO,879.0,True,YES,0.0,False
53,17,RSNA_31778,R-MLO,NO,1388.0,True,YES,0.0,False
53,18,RSNA_31808,L-CC,NO,0.0,False,,,
53,18,RSNA_31808,R-CC,NO,0.0,False,,,
53,18,RSNA_31808,L-MLO,NO,0.0,False,,,
53,18,RSNA_31808,R-MLO,NO,0.0,False,,,
53,19,RSNA_31810,L-CC,NO,1473.0,True,YES,0.0,False
53,19,RSNA_31810,R-CC,NO,1516.0,True,YES,0.0,False
53,19,RSNA_31810,L-MLO,NO,1385.0,True,YES,0.0,False
53,19,RSNA_31810,R-MLO,NO,1446.0,True,YES,0.0,False
53,20,RSNA_31814,L-CC,NO,0.0,False,,,
53,20,RSNA_31814,R-CC,NO,0.0,False,,,
53,20,RSNA_31814,L-MLO,NO,0.0,False,,,
53,20,RSNA_31814,R-MLO,NO,0.0,False,,,
53,21,RSNA_31837,L-CC,NO,1656.0,True,YES,0.0,False
53,21,RSNA_31837,R-CC,NO,1697.0,True,YES,0.0,False
53,21,RSNA_31837,L-MLO,NO,1525.0,True,YES,0.0,False
53,21,RSNA_31837,R-MLO,NO,1606.0,True,YES,0.0,False
53,22,RSNA_31918,L-CC,NO,0.0,False,,,
53,22,RSNA_31918,R-CC,NO,0.0,False,,,
53,22,RSNA_31918,L-MLO,NO,0.0,False,,,
53,22,RSNA_31918,R-MLO,NO,0.0,False,,,
53,23,RSNA_31940,L-CC,NO,0.0,False,,,
53,23,RSNA_31940,R-CC,NO,0.0,False,,,
53,23,RSNA_31940,L-MLO,NO,0.0,False,,,
53,23,RSNA_31940,R-MLO,NO,0.0,False,,,
53,24,RSNA_31952,L-CC,NO,0.0,False,,,
53,24,RSNA_31952,R-CC,NO,0.0,False,,,
53,24,RSNA_31952,L-MLO,NO,0.0,False,,,
53,24,RSNA_31952,R-MLO,NO,0.0,False,,,
54,0,RSNA_31961,L-CC,NO,0.0,False,,,
54,0,RSNA_31961,R-CC,NO,0.0,False,,,
54,0,RSNA_31961,L-MLO,NO,0.0,False,,,
54,0,RSNA_31961,R-MLO,NO,0.0,False,,,
54,1,RSNA_31981,L-CC,NO,0.0,False,,,
54,1,RSNA_31981,R-CC,NO,0.0,False,,,
54,1,RSNA_31981,L-MLO,NO,0.0,False,,,
54,1,RSNA_31981,R-MLO,NO,0.0,False,,,
54,2,RSNA_31983,L-CC,NO,0.0,False,,,
54,2,RSNA_31983,R-CC,NO,0.0,False,,,
54,2,RSNA_31983,L-MLO,NO,0.0,False,,,
54,2,RSNA_31983,R-MLO,NO,0.0,False,,,
54,3,RSNA_31985,L-CC,NO,158.0,True,,,
54,3,RSNA_31985,R-CC,NO,13.0,True,,,
54,3,RSNA_31985,L-MLO,NO,0.0,False,,,
54,3,RSNA_31985,R-MLO,NO,0.0,False,,,
54,4,RSNA_31988,L-CC,NO,1780.0,True,YES,0.0,False
54,4,RSNA_31988,R-CC,NO,1703.0,True,YES,0.0,False
54,4,RSNA_31988,L-MLO,NO,1573.0,True,YES,0.0,False
54,4,RSNA_31988,R-MLO,NO,1636.0,True,YES,0.0,False
54,5,RSNA_32029,L-CC,NO,0.0,False,,,
54,5,RSNA_32029,R-CC,NO,0.0,False,,,
54,5,RSNA_32029,L-MLO,NO,0.0,False,,,
54,5,RSNA_32029,R-MLO,NO,0.0,False,,,
54,6,RSNA_32047,L-CC,NO,0.0,False,,,
54,6,RSNA_32047,R-CC,NO,0.0,False,,,
54,6,RSNA_32047,L-MLO,NO,0.0,False,,,
54,6,RSNA_32047,R-MLO,NO,0.0,False,,,
54,7,RSNA_32071,L-CC,NO,0.0,False,,,
54,7,RSNA_32071,R-CC,NO,0.0,False,,,
54,7,RSNA_32071,L-MLO,NO,0.0,False,,,
54,7,RSNA_32071,R-MLO,NO,0.0,False,,,
54,8,RSNA_32073,L-CC,NO,1686.0,True,YES,0.0,False
54,8,RSNA_32073,R-CC,NO,1783.0,True,YES,0.0,False
54,8,RSNA_32073,L-MLO,NO,1731.0,True,YES,0.0,False
54,8,RSNA_32073,R-MLO,NO,1853.0,True,YES,0.0,False
54,9,RSNA_32075,L-CC,NO,0.0,False,,,
54,9,RSNA_32075,R-CC,NO,0.0,False,,,
54,9,RSNA_32075,L-MLO,NO,0.0,False,,,
54,9,RSNA_32075,R-MLO,NO,0.0,False,,,
54,10,RSNA_32080,L-CC,NO,0.0,False,,,
54,10,RSNA_32080,R-CC,NO,0.0,False,,,
54,10,RSNA_32080,L-MLO,NO,0.0,False,,,
54,10,RSNA_32080,R-MLO,NO,0.0,False,,,
54,11,RSNA_32109,L-CC,NO,0.0,False,,,
54,11,RSNA_32109,R-CC,NO,0.0,False,,,
54,11,RSNA_32109,L-MLO,NO,0.0,False,,,
54,11,RSNA_32109,R-MLO,NO,0.0,False,,,
54,12,RSNA_32146,L-CC,NO,0.0,False,,,
54,12,RSNA_32146,R-CC,NO,0.0,False,,,
54,12,RSNA_32146,L-MLO,NO,0.0,False,,,
54,12,RSNA_32146,R-MLO,NO,0.0,False,,,
54,13,RSNA_3215,L-CC,NO,0.0,False,,,
54,13,RSNA_3215,R-CC,NO,0.0,False,,,
54,13,RSNA_3215,L-MLO,NO,0.0,False,,,
54,13,RSNA_3215,R-MLO,NO,0.0,False,,,
54,14,RSNA_32151,L-CC,NO,1645.0,True,YES,0.0,False
54,14,RSNA_32151,R-CC,NO,1631.0,True,YES,0.0,False
54,14,RSNA_32151,L-MLO,NO,1542.0,True,YES,0.0,False
54,14,RSNA_32151,R-MLO,NO,1517.0,True,YES,0.0,False
54,15,RSNA_32197,L-CC,NO,0.0,False,,,
54,15,RSNA_32197,R-CC,NO,0.0,False,,,
54,15,RSNA_32197,L-MLO,NO,0.0,False,,,
54,15,RSNA_32197,R-MLO,NO,0.0,False,,,
54,16,RSNA_32198,L-CC,NO,0.0,False,,,
54,16,RSNA_32198,R-CC,NO,0.0,False,,,
54,16,RSNA_32198,L-MLO,NO,0.0,False,,,
54,16,RSNA_32198,R-MLO,NO,0.0,False,,,
54,17,RSNA_32201,L-CC,NO,0.0,False,,,
54,17,RSNA_32201,R-CC,NO,0.0,False,,,
54,17,RSNA_32201,L-MLO,NO,0.0,False,,,
54,17,RSNA_32201,R-MLO,NO,0.0,False,,,
54,18,RSNA_32220,L-CC,NO,0.0,False,,,
54,18,RSNA_32220,R-CC,NO,0.0,False,,,
54,18,RSNA_32220,L-MLO,NO,0.0,False,,,
54,18,RSNA_32220,R-MLO,NO,0.0,False,,,
54,19,RSNA_32233,L-CC,NO,0.0,False,,,
54,19,RSNA_32233,R-CC,NO,0.0,False,,,
54,19,RSNA_32233,L-MLO,NO,0.0,False,,,
54,19,RSNA_32233,R-MLO,NO,0.0,False,,,
54,20,RSNA_32254,L-CC,NO,0.0,False,,,
54,20,RSNA_32254,R-CC,NO,0.0,False,,,
54,20,RSNA_32254,L-MLO,NO,0.0,False,,,
54,20,RSNA_32254,R-MLO,NO,0.0,False,,,
54,21,RSNA_32292,L-CC,NO,0.0,False,,,
54,21,RSNA_32292,R-CC,NO,0.0,False,,,
54,21,RSNA_32292,L-MLO,NO,0.0,False,,,
54,21,RSNA_32292,R-MLO,NO,0.0,False,,,
54,22,RSNA_32300,L-CC,NO,0.0,False,,,
54,22,RSNA_32300,R-CC,NO,0.0,False,,,
54,22,RSNA_32300,L-MLO,NO,0.0,False,,,
54,22,RSNA_32300,R-MLO,NO,0.0,False,,,
54,23,RSNA_32314,L-CC,NO,1380.0,True,YES,0.0,False
54,23,RSNA_32314,R-CC,NO,1359.0,True,YES,0.0,False
54,23,RSNA_32314,L-MLO,NO,1304.0,True,YES,0.0,False
54,23,RSNA_32314,R-MLO,NO,1295.0,True,YES,0.0,False
54,24,RSNA_32329,L-CC,NO,0.0,False,,,
54,24,RSNA_32329,R-CC,NO,0.0,False,,,
54,24,RSNA_32329,L-MLO,NO,0.0,False,,,
54,24,RSNA_32329,R-MLO,NO,0.0,False,,,
55,0,RSNA_32340,L-CC,NO,0.0,False,,,
55,0,RSNA_32340,R-CC,NO,0.0,False,,,
55,0,RSNA_32340,L-MLO,NO,0.0,False,,,
55,0,RSNA_32340,R-MLO,NO,0.0,False,,,
55,1,RSNA_32355,L-CC,NO,0.0,False,,,
55,1,RSNA_32355,R-CC,NO,0.0,False,,,
55,1,RSNA_32355,L-MLO,NO,0.0,False,,,
55,1,RSNA_32355,R-MLO,NO,0.0,False,,,
55,2,RSNA_32362,L-CC,NO,1308.0,True,YES,0.0,False
55,2,RSNA_32362,R-CC,NO,1180.0,True,YES,0.0,False
55,2,RSNA_32362,L-MLO,NO,1130.0,True,YES,0.0,False
55,2,RSNA_32362,R-MLO,NO,1181.0,True,YES,0.0,False
55,3,RSNA_32398,L-CC,NO,0.0,False,,,
55,3,RSNA_32398,R-CC,NO,0.0,False,,,
55,3,RSNA_32398,L-MLO,NO,0.0,False,,,
55,3,RSNA_32398,R-MLO,NO,0.0,False,,,
55,4,RSNA_32420,L-CC,NO,0.0,False,,,
55,4,RSNA_32420,R-CC,NO,0.0,False,,,
55,4,RSNA_32420,L-MLO,NO,0.0,False,,,
55,4,RSNA_32420,R-MLO,NO,0.0,False,,,
55,5,RSNA_32424,L-CC,NO,0.0,False,,,
55,5,RSNA_32424,R-CC,NO,0.0,False,,,
55,5,RSNA_32424,L-MLO,NO,0.0,False,,,
55,5,RSNA_32424,R-MLO,NO,0.0,False,,,
55,6,RSNA_32432,L-CC,NO,0.0,False,,,
55,6,RSNA_32432,R-CC,NO,0.0,False,,,
55,6,RSNA_32432,L-MLO,NO,0.0,False,,,
55,6,RSNA_32432,R-MLO,NO,0.0,False,,,
55,7,RSNA_32458,L-CC,NO,0.0,False,,,
55,7,RSNA_32458,R-CC,NO,0.0,False,,,
55,7,RSNA_32458,L-MLO,NO,0.0,False,,,
55,7,RSNA_32458,R-MLO,NO,0.0,False,,,
55,8,RSNA_32480,L-CC,NO,0.0,False,,,
55,8,RSNA_32480,R-CC,NO,0.0,False,,,
55,8,RSNA_32480,L-MLO,NO,0.0,False,,,
55,8,RSNA_32480,R-MLO,NO,0.0,False,,,
55,9,RSNA_32504,L-CC,NO,0.0,False,,,
55,9,RSNA_32504,R-CC,NO,0.0,False,,,
55,9,RSNA_32504,L-MLO,NO,0.0,False,,,
55,9,RSNA_32504,R-MLO,NO,0.0,False,,,
55,10,RSNA_3251,L-CC,NO,0.0,False,,,
55,10,RSNA_3251,R-CC,NO,0.0,False,,,
55,10,RSNA_3251,L-MLO,NO,0.0,False,,,
55,10,RSNA_3251,R-MLO,NO,0.0,False,,,
55,11,RSNA_32511,L-CC,NO,0.0,False,,,
55,11,RSNA_32511,R-CC,NO,0.0,False,,,
55,11,RSNA_32511,L-MLO,NO,0.0,False,,,
55,11,RSNA_32511,R-MLO,NO,0.0,False,,,
55,12,RSNA_32523,L-CC,NO,1182.0,True,YES,0.0,False
55,12,RSNA_32523,R-CC,NO,1233.0,True,YES,0.0,False
55,12,RSNA_32523,L-MLO,NO,1054.0,True,YES,0.0,False
55,12,RSNA_32523,R-MLO,NO,1172.0,True,YES,0.0,False
55,13,RSNA_32527,L-CC,NO,0.0,False,,,
55,13,RSNA_32527,R-CC,NO,0.0,False,,,
55,13,RSNA_32527,L-MLO,NO,0.0,False,,,
55,13,RSNA_32527,R-MLO,NO,0.0,False,,,
55,14,RSNA_32542,L-CC,NO,0.0,False,,,
55,14,RSNA_32542,R-CC,NO,0.0,False,,,
55,14,RSNA_32542,L-MLO,NO,0.0,False,,,
55,14,RSNA_32542,R-MLO,NO,0.0,False,,,
55,15,RSNA_3255,L-CC,NO,15.0,True,YES,0.0,False
55,15,RSNA_3255,R-CC,NO,78.0,True,YES,0.0,False
55,15,RSNA_3255,L-MLO,NO,990.0,True,YES,0.0,False
55,15,RSNA_3255,R-MLO,NO,170.0,True,YES,0.0,False
55,16,RSNA_32562,L-CC,NO,0.0,False,,,
55,16,RSNA_32562,R-CC,NO,0.0,False,,,
55,16,RSNA_32562,L-MLO,NO,0.0,False,,,
55,16,RSNA_32562,R-MLO,NO,0.0,False,,,
55,17,RSNA_32565,L-CC,NO,0.0,False,,,
55,17,RSNA_32565,R-CC,NO,0.0,False,,,
55,17,RSNA_32565,L-MLO,NO,0.0,False,,,
55,17,RSNA_32565,R-MLO,NO,0.0,False,,,
55,18,RSNA_32571,L-CC,NO,0.0,False,,,
55,18,RSNA_32571,R-CC,NO,0.0,False,,,
55,18,RSNA_32571,L-MLO,NO,0.0,False,,,
55,18,RSNA_32571,R-MLO,NO,0.0,False,,,
55,19,RSNA_32577,L-CC,NO,0.0,False,,,
55,19,RSNA_32577,R-CC,NO,0.0,False,,,
55,19,RSNA_32577,L-MLO,NO,0.0,False,,,
55,19,RSNA_32577,R-MLO,NO,0.0,False,,,
55,20,RSNA_3258,L-CC,NO,0.0,False,,,
55,20,RSNA_3258,R-CC,NO,0.0,False,,,
55,20,RSNA_3258,L-MLO,NO,0.0,False,,,
55,20,RSNA_3258,R-MLO,NO,0.0,False,,,
55,21,RSNA_32617,L-CC,NO,0.0,False,,,
55,21,RSNA_32617,R-CC,NO,0.0,False,,,
55,21,RSNA_32617,L-MLO,NO,0.0,False,,,
55,21,RSNA_32617,R-MLO,NO,0.0,False,,,
55,22,RSNA_32621,L-CC,NO,0.0,False,,,
55,22,RSNA_32621,R-CC,NO,0.0,False,,,
55,22,RSNA_32621,L-MLO,NO,0.0,False,,,
55,22,RSNA_32621,R-MLO,NO,0.0,False,,,
55,23,RSNA_32647,L-CC,NO,1356.0,True,YES,0.0,False
55,23,RSNA_32647,R-CC,NO,1396.0,True,YES,0.0,False
55,23,RSNA_32647,L-MLO,NO,1376.0,True,YES,0.0,False
55,23,RSNA_32647,R-MLO,NO,1295.0,True,YES,0.0,False
55,24,RSNA_3267,L-CC,NO,0.0,False,,,
55,24,RSNA_3267,R-CC,NO,0.0,False,,,
55,24,RSNA_3267,L-MLO,NO,0.0,False,,,
55,24,RSNA_3267,R-MLO,NO,0.0,False,,,
56,0,RSNA_32704,L-CC,NO,1638.0,True,YES,0.0,False
56,0,RSNA_32704,R-CC,NO,1530.0,True,YES,0.0,False
56,0,RSNA_32704,L-MLO,NO,1665.0,True,YES,0.0,False
56,0,RSNA_32704,R-MLO,NO,1496.0,True,YES,0.0,False
56,1,RSNA_32723,L-CC,NO,1267.0,True,YES,0.0,False
56,1,RSNA_32723,R-CC,NO,1371.0,True,YES,0.0,False
56,1,RSNA_32723,L-MLO,NO,1177.0,True,YES,0.0,False
56,1,RSNA_32723,R-MLO,NO,1292.0,True,YES,0.0,False
56,2,RSNA_32735,L-CC,NO,0.0,False,,,
56,2,RSNA_32735,R-CC,NO,0.0,False,,,
56,2,RSNA_32735,L-MLO,NO,0.0,False,,,
56,2,RSNA_32735,R-MLO,NO,0.0,False,,,
56,3,RSNA_32760,L-CC,NO,0.0,False,,,
56,3,RSNA_32760,R-CC,NO,0.0,False,,,
56,3,RSNA_32760,L-MLO,NO,0.0,False,,,
56,3,RSNA_32760,R-MLO,NO,0.0,False,,,
56,4,RSNA_32790,L-CC,NO,0.0,False,,,
56,4,RSNA_32790,R-CC,NO,0.0,False,,,
56,4,RSNA_32790,L-MLO,NO,0.0,False,,,
56,4,RSNA_32790,R-MLO,NO,0.0,False,,,
56,5,RSNA_32797,L-CC,NO,0.0,False,,,
56,5,RSNA_32797,R-CC,NO,0.0,False,,,
56,5,RSNA_32797,L-MLO,NO,0.0,False,,,
56,5,RSNA_32797,R-MLO,NO,0.0,False,,,
56,6,RSNA_3280,L-CC,NO,0.0,False,,,
56,6,RSNA_3280,R-CC,NO,0.0,False,,,
56,6,RSNA_3280,L-MLO,NO,0.0,False,,,
56,6,RSNA_3280,R-MLO,NO,0.0,False,,,
56,7,RSNA_32801,L-CC,NO,0.0,False,,,
56,7,RSNA_32801,R-CC,NO,0.0,False,,,
56,7,RSNA_32801,L-MLO,NO,0.0,False,,,
56,7,RSNA_32801,R-MLO,NO,0.0,False,,,
56,8,RSNA_32805,L-CC,NO,0.0,False,,,
56,8,RSNA_32805,R-CC,NO,0.0,False,,,
56,8,RSNA_32805,L-MLO,NO,0.0,False,,,
56,8,RSNA_32805,R-MLO,NO,0.0,False,,,
56,9,RSNA_32880,L-CC,NO,0.0,False,,,
56,9,RSNA_32880,R-CC,NO,0.0,False,,,
56,9,RSNA_32880,L-MLO,NO,0.0,False,,,
56,9,RSNA_32880,R-MLO,NO,0.0,False,,,
56,10,RSNA_32881,L-CC,NO,0.0,False,,,
56,10,RSNA_32881,R-CC,NO,0.0,False,,,
56,10,RSNA_32881,L-MLO,NO,0.0,False,,,
56,10,RSNA_32881,R-MLO,NO,0.0,False,,,
56,11,RSNA_32916,L-CC,NO,0.0,False,,,
56,11,RSNA_32916,R-CC,NO,0.0,False,,,
56,11,RSNA_32916,L-MLO,NO,0.0,False,,,
56,11,RSNA_32916,R-MLO,NO,0.0,False,,,
56,12,RSNA_32920,L-CC,NO,0.0,False,,,
56,12,RSNA_32920,R-CC,NO,0.0,False,,,
56,12,RSNA_32920,L-MLO,NO,0.0,False,,,
56,12,RSNA_32920,R-MLO,NO,0.0,False,,,
56,13,RSNA_32923,L-CC,NO,0.0,False,,,
56,13,RSNA_32923,R-CC,NO,0.0,False,,,
56,13,RSNA_32923,L-MLO,NO,0.0,False,,,
56,13,RSNA_32923,R-MLO,NO,0.0,False,,,
56,14,RSNA_32939,L-CC,NO,0.0,False,,,
56,14,RSNA_32939,R-CC,NO,0.0,False,,,
56,14,RSNA_32939,L-MLO,NO,0.0,False,,,
56,14,RSNA_32939,R-MLO,NO,0.0,False,,,
56,15,RSNA_32947,L-CC,NO,1211.0,True,YES,0.0,False
56,15,RSNA_32947,R-CC,NO,2078.0,True,YES,0.0,False
56,15,RSNA_32947,L-MLO,NO,1238.0,True,YES,0.0,False
56,15,RSNA_32947,R-MLO,NO,1007.0,True,YES,0.0,False
56,16,RSNA_32961,L-CC,NO,0.0,False,,,
56,16,RSNA_32961,R-CC,NO,0.0,False,,,
56,16,RSNA_32961,L-MLO,NO,0.0,False,,,
56,16,RSNA_32961,R-MLO,NO,0.0,False,,,
56,17,RSNA_32975,L-CC,NO,0.0,False,,,
56,17,RSNA_32975,R-CC,NO,0.0,False,,,
56,17,RSNA_32975,L-MLO,NO,0.0,False,,,
56,17,RSNA_32975,R-MLO,NO,0.0,False,,,
56,18,RSNA_32985,L-CC,NO,0.0,False,,,
56,18,RSNA_32985,R-CC,NO,0.0,False,,,
56,18,RSNA_32985,L-MLO,NO,0.0,False,,,
56,18,RSNA_32985,R-MLO,NO,0.0,False,,,
56,19,RSNA_3299,L-CC,NO,0.0,False,,,
56,19,RSNA_3299,R-CC,NO,0.0,False,,,
56,19,RSNA_3299,L-MLO,NO,0.0,False,,,
56,19,RSNA_3299,R-MLO,NO,0.0,False,,,
56,20,RSNA_33024,L-CC,NO,0.0,False,,,
56,20,RSNA_33024,R-CC,NO,0.0,False,,,
56,20,RSNA_33024,L-MLO,NO,0.0,False,,,
56,20,RSNA_33024,R-MLO,NO,0.0,False,,,
56,21,RSNA_33040,L-CC,NO,0.0,False,,,
56,21,RSNA_33040,R-CC,NO,0.0,False,,,
56,21,RSNA_33040,L-MLO,NO,0.0,False,,,
56,21,RSNA_33040,R-MLO,NO,0.0,False,,,
56,22,RSNA_33044,L-CC,NO,1372.0,True,YES,0.0,False
56,22,RSNA_33044,R-CC,NO,1395.0,True,YES,0.0,False
56,22,RSNA_33044,L-MLO,NO,1289.0,True,YES,0.0,False
56,22,RSNA_33044,R-MLO,NO,1366.0,True,YES,0.0,False
56,23,RSNA_33088,L-CC,NO,1883.0,True,YES,0.0,False
56,23,RSNA_33088,R-CC,NO,1845.0,True,YES,0.0,False
56,23,RSNA_33088,L-MLO,NO,1811.0,True,YES,0.0,False
56,23,RSNA_33088,R-MLO,NO,1829.0,True,YES,0.0,False
56,24,RSNA_33095,L-CC,NO,0.0,False,,,
56,24,RSNA_33095,R-CC,NO,0.0,False,,,
56,24,RSNA_33095,L-MLO,NO,0.0,False,,,
56,24,RSNA_33095,R-MLO,NO,0.0,False,,,
57,0,RSNA_33100,L-CC,NO,0.0,False,,,
57,0,RSNA_33100,R-CC,NO,0.0,False,,,
57,0,RSNA_33100,L-MLO,NO,0.0,False,,,
57,0,RSNA_33100,R-MLO,NO,0.0,False,,,
57,1,RSNA_33107,L-CC,NO,0.0,False,,,
57,1,RSNA_33107,R-CC,NO,0.0,False,,,
57,1,RSNA_33107,L-MLO,NO,0.0,False,,,
57,1,RSNA_33107,R-MLO,NO,0.0,False,,,
57,2,RSNA_33108,L-CC,NO,0.0,False,,,
57,2,RSNA_33108,R-CC,NO,0.0,False,,,
57,2,RSNA_33108,L-MLO,NO,0.0,False,,,
57,2,RSNA_33108,R-MLO,NO,0.0,False,,,
57,3,RSNA_33117,L-CC,NO,2051.0,True,YES,0.0,False
57,3,RSNA_33117,R-CC,NO,2048.0,True,YES,0.0,False
57,3,RSNA_33117,L-MLO,NO,2398.0,True,YES,0.0,False
57,3,RSNA_33117,R-MLO,NO,2151.0,True,YES,0.0,False
57,4,RSNA_3319,L-CC,NO,0.0,False,,,
57,4,RSNA_3319,R-CC,NO,0.0,False,,,
57,4,RSNA_3319,L-MLO,NO,0.0,False,,,
57,4,RSNA_3319,R-MLO,NO,0.0,False,,,
57,5,RSNA_33199,L-CC,NO,0.0,False,,,
57,5,RSNA_33199,R-CC,NO,0.0,False,,,
57,5,RSNA_33199,L-MLO,NO,0.0,False,,,
57,5,RSNA_33199,R-MLO,NO,0.0,False,,,
57,6,RSNA_33208,L-CC,NO,0.0,False,,,
57,6,RSNA_33208,R-CC,NO,0.0,False,,,
57,6,RSNA_33208,L-MLO,NO,0.0,False,,,
57,6,RSNA_33208,R-MLO,NO,0.0,False,,,
57,7,RSNA_33210,L-CC,NO,0.0,False,,,
57,7,RSNA_33210,R-CC,NO,0.0,False,,,
57,7,RSNA_33210,L-MLO,NO,0.0,False,,,
57,7,RSNA_33210,R-MLO,NO,0.0,False,,,
57,8,RSNA_33237,L-CC,NO,0.0,False,,,
57,8,RSNA_33237,R-CC,NO,0.0,False,,,
57,8,RSNA_33237,L-MLO,NO,0.0,False,,,
57,8,RSNA_33237,R-MLO,NO,0.0,False,,,
57,9,RSNA_33246,L-CC,NO,0.0,False,,,
57,9,RSNA_33246,R-CC,NO,0.0,False,,,
57,9,RSNA_33246,L-MLO,NO,0.0,False,,,
57,9,RSNA_33246,R-MLO,NO,0.0,False,,,
57,10,RSNA_33260,L-CC,NO,0.0,False,,,
57,10,RSNA_33260,R-CC,NO,0.0,False,,,
57,10,RSNA_33260,L-MLO,NO,0.0,False,,,
57,10,RSNA_33260,R-MLO,NO,0.0,False,,,
57,11,RSNA_3327,L-CC,NO,0.0,False,,,
57,11,RSNA_3327,R-CC,NO,0.0,False,,,
57,11,RSNA_3327,L-MLO,NO,0.0,False,,,
57,11,RSNA_3327,R-MLO,NO,0.0,False,,,
57,12,RSNA_33296,L-CC,NO,0.0,False,,,
57,12,RSNA_33296,R-CC,NO,0.0,False,,,
57,12,RSNA_33296,L-MLO,NO,0.0,False,,,
57,12,RSNA_33296,R-MLO,NO,0.0,False,,,
57,13,RSNA_3330,L-CC,NO,0.0,False,,,
57,13,RSNA_3330,R-CC,NO,0.0,False,,,
57,13,RSNA_3330,L-MLO,NO,0.0,False,,,
57,13,RSNA_3330,R-MLO,NO,0.0,False,,,
57,14,RSNA_33301,L-CC,NO,970.0,True,YES,0.0,False
57,14,RSNA_33301,R-CC,NO,1200.0,True,YES,0.0,False
57,14,RSNA_33301,L-MLO,NO,1049.0,True,YES,0.0,False
57,14,RSNA_33301,R-MLO,NO,1342.0,True,YES,0.0,False
57,15,RSNA_33303,L-CC,NO,0.0,False,,,
57,15,RSNA_33303,R-CC,NO,0.0,False,,,
57,15,RSNA_33303,L-MLO,NO,0.0,False,,,
57,15,RSNA_33303,R-MLO,NO,0.0,False,,,
57,16,RSNA_33306,L-CC,NO,0.0,False,,,
57,16,RSNA_33306,R-CC,NO,0.0,False,,,
57,16,RSNA_33306,L-MLO,NO,0.0,False,,,
57,16,RSNA_33306,R-MLO,NO,0.0,False,,,
57,17,RSNA_33312,L-CC,NO,0.0,False,,,
57,17,RSNA_33312,R-CC,NO,0.0,False,,,
57,17,RSNA_33312,L-MLO,NO,0.0,False,,,
57,17,RSNA_33312,R-MLO,NO,0.0,False,,,
57,18,RSNA_33332,L-CC,NO,0.0,False,,,
57,18,RSNA_33332,R-CC,NO,0.0,False,,,
57,18,RSNA_33332,L-MLO,NO,0.0,False,,,
57,18,RSNA_33332,R-MLO,NO,0.0,False,,,
57,19,RSNA_33346,L-CC,NO,0.0,False,,,
57,19,RSNA_33346,R-CC,NO,0.0,False,,,
57,19,RSNA_33346,L-MLO,NO,0.0,False,,,
57,19,RSNA_33346,R-MLO,NO,0.0,False,,,
57,20,RSNA_33385,L-CC,NO,0.0,False,,,
57,20,RSNA_33385,R-CC,NO,0.0,False,,,
57,20,RSNA_33385,L-MLO,NO,0.0,False,,,
57,20,RSNA_33385,R-MLO,NO,0.0,False,,,
57,21,RSNA_33396,L-CC,NO,0.0,False,,,
57,21,RSNA_33396,R-CC,NO,0.0,False,,,
57,21,RSNA_33396,L-MLO,NO,0.0,False,,,
57,21,RSNA_33396,R-MLO,NO,0.0,False,,,
57,22,RSNA_33415,L-CC,NO,0.0,False,,,
57,22,RSNA_33415,R-CC,NO,0.0,False,,,
57,22,RSNA_33415,L-MLO,NO,0.0,False,,,
57,22,RSNA_33415,R-MLO,NO,0.0,False,,,
57,23,RSNA_33426,L-CC,NO,1768.0,True,YES,0.0,False
57,23,RSNA_33426,R-CC,NO,1854.0,True,YES,0.0,False
57,23,RSNA_33426,L-MLO,NO,1511.0,True,YES,0.0,False
57,23,RSNA_33426,R-MLO,NO,1684.0,True,YES,0.0,False
57,24,RSNA_33439,L-CC,NO,0.0,False,,,
57,24,RSNA_33439,R-CC,NO,0.0,False,,,
57,24,RSNA_33439,L-MLO,NO,0.0,False,,,
57,24,RSNA_33439,R-MLO,NO,0.0,False,,,
58,0,RSNA_33475,L-CC,NO,0.0,False,,,
58,0,RSNA_33475,R-CC,NO,0.0,False,,,
58,0,RSNA_33475,L-MLO,NO,0.0,False,,,
58,0,RSNA_33475,R-MLO,NO,0.0,False,,,
58,1,RSNA_33508,L-CC,NO,1009.0,True,YES,0.0,False
58,1,RSNA_33508,R-CC,NO,1082.0,True,YES,0.0,False
58,1,RSNA_33508,L-MLO,NO,990.0,True,YES,0.0,False
58,1,RSNA_33508,R-MLO,NO,1090.0,True,YES,0.0,False
58,2,RSNA_33554,L-CC,NO,0.0,False,,,
58,2,RSNA_33554,R-CC,NO,0.0,False,,,
58,2,RSNA_33554,L-MLO,NO,0.0,False,,,
58,2,RSNA_33554,R-MLO,NO,0.0,False,,,
58,3,RSNA_33557,L-CC,NO,0.0,False,,,
58,3,RSNA_33557,R-CC,NO,0.0,False,,,
58,3,RSNA_33557,L-MLO,NO,0.0,False,,,
58,3,RSNA_33557,R-MLO,NO,0.0,False,,,
58,4,RSNA_33570,L-CC,NO,0.0,False,,,
58,4,RSNA_33570,R-CC,NO,0.0,False,,,
58,4,RSNA_33570,L-MLO,NO,0.0,False,,,
58,4,RSNA_33570,R-MLO,NO,0.0,False,,,
58,5,RSNA_33581,L-CC,NO,0.0,False,,,
58,5,RSNA_33581,R-CC,NO,0.0,False,,,
58,5,RSNA_33581,L-MLO,NO,0.0,False,,,
58,5,RSNA_33581,R-MLO,NO,0.0,False,,,
58,6,RSNA_33588,L-CC,NO,0.0,False,,,
58,6,RSNA_33588,R-CC,NO,0.0,False,,,
58,6,RSNA_33588,L-MLO,NO,0.0,False,,,
58,6,RSNA_33588,R-MLO,NO,0.0,False,,,
58,7,RSNA_33594,L-CC,NO,0.0,False,,,
58,7,RSNA_33594,R-CC,NO,0.0,False,,,
58,7,RSNA_33594,L-MLO,NO,0.0,False,,,
58,7,RSNA_33594,R-MLO,NO,0.0,False,,,
58,8,RSNA_33615,L-CC,NO,0.0,False,,,
58,8,RSNA_33615,R-CC,NO,0.0,False,,,
58,8,RSNA_33615,L-MLO,NO,0.0,False,,,
58,8,RSNA_33615,R-MLO,NO,0.0,False,,,
58,9,RSNA_33624,L-CC,NO,0.0,False,,,
58,9,RSNA_33624,R-CC,NO,0.0,False,,,
58,9,RSNA_33624,L-MLO,NO,0.0,False,,,
58,9,RSNA_33624,R-MLO,NO,0.0,False,,,
58,10,RSNA_33628,L-CC,NO,0.0,False,,,
58,10,RSNA_33628,R-CC,NO,0.0,False,,,
58,10,RSNA_33628,L-MLO,NO,0.0,False,,,
58,10,RSNA_33628,R-MLO,NO,0.0,False,,,
58,11,RSNA_33668,L-CC,NO,0.0,False,,,
58,11,RSNA_33668,R-CC,NO,0.0,False,,,
58,11,RSNA_33668,L-MLO,NO,0.0,False,,,
58,11,RSNA_33668,R-MLO,NO,0.0,False,,,
58,12,RSNA_33684,L-CC,NO,0.0,False,,,
58,12,RSNA_33684,R-CC,NO,0.0,False,,,
58,12,RSNA_33684,L-MLO,NO,0.0,False,,,
58,12,RSNA_33684,R-MLO,NO,0.0,False,,,
58,13,RSNA_33699,L-CC,NO,0.0,False,,,
58,13,RSNA_33699,R-CC,NO,0.0,False,,,
58,13,RSNA_33699,L-MLO,NO,0.0,False,,,
58,13,RSNA_33699,R-MLO,NO,0.0,False,,,
58,14,RSNA_33719,L-CC,NO,1001.0,True,YES,0.0,False
58,14,RSNA_33719,R-CC,NO,1082.0,True,YES,0.0,False
58,14,RSNA_33719,L-MLO,NO,881.0,True,YES,0.0,False
58,14,RSNA_33719,R-MLO,NO,1000.0,True,YES,0.0,False
58,15,RSNA_33736,L-CC,NO,0.0,False,,,
58,15,RSNA_33736,R-CC,NO,0.0,False,,,
58,15,RSNA_33736,L-MLO,NO,0.0,False,,,
58,15,RSNA_33736,R-MLO,NO,0.0,False,,,
58,16,RSNA_33738,L-CC,NO,0.0,False,,,
58,16,RSNA_33738,R-CC,NO,0.0,False,,,
58,16,RSNA_33738,L-MLO,NO,0.0,False,,,
58,16,RSNA_33738,R-MLO,NO,0.0,False,,,
58,17,RSNA_33750,L-CC,NO,0.0,False,,,
58,17,RSNA_33750,R-CC,NO,0.0,False,,,
58,17,RSNA_33750,L-MLO,NO,0.0,False,,,
58,17,RSNA_33750,R-MLO,NO,0.0,False,,,
58,18,RSNA_33779,L-CC,NO,0.0,False,,,
58,18,RSNA_33779,R-CC,NO,0.0,False,,,
58,18,RSNA_33779,L-MLO,NO,0.0,False,,,
58,18,RSNA_33779,R-MLO,NO,0.0,False,,,
58,19,RSNA_33785,L-CC,NO,0.0,False,,,
58,19,RSNA_33785,R-CC,NO,0.0,False,,,
58,19,RSNA_33785,L-MLO,NO,0.0,False,,,
58,19,RSNA_33785,R-MLO,NO,0.0,False,,,
58,20,RSNA_33787,L-CC,NO,0.0,False,,,
58,20,RSNA_33787,R-CC,NO,0.0,False,,,
58,20,RSNA_33787,L-MLO,NO,0.0,False,,,
58,20,RSNA_33787,R-MLO,NO,0.0,False,,,
58,21,RSNA_33804,L-CC,NO,0.0,False,,,
58,21,RSNA_33804,R-CC,NO,0.0,False,,,
58,21,RSNA_33804,L-MLO,NO,0.0,False,,,
58,21,RSNA_33804,R-MLO,NO,0.0,False,,,
58,22,RSNA_3383,L-CC,NO,0.0,False,,,
58,22,RSNA_3383,R-CC,NO,0.0,False,,,
58,22,RSNA_3383,L-MLO,NO,0.0,False,,,
58,22,RSNA_3383,R-MLO,NO,0.0,False,,,
58,23,RSNA_33843,L-CC,NO,1552.0,True,YES,0.0,False
58,23,RSNA_33843,R-CC,NO,1658.0,True,YES,0.0,False
58,23,RSNA_33843,L-MLO,NO,1405.0,True,YES,0.0,False
58,23,RSNA_33843,R-MLO,NO,1594.0,True,YES,0.0,False
58,24,RSNA_33882,L-CC,NO,0.0,False,,,
58,24,RSNA_33882,R-CC,NO,0.0,False,,,
58,24,RSNA_33882,L-MLO,NO,0.0,False,,,
58,24,RSNA_33882,R-MLO,NO,0.0,False,,,
59,0,RSNA_33901,L-CC,NO,0.0,False,,,
59,0,RSNA_33901,R-CC,NO,0.0,False,,,
59,0,RSNA_33901,L-MLO,NO,0.0,False,,,
59,0,RSNA_33901,R-MLO,NO,0.0,False,,,
59,1,RSNA_3391,L-CC,NO,0.0,False,,,
59,1,RSNA_3391,R-CC,NO,0.0,False,,,
59,1,RSNA_3391,L-MLO,NO,0.0,False,,,
59,1,RSNA_3391,R-MLO,NO,0.0,False,,,
59,2,RSNA_33916,L-CC,NO,0.0,False,,,
59,2,RSNA_33916,R-CC,NO,0.0,False,,,
59,2,RSNA_33916,L-MLO,NO,0.0,False,,,
59,2,RSNA_33916,R-MLO,NO,0.0,False,,,
59,3,RSNA_33928,L-CC,NO,0.0,False,,,
59,3,RSNA_33928,R-CC,NO,0.0,False,,,
59,3,RSNA_33928,L-MLO,NO,0.0,False,,,
59,3,RSNA_33928,R-MLO,NO,0.0,False,,,
59,4,RSNA_33932,L-CC,NO,0.0,False,,,
59,4,RSNA_33932,R-CC,NO,0.0,False,,,
59,4,RSNA_33932,L-MLO,NO,0.0,False,,,
59,4,RSNA_33932,R-MLO,NO,0.0,False,,,
59,5,RSNA_33943,L-CC,NO,0.0,False,,,
59,5,RSNA_33943,R-CC,NO,0.0,False,,,
59,5,RSNA_33943,L-MLO,NO,0.0,False,,,
59,5,RSNA_33943,R-MLO,NO,0.0,False,,,
59,6,RSNA_33947,L-CC,NO,0.0,False,,,
59,6,RSNA_33947,R-CC,NO,0.0,False,,,
59,6,RSNA_33947,L-MLO,NO,0.0,False,,,
59,6,RSNA_33947,R-MLO,NO,0.0,False,,,
59,7,RSNA_33961,L-CC,NO,1100.0,True,YES,0.0,False
59,7,RSNA_33961,R-CC,NO,1234.0,True,YES,0.0,False
59,7,RSNA_33961,L-MLO,NO,1019.0,True,YES,0.0,False
59,7,RSNA_33961,R-MLO,NO,1111.0,True,YES,0.0,False
59,8,RSNA_33994,L-CC,NO,0.0,False,,,
59,8,RSNA_33994,R-CC,NO,0.0,False,,,
59,8,RSNA_33994,L-MLO,NO,0.0,False,,,
59,8,RSNA_33994,R-MLO,NO,0.0,False,,,
59,9,RSNA_33997,L-CC,NO,0.0,False,,,
59,9,RSNA_33997,R-CC,NO,0.0,False,,,
59,9,RSNA_33997,L-MLO,NO,0.0,False,,,
59,9,RSNA_33997,R-MLO,NO,0.0,False,,,
59,10,RSNA_33999,L-CC,NO,0.0,False,,,
59,10,RSNA_33999,R-CC,NO,0.0,False,,,
59,10,RSNA_33999,L-MLO,NO,0.0,False,,,
59,10,RSNA_33999,R-MLO,NO,0.0,False,,,
59,11,RSNA_34007,L-CC,NO,0.0,False,,,
59,11,RSNA_34007,R-CC,NO,0.0,False,,,
59,11,RSNA_34007,L-MLO,NO,0.0,False,,,
59,11,RSNA_34007,R-MLO,NO,0.0,False,,,
59,12,RSNA_34028,L-CC,NO,1465.0,True,YES,0.0,False
59,12,RSNA_34028,R-CC,NO,1301.0,True,YES,0.0,False
59,12,RSNA_34028,L-MLO,NO,1420.0,True,YES,0.0,False
59,12,RSNA_34028,R-MLO,NO,1271.0,True,YES,0.0,False
59,13,RSNA_34062,L-CC,NO,0.0,False,,,
59,13,RSNA_34062,R-CC,NO,0.0,False,,,
59,13,RSNA_34062,L-MLO,NO,0.0,False,,,
59,13,RSNA_34062,R-MLO,NO,0.0,False,,,
59,14,RSNA_34112,L-CC,NO,0.0,False,,,
59,14,RSNA_34112,R-CC,NO,0.0,False,,,
59,14,RSNA_34112,L-MLO,NO,0.0,False,,,
59,14,RSNA_34112,R-MLO,NO,0.0,False,,,
59,15,RSNA_34158,L-CC,NO,0.0,False,,,
59,15,RSNA_34158,R-CC,NO,0.0,False,,,
59,15,RSNA_34158,L-MLO,NO,0.0,False,,,
59,15,RSNA_34158,R-MLO,NO,0.0,False,,,
59,16,RSNA_3416,L-CC,NO,0.0,False,,,
59,16,RSNA_3416,R-CC,NO,0.0,False,,,
59,16,RSNA_3416,L-MLO,NO,0.0,False,,,
59,16,RSNA_3416,R-MLO,NO,0.0,False,,,
59,17,RSNA_34178,L-CC,NO,1323.0,True,YES,0.0,False
59,17,RSNA_34178,R-CC,NO,1291.0,True,YES,0.0,False
59,17,RSNA_34178,L-MLO,NO,1324.0,True,YES,0.0,False
59,17,RSNA_34178,R-MLO,NO,1286.0,True,YES,0.0,False
59,18,RSNA_34189,L-CC,NO,0.0,False,,,
59,18,RSNA_34189,R-CC,NO,0.0,False,,,
59,18,RSNA_34189,L-MLO,NO,0.0,False,,,
59,18,RSNA_34189,R-MLO,NO,0.0,False,,,
59,19,RSNA_34204,L-CC,NO,0.0,False,,,
59,19,RSNA_34204,R-CC,NO,0.0,False,,,
59,19,RSNA_34204,L-MLO,NO,0.0,False,,,
59,19,RSNA_34204,R-MLO,NO,0.0,False,,,
59,20,RSNA_34205,L-CC,NO,0.0,False,,,
59,20,RSNA_34205,R-CC,NO,0.0,False,,,
59,20,RSNA_34205,L-MLO,NO,0.0,False,,,
59,20,RSNA_34205,R-MLO,NO,0.0,False,,,
59,21,RSNA_34225,L-CC,NO,840.0,True,YES,0.0,False
59,21,RSNA_34225,R-CC,NO,881.0,True,YES,0.0,False
59,21,RSNA_34225,L-MLO,NO,780.0,True,YES,0.0,False
59,21,RSNA_34225,R-MLO,NO,765.0,True,YES,0.0,False
59,22,RSNA_34229,L-CC,NO,0.0,False,,,
59,22,RSNA_34229,R-CC,NO,0.0,False,,,
59,22,RSNA_34229,L-MLO,NO,0.0,False,,,
59,22,RSNA_34229,R-MLO,NO,0.0,False,,,
59,23,RSNA_3424,L-CC,NO,0.0,False,,,
59,23,RSNA_3424,R-CC,NO,0.0,False,,,
59,23,RSNA_3424,L-MLO,NO,0.0,False,,,
59,23,RSNA_3424,R-MLO,NO,0.0,False,,,
59,24,RSNA_34258,L-CC,NO,0.0,False,,,
59,24,RSNA_34258,R-CC,NO,0.0,False,,,
59,24,RSNA_34258,L-MLO,NO,0.0,False,,,
59,24,RSNA_34258,R-MLO,NO,0.0,False,,,
60,0,RSNA_34264,L-CC,NO,0.0,False,,,
60,0,RSNA_34264,R-CC,NO,0.0,False,,,
60,0,RSNA_34264,L-MLO,NO,0.0,False,,,
60,0,RSNA_34264,R-MLO,NO,0.0,False,,,
60,1,RSNA_34279,L-CC,NO,1303.0,True,YES,0.0,False
60,1,RSNA_34279,R-CC,NO,1320.0,True,YES,0.0,False
60,1,RSNA_34279,L-MLO,NO,1374.0,True,YES,0.0,False
60,1,RSNA_34279,R-MLO,NO,1251.0,True,YES,0.0,False
60,2,RSNA_3434,L-CC,NO,1202.0,True,YES,0.0,False
60,2,RSNA_3434,R-CC,NO,1236.0,True,YES,0.0,False
60,2,RSNA_3434,L-MLO,NO,1145.0,True,YES,0.0,False
60,2,RSNA_3434,R-MLO,NO,1165.0,True,YES,0.0,False
60,3,RSNA_34368,L-CC,NO,0.0,False,,,
60,3,RSNA_34368,R-CC,NO,0.0,False,,,
60,3,RSNA_34368,L-MLO,NO,0.0,False,,,
60,3,RSNA_34368,R-MLO,NO,0.0,False,,,
60,4,RSNA_3437,L-CC,NO,0.0,False,,,
60,4,RSNA_3437,R-CC,NO,0.0,False,,,
60,4,RSNA_3437,L-MLO,NO,0.0,False,,,
60,4,RSNA_3437,R-MLO,NO,0.0,False,,,
60,5,RSNA_34380,L-CC,NO,0.0,False,,,
60,5,RSNA_34380,R-CC,NO,0.0,False,,,
60,5,RSNA_34380,L-MLO,NO,0.0,False,,,
60,5,RSNA_34380,R-MLO,NO,0.0,False,,,
60,6,RSNA_34428,L-CC,NO,1352.0,True,YES,0.0,False
60,6,RSNA_34428,R-CC,NO,1509.0,True,YES,0.0,False
60,6,RSNA_34428,L-MLO,NO,1250.0,True,YES,0.0,False
60,6,RSNA_34428,R-MLO,NO,1394.0,True,YES,0.0,False
60,7,RSNA_34501,L-CC,NO,0.0,False,,,
60,7,RSNA_34501,R-CC,NO,0.0,False,,,
60,7,RSNA_34501,L-MLO,NO,0.0,False,,,
60,7,RSNA_34501,R-MLO,NO,0.0,False,,,
60,8,RSNA_34520,L-CC,NO,0.0,False,,,
60,8,RSNA_34520,R-CC,NO,0.0,False,,,
60,8,RSNA_34520,L-MLO,NO,0.0,False,,,
60,8,RSNA_34520,R-MLO,NO,0.0,False,,,
60,9,RSNA_34534,L-CC,NO,930.0,True,YES,0.0,False
60,9,RSNA_34534,R-CC,NO,919.0,True,YES,0.0,False
60,9,RSNA_34534,L-MLO,NO,743.0,True,YES,0.0,False
60,9,RSNA_34534,R-MLO,NO,770.0,True,YES,0.0,False
60,10,RSNA_34554,L-CC,NO,0.0,False,,,
60,10,RSNA_34554,R-CC,NO,0.0,False,,,
60,10,RSNA_34554,L-MLO,NO,0.0,False,,,
60,10,RSNA_34554,R-MLO,NO,0.0,False,,,
60,11,RSNA_34561,L-CC,NO,0.0,False,,,
60,11,RSNA_34561,R-CC,NO,0.0,False,,,
60,11,RSNA_34561,L-MLO,NO,0.0,False,,,
60,11,RSNA_34561,R-MLO,NO,0.0,False,,,
60,12,RSNA_34565,L-CC,NO,0.0,False,,,
60,12,RSNA_34565,R-CC,NO,0.0,False,,,
60,12,RSNA_34565,L-MLO,NO,0.0,False,,,
60,12,RSNA_34565,R-MLO,NO,0.0,False,,,
60,13,RSNA_34586,L-CC,NO,0.0,False,,,
60,13,RSNA_34586,R-CC,NO,0.0,False,,,
60,13,RSNA_34586,L-MLO,NO,0.0,False,,,
60,13,RSNA_34586,R-MLO,NO,0.0,False,,,
60,14,RSNA_34619,L-CC,NO,0.0,False,,,
60,14,RSNA_34619,R-CC,NO,0.0,False,,,
60,14,RSNA_34619,L-MLO,NO,0.0,False,,,
60,14,RSNA_34619,R-MLO,NO,0.0,False,,,
60,15,RSNA_34624,L-CC,NO,0.0,False,,,
60,15,RSNA_34624,R-CC,NO,0.0,False,,,
60,15,RSNA_34624,L-MLO,NO,0.0,False,,,
60,15,RSNA_34624,R-MLO,NO,0.0,False,,,
60,16,RSNA_34654,L-CC,NO,0.0,False,,,
60,16,RSNA_34654,R-CC,NO,0.0,False,,,
60,16,RSNA_34654,L-MLO,NO,0.0,False,,,
60,16,RSNA_34654,R-MLO,NO,0.0,False,,,
60,17,RSNA_34655,L-CC,NO,0.0,False,,,
60,17,RSNA_34655,R-CC,NO,0.0,False,,,
60,17,RSNA_34655,L-MLO,NO,0.0,False,,,
60,17,RSNA_34655,R-MLO,NO,0.0,False,,,
60,18,RSNA_34667,L-CC,NO,1273.0,True,YES,0.0,False
60,18,RSNA_34667,R-CC,NO,1086.0,True,YES,0.0,False
60,18,RSNA_34667,L-MLO,NO,1323.0,True,YES,0.0,False
60,18,RSNA_34667,R-MLO,NO,1084.0,True,YES,0.0,False
60,19,RSNA_34671,L-CC,NO,0.0,False,,,
60,19,RSNA_34671,R-CC,NO,0.0,False,,,
60,19,RSNA_34671,L-MLO,NO,0.0,False,,,
60,19,RSNA_34671,R-MLO,NO,50.0,True,,,
60,20,RSNA_34708,L-CC,NO,1619.0,True,YES,0.0,False
60,20,RSNA_34708,R-CC,NO,1591.0,True,YES,0.0,False
60,20,RSNA_34708,L-MLO,NO,1420.0,True,YES,0.0,False
60,20,RSNA_34708,R-MLO,NO,1383.0,True,YES,0.0,False
60,21,RSNA_34744,L-CC,NO,0.0,False,,,
60,21,RSNA_34744,R-CC,NO,0.0,False,,,
60,21,RSNA_34744,L-MLO,NO,0.0,False,,,
60,21,RSNA_34744,R-MLO,NO,0.0,False,,,
60,22,RSNA_34752,L-CC,NO,0.0,False,,,
60,22,RSNA_34752,R-CC,NO,0.0,False,,,
60,22,RSNA_34752,L-MLO,NO,0.0,False,,,
60,22,RSNA_34752,R-MLO,NO,0.0,False,,,
60,23,RSNA_34779,L-CC,NO,0.0,False,,,
60,23,RSNA_34779,R-CC,NO,0.0,False,,,
60,23,RSNA_34779,L-MLO,NO,0.0,False,,,
60,23,RSNA_34779,R-MLO,NO,0.0,False,,,
60,24,RSNA_34781,L-CC,NO,0.0,False,,,
60,24,RSNA_34781,R-CC,NO,0.0,False,,,
60,24,RSNA_34781,L-MLO,NO,0.0,False,,,
60,24,RSNA_34781,R-MLO,NO,0.0,False,,,
61,0,RSNA_34823,L-CC,NO,0.0,False,,,
61,0,RSNA_34823,R-CC,NO,0.0,False,,,
61,0,RSNA_34823,L-MLO,NO,0.0,False,,,
61,0,RSNA_34823,R-MLO,NO,0.0,False,,,
61,1,RSNA_34824,L-CC,NO,1912.0,True,YES,0.0,False
61,1,RSNA_34824,R-CC,NO,1813.0,True,YES,0.0,False
61,1,RSNA_34824,L-MLO,NO,1721.0,True,YES,0.0,False
61,1,RSNA_34824,R-MLO,NO,1668.0,True,YES,0.0,False
61,2,RSNA_34860,L-CC,NO,0.0,False,,,
61,2,RSNA_34860,R-CC,NO,0.0,False,,,
61,2,RSNA_34860,L-MLO,NO,0.0,False,,,
61,2,RSNA_34860,R-MLO,NO,0.0,False,,,
61,3,RSNA_34865,L-CC,NO,0.0,False,,,
61,3,RSNA_34865,R-CC,NO,0.0,False,,,
61,3,RSNA_34865,L-MLO,NO,0.0,False,,,
61,3,RSNA_34865,R-MLO,NO,0.0,False,,,
61,4,RSNA_3490,L-CC,NO,0.0,False,,,
61,4,RSNA_3490,R-CC,NO,0.0,False,,,
61,4,RSNA_3490,L-MLO,NO,0.0,False,,,
61,4,RSNA_3490,R-MLO,NO,0.0,False,,,
61,5,RSNA_34903,L-CC,NO,0.0,False,,,
61,5,RSNA_34903,R-CC,NO,0.0,False,,,
61,5,RSNA_34903,L-MLO,NO,0.0,False,,,
61,5,RSNA_34903,R-MLO,NO,0.0,False,,,
61,6,RSNA_34914,L-CC,NO,0.0,False,,,
61,6,RSNA_34914,R-CC,NO,0.0,False,,,
61,6,RSNA_34914,L-MLO,NO,0.0,False,,,
61,6,RSNA_34914,R-MLO,NO,0.0,False,,,
61,7,RSNA_34959,L-CC,NO,0.0,False,,,
61,7,RSNA_34959,R-CC,NO,0.0,False,,,
61,7,RSNA_34959,L-MLO,NO,0.0,False,,,
61,7,RSNA_34959,R-MLO,NO,0.0,False,,,
61,8,RSNA_34971,L-CC,NO,0.0,False,,,
61,8,RSNA_34971,R-CC,NO,0.0,False,,,
61,8,RSNA_34971,L-MLO,NO,83.0,True,,,
61,8,RSNA_34971,R-MLO,NO,0.0,False,,,
61,9,RSNA_34987,L-CC,NO,0.0,False,,,
61,9,RSNA_34987,R-CC,NO,0.0,False,,,
61,9,RSNA_34987,L-MLO,NO,0.0,False,,,
61,9,RSNA_34987,R-MLO,NO,0.0,False,,,
61,10,RSNA_34991,L-CC,NO,0.0,False,,,
61,10,RSNA_34991,R-CC,NO,0.0,False,,,
61,10,RSNA_34991,L-MLO,NO,0.0,False,,,
61,10,RSNA_34991,R-MLO,NO,0.0,False,,,
61,11,RSNA_35014,L-CC,NO,398.0,True,YES,0.0,False
61,11,RSNA_35014,R-CC,NO,513.0,True,YES,0.0,False
61,11,RSNA_35014,L-MLO,NO,271.0,True,YES,0.0,False
61,11,RSNA_35014,R-MLO,NO,446.0,True,YES,0.0,False
61,12,RSNA_35040,L-CC,NO,0.0,False,,,
61,12,RSNA_35040,R-CC,NO,0.0,False,,,
61,12,RSNA_35040,L-MLO,NO,0.0,False,,,
61,12,RSNA_35040,R-MLO,NO,0.0,False,,,
61,13,RSNA_35059,L-CC,NO,0.0,False,,,
61,13,RSNA_35059,R-CC,NO,0.0,False,,,
61,13,RSNA_35059,L-MLO,NO,0.0,False,,,
61,13,RSNA_35059,R-MLO,NO,0.0,False,,,
61,14,RSNA_3508,L-CC,NO,0.0,False,,,
61,14,RSNA_3508,R-CC,NO,0.0,False,,,
61,14,RSNA_3508,L-MLO,NO,0.0,False,,,
61,14,RSNA_3508,R-MLO,NO,0.0,False,,,
61,15,RSNA_35089,L-CC,NO,0.0,False,,,
61,15,RSNA_35089,R-CC,NO,0.0,False,,,
61,15,RSNA_35089,L-MLO,NO,0.0,False,,,
61,15,RSNA_35089,R-MLO,NO,0.0,False,,,
61,16,RSNA_35091,L-CC,NO,0.0,False,,,
61,16,RSNA_35091,R-CC,NO,0.0,False,,,
61,16,RSNA_35091,L-MLO,NO,0.0,False,,,
61,16,RSNA_35091,R-MLO,NO,0.0,False,,,
61,17,RSNA_35125,L-CC,NO,0.0,False,,,
61,17,RSNA_35125,R-CC,NO,0.0,False,,,
61,17,RSNA_35125,L-MLO,NO,0.0,False,,,
61,17,RSNA_35125,R-MLO,NO,0.0,False,,,
61,18,RSNA_3517,L-CC,NO,0.0,False,,,
61,18,RSNA_3517,R-CC,NO,0.0,False,,,
61,18,RSNA_3517,L-MLO,NO,0.0,False,,,
61,18,RSNA_3517,R-MLO,NO,0.0,False,,,
61,19,RSNA_35173,L-CC,NO,0.0,False,,,
61,19,RSNA_35173,R-CC,NO,0.0,False,,,
61,19,RSNA_35173,L-MLO,NO,0.0,False,,,
61,19,RSNA_35173,R-MLO,NO,0.0,False,,,
61,20,RSNA_35177,L-CC,NO,1043.0,True,YES,0.0,False
61,20,RSNA_35177,R-CC,NO,1096.0,True,YES,0.0,False
61,20,RSNA_35177,L-MLO,NO,882.0,True,YES,0.0,False
61,20,RSNA_35177,R-MLO,NO,1016.0,True,YES,0.0,False
61,21,RSNA_35180,L-CC,NO,942.0,True,YES,0.0,False
61,21,RSNA_35180,R-CC,NO,1049.0,True,YES,0.0,False
61,21,RSNA_35180,L-MLO,NO,695.0,True,YES,0.0,False
61,21,RSNA_35180,R-MLO,NO,855.0,True,YES,0.0,False
61,22,RSNA_35181,L-CC,NO,0.0,False,,,
61,22,RSNA_35181,R-CC,NO,0.0,False,,,
61,22,RSNA_35181,L-MLO,NO,0.0,False,,,
61,22,RSNA_35181,R-MLO,NO,0.0,False,,,
61,23,RSNA_35190,L-CC,NO,0.0,False,,,
61,23,RSNA_35190,R-CC,NO,0.0,False,,,
61,23,RSNA_35190,L-MLO,NO,0.0,False,,,
61,23,RSNA_35190,R-MLO,NO,0.0,False,,,
61,24,RSNA_35225,L-CC,NO,0.0,False,,,
61,24,RSNA_35225,R-CC,NO,0.0,False,,,
61,24,RSNA_35225,L-MLO,NO,0.0,False,,,
61,24,RSNA_35225,R-MLO,NO,0.0,False,,,
62,0,RSNA_3525,L-CC,NO,0.0,False,,,
62,0,RSNA_3525,R-CC,NO,0.0,False,,,
62,0,RSNA_3525,L-MLO,NO,0.0,False,,,
62,0,RSNA_3525,R-MLO,NO,0.0,False,,,
62,1,RSNA_35263,L-CC,NO,0.0,False,,,
62,1,RSNA_35263,R-CC,NO,0.0,False,,,
62,1,RSNA_35263,L-MLO,NO,0.0,False,,,
62,1,RSNA_35263,R-MLO,NO,0.0,False,,,
62,2,RSNA_35295,L-CC,NO,0.0,False,,,
62,2,RSNA_35295,R-CC,NO,0.0,False,,,
62,2,RSNA_35295,L-MLO,NO,0.0,False,,,
62,2,RSNA_35295,R-MLO,NO,0.0,False,,,
62,3,RSNA_35321,L-CC,NO,0.0,False,,,
62,3,RSNA_35321,R-CC,NO,0.0,False,,,
62,3,RSNA_35321,L-MLO,NO,0.0,False,,,
62,3,RSNA_35321,R-MLO,NO,0.0,False,,,
62,4,RSNA_35357,L-CC,NO,0.0,False,,,
62,4,RSNA_35357,R-CC,NO,0.0,False,,,
62,4,RSNA_35357,L-MLO,NO,0.0,False,,,
62,4,RSNA_35357,R-MLO,NO,0.0,False,,,
62,5,RSNA_35361,L-CC,NO,1058.0,True,YES,0.0,False
62,5,RSNA_35361,R-CC,NO,1677.0,True,YES,0.0,False
62,5,RSNA_35361,L-MLO,NO,1001.0,True,YES,0.0,False
62,5,RSNA_35361,R-MLO,NO,1591.0,True,YES,0.0,False
62,6,RSNA_35368,L-CC,NO,1252.0,True,YES,0.0,False
62,6,RSNA_35368,R-CC,NO,1201.0,True,YES,0.0,False
62,6,RSNA_35368,L-MLO,NO,1389.0,True,YES,0.0,False
62,6,RSNA_35368,R-MLO,NO,1067.0,True,YES,0.0,False
62,7,RSNA_35370,L-CC,NO,1237.0,True,YES,0.0,False
62,7,RSNA_35370,R-CC,NO,1444.0,True,YES,0.0,False
62,7,RSNA_35370,L-MLO,NO,1155.0,True,YES,0.0,False
62,7,RSNA_35370,R-MLO,NO,1325.0,True,YES,0.0,False
62,8,RSNA_35421,L-CC,NO,0.0,False,,,
62,8,RSNA_35421,R-CC,NO,0.0,False,,,
62,8,RSNA_35421,L-MLO,NO,0.0,False,,,
62,8,RSNA_35421,R-MLO,NO,0.0,False,,,
62,9,RSNA_35471,L-CC,NO,0.0,False,,,
62,9,RSNA_35471,R-CC,NO,0.0,False,,,
62,9,RSNA_35471,L-MLO,NO,0.0,False,,,
62,9,RSNA_35471,R-MLO,NO,0.0,False,,,
62,10,RSNA_35475,L-CC,NO,0.0,False,,,
62,10,RSNA_35475,R-CC,NO,0.0,False,,,
62,10,RSNA_35475,L-MLO,NO,0.0,False,,,
62,10,RSNA_35475,R-MLO,NO,0.0,False,,,
62,11,RSNA_35496,L-CC,NO,0.0,False,,,
62,11,RSNA_35496,R-CC,NO,0.0,False,,,
62,11,RSNA_35496,L-MLO,NO,0.0,False,,,
62,11,RSNA_35496,R-MLO,NO,0.0,False,,,
62,12,RSNA_35520,L-CC,NO,1344.0,True,YES,0.0,False
62,12,RSNA_35520,R-CC,NO,1167.0,True,YES,0.0,False
62,12,RSNA_35520,L-MLO,NO,1329.0,True,YES,0.0,False
62,12,RSNA_35520,R-MLO,NO,1209.0,True,YES,0.0,False
62,13,RSNA_35549,L-CC,NO,0.0,False,,,
62,13,RSNA_35549,R-CC,NO,0.0,False,,,
62,13,RSNA_35549,L-MLO,NO,0.0,False,,,
62,13,RSNA_35549,R-MLO,NO,0.0,False,,,
62,14,RSNA_3556,L-CC,NO,0.0,False,,,
62,14,RSNA_3556,R-CC,NO,0.0,False,,,
62,14,RSNA_3556,L-MLO,NO,0.0,False,,,
62,14,RSNA_3556,R-MLO,NO,0.0,False,,,
62,15,RSNA_35567,L-CC,NO,0.0,False,,,
62,15,RSNA_35567,R-CC,NO,0.0,False,,,
62,15,RSNA_35567,L-MLO,NO,0.0,False,,,
62,15,RSNA_35567,R-MLO,NO,0.0,False,,,
62,16,RSNA_35608,L-CC,NO,0.0,False,,,
62,16,RSNA_35608,R-CC,NO,0.0,False,,,
62,16,RSNA_35608,L-MLO,NO,0.0,False,,,
62,16,RSNA_35608,R-MLO,NO,0.0,False,,,
62,17,RSNA_35618,L-CC,NO,0.0,False,,,
62,17,RSNA_35618,R-CC,NO,0.0,False,,,
62,17,RSNA_35618,L-MLO,NO,0.0,False,,,
62,17,RSNA_35618,R-MLO,NO,0.0,False,,,
62,18,RSNA_35641,L-CC,NO,0.0,False,,,
62,18,RSNA_35641,R-CC,NO,0.0,False,,,
62,18,RSNA_35641,L-MLO,NO,0.0,False,,,
62,18,RSNA_35641,R-MLO,NO,0.0,False,,,
62,19,RSNA_35659,L-CC,NO,0.0,False,,,
62,19,RSNA_35659,R-CC,NO,0.0,False,,,
62,19,RSNA_35659,L-MLO,NO,0.0,False,,,
62,19,RSNA_35659,R-MLO,NO,0.0,False,,,
62,20,RSNA_35673,L-CC,NO,0.0,False,,,
62,20,RSNA_35673,R-CC,NO,0.0,False,,,
62,20,RSNA_35673,L-MLO,NO,0.0,False,,,
62,20,RSNA_35673,R-MLO,NO,0.0,False,,,
62,21,RSNA_35692,L-CC,NO,0.0,False,,,
62,21,RSNA_35692,R-CC,NO,0.0,False,,,
62,21,RSNA_35692,L-MLO,NO,0.0,False,,,
62,21,RSNA_35692,R-MLO,NO,0.0,False,,,
62,22,RSNA_35693,L-CC,NO,1927.0,True,YES,0.0,False
62,22,RSNA_35693,R-CC,NO,2037.0,True,YES,0.0,False
62,22,RSNA_35693,L-MLO,NO,1825.0,True,YES,0.0,False
62,22,RSNA_35693,R-MLO,NO,1933.0,True,YES,0.0,False
62,23,RSNA_35701,L-CC,NO,0.0,False,,,
62,23,RSNA_35701,R-CC,NO,0.0,False,,,
62,23,RSNA_35701,L-MLO,NO,0.0,False,,,
62,23,RSNA_35701,R-MLO,NO,0.0,False,,,
62,24,RSNA_35706,L-CC,NO,0.0,False,,,
62,24,RSNA_35706,R-CC,NO,0.0,False,,,
62,24,RSNA_35706,L-MLO,NO,0.0,False,,,
62,24,RSNA_35706,R-MLO,NO,0.0,False,,,
63,0,RSNA_3572,L-CC,NO,0.0,False,,,
63,0,RSNA_3572,R-CC,NO,0.0,False,,,
63,0,RSNA_3572,L-MLO,NO,0.0,False,,,
63,0,RSNA_3572,R-MLO,NO,0.0,False,,,
63,1,RSNA_35729,L-CC,NO,0.0,False,,,
63,1,RSNA_35729,R-CC,NO,0.0,False,,,
63,1,RSNA_35729,L-MLO,NO,0.0,False,,,
63,1,RSNA_35729,R-MLO,NO,0.0,False,,,
63,2,RSNA_3575,L-CC,NO,0.0,False,,,
63,2,RSNA_3575,R-CC,NO,0.0,False,,,
63,2,RSNA_3575,L-MLO,NO,0.0,False,,,
63,2,RSNA_3575,R-MLO,NO,0.0,False,,,
63,3,RSNA_35775,L-CC,NO,0.0,False,,,
63,3,RSNA_35775,R-CC,NO,0.0,False,,,
63,3,RSNA_35775,L-MLO,NO,0.0,False,,,
63,3,RSNA_35775,R-MLO,NO,0.0,False,,,
63,4,RSNA_35781,L-CC,NO,0.0,False,,,
63,4,RSNA_35781,R-CC,NO,0.0,False,,,
63,4,RSNA_35781,L-MLO,NO,0.0,False,,,
63,4,RSNA_35781,R-MLO,NO,0.0,False,,,
63,5,RSNA_35815,L-CC,NO,0.0,False,,,
63,5,RSNA_35815,R-CC,NO,0.0,False,,,
63,5,RSNA_35815,L-MLO,NO,0.0,False,,,
63,5,RSNA_35815,R-MLO,NO,0.0,False,,,
63,6,RSNA_35833,L-CC,NO,0.0,False,,,
63,6,RSNA_35833,R-CC,NO,0.0,False,,,
63,6,RSNA_35833,L-MLO,NO,0.0,False,,,
63,6,RSNA_35833,R-MLO,NO,0.0,False,,,
63,7,RSNA_35848,L-CC,NO,0.0,False,,,
63,7,RSNA_35848,R-CC,NO,0.0,False,,,
63,7,RSNA_35848,L-MLO,NO,0.0,False,,,
63,7,RSNA_35848,R-MLO,NO,0.0,False,,,
63,8,RSNA_35876,L-CC,NO,0.0,False,,,
63,8,RSNA_35876,R-CC,NO,0.0,False,,,
63,8,RSNA_35876,L-MLO,NO,0.0,False,,,
63,8,RSNA_35876,R-MLO,NO,0.0,False,,,
63,9,RSNA_35909,L-CC,NO,0.0,False,,,
63,9,RSNA_35909,R-CC,NO,0.0,False,,,
63,9,RSNA_35909,L-MLO,NO,0.0,False,,,
63,9,RSNA_35909,R-MLO,NO,0.0,False,,,
63,10,RSNA_35922,L-CC,NO,0.0,False,,,
63,10,RSNA_35922,R-CC,NO,0.0,False,,,
63,10,RSNA_35922,L-MLO,NO,0.0,False,,,
63,10,RSNA_35922,R-MLO,NO,0.0,False,,,
63,11,RSNA_35925,L-CC,NO,0.0,False,,,
63,11,RSNA_35925,R-CC,NO,0.0,False,,,
63,11,RSNA_35925,L-MLO,NO,0.0,False,,,
63,11,RSNA_35925,R-MLO,NO,0.0,False,,,
63,12,RSNA_35927,L-CC,NO,1179.0,True,YES,0.0,False
63,12,RSNA_35927,R-CC,NO,1172.0,True,YES,0.0,False
63,12,RSNA_35927,L-MLO,NO,1058.0,True,YES,0.0,False
63,12,RSNA_35927,R-MLO,NO,1124.0,True,YES,0.0,False
63,13,RSNA_35950,L-CC,NO,0.0,False,,,
63,13,RSNA_35950,R-CC,NO,0.0,False,,,
63,13,RSNA_35950,L-MLO,NO,0.0,False,,,
63,13,RSNA_35950,R-MLO,NO,0.0,False,,,
63,14,RSNA_35956,L-CC,NO,0.0,False,,,
63,14,RSNA_35956,R-CC,NO,0.0,False,,,
63,14,RSNA_35956,L-MLO,NO,0.0,False,,,
63,14,RSNA_35956,R-MLO,NO,0.0,False,,,
63,15,RSNA_35995,L-CC,NO,0.0,False,,,
63,15,RSNA_35995,R-CC,NO,0.0,False,,,
63,15,RSNA_35995,L-MLO,NO,0.0,False,,,
63,15,RSNA_35995,R-MLO,NO,0.0,False,,,
63,16,RSNA_35997,L-CC,NO,1149.0,True,YES,0.0,False
63,16,RSNA_35997,R-CC,NO,1461.0,True,YES,0.0,False
63,16,RSNA_35997,L-MLO,NO,1037.0,True,YES,0.0,False
63,16,RSNA_35997,R-MLO,NO,1322.0,True,YES,0.0,False
63,17,RSNA_36004,L-CC,NO,0.0,False,,,
63,17,RSNA_36004,R-CC,NO,0.0,False,,,
63,17,RSNA_36004,L-MLO,NO,0.0,False,,,
63,17,RSNA_36004,R-MLO,NO,0.0,False,,,
63,18,RSNA_36012,L-CC,NO,0.0,False,,,
63,18,RSNA_36012,R-CC,NO,0.0,False,,,
63,18,RSNA_36012,L-MLO,NO,0.0,False,,,
63,18,RSNA_36012,R-MLO,NO,0.0,False,,,
63,19,RSNA_3605,L-CC,NO,0.0,False,,,
63,19,RSNA_3605,R-CC,NO,0.0,False,,,
63,19,RSNA_3605,L-MLO,NO,0.0,False,,,
63,19,RSNA_3605,R-MLO,NO,0.0,False,,,
63,20,RSNA_36077,L-CC,NO,1085.0,True,YES,0.0,False
63,20,RSNA_36077,R-CC,NO,1156.0,True,YES,0.0,False
63,20,RSNA_36077,L-MLO,NO,975.0,True,YES,0.0,False
63,20,RSNA_36077,R-MLO,NO,1001.0,True,YES,0.0,False
63,21,RSNA_36097,L-CC,NO,0.0,False,,,
63,21,RSNA_36097,R-CC,NO,0.0,False,,,
63,21,RSNA_36097,L-MLO,NO,0.0,False,,,
63,21,RSNA_36097,R-MLO,NO,0.0,False,,,
63,22,RSNA_36109,L-CC,NO,0.0,False,,,
63,22,RSNA_36109,R-CC,NO,0.0,False,,,
63,22,RSNA_36109,L-MLO,NO,0.0,False,,,
63,22,RSNA_36109,R-MLO,NO,0.0,False,,,
63,23,RSNA_36111,L-CC,NO,0.0,False,,,
63,23,RSNA_36111,R-CC,NO,0.0,False,,,
63,23,RSNA_36111,L-MLO,NO,0.0,False,,,
63,23,RSNA_36111,R-MLO,NO,0.0,False,,,
63,24,RSNA_36138,L-CC,NO,0.0,False,,,
63,24,RSNA_36138,R-CC,NO,0.0,False,,,
63,24,RSNA_36138,L-MLO,NO,0.0,False,,,
63,24,RSNA_36138,R-MLO,NO,0.0,False,,,
64,0,RSNA_36160,L-CC,NO,0.0,False,,,
64,0,RSNA_36160,R-CC,NO,0.0,False,,,
64,0,RSNA_36160,L-MLO,NO,0.0,False,,,
64,0,RSNA_36160,R-MLO,NO,0.0,False,,,
64,1,RSNA_36161,L-CC,NO,0.0,False,,,
64,1,RSNA_36161,R-CC,NO,0.0,False,,,
64,1,RSNA_36161,L-MLO,NO,0.0,False,,,
64,1,RSNA_36161,R-MLO,NO,0.0,False,,,
64,2,RSNA_3617,L-CC,NO,0.0,False,,,
64,2,RSNA_3617,R-CC,NO,0.0,False,,,
64,2,RSNA_3617,L-MLO,NO,0.0,False,,,
64,2,RSNA_3617,R-MLO,NO,0.0,False,,,
64,3,RSNA_36210,L-CC,NO,0.0,False,,,
64,3,RSNA_36210,R-CC,NO,0.0,False,,,
64,3,RSNA_36210,L-MLO,NO,0.0,False,,,
64,3,RSNA_36210,R-MLO,NO,0.0,False,,,
64,4,RSNA_3625,L-CC,NO,1731.0,True,YES,0.0,False
64,4,RSNA_3625,R-CC,NO,1800.0,True,YES,0.0,False
64,4,RSNA_3625,L-MLO,NO,1766.0,True,YES,0.0,False
64,4,RSNA_3625,R-MLO,NO,1685.0,True,YES,0.0,False
64,5,RSNA_36254,L-CC,NO,1421.0,True,YES,0.0,False
64,5,RSNA_36254,R-CC,NO,1354.0,True,YES,0.0,False
64,5,RSNA_36254,L-MLO,NO,1298.0,True,YES,0.0,False
64,5,RSNA_36254,R-MLO,NO,1335.0,True,YES,0.0,False
64,6,RSNA_36259,L-CC,NO,0.0,False,,,
64,6,RSNA_36259,R-CC,NO,0.0,False,,,
64,6,RSNA_36259,L-MLO,NO,0.0,False,,,
64,6,RSNA_36259,R-MLO,NO,0.0,False,,,
64,7,RSNA_36301,L-CC,NO,0.0,False,,,
64,7,RSNA_36301,R-CC,NO,0.0,False,,,
64,7,RSNA_36301,L-MLO,NO,0.0,False,,,
64,7,RSNA_36301,R-MLO,NO,0.0,False,,,
64,8,RSNA_36310,L-CC,NO,1608.0,True,YES,0.0,False
64,8,RSNA_36310,R-CC,NO,1513.0,True,YES,0.0,False
64,8,RSNA_36310,L-MLO,NO,1464.0,True,YES,0.0,False
64,8,RSNA_36310,R-MLO,NO,1422.0,True,YES,0.0,False
64,9,RSNA_36339,L-CC,NO,0.0,False,,,
64,9,RSNA_36339,R-CC,NO,0.0,False,,,
64,9,RSNA_36339,L-MLO,NO,0.0,False,,,
64,9,RSNA_36339,R-MLO,NO,0.0,False,,,
64,10,RSNA_36366,L-CC,NO,0.0,False,,,
64,10,RSNA_36366,R-CC,NO,0.0,False,,,
64,10,RSNA_36366,L-MLO,NO,0.0,False,,,
64,10,RSNA_36366,R-MLO,NO,0.0,False,,,
64,11,RSNA_364,L-CC,NO,0.0,False,,,
64,11,RSNA_364,R-CC,NO,0.0,False,,,
64,11,RSNA_364,L-MLO,NO,0.0,False,,,
64,11,RSNA_364,R-MLO,NO,0.0,False,,,
64,12,RSNA_36421,L-CC,NO,0.0,False,,,
64,12,RSNA_36421,R-CC,NO,0.0,False,,,
64,12,RSNA_36421,L-MLO,NO,0.0,False,,,
64,12,RSNA_36421,R-MLO,NO,0.0,False,,,
64,13,RSNA_36428,L-CC,NO,0.0,False,,,
64,13,RSNA_36428,R-CC,NO,0.0,False,,,
64,13,RSNA_36428,L-MLO,NO,0.0,False,,,
64,13,RSNA_36428,R-MLO,NO,0.0,False,,,
64,14,RSNA_36432,L-CC,NO,0.0,False,,,
64,14,RSNA_36432,R-CC,NO,0.0,False,,,
64,14,RSNA_36432,L-MLO,NO,0.0,False,,,
64,14,RSNA_36432,R-MLO,NO,0.0,False,,,
64,15,RSNA_36438,L-CC,NO,0.0,False,,,
64,15,RSNA_36438,R-CC,NO,0.0,False,,,
64,15,RSNA_36438,L-MLO,NO,0.0,False,,,
64,15,RSNA_36438,R-MLO,NO,0.0,False,,,
64,16,RSNA_36457,L-CC,NO,0.0,False,,,
64,16,RSNA_36457,R-CC,NO,0.0,False,,,
64,16,RSNA_36457,L-MLO,NO,0.0,False,,,
64,16,RSNA_36457,R-MLO,NO,0.0,False,,,
64,17,RSNA_36461,L-CC,NO,0.0,False,,,
64,17,RSNA_36461,R-CC,NO,0.0,False,,,
64,17,RSNA_36461,L-MLO,NO,0.0,False,,,
64,17,RSNA_36461,R-MLO,NO,0.0,False,,,
64,18,RSNA_36464,L-CC,NO,0.0,False,,,
64,18,RSNA_36464,R-CC,NO,0.0,False,,,
64,18,RSNA_36464,L-MLO,NO,0.0,False,,,
64,18,RSNA_36464,R-MLO,NO,0.0,False,,,
64,19,RSNA_36480,L-CC,NO,0.0,False,,,
64,19,RSNA_36480,R-CC,NO,0.0,False,,,
64,19,RSNA_36480,L-MLO,NO,0.0,False,,,
64,19,RSNA_36480,R-MLO,NO,0.0,False,,,
64,20,RSNA_36494,L-CC,NO,0.0,False,,,
64,20,RSNA_36494,R-CC,NO,0.0,False,,,
64,20,RSNA_36494,L-MLO,NO,0.0,False,,,
64,20,RSNA_36494,R-MLO,NO,0.0,False,,,
64,21,RSNA_36516,L-CC,NO,1236.0,True,YES,0.0,False
64,21,RSNA_36516,R-CC,NO,1338.0,True,YES,0.0,False
64,21,RSNA_36516,L-MLO,NO,1168.0,True,YES,0.0,False
64,21,RSNA_36516,R-MLO,NO,1245.0,True,YES,0.0,False
64,22,RSNA_36550,L-CC,NO,0.0,False,,,
64,22,RSNA_36550,R-CC,NO,0.0,False,,,
64,22,RSNA_36550,L-MLO,NO,0.0,False,,,
64,22,RSNA_36550,R-MLO,NO,0.0,False,,,
64,23,RSNA_36558,L-CC,NO,0.0,False,,,
64,23,RSNA_36558,R-CC,NO,0.0,False,,,
64,23,RSNA_36558,L-MLO,NO,0.0,False,,,
64,23,RSNA_36558,R-MLO,NO,0.0,False,,,
64,24,RSNA_36584,L-CC,NO,0.0,False,,,
64,24,RSNA_36584,R-CC,NO,0.0,False,,,
64,24,RSNA_36584,L-MLO,NO,0.0,False,,,
64,24,RSNA_36584,R-MLO,NO,0.0,False,,,
65,0,RSNA_36617,L-CC,NO,147.0,True,,,
65,0,RSNA_36617,R-CC,NO,106.0,True,,,
65,0,RSNA_36617,L-MLO,NO,0.0,False,,,
65,0,RSNA_36617,R-MLO,NO,0.0,False,,,
65,1,RSNA_36642,L-CC,NO,0.0,False,,,
65,1,RSNA_36642,R-CC,NO,0.0,False,,,
65,1,RSNA_36642,L-MLO,NO,0.0,False,,,
65,1,RSNA_36642,R-MLO,NO,0.0,False,,,
65,2,RSNA_36644,L-CC,NO,0.0,False,,,
65,2,RSNA_36644,R-CC,NO,0.0,False,,,
65,2,RSNA_36644,L-MLO,NO,0.0,False,,,
65,2,RSNA_36644,R-MLO,NO,0.0,False,,,
65,3,RSNA_36657,L-CC,NO,0.0,False,,,
65,3,RSNA_36657,R-CC,NO,0.0,False,,,
65,3,RSNA_36657,L-MLO,NO,0.0,False,,,
65,3,RSNA_36657,R-MLO,NO,0.0,False,,,
65,4,RSNA_36660,L-CC,NO,0.0,False,,,
65,4,RSNA_36660,R-CC,NO,0.0,False,,,
65,4,RSNA_36660,L-MLO,NO,0.0,False,,,
65,4,RSNA_36660,R-MLO,NO,0.0,False,,,
65,5,RSNA_36662,L-CC,NO,0.0,False,,,
65,5,RSNA_36662,R-CC,NO,0.0,False,,,
65,5,RSNA_36662,L-MLO,NO,0.0,False,,,
65,5,RSNA_36662,R-MLO,NO,0.0,False,,,
65,6,RSNA_36713,L-CC,NO,0.0,False,,,
65,6,RSNA_36713,R-CC,NO,0.0,False,,,
65,6,RSNA_36713,L-MLO,NO,0.0,False,,,
65,6,RSNA_36713,R-MLO,NO,0.0,False,,,
65,7,RSNA_36714,L-CC,NO,0.0,False,,,
65,7,RSNA_36714,R-CC,NO,0.0,False,,,
65,7,RSNA_36714,L-MLO,NO,0.0,False,,,
65,7,RSNA_36714,R-MLO,NO,0.0,False,,,
65,8,RSNA_36723,L-CC,NO,0.0,False,,,
65,8,RSNA_36723,R-CC,NO,0.0,False,,,
65,8,RSNA_36723,L-MLO,NO,0.0,False,,,
65,8,RSNA_36723,R-MLO,NO,0.0,False,,,
65,9,RSNA_36741,L-CC,NO,0.0,False,,,
65,9,RSNA_36741,R-CC,NO,0.0,False,,,
65,9,RSNA_36741,L-MLO,NO,0.0,False,,,
65,9,RSNA_36741,R-MLO,NO,0.0,False,,,
65,10,RSNA_36758,L-CC,NO,0.0,False,,,
65,10,RSNA_36758,R-CC,NO,0.0,False,,,
65,10,RSNA_36758,L-MLO,NO,0.0,False,,,
65,10,RSNA_36758,R-MLO,NO,0.0,False,,,
65,11,RSNA_36769,L-CC,NO,1241.0,True,YES,0.0,False
65,11,RSNA_36769,R-CC,NO,1286.0,True,YES,0.0,False
65,11,RSNA_36769,L-MLO,NO,1192.0,True,YES,0.0,False
65,11,RSNA_36769,R-MLO,NO,1401.0,True,YES,0.0,False
65,12,RSNA_36771,L-CC,NO,0.0,False,,,
65,12,RSNA_36771,R-CC,NO,0.0,False,,,
65,12,RSNA_36771,L-MLO,NO,0.0,False,,,
65,12,RSNA_36771,R-MLO,NO,0.0,False,,,
65,13,RSNA_36777,L-CC,NO,0.0,False,,,
65,13,RSNA_36777,R-CC,NO,0.0,False,,,
65,13,RSNA_36777,L-MLO,NO,0.0,False,,,
65,13,RSNA_36777,R-MLO,NO,0.0,False,,,
65,14,RSNA_36811,L-CC,NO,0.0,False,,,
65,14,RSNA_36811,R-CC,NO,0.0,False,,,
65,14,RSNA_36811,L-MLO,NO,0.0,False,,,
65,14,RSNA_36811,R-MLO,NO,0.0,False,,,
65,15,RSNA_3682,L-CC,NO,0.0,False,,,
65,15,RSNA_3682,R-CC,NO,0.0,False,,,
65,15,RSNA_3682,L-MLO,NO,0.0,False,,,
65,15,RSNA_3682,R-MLO,NO,0.0,False,,,
65,16,RSNA_36821,L-CC,NO,0.0,False,,,
65,16,RSNA_36821,R-CC,NO,0.0,False,,,
65,16,RSNA_36821,L-MLO,NO,0.0,False,,,
65,16,RSNA_36821,R-MLO,NO,0.0,False,,,
65,17,RSNA_36841,L-CC,NO,0.0,False,,,
65,17,RSNA_36841,R-CC,NO,0.0,False,,,
65,17,RSNA_36841,L-MLO,NO,0.0,False,,,
65,17,RSNA_36841,R-MLO,NO,0.0,False,,,
65,18,RSNA_36847,L-CC,NO,0.0,False,,,
65,18,RSNA_36847,R-CC,NO,0.0,False,,,
65,18,RSNA_36847,L-MLO,NO,0.0,False,,,
65,18,RSNA_36847,R-MLO,NO,0.0,False,,,
65,19,RSNA_36864,L-CC,NO,0.0,False,,,
65,19,RSNA_36864,R-CC,NO,0.0,False,,,
65,19,RSNA_36864,L-MLO,NO,0.0,False,,,
65,19,RSNA_36864,R-MLO,NO,0.0,False,,,
65,20,RSNA_36925,L-CC,NO,0.0,False,,,
65,20,RSNA_36925,R-CC,NO,0.0,False,,,
65,20,RSNA_36925,L-MLO,NO,0.0,False,,,
65,20,RSNA_36925,R-MLO,NO,0.0,False,,,
65,21,RSNA_36961,L-CC,NO,0.0,False,,,
65,21,RSNA_36961,R-CC,NO,0.0,False,,,
65,21,RSNA_36961,L-MLO,NO,0.0,False,,,
65,21,RSNA_36961,R-MLO,NO,0.0,False,,,
65,22,RSNA_36979,L-CC,NO,0.0,False,,,
65,22,RSNA_36979,R-CC,NO,0.0,False,,,
65,22,RSNA_36979,L-MLO,NO,0.0,False,,,
65,22,RSNA_36979,R-MLO,NO,0.0,False,,,
65,23,RSNA_370,L-CC,NO,0.0,False,,,
65,23,RSNA_370,R-CC,NO,0.0,False,,,
65,23,RSNA_370,L-MLO,NO,0.0,False,,,
65,23,RSNA_370,R-MLO,NO,0.0,False,,,
65,24,RSNA_37006,L-CC,NO,0.0,False,,,
65,24,RSNA_37006,R-CC,NO,0.0,False,,,
65,24,RSNA_37006,L-MLO,NO,0.0,False,,,
65,24,RSNA_37006,R-MLO,NO,0.0,False,,,
66,0,RSNA_37051,L-CC,NO,2024.0,True,YES,0.0,False
66,0,RSNA_37051,R-CC,NO,1872.0,True,YES,0.0,False
66,0,RSNA_37051,L-MLO,NO,1763.0,True,YES,0.0,False
66,0,RSNA_37051,R-MLO,NO,1797.0,True,YES,0.0,False
66,1,RSNA_37062,L-CC,NO,0.0,False,,,
66,1,RSNA_37062,R-CC,NO,0.0,False,,,
66,1,RSNA_37062,L-MLO,NO,0.0,False,,,
66,1,RSNA_37062,R-MLO,NO,0.0,False,,,
66,2,RSNA_37067,L-CC,NO,0.0,False,,,
66,2,RSNA_37067,R-CC,NO,0.0,False,,,
66,2,RSNA_37067,L-MLO,NO,0.0,False,,,
66,2,RSNA_37067,R-MLO,NO,0.0,False,,,
66,3,RSNA_37069,L-CC,NO,0.0,False,,,
66,3,RSNA_37069,R-CC,NO,0.0,False,,,
66,3,RSNA_37069,L-MLO,NO,0.0,False,,,
66,3,RSNA_37069,R-MLO,NO,0.0,False,,,
66,4,RSNA_37075,L-CC,NO,0.0,False,,,
66,4,RSNA_37075,R-CC,NO,0.0,False,,,
66,4,RSNA_37075,L-MLO,NO,0.0,False,,,
66,4,RSNA_37075,R-MLO,NO,0.0,False,,,
66,5,RSNA_37092,L-CC,NO,0.0,False,,,
66,5,RSNA_37092,R-CC,NO,0.0,False,,,
66,5,RSNA_37092,L-MLO,NO,0.0,False,,,
66,5,RSNA_37092,R-MLO,NO,0.0,False,,,
66,6,RSNA_37101,L-CC,NO,0.0,False,,,
66,6,RSNA_37101,R-CC,NO,0.0,False,,,
66,6,RSNA_37101,L-MLO,NO,0.0,False,,,
66,6,RSNA_37101,R-MLO,NO,0.0,False,,,
66,7,RSNA_37108,L-CC,NO,0.0,False,,,
66,7,RSNA_37108,R-CC,NO,0.0,False,,,
66,7,RSNA_37108,L-MLO,NO,0.0,False,,,
66,7,RSNA_37108,R-MLO,NO,0.0,False,,,
66,8,RSNA_3713,L-CC,NO,0.0,False,,,
66,8,RSNA_3713,R-CC,NO,0.0,False,,,
66,8,RSNA_3713,L-MLO,NO,0.0,False,,,
66,8,RSNA_3713,R-MLO,NO,0.0,False,,,
66,9,RSNA_37138,L-CC,NO,0.0,False,,,
66,9,RSNA_37138,R-CC,NO,0.0,False,,,
66,9,RSNA_37138,L-MLO,NO,0.0,False,,,
66,9,RSNA_37138,R-MLO,NO,0.0,False,,,
66,10,RSNA_37148,L-CC,NO,0.0,False,,,
66,10,RSNA_37148,R-CC,NO,0.0,False,,,
66,10,RSNA_37148,L-MLO,NO,0.0,False,,,
66,10,RSNA_37148,R-MLO,NO,0.0,False,,,
66,11,RSNA_37163,L-CC,NO,0.0,False,,,
66,11,RSNA_37163,R-CC,NO,0.0,False,,,
66,11,RSNA_37163,L-MLO,NO,0.0,False,,,
66,11,RSNA_37163,R-MLO,NO,0.0,False,,,
66,12,RSNA_37193,L-CC,NO,0.0,False,,,
66,12,RSNA_37193,R-CC,NO,0.0,False,,,
66,12,RSNA_37193,L-MLO,NO,0.0,False,,,
66,12,RSNA_37193,R-MLO,NO,0.0,False,,,
66,13,RSNA_37229,L-CC,NO,0.0,False,,,
66,13,RSNA_37229,R-CC,NO,0.0,False,,,
66,13,RSNA_37229,L-MLO,NO,0.0,False,,,
66,13,RSNA_37229,R-MLO,NO,0.0,False,,,
66,14,RSNA_3723,L-CC,NO,0.0,False,,,
66,14,RSNA_3723,R-CC,NO,0.0,False,,,
66,14,RSNA_3723,L-MLO,NO,0.0,False,,,
66,14,RSNA_3723,R-MLO,NO,0.0,False,,,
66,15,RSNA_37243,L-CC,NO,1708.0,True,YES,0.0,False
66,15,RSNA_37243,R-CC,NO,1023.0,True,YES,0.0,False
66,15,RSNA_37243,L-MLO,NO,1394.0,True,YES,0.0,False
66,15,RSNA_37243,R-MLO,NO,812.0,True,YES,0.0,False
66,16,RSNA_37273,L-CC,NO,1304.0,True,YES,0.0,False
66,16,RSNA_37273,R-CC,NO,1329.0,True,YES,0.0,False
66,16,RSNA_37273,L-MLO,NO,1272.0,True,YES,0.0,False
66,16,RSNA_37273,R-MLO,NO,1219.0,True,YES,0.0,False
66,17,RSNA_37278,L-CC,NO,0.0,False,,,
66,17,RSNA_37278,R-CC,NO,0.0,False,,,
66,17,RSNA_37278,L-MLO,NO,0.0,False,,,
66,17,RSNA_37278,R-MLO,NO,0.0,False,,,
66,18,RSNA_37281,L-CC,NO,0.0,False,,,
66,18,RSNA_37281,R-CC,NO,0.0,False,,,
66,18,RSNA_37281,L-MLO,NO,0.0,False,,,
66,18,RSNA_37281,R-MLO,NO,0.0,False,,,
66,19,RSNA_37283,L-CC,NO,0.0,False,,,
66,19,RSNA_37283,R-CC,NO,0.0,False,,,
66,19,RSNA_37283,L-MLO,NO,0.0,False,,,
66,19,RSNA_37283,R-MLO,NO,0.0,False,,,
66,20,RSNA_37361,L-CC,NO,0.0,False,,,
66,20,RSNA_37361,R-CC,NO,0.0,False,,,
66,20,RSNA_37361,L-MLO,NO,0.0,False,,,
66,20,RSNA_37361,R-MLO,NO,0.0,False,,,
66,21,RSNA_37369,L-CC,NO,1173.0,True,YES,0.0,False
66,21,RSNA_37369,R-CC,NO,1266.0,True,YES,0.0,False
66,21,RSNA_37369,L-MLO,NO,1009.0,True,YES,0.0,False
66,21,RSNA_37369,R-MLO,NO,1054.0,True,YES,0.0,False
66,22,RSNA_374,L-CC,NO,0.0,False,,,
66,22,RSNA_374,R-CC,NO,0.0,False,,,
66,22,RSNA_374,L-MLO,NO,0.0,False,,,
66,22,RSNA_374,R-MLO,NO,0.0,False,,,
66,23,RSNA_37402,L-CC,NO,0.0,False,,,
66,23,RSNA_37402,R-CC,NO,0.0,False,,,
66,23,RSNA_37402,L-MLO,NO,0.0,False,,,
66,23,RSNA_37402,R-MLO,NO,0.0,False,,,
66,24,RSNA_37408,L-CC,NO,0.0,False,,,
66,24,RSNA_37408,R-CC,NO,0.0,False,,,
66,24,RSNA_37408,L-MLO,NO,0.0,False,,,
66,24,RSNA_37408,R-MLO,NO,0.0,False,,,
67,0,RSNA_37416,L-CC,NO,1467.0,True,YES,0.0,False
67,0,RSNA_37416,R-CC,NO,1482.0,True,YES,0.0,False
67,0,RSNA_37416,L-MLO,NO,1204.0,True,YES,0.0,False
67,0,RSNA_37416,R-MLO,NO,1356.0,True,YES,0.0,False
67,1,RSNA_37458,L-CC,NO,1173.0,True,YES,0.0,False
67,1,RSNA_37458,R-CC,NO,1205.0,True,YES,0.0,False
67,1,RSNA_37458,L-MLO,NO,981.0,True,YES,0.0,False
67,1,RSNA_37458,R-MLO,NO,1219.0,True,YES,0.0,False
67,2,RSNA_37477,L-CC,NO,0.0,False,,,
67,2,RSNA_37477,R-CC,NO,0.0,False,,,
67,2,RSNA_37477,L-MLO,NO,0.0,False,,,
67,2,RSNA_37477,R-MLO,NO,0.0,False,,,
67,3,RSNA_37481,L-CC,NO,0.0,False,,,
67,3,RSNA_37481,R-CC,NO,0.0,False,,,
67,3,RSNA_37481,L-MLO,NO,0.0,False,,,
67,3,RSNA_37481,R-MLO,NO,0.0,False,,,
67,4,RSNA_37484,L-CC,NO,2071.0,True,YES,0.0,False
67,4,RSNA_37484,R-CC,NO,1310.0,True,YES,0.0,False
67,4,RSNA_37484,L-MLO,NO,1817.0,True,YES,0.0,False
67,4,RSNA_37484,R-MLO,NO,1119.0,True,YES,0.0,False
67,5,RSNA_37573,L-CC,NO,0.0,False,,,
67,5,RSNA_37573,R-CC,NO,0.0,False,,,
67,5,RSNA_37573,L-MLO,NO,0.0,False,,,
67,5,RSNA_37573,R-MLO,NO,0.0,False,,,
67,6,RSNA_37579,L-CC,NO,0.0,False,,,
67,6,RSNA_37579,R-CC,NO,0.0,False,,,
67,6,RSNA_37579,L-MLO,NO,0.0,False,,,
67,6,RSNA_37579,R-MLO,NO,0.0,False,,,
67,7,RSNA_37583,L-CC,NO,0.0,False,,,
67,7,RSNA_37583,R-CC,NO,0.0,False,,,
67,7,RSNA_37583,L-MLO,NO,0.0,False,,,
67,7,RSNA_37583,R-MLO,NO,0.0,False,,,
67,8,RSNA_37654,L-CC,NO,0.0,False,,,
67,8,RSNA_37654,R-CC,NO,0.0,False,,,
67,8,RSNA_37654,L-MLO,NO,0.0,False,,,
67,8,RSNA_37654,R-MLO,NO,0.0,False,,,
67,9,RSNA_37721,L-CC,NO,1576.0,True,YES,0.0,False
67,9,RSNA_37721,R-CC,NO,1678.0,True,YES,0.0,False
67,9,RSNA_37721,L-MLO,NO,1410.0,True,YES,0.0,False
67,9,RSNA_37721,R-MLO,NO,1535.0,True,YES,0.0,False
67,10,RSNA_37746,L-CC,NO,0.0,False,,,
67,10,RSNA_37746,R-CC,NO,0.0,False,,,
67,10,RSNA_37746,L-MLO,NO,0.0,False,,,
67,10,RSNA_37746,R-MLO,NO,0.0,False,,,
67,11,RSNA_37748,L-CC,NO,0.0,False,,,
67,11,RSNA_37748,R-CC,NO,0.0,False,,,
67,11,RSNA_37748,L-MLO,NO,0.0,False,,,
67,11,RSNA_37748,R-MLO,NO,0.0,False,,,
67,12,RSNA_3777,L-CC,NO,0.0,False,,,
67,12,RSNA_3777,R-CC,NO,0.0,False,,,
67,12,RSNA_3777,L-MLO,NO,0.0,False,,,
67,12,RSNA_3777,R-MLO,NO,0.0,False,,,
67,13,RSNA_37774,L-CC,NO,0.0,False,,,
67,13,RSNA_37774,R-CC,NO,0.0,False,,,
67,13,RSNA_37774,L-MLO,NO,0.0,False,,,
67,13,RSNA_37774,R-MLO,NO,0.0,False,,,
67,14,RSNA_3778,L-CC,NO,0.0,False,,,
67,14,RSNA_3778,R-CC,NO,0.0,False,,,
67,14,RSNA_3778,L-MLO,NO,0.0,False,,,
67,14,RSNA_3778,R-MLO,NO,0.0,False,,,
67,15,RSNA_37796,L-CC,NO,0.0,False,,,
67,15,RSNA_37796,R-CC,NO,0.0,False,,,
67,15,RSNA_37796,L-MLO,NO,0.0,False,,,
67,15,RSNA_37796,R-MLO,NO,0.0,False,,,
67,16,RSNA_37808,L-CC,NO,1311.0,True,YES,0.0,False
67,16,RSNA_37808,R-CC,NO,1588.0,True,YES,0.0,False
67,16,RSNA_37808,L-MLO,NO,1150.0,True,YES,0.0,False
67,16,RSNA_37808,R-MLO,NO,1254.0,True,YES,0.0,False
67,17,RSNA_37836,L-CC,NO,1554.0,True,YES,0.0,False
67,17,RSNA_37836,R-CC,NO,1537.0,True,YES,0.0,False
67,17,RSNA_37836,L-MLO,NO,1482.0,True,YES,0.0,False
67,17,RSNA_37836,R-MLO,NO,1259.0,True,YES,0.0,False
67,18,RSNA_37877,L-CC,NO,0.0,False,,,
67,18,RSNA_37877,R-CC,NO,0.0,False,,,
67,18,RSNA_37877,L-MLO,NO,0.0,False,,,
67,18,RSNA_37877,R-MLO,NO,0.0,False,,,
67,19,RSNA_37927,L-CC,NO,0.0,False,,,
67,19,RSNA_37927,R-CC,NO,0.0,False,,,
67,19,RSNA_37927,L-MLO,NO,0.0,False,,,
67,19,RSNA_37927,R-MLO,NO,0.0,False,,,
67,20,RSNA_37931,L-CC,NO,1451.0,True,YES,0.0,False
67,20,RSNA_37931,R-CC,NO,1596.0,True,YES,0.0,False
67,20,RSNA_37931,L-MLO,NO,870.0,True,YES,0.0,False
67,20,RSNA_37931,R-MLO,NO,845.0,True,YES,0.0,False
67,21,RSNA_3794,L-CC,NO,0.0,False,,,
67,21,RSNA_3794,R-CC,NO,0.0,False,,,
67,21,RSNA_3794,L-MLO,NO,0.0,False,,,
67,21,RSNA_3794,R-MLO,NO,0.0,False,,,
67,22,RSNA_37949,L-CC,NO,0.0,False,,,
67,22,RSNA_37949,R-CC,NO,0.0,False,,,
67,22,RSNA_37949,L-MLO,NO,0.0,False,,,
67,22,RSNA_37949,R-MLO,NO,0.0,False,,,
67,23,RSNA_37993,L-CC,NO,0.0,False,,,
67,23,RSNA_37993,R-CC,NO,0.0,False,,,
67,23,RSNA_37993,L-MLO,NO,0.0,False,,,
67,23,RSNA_37993,R-MLO,NO,0.0,False,,,
67,24,RSNA_38021,L-CC,NO,0.0,False,,,
67,24,RSNA_38021,R-CC,NO,0.0,False,,,
67,24,RSNA_38021,L-MLO,NO,0.0,False,,,
67,24,RSNA_38021,R-MLO,NO,0.0,False,,,
68,0,RSNA_3807,L-CC,NO,0.0,False,,,
68,0,RSNA_3807,R-CC,NO,0.0,False,,,
68,0,RSNA_3807,L-MLO,NO,0.0,False,,,
68,0,RSNA_3807,R-MLO,NO,0.0,False,,,
68,1,RSNA_38080,L-CC,NO,0.0,False,,,
68,1,RSNA_38080,R-CC,NO,0.0,False,,,
68,1,RSNA_38080,L-MLO,NO,0.0,False,,,
68,1,RSNA_38080,R-MLO,NO,0.0,False,,,
68,2,RSNA_38088,L-CC,NO,0.0,False,,,
68,2,RSNA_38088,R-CC,NO,0.0,False,,,
68,2,RSNA_38088,L-MLO,NO,0.0,False,,,
68,2,RSNA_38088,R-MLO,NO,0.0,False,,,
68,3,RSNA_38102,L-CC,NO,0.0,False,,,
68,3,RSNA_38102,R-CC,NO,0.0,False,,,
68,3,RSNA_38102,L-MLO,NO,0.0,False,,,
68,3,RSNA_38102,R-MLO,NO,0.0,False,,,
68,4,RSNA_38111,L-CC,NO,0.0,False,,,
68,4,RSNA_38111,R-CC,NO,0.0,False,,,
68,4,RSNA_38111,L-MLO,NO,0.0,False,,,
68,4,RSNA_38111,R-MLO,NO,0.0,False,,,
68,5,RSNA_38116,L-CC,NO,0.0,False,,,
68,5,RSNA_38116,R-CC,NO,0.0,False,,,
68,5,RSNA_38116,L-MLO,NO,0.0,False,,,
68,5,RSNA_38116,R-MLO,NO,0.0,False,,,
68,6,RSNA_38139,L-CC,NO,1282.0,True,YES,0.0,False
68,6,RSNA_38139,R-CC,NO,1303.0,True,YES,0.0,False
68,6,RSNA_38139,L-MLO,NO,1065.0,True,YES,0.0,False
68,6,RSNA_38139,R-MLO,NO,1108.0,True,YES,0.0,False
68,7,RSNA_38144,L-CC,NO,0.0,False,,,
68,7,RSNA_38144,R-CC,NO,0.0,False,,,
68,7,RSNA_38144,L-MLO,NO,0.0,False,,,
68,7,RSNA_38144,R-MLO,NO,0.0,False,,,
68,8,RSNA_38149,L-CC,NO,0.0,False,,,
68,8,RSNA_38149,R-CC,NO,0.0,False,,,
68,8,RSNA_38149,L-MLO,NO,0.0,False,,,
68,8,RSNA_38149,R-MLO,NO,0.0,False,,,
68,9,RSNA_38188,L-CC,NO,0.0,False,,,
68,9,RSNA_38188,R-CC,NO,0.0,False,,,
68,9,RSNA_38188,L-MLO,NO,0.0,False,,,
68,9,RSNA_38188,R-MLO,NO,0.0,False,,,
68,10,RSNA_38234,L-CC,NO,0.0,False,,,
68,10,RSNA_38234,R-CC,NO,0.0,False,,,
68,10,RSNA_38234,L-MLO,NO,0.0,False,,,
68,10,RSNA_38234,R-MLO,NO,0.0,False,,,
68,11,RSNA_38235,L-CC,NO,0.0,False,,,
68,11,RSNA_38235,R-CC,NO,0.0,False,,,
68,11,RSNA_38235,L-MLO,NO,0.0,False,,,
68,11,RSNA_38235,R-MLO,NO,0.0,False,,,
68,12,RSNA_38261,L-CC,NO,0.0,False,,,
68,12,RSNA_38261,R-CC,NO,0.0,False,,,
68,12,RSNA_38261,L-MLO,NO,0.0,False,,,
68,12,RSNA_38261,R-MLO,NO,0.0,False,,,
68,13,RSNA_38294,L-CC,NO,0.0,False,,,
68,13,RSNA_38294,R-CC,NO,0.0,False,,,
68,13,RSNA_38294,L-MLO,NO,0.0,False,,,
68,13,RSNA_38294,R-MLO,NO,0.0,False,,,
68,14,RSNA_3832,L-CC,NO,0.0,False,,,
68,14,RSNA_3832,R-CC,NO,0.0,False,,,
68,14,RSNA_3832,L-MLO,NO,0.0,False,,,
68,14,RSNA_3832,R-MLO,NO,0.0,False,,,
68,15,RSNA_38342,L-CC,NO,1768.0,True,YES,0.0,False
68,15,RSNA_38342,R-CC,NO,1792.0,True,YES,0.0,False
68,15,RSNA_38342,L-MLO,NO,1659.0,True,YES,0.0,False
68,15,RSNA_38342,R-MLO,NO,1606.0,True,YES,0.0,False
68,16,RSNA_38351,L-CC,NO,0.0,False,,,
68,16,RSNA_38351,R-CC,NO,0.0,False,,,
68,16,RSNA_38351,L-MLO,NO,0.0,False,,,
68,16,RSNA_38351,R-MLO,NO,0.0,False,,,
68,17,RSNA_38355,L-CC,NO,0.0,False,,,
68,17,RSNA_38355,R-CC,NO,0.0,False,,,
68,17,RSNA_38355,L-MLO,NO,0.0,False,,,
68,17,RSNA_38355,R-MLO,NO,0.0,False,,,
68,18,RSNA_38362,L-CC,NO,0.0,False,,,
68,18,RSNA_38362,R-CC,NO,0.0,False,,,
68,18,RSNA_38362,L-MLO,NO,0.0,False,,,
68,18,RSNA_38362,R-MLO,NO,0.0,False,,,
68,19,RSNA_38381,L-CC,NO,0.0,False,,,
68,19,RSNA_38381,R-CC,NO,0.0,False,,,
68,19,RSNA_38381,L-MLO,NO,0.0,False,,,
68,19,RSNA_38381,R-MLO,NO,0.0,False,,,
68,20,RSNA_38426,L-CC,NO,0.0,False,,,
68,20,RSNA_38426,R-CC,NO,0.0,False,,,
68,20,RSNA_38426,L-MLO,NO,0.0,False,,,
68,20,RSNA_38426,R-MLO,NO,0.0,False,,,
68,21,RSNA_38427,L-CC,NO,773.0,True,YES,0.0,False
68,21,RSNA_38427,R-CC,NO,923.0,True,YES,0.0,False
68,21,RSNA_38427,L-MLO,NO,828.0,True,YES,0.0,False
68,21,RSNA_38427,R-MLO,NO,843.0,True,YES,0.0,False
68,22,RSNA_38440,L-CC,NO,0.0,False,,,
68,22,RSNA_38440,R-CC,NO,0.0,False,,,
68,22,RSNA_38440,L-MLO,NO,0.0,False,,,
68,22,RSNA_38440,R-MLO,NO,0.0,False,,,
68,23,RSNA_38442,L-CC,NO,0.0,False,,,
68,23,RSNA_38442,R-CC,NO,0.0,False,,,
68,23,RSNA_38442,L-MLO,NO,0.0,False,,,
68,23,RSNA_38442,R-MLO,NO,0.0,False,,,
68,24,RSNA_38450,L-CC,NO,0.0,False,,,
68,24,RSNA_38450,R-CC,NO,0.0,False,,,
68,24,RSNA_38450,L-MLO,NO,0.0,False,,,
68,24,RSNA_38450,R-MLO,NO,0.0,False,,,
69,0,RSNA_38459,L-CC,NO,0.0,False,,,
69,0,RSNA_38459,R-CC,NO,0.0,False,,,
69,0,RSNA_38459,L-MLO,NO,0.0,False,,,
69,0,RSNA_38459,R-MLO,NO,0.0,False,,,
69,1,RSNA_38466,L-CC,NO,0.0,False,,,
69,1,RSNA_38466,R-CC,NO,0.0,False,,,
69,1,RSNA_38466,L-MLO,NO,0.0,False,,,
69,1,RSNA_38466,R-MLO,NO,0.0,False,,,
69,2,RSNA_38470,L-CC,NO,0.0,False,,,
69,2,RSNA_38470,R-CC,NO,0.0,False,,,
69,2,RSNA_38470,L-MLO,NO,0.0,False,,,
69,2,RSNA_38470,R-MLO,NO,0.0,False,,,
69,3,RSNA_38504,L-CC,NO,0.0,False,,,
69,3,RSNA_38504,R-CC,NO,0.0,False,,,
69,3,RSNA_38504,L-MLO,NO,212.0,True,,,
69,3,RSNA_38504,R-MLO,NO,66.0,True,,,
69,4,RSNA_38506,L-CC,NO,0.0,False,,,
69,4,RSNA_38506,R-CC,NO,0.0,False,,,
69,4,RSNA_38506,L-MLO,NO,0.0,False,,,
69,4,RSNA_38506,R-MLO,NO,0.0,False,,,
69,5,RSNA_38535,L-CC,NO,819.0,True,YES,0.0,False
69,5,RSNA_38535,R-CC,NO,650.0,True,YES,0.0,False
69,5,RSNA_38535,L-MLO,NO,682.0,True,YES,0.0,False
69,5,RSNA_38535,R-MLO,NO,669.0,True,YES,0.0,False
69,6,RSNA_38537,L-CC,NO,0.0,False,,,
69,6,RSNA_38537,R-CC,NO,0.0,False,,,
69,6,RSNA_38537,L-MLO,NO,0.0,False,,,
69,6,RSNA_38537,R-MLO,NO,0.0,False,,,
69,7,RSNA_38542,L-CC,NO,0.0,False,,,
69,7,RSNA_38542,R-CC,NO,0.0,False,,,
69,7,RSNA_38542,L-MLO,NO,0.0,False,,,
69,7,RSNA_38542,R-MLO,NO,0.0,False,,,
69,8,RSNA_38558,L-CC,NO,0.0,False,,,
69,8,RSNA_38558,R-CC,NO,0.0,False,,,
69,8,RSNA_38558,L-MLO,NO,0.0,False,,,
69,8,RSNA_38558,R-MLO,NO,0.0,False,,,
69,9,RSNA_38569,L-CC,NO,0.0,False,,,
69,9,RSNA_38569,R-CC,NO,0.0,False,,,
69,9,RSNA_38569,L-MLO,NO,0.0,False,,,
69,9,RSNA_38569,R-MLO,NO,0.0,False,,,
69,10,RSNA_38571,L-CC,NO,1489.0,True,YES,0.0,False
69,10,RSNA_38571,R-CC,NO,1870.0,True,YES,0.0,False
69,10,RSNA_38571,L-MLO,NO,1429.0,True,YES,0.0,False
69,10,RSNA_38571,R-MLO,NO,1622.0,True,YES,0.0,False
69,11,RSNA_38605,L-CC,NO,0.0,False,,,
69,11,RSNA_38605,R-CC,NO,0.0,False,,,
69,11,RSNA_38605,L-MLO,NO,0.0,False,,,
69,11,RSNA_38605,R-MLO,NO,0.0,False,,,
69,12,RSNA_38627,L-CC,NO,0.0,False,,,
69,12,RSNA_38627,R-CC,NO,0.0,False,,,
69,12,RSNA_38627,L-MLO,NO,0.0,False,,,
69,12,RSNA_38627,R-MLO,NO,0.0,False,,,
69,13,RSNA_38647,L-CC,NO,1362.0,True,YES,0.0,False
69,13,RSNA_38647,R-CC,NO,1623.0,True,YES,0.0,False
69,13,RSNA_38647,L-MLO,NO,1359.0,True,YES,0.0,False
69,13,RSNA_38647,R-MLO,NO,1609.0,True,YES,0.0,False
69,14,RSNA_38667,L-CC,NO,0.0,False,,,
69,14,RSNA_38667,R-CC,NO,0.0,False,,,
69,14,RSNA_38667,L-MLO,NO,0.0,False,,,
69,14,RSNA_38667,R-MLO,NO,0.0,False,,,
69,15,RSNA_38669,L-CC,NO,1569.0,True,YES,0.0,False
69,15,RSNA_38669,R-CC,NO,1467.0,True,YES,0.0,False
69,15,RSNA_38669,L-MLO,NO,1455.0,True,YES,0.0,False
69,15,RSNA_38669,R-MLO,NO,1642.0,True,YES,0.0,False
69,16,RSNA_38702,L-CC,NO,0.0,False,,,
69,16,RSNA_38702,R-CC,NO,0.0,False,,,
69,16,RSNA_38702,L-MLO,NO,0.0,False,,,
69,16,RSNA_38702,R-MLO,NO,0.0,False,,,
69,17,RSNA_38710,L-CC,NO,0.0,False,,,
69,17,RSNA_38710,R-CC,NO,0.0,False,,,
69,17,RSNA_38710,L-MLO,NO,0.0,False,,,
69,17,RSNA_38710,R-MLO,NO,0.0,False,,,
69,18,RSNA_38752,L-CC,NO,0.0,False,,,
69,18,RSNA_38752,R-CC,NO,0.0,False,,,
69,18,RSNA_38752,L-MLO,NO,0.0,False,,,
69,18,RSNA_38752,R-MLO,NO,0.0,False,,,
69,19,RSNA_38764,L-CC,NO,0.0,False,,,
69,19,RSNA_38764,R-CC,NO,0.0,False,,,
69,19,RSNA_38764,L-MLO,NO,0.0,False,,,
69,19,RSNA_38764,R-MLO,NO,0.0,False,,,
69,20,RSNA_38784,L-CC,NO,0.0,False,,,
69,20,RSNA_38784,R-CC,NO,0.0,False,,,
69,20,RSNA_38784,L-MLO,NO,0.0,False,,,
69,20,RSNA_38784,R-MLO,NO,0.0,False,,,
69,21,RSNA_38816,L-CC,NO,0.0,False,,,
69,21,RSNA_38816,R-CC,NO,0.0,False,,,
69,21,RSNA_38816,L-MLO,NO,0.0,False,,,
69,21,RSNA_38816,R-MLO,NO,0.0,False,,,
69,22,RSNA_38836,L-CC,NO,0.0,False,,,
69,22,RSNA_38836,R-CC,NO,0.0,False,,,
69,22,RSNA_38836,L-MLO,NO,0.0,False,,,
69,22,RSNA_38836,R-MLO,NO,0.0,False,,,
69,23,RSNA_38838,L-CC,NO,0.0,False,,,
69,23,RSNA_38838,R-CC,NO,0.0,False,,,
69,23,RSNA_38838,L-MLO,NO,0.0,False,,,
69,23,RSNA_38838,R-MLO,NO,0.0,False,,,
69,24,RSNA_38841,L-CC,NO,0.0,False,,,
69,24,RSNA_38841,R-CC,NO,0.0,False,,,
69,24,RSNA_38841,L-MLO,NO,0.0,False,,,
69,24,RSNA_38841,R-MLO,NO,0.0,False,,,
70,0,RSNA_38848,L-CC,NO,1530.0,True,YES,0.0,False
70,0,RSNA_38848,R-CC,NO,1529.0,True,YES,0.0,False
70,0,RSNA_38848,L-MLO,NO,1384.0,True,YES,0.0,False
70,0,RSNA_38848,R-MLO,NO,1316.0,True,YES,0.0,False
70,1,RSNA_38851,L-CC,NO,0.0,False,,,
70,1,RSNA_38851,R-CC,NO,0.0,False,,,
70,1,RSNA_38851,L-MLO,NO,0.0,False,,,
70,1,RSNA_38851,R-MLO,NO,0.0,False,,,
70,2,RSNA_38857,L-CC,NO,0.0,False,,,
70,2,RSNA_38857,R-CC,NO,0.0,False,,,
70,2,RSNA_38857,L-MLO,NO,0.0,False,,,
70,2,RSNA_38857,R-MLO,NO,0.0,False,,,
70,3,RSNA_38859,L-CC,NO,0.0,False,,,
70,3,RSNA_38859,R-CC,NO,0.0,False,,,
70,3,RSNA_38859,L-MLO,NO,0.0,False,,,
70,3,RSNA_38859,R-MLO,NO,0.0,False,,,
70,4,RSNA_38876,L-CC,NO,0.0,False,,,
70,4,RSNA_38876,R-CC,NO,0.0,False,,,
70,4,RSNA_38876,L-MLO,NO,0.0,False,,,
70,4,RSNA_38876,R-MLO,NO,0.0,False,,,
70,5,RSNA_38889,L-CC,NO,0.0,False,,,
70,5,RSNA_38889,R-CC,NO,0.0,False,,,
70,5,RSNA_38889,L-MLO,NO,0.0,False,,,
70,5,RSNA_38889,R-MLO,NO,0.0,False,,,
70,6,RSNA_38909,L-CC,NO,0.0,False,,,
70,6,RSNA_38909,R-CC,NO,0.0,False,,,
70,6,RSNA_38909,L-MLO,NO,0.0,False,,,
70,6,RSNA_38909,R-MLO,NO,0.0,False,,,
70,7,RSNA_38945,L-CC,NO,0.0,False,,,
70,7,RSNA_38945,R-CC,NO,0.0,False,,,
70,7,RSNA_38945,L-MLO,NO,0.0,False,,,
70,7,RSNA_38945,R-MLO,NO,0.0,False,,,
70,8,RSNA_38946,L-CC,NO,0.0,False,,,
70,8,RSNA_38946,R-CC,NO,0.0,False,,,
70,8,RSNA_38946,L-MLO,NO,0.0,False,,,
70,8,RSNA_38946,R-MLO,NO,0.0,False,,,
70,9,RSNA_3895,L-CC,NO,0.0,False,,,
70,9,RSNA_3895,R-CC,NO,0.0,False,,,
70,9,RSNA_3895,L-MLO,NO,0.0,False,,,
70,9,RSNA_3895,R-MLO,NO,0.0,False,,,
70,10,RSNA_38956,L-CC,NO,0.0,False,,,
70,10,RSNA_38956,R-CC,NO,0.0,False,,,
70,10,RSNA_38956,L-MLO,NO,0.0,False,,,
70,10,RSNA_38956,R-MLO,NO,0.0,False,,,
70,11,RSNA_38958,L-CC,NO,0.0,False,,,
70,11,RSNA_38958,R-CC,NO,0.0,False,,,
70,11,RSNA_38958,L-MLO,NO,0.0,False,,,
70,11,RSNA_38958,R-MLO,NO,0.0,False,,,
70,12,RSNA_38976,L-CC,NO,1182.0,True,YES,0.0,False
70,12,RSNA_38976,R-CC,NO,1239.0,True,YES,0.0,False
70,12,RSNA_38976,L-MLO,NO,1069.0,True,YES,0.0,False
70,12,RSNA_38976,R-MLO,NO,952.0,True,YES,0.0,False
70,13,RSNA_38981,L-CC,NO,0.0,False,,,
70,13,RSNA_38981,R-CC,NO,0.0,False,,,
70,13,RSNA_38981,L-MLO,NO,0.0,False,,,
70,13,RSNA_38981,R-MLO,NO,0.0,False,,,
70,14,RSNA_39029,L-CC,NO,0.0,False,,,
70,14,RSNA_39029,R-CC,NO,0.0,False,,,
70,14,RSNA_39029,L-MLO,NO,0.0,False,,,
70,14,RSNA_39029,R-MLO,NO,0.0,False,,,
70,15,RSNA_39037,L-CC,NO,1474.0,True,YES,0.0,False
70,15,RSNA_39037,R-CC,NO,1443.0,True,YES,0.0,False
70,15,RSNA_39037,L-MLO,NO,1240.0,True,YES,0.0,False
70,15,RSNA_39037,R-MLO,NO,1257.0,True,YES,0.0,False
70,16,RSNA_39060,L-CC,NO,0.0,False,,,
70,16,RSNA_39060,R-CC,NO,0.0,False,,,
70,16,RSNA_39060,L-MLO,NO,0.0,False,,,
70,16,RSNA_39060,R-MLO,NO,0.0,False,,,
70,17,RSNA_39071,L-CC,NO,0.0,False,,,
70,17,RSNA_39071,R-CC,NO,0.0,False,,,
70,17,RSNA_39071,L-MLO,NO,0.0,False,,,
70,17,RSNA_39071,R-MLO,NO,0.0,False,,,
70,18,RSNA_39091,L-CC,NO,0.0,False,,,
70,18,RSNA_39091,R-CC,NO,0.0,False,,,
70,18,RSNA_39091,L-MLO,NO,0.0,False,,,
70,18,RSNA_39091,R-MLO,NO,0.0,False,,,
70,19,RSNA_39108,L-CC,NO,0.0,False,,,
70,19,RSNA_39108,R-CC,NO,0.0,False,,,
70,19,RSNA_39108,L-MLO,NO,0.0,False,,,
70,19,RSNA_39108,R-MLO,NO,0.0,False,,,
70,20,RSNA_39117,L-CC,NO,0.0,False,,,
70,20,RSNA_39117,R-CC,NO,0.0,False,,,
70,20,RSNA_39117,L-MLO,NO,0.0,False,,,
70,20,RSNA_39117,R-MLO,NO,0.0,False,,,
70,21,RSNA_39166,L-CC,NO,0.0,False,,,
70,21,RSNA_39166,R-CC,NO,0.0,False,,,
70,21,RSNA_39166,L-MLO,NO,0.0,False,,,
70,21,RSNA_39166,R-MLO,NO,0.0,False,,,
70,22,RSNA_39168,L-CC,NO,0.0,False,,,
70,22,RSNA_39168,R-CC,NO,0.0,False,,,
70,22,RSNA_39168,L-MLO,NO,0.0,False,,,
70,22,RSNA_39168,R-MLO,NO,0.0,False,,,
70,23,RSNA_39185,L-CC,NO,0.0,False,,,
70,23,RSNA_39185,R-CC,NO,0.0,False,,,
70,23,RSNA_39185,L-MLO,NO,0.0,False,,,
70,23,RSNA_39185,R-MLO,NO,0.0,False,,,
70,24,RSNA_39190,L-CC,NO,0.0,False,,,
70,24,RSNA_39190,R-CC,NO,0.0,False,,,
70,24,RSNA_39190,L-MLO,NO,0.0,False,,,
70,24,RSNA_39190,R-MLO,NO,0.0,False,,,
71,0,RSNA_39193,L-CC,NO,0.0,False,,,
71,0,RSNA_39193,R-CC,NO,0.0,False,,,
71,0,RSNA_39193,L-MLO,NO,0.0,False,,,
71,0,RSNA_39193,R-MLO,NO,0.0,False,,,
71,1,RSNA_39209,L-CC,NO,1548.0,True,YES,0.0,False
71,1,RSNA_39209,R-CC,NO,1743.0,True,YES,0.0,False
71,1,RSNA_39209,L-MLO,NO,1512.0,True,YES,0.0,False
71,1,RSNA_39209,R-MLO,NO,1550.0,True,YES,0.0,False
71,2,RSNA_3921,L-CC,NO,1528.0,True,YES,0.0,False
71,2,RSNA_3921,R-CC,NO,1358.0,True,YES,0.0,False
71,2,RSNA_3921,L-MLO,NO,1216.0,True,YES,0.0,False
71,2,RSNA_3921,R-MLO,NO,1220.0,True,YES,0.0,False
71,3,RSNA_39231,L-CC,NO,0.0,False,,,
71,3,RSNA_39231,R-CC,NO,0.0,False,,,
71,3,RSNA_39231,L-MLO,NO,0.0,False,,,
71,3,RSNA_39231,R-MLO,NO,0.0,False,,,
71,4,RSNA_39268,L-CC,NO,0.0,False,,,
71,4,RSNA_39268,R-CC,NO,0.0,False,,,
71,4,RSNA_39268,L-MLO,NO,0.0,False,,,
71,4,RSNA_39268,R-MLO,NO,0.0,False,,,
71,5,RSNA_393,L-CC,NO,0.0,False,,,
71,5,RSNA_393,R-CC,NO,0.0,False,,,
71,5,RSNA_393,L-MLO,NO,0.0,False,,,
71,5,RSNA_393,R-MLO,NO,0.0,False,,,
71,6,RSNA_39337,L-CC,NO,0.0,False,,,
71,6,RSNA_39337,R-CC,NO,0.0,False,,,
71,6,RSNA_39337,L-MLO,NO,0.0,False,,,
71,6,RSNA_39337,R-MLO,NO,0.0,False,,,
71,7,RSNA_39355,L-CC,NO,0.0,False,,,
71,7,RSNA_39355,R-CC,NO,0.0,False,,,
71,7,RSNA_39355,L-MLO,NO,0.0,False,,,
71,7,RSNA_39355,R-MLO,NO,0.0,False,,,
71,8,RSNA_39359,L-CC,NO,0.0,False,,,
71,8,RSNA_39359,R-CC,NO,0.0,False,,,
71,8,RSNA_39359,L-MLO,NO,0.0,False,,,
71,8,RSNA_39359,R-MLO,NO,0.0,False,,,
71,9,RSNA_39368,L-CC,NO,0.0,False,,,
71,9,RSNA_39368,R-CC,NO,0.0,False,,,
71,9,RSNA_39368,L-MLO,NO,0.0,False,,,
71,9,RSNA_39368,R-MLO,NO,0.0,False,,,
71,10,RSNA_39380,L-CC,NO,0.0,False,,,
71,10,RSNA_39380,R-CC,NO,0.0,False,,,
71,10,RSNA_39380,L-MLO,NO,0.0,False,,,
71,10,RSNA_39380,R-MLO,NO,0.0,False,,,
71,11,RSNA_39392,L-CC,NO,0.0,False,,,
71,11,RSNA_39392,R-CC,NO,0.0,False,,,
71,11,RSNA_39392,L-MLO,NO,0.0,False,,,
71,11,RSNA_39392,R-MLO,NO,0.0,False,,,
71,12,RSNA_39401,L-CC,NO,1455.0,True,YES,0.0,False
71,12,RSNA_39401,R-CC,NO,1609.0,True,YES,0.0,False
71,12,RSNA_39401,L-MLO,NO,1388.0,True,YES,0.0,False
71,12,RSNA_39401,R-MLO,NO,1574.0,True,YES,0.0,False
71,13,RSNA_3942,L-CC,NO,0.0,False,,,
71,13,RSNA_3942,R-CC,NO,0.0,False,,,
71,13,RSNA_3942,L-MLO,NO,0.0,False,,,
71,13,RSNA_3942,R-MLO,NO,0.0,False,,,
71,14,RSNA_39422,L-CC,NO,0.0,False,,,
71,14,RSNA_39422,R-CC,NO,0.0,False,,,
71,14,RSNA_39422,L-MLO,NO,0.0,False,,,
71,14,RSNA_39422,R-MLO,NO,0.0,False,,,
71,15,RSNA_39426,L-CC,NO,0.0,False,,,
71,15,RSNA_39426,R-CC,NO,0.0,False,,,
71,15,RSNA_39426,L-MLO,NO,0.0,False,,,
71,15,RSNA_39426,R-MLO,NO,0.0,False,,,
71,16,RSNA_39432,L-CC,NO,0.0,False,,,
71,16,RSNA_39432,R-CC,NO,0.0,False,,,
71,16,RSNA_39432,L-MLO,NO,0.0,False,,,
71,16,RSNA_39432,R-MLO,NO,0.0,False,,,
71,17,RSNA_39525,L-CC,NO,0.0,False,,,
71,17,RSNA_39525,R-CC,NO,0.0,False,,,
71,17,RSNA_39525,L-MLO,NO,0.0,False,,,
71,17,RSNA_39525,R-MLO,NO,0.0,False,,,
71,18,RSNA_39530,L-CC,NO,0.0,False,,,
71,18,RSNA_39530,R-CC,NO,0.0,False,,,
71,18,RSNA_39530,L-MLO,NO,0.0,False,,,
71,18,RSNA_39530,R-MLO,NO,0.0,False,,,
71,19,RSNA_39542,L-CC,NO,0.0,False,,,
71,19,RSNA_39542,R-CC,NO,0.0,False,,,
71,19,RSNA_39542,L-MLO,NO,0.0,False,,,
71,19,RSNA_39542,R-MLO,NO,0.0,False,,,
71,20,RSNA_39601,L-CC,NO,0.0,False,,,
71,20,RSNA_39601,R-CC,NO,0.0,False,,,
71,20,RSNA_39601,L-MLO,NO,0.0,False,,,
71,20,RSNA_39601,R-MLO,NO,0.0,False,,,
71,21,RSNA_39611,L-CC,NO,0.0,False,,,
71,21,RSNA_39611,R-CC,NO,0.0,False,,,
71,21,RSNA_39611,L-MLO,NO,0.0,False,,,
71,21,RSNA_39611,R-MLO,NO,0.0,False,,,
71,22,RSNA_39613,L-CC,NO,0.0,False,,,
71,22,RSNA_39613,R-CC,NO,0.0,False,,,
71,22,RSNA_39613,L-MLO,NO,0.0,False,,,
71,22,RSNA_39613,R-MLO,NO,0.0,False,,,
71,23,RSNA_39614,L-CC,NO,0.0,False,,,
71,23,RSNA_39614,R-CC,NO,0.0,False,,,
71,23,RSNA_39614,L-MLO,NO,0.0,False,,,
71,23,RSNA_39614,R-MLO,NO,0.0,False,,,
71,24,RSNA_39618,L-CC,NO,0.0,False,,,
71,24,RSNA_39618,R-CC,NO,0.0,False,,,
71,24,RSNA_39618,L-MLO,NO,0.0,False,,,
71,24,RSNA_39618,R-MLO,NO,0.0,False,,,
72,0,RSNA_39672,L-CC,NO,1851.0,True,YES,0.0,False
72,0,RSNA_39672,R-CC,NO,1899.0,True,YES,0.0,False
72,0,RSNA_39672,L-MLO,NO,1628.0,True,YES,0.0,False
72,0,RSNA_39672,R-MLO,NO,1699.0,True,YES,0.0,False
72,1,RSNA_39679,L-CC,NO,0.0,False,,,
72,1,RSNA_39679,R-CC,NO,0.0,False,,,
72,1,RSNA_39679,L-MLO,NO,0.0,False,,,
72,1,RSNA_39679,R-MLO,NO,0.0,False,,,
72,2,RSNA_39684,L-CC,NO,0.0,False,,,
72,2,RSNA_39684,R-CC,NO,0.0,False,,,
72,2,RSNA_39684,L-MLO,NO,0.0,False,,,
72,2,RSNA_39684,R-MLO,NO,0.0,False,,,
72,3,RSNA_3969,L-CC,NO,0.0,False,,,
72,3,RSNA_3969,R-CC,NO,0.0,False,,,
72,3,RSNA_3969,L-MLO,NO,0.0,False,,,
72,3,RSNA_3969,R-MLO,NO,0.0,False,,,
72,4,RSNA_39692,L-CC,NO,0.0,False,,,
72,4,RSNA_39692,R-CC,NO,0.0,False,,,
72,4,RSNA_39692,L-MLO,NO,0.0,False,,,
72,4,RSNA_39692,R-MLO,NO,0.0,False,,,
72,5,RSNA_39702,L-CC,NO,920.0,True,YES,0.0,False
72,5,RSNA_39702,R-CC,NO,1085.0,True,YES,0.0,False
72,5,RSNA_39702,L-MLO,NO,814.0,True,YES,0.0,False
72,5,RSNA_39702,R-MLO,NO,950.0,True,YES,0.0,False
72,6,RSNA_39720,L-CC,NO,0.0,False,,,
72,6,RSNA_39720,R-CC,NO,0.0,False,,,
72,6,RSNA_39720,L-MLO,NO,0.0,False,,,
72,6,RSNA_39720,R-MLO,NO,0.0,False,,,
72,7,RSNA_39779,L-CC,NO,0.0,False,,,
72,7,RSNA_39779,R-CC,NO,0.0,False,,,
72,7,RSNA_39779,L-MLO,NO,0.0,False,,,
72,7,RSNA_39779,R-MLO,NO,0.0,False,,,
72,8,RSNA_39784,L-CC,NO,0.0,False,,,
72,8,RSNA_39784,R-CC,NO,0.0,False,,,
72,8,RSNA_39784,L-MLO,NO,0.0,False,,,
72,8,RSNA_39784,R-MLO,NO,0.0,False,,,
72,9,RSNA_39878,L-CC,NO,0.0,False,,,
72,9,RSNA_39878,R-CC,NO,0.0,False,,,
72,9,RSNA_39878,L-MLO,NO,0.0,False,,,
72,9,RSNA_39878,R-MLO,NO,0.0,False,,,
72,10,RSNA_39896,L-CC,NO,1795.0,True,YES,0.0,False
72,10,RSNA_39896,R-CC,NO,1779.0,True,YES,0.0,False
72,10,RSNA_39896,L-MLO,NO,1636.0,True,YES,0.0,False
72,10,RSNA_39896,R-MLO,NO,1758.0,True,YES,0.0,False
72,11,RSNA_39917,L-CC,NO,0.0,False,,,
72,11,RSNA_39917,R-CC,NO,0.0,False,,,
72,11,RSNA_39917,L-MLO,NO,0.0,False,,,
72,11,RSNA_39917,R-MLO,NO,0.0,False,,,
72,12,RSNA_39920,L-CC,NO,0.0,False,,,
72,12,RSNA_39920,R-CC,NO,0.0,False,,,
72,12,RSNA_39920,L-MLO,NO,0.0,False,,,
72,12,RSNA_39920,R-MLO,NO,0.0,False,,,
72,13,RSNA_39966,L-CC,NO,0.0,False,,,
72,13,RSNA_39966,R-CC,NO,0.0,False,,,
72,13,RSNA_39966,L-MLO,NO,0.0,False,,,
72,13,RSNA_39966,R-MLO,NO,0.0,False,,,
72,14,RSNA_39985,L-CC,NO,0.0,False,,,
72,14,RSNA_39985,R-CC,NO,0.0,False,,,
72,14,RSNA_39985,L-MLO,NO,0.0,False,,,
72,14,RSNA_39985,R-MLO,NO,0.0,False,,,
72,15,RSNA_40011,L-CC,NO,0.0,False,,,
72,15,RSNA_40011,R-CC,NO,0.0,False,,,
72,15,RSNA_40011,L-MLO,NO,0.0,False,,,
72,15,RSNA_40011,R-MLO,NO,0.0,False,,,
72,16,RSNA_40034,L-CC,NO,0.0,False,,,
72,16,RSNA_40034,R-CC,NO,0.0,False,,,
72,16,RSNA_40034,L-MLO,NO,0.0,False,,,
72,16,RSNA_40034,R-MLO,NO,476.0,True,,,
72,17,RSNA_40035,L-CC,NO,0.0,False,,,
72,17,RSNA_40035,R-CC,NO,0.0,False,,,
72,17,RSNA_40035,L-MLO,NO,0.0,False,,,
72,17,RSNA_40035,R-MLO,NO,0.0,False,,,
72,18,RSNA_40047,L-CC,NO,0.0,False,,,
72,18,RSNA_40047,R-CC,NO,0.0,False,,,
72,18,RSNA_40047,L-MLO,NO,0.0,False,,,
72,18,RSNA_40047,R-MLO,NO,0.0,False,,,
72,19,RSNA_40121,L-CC,NO,0.0,False,,,
72,19,RSNA_40121,R-CC,NO,0.0,False,,,
72,19,RSNA_40121,L-MLO,NO,0.0,False,,,
72,19,RSNA_40121,R-MLO,NO,0.0,False,,,
72,20,RSNA_40139,L-CC,NO,0.0,False,,,
72,20,RSNA_40139,R-CC,NO,0.0,False,,,
72,20,RSNA_40139,L-MLO,NO,0.0,False,,,
72,20,RSNA_40139,R-MLO,NO,0.0,False,,,
72,21,RSNA_40143,L-CC,NO,1048.0,True,YES,0.0,False
72,21,RSNA_40143,R-CC,NO,913.0,True,YES,0.0,False
72,21,RSNA_40143,L-MLO,NO,1055.0,True,YES,0.0,False
72,21,RSNA_40143,R-MLO,NO,1065.0,True,YES,0.0,False
72,22,RSNA_40177,L-CC,NO,0.0,False,,,
72,22,RSNA_40177,R-CC,NO,0.0,False,,,
72,22,RSNA_40177,L-MLO,NO,0.0,False,,,
72,22,RSNA_40177,R-MLO,NO,0.0,False,,,
72,23,RSNA_4019,L-CC,NO,0.0,False,,,
72,23,RSNA_4019,R-CC,NO,0.0,False,,,
72,23,RSNA_4019,L-MLO,NO,0.0,False,,,
72,23,RSNA_4019,R-MLO,NO,0.0,False,,,
72,24,RSNA_40200,L-CC,NO,0.0,False,,,
72,24,RSNA_40200,R-CC,NO,0.0,False,,,
72,24,RSNA_40200,L-MLO,NO,0.0,False,,,
72,24,RSNA_40200,R-MLO,NO,0.0,False,,,
73,0,RSNA_40208,L-CC,NO,0.0,False,,,
73,0,RSNA_40208,R-CC,NO,0.0,False,,,
73,0,RSNA_40208,L-MLO,NO,0.0,False,,,
73,0,RSNA_40208,R-MLO,NO,0.0,False,,,
73,1,RSNA_40221,L-CC,NO,0.0,False,,,
73,1,RSNA_40221,R-CC,NO,0.0,False,,,
73,1,RSNA_40221,L-MLO,NO,0.0,False,,,
73,1,RSNA_40221,R-MLO,NO,0.0,False,,,
73,2,RSNA_40235,L-CC,NO,0.0,False,,,
73,2,RSNA_40235,R-CC,NO,0.0,False,,,
73,2,RSNA_40235,L-MLO,NO,0.0,False,,,
73,2,RSNA_40235,R-MLO,NO,0.0,False,,,
73,3,RSNA_40238,L-CC,NO,0.0,False,,,
73,3,RSNA_40238,R-CC,NO,0.0,False,,,
73,3,RSNA_40238,L-MLO,NO,0.0,False,,,
73,3,RSNA_40238,R-MLO,NO,0.0,False,,,
73,4,RSNA_40239,L-CC,NO,2032.0,True,YES,0.0,False
73,4,RSNA_40239,R-CC,NO,2149.0,True,YES,0.0,False
73,4,RSNA_40239,L-MLO,NO,1955.0,True,YES,0.0,False
73,4,RSNA_40239,R-MLO,NO,1984.0,True,YES,0.0,False
73,5,RSNA_4026,L-CC,NO,0.0,False,,,
73,5,RSNA_4026,R-CC,NO,0.0,False,,,
73,5,RSNA_4026,L-MLO,NO,0.0,False,,,
73,5,RSNA_4026,R-MLO,NO,0.0,False,,,
73,6,RSNA_40265,L-CC,NO,0.0,False,,,
73,6,RSNA_40265,R-CC,NO,0.0,False,,,
73,6,RSNA_40265,L-MLO,NO,0.0,False,,,
73,6,RSNA_40265,R-MLO,NO,0.0,False,,,
73,7,RSNA_4033,L-CC,NO,0.0,False,,,
73,7,RSNA_4033,R-CC,NO,0.0,False,,,
73,7,RSNA_4033,L-MLO,NO,0.0,False,,,
73,7,RSNA_4033,R-MLO,NO,0.0,False,,,
73,8,RSNA_40353,L-CC,NO,0.0,False,,,
73,8,RSNA_40353,R-CC,NO,0.0,False,,,
73,8,RSNA_40353,L-MLO,NO,0.0,False,,,
73,8,RSNA_40353,R-MLO,NO,0.0,False,,,
73,9,RSNA_40357,L-CC,NO,0.0,False,,,
73,9,RSNA_40357,R-CC,NO,0.0,False,,,
73,9,RSNA_40357,L-MLO,NO,0.0,False,,,
73,9,RSNA_40357,R-MLO,NO,0.0,False,,,
73,10,RSNA_40358,L-CC,NO,0.0,False,,,
73,10,RSNA_40358,R-CC,NO,0.0,False,,,
73,10,RSNA_40358,L-MLO,NO,0.0,False,,,
73,10,RSNA_40358,R-MLO,NO,0.0,False,,,
73,11,RSNA_40359,L-CC,NO,0.0,False,,,
73,11,RSNA_40359,R-CC,NO,0.0,False,,,
73,11,RSNA_40359,L-MLO,NO,0.0,False,,,
73,11,RSNA_40359,R-MLO,NO,0.0,False,,,
73,12,RSNA_40387,L-CC,NO,0.0,False,,,
73,12,RSNA_40387,R-CC,NO,0.0,False,,,
73,12,RSNA_40387,L-MLO,NO,0.0,False,,,
73,12,RSNA_40387,R-MLO,NO,0.0,False,,,
73,13,RSNA_40397,L-CC,NO,1639.0,True,YES,0.0,False
73,13,RSNA_40397,R-CC,NO,1700.0,True,YES,0.0,False
73,13,RSNA_40397,L-MLO,NO,1649.0,True,YES,0.0,False
73,13,RSNA_40397,R-MLO,NO,1701.0,True,YES,0.0,False
73,14,RSNA_40411,L-CC,NO,1403.0,True,YES,0.0,False
73,14,RSNA_40411,R-CC,NO,1360.0,True,YES,0.0,False
73,14,RSNA_40411,L-MLO,NO,1308.0,True,YES,0.0,False
73,14,RSNA_40411,R-MLO,NO,1242.0,True,YES,0.0,False
73,15,RSNA_40416,L-CC,NO,0.0,False,,,
73,15,RSNA_40416,R-CC,NO,0.0,False,,,
73,15,RSNA_40416,L-MLO,NO,0.0,False,,,
73,15,RSNA_40416,R-MLO,NO,0.0,False,,,
73,16,RSNA_40418,L-CC,NO,0.0,False,,,
73,16,RSNA_40418,R-CC,NO,0.0,False,,,
73,16,RSNA_40418,L-MLO,NO,0.0,False,,,
73,16,RSNA_40418,R-MLO,NO,0.0,False,,,
73,17,RSNA_40437,L-CC,NO,1512.0,True,YES,0.0,False
73,17,RSNA_40437,R-CC,NO,1579.0,True,YES,0.0,False
73,17,RSNA_40437,L-MLO,NO,1402.0,True,YES,0.0,False
73,17,RSNA_40437,R-MLO,NO,1448.0,True,YES,0.0,False
73,18,RSNA_40444,L-CC,NO,0.0,False,,,
73,18,RSNA_40444,R-CC,NO,0.0,False,,,
73,18,RSNA_40444,L-MLO,NO,0.0,False,,,
73,18,RSNA_40444,R-MLO,NO,0.0,False,,,
73,19,RSNA_40453,L-CC,NO,0.0,False,,,
73,19,RSNA_40453,R-CC,NO,0.0,False,,,
73,19,RSNA_40453,L-MLO,NO,0.0,False,,,
73,19,RSNA_40453,R-MLO,NO,0.0,False,,,
73,20,RSNA_40464,L-CC,NO,0.0,False,,,
73,20,RSNA_40464,R-CC,NO,0.0,False,,,
73,20,RSNA_40464,L-MLO,NO,0.0,False,,,
73,20,RSNA_40464,R-MLO,NO,0.0,False,,,
73,21,RSNA_40475,L-CC,NO,0.0,False,,,
73,21,RSNA_40475,R-CC,NO,0.0,False,,,
73,21,RSNA_40475,L-MLO,NO,0.0,False,,,
73,21,RSNA_40475,R-MLO,NO,0.0,False,,,
73,22,RSNA_40495,L-CC,NO,0.0,False,,,
73,22,RSNA_40495,R-CC,NO,0.0,False,,,
73,22,RSNA_40495,L-MLO,NO,0.0,False,,,
73,22,RSNA_40495,R-MLO,NO,0.0,False,,,
73,23,RSNA_40496,L-CC,NO,0.0,False,,,
73,23,RSNA_40496,R-CC,NO,0.0,False,,,
73,23,RSNA_40496,L-MLO,NO,0.0,False,,,
73,23,RSNA_40496,R-MLO,NO,0.0,False,,,
73,24,RSNA_4051,L-CC,NO,0.0,False,,,
73,24,RSNA_4051,R-CC,NO,0.0,False,,,
73,24,RSNA_4051,L-MLO,NO,0.0,False,,,
73,24,RSNA_4051,R-MLO,NO,0.0,False,,,
74,0,RSNA_40510,L-CC,NO,0.0,False,,,
74,0,RSNA_40510,R-CC,NO,0.0,False,,,
74,0,RSNA_40510,L-MLO,NO,0.0,False,,,
74,0,RSNA_40510,R-MLO,NO,0.0,False,,,
74,1,RSNA_40513,L-CC,NO,442.0,True,YES,0.0,False
74,1,RSNA_40513,R-CC,NO,599.0,True,YES,0.0,False
74,1,RSNA_40513,L-MLO,NO,539.0,True,YES,0.0,False
74,1,RSNA_40513,R-MLO,NO,1299.0,True,YES,0.0,False
74,2,RSNA_4052,L-CC,NO,1155.0,True,YES,0.0,False
74,2,RSNA_4052,R-CC,NO,1260.0,True,YES,0.0,False
74,2,RSNA_4052,L-MLO,NO,934.0,True,YES,0.0,False
74,2,RSNA_4052,R-MLO,NO,1237.0,True,YES,0.0,False
74,3,RSNA_40538,L-CC,NO,0.0,False,,,
74,3,RSNA_40538,R-CC,NO,0.0,False,,,
74,3,RSNA_40538,L-MLO,NO,0.0,False,,,
74,3,RSNA_40538,R-MLO,NO,0.0,False,,,
74,4,RSNA_40544,L-CC,NO,0.0,False,,,
74,4,RSNA_40544,R-CC,NO,0.0,False,,,
74,4,RSNA_40544,L-MLO,NO,0.0,False,,,
74,4,RSNA_40544,R-MLO,NO,0.0,False,,,
74,5,RSNA_40576,L-CC,NO,0.0,False,,,
74,5,RSNA_40576,R-CC,NO,0.0,False,,,
74,5,RSNA_40576,L-MLO,NO,0.0,False,,,
74,5,RSNA_40576,R-MLO,NO,0.0,False,,,
74,6,RSNA_40614,L-CC,NO,0.0,False,,,
74,6,RSNA_40614,R-CC,NO,0.0,False,,,
74,6,RSNA_40614,L-MLO,NO,0.0,False,,,
74,6,RSNA_40614,R-MLO,NO,0.0,False,,,
74,7,RSNA_40660,L-CC,NO,0.0,False,,,
74,7,RSNA_40660,R-CC,NO,0.0,False,,,
74,7,RSNA_40660,L-MLO,NO,0.0,False,,,
74,7,RSNA_40660,R-MLO,NO,0.0,False,,,
74,8,RSNA_40699,L-CC,NO,1283.0,True,YES,0.0,False
74,8,RSNA_40699,R-CC,NO,1294.0,True,YES,0.0,False
74,8,RSNA_40699,L-MLO,NO,1304.0,True,YES,0.0,False
74,8,RSNA_40699,R-MLO,NO,1413.0,True,YES,0.0,False
74,9,RSNA_40701,L-CC,NO,0.0,False,,,
74,9,RSNA_40701,R-CC,NO,0.0,False,,,
74,9,RSNA_40701,L-MLO,NO,0.0,False,,,
74,9,RSNA_40701,R-MLO,NO,0.0,False,,,
74,10,RSNA_4073,L-CC,NO,0.0,False,,,
74,10,RSNA_4073,R-CC,NO,0.0,False,,,
74,10,RSNA_4073,L-MLO,NO,0.0,False,,,
74,10,RSNA_4073,R-MLO,NO,0.0,False,,,
74,11,RSNA_40744,L-CC,NO,0.0,False,,,
74,11,RSNA_40744,R-CC,NO,0.0,False,,,
74,11,RSNA_40744,L-MLO,NO,0.0,False,,,
74,11,RSNA_40744,R-MLO,NO,0.0,False,,,
74,12,RSNA_40789,L-CC,NO,1018.0,True,YES,0.0,False
74,12,RSNA_40789,R-CC,NO,894.0,True,YES,0.0,False
74,12,RSNA_40789,L-MLO,NO,898.0,True,YES,0.0,False
74,12,RSNA_40789,R-MLO,NO,906.0,True,YES,0.0,False
74,13,RSNA_4079,L-CC,NO,0.0,False,,,
74,13,RSNA_4079,R-CC,NO,0.0,False,,,
74,13,RSNA_4079,L-MLO,NO,0.0,False,,,
74,13,RSNA_4079,R-MLO,NO,0.0,False,,,
74,14,RSNA_40791,L-CC,NO,0.0,False,,,
74,14,RSNA_40791,R-CC,NO,0.0,False,,,
74,14,RSNA_40791,L-MLO,NO,0.0,False,,,
74,14,RSNA_40791,R-MLO,NO,0.0,False,,,
74,15,RSNA_40804,L-CC,NO,0.0,False,,,
74,15,RSNA_40804,R-CC,NO,0.0,False,,,
74,15,RSNA_40804,L-MLO,NO,0.0,False,,,
74,15,RSNA_40804,R-MLO,NO,0.0,False,,,
74,16,RSNA_40822,L-CC,NO,0.0,False,,,
74,16,RSNA_40822,R-CC,NO,0.0,False,,,
74,16,RSNA_40822,L-MLO,NO,0.0,False,,,
74,16,RSNA_40822,R-MLO,NO,0.0,False,,,
74,17,RSNA_40823,L-CC,NO,0.0,False,,,
74,17,RSNA_40823,R-CC,NO,0.0,False,,,
74,17,RSNA_40823,L-MLO,NO,0.0,False,,,
74,17,RSNA_40823,R-MLO,NO,0.0,False,,,
74,18,RSNA_4087,L-CC,NO,0.0,False,,,
74,18,RSNA_4087,R-CC,NO,0.0,False,,,
74,18,RSNA_4087,L-MLO,NO,0.0,False,,,
74,18,RSNA_4087,R-MLO,NO,0.0,False,,,
74,19,RSNA_40917,L-CC,NO,1415.0,True,YES,0.0,False
74,19,RSNA_40917,R-CC,NO,1497.0,True,YES,0.0,False
74,19,RSNA_40917,L-MLO,NO,1346.0,True,YES,0.0,False
74,19,RSNA_40917,R-MLO,NO,1355.0,True,YES,0.0,False
74,20,RSNA_40918,L-CC,NO,0.0,False,,,
74,20,RSNA_40918,R-CC,NO,0.0,False,,,
74,20,RSNA_40918,L-MLO,NO,0.0,False,,,
74,20,RSNA_40918,R-MLO,NO,0.0,False,,,
74,21,RSNA_4098,L-CC,NO,0.0,False,,,
74,21,RSNA_4098,R-CC,NO,0.0,False,,,
74,21,RSNA_4098,L-MLO,NO,0.0,False,,,
74,21,RSNA_4098,R-MLO,NO,0.0,False,,,
74,22,RSNA_40995,L-CC,NO,1173.0,True,YES,0.0,False
74,22,RSNA_40995,R-CC,NO,1040.0,True,YES,0.0,False
74,22,RSNA_40995,L-MLO,NO,1197.0,True,YES,0.0,False
74,22,RSNA_40995,R-MLO,NO,1019.0,True,YES,0.0,False
74,23,RSNA_41023,L-CC,NO,0.0,False,,,
74,23,RSNA_41023,R-CC,NO,0.0,False,,,
74,23,RSNA_41023,L-MLO,NO,0.0,False,,,
74,23,RSNA_41023,R-MLO,NO,0.0,False,,,
74,24,RSNA_41043,L-CC,NO,0.0,False,,,
74,24,RSNA_41043,R-CC,NO,0.0,False,,,
74,24,RSNA_41043,L-MLO,NO,0.0,False,,,
74,24,RSNA_41043,R-MLO,NO,0.0,False,,,
75,0,RSNA_41051,L-CC,NO,0.0,False,,,
75,0,RSNA_41051,R-CC,NO,0.0,False,,,
75,0,RSNA_41051,L-MLO,NO,0.0,False,,,
75,0,RSNA_41051,R-MLO,NO,0.0,False,,,
75,1,RSNA_41054,L-CC,NO,0.0,False,,,
75,1,RSNA_41054,R-CC,NO,0.0,False,,,
75,1,RSNA_41054,L-MLO,NO,0.0,False,,,
75,1,RSNA_41054,R-MLO,NO,0.0,False,,,
75,2,RSNA_41058,L-CC,NO,1584.0,True,YES,0.0,False
75,2,RSNA_41058,R-CC,NO,1629.0,True,YES,0.0,False
75,2,RSNA_41058,L-MLO,NO,1339.0,True,YES,0.0,False
75,2,RSNA_41058,R-MLO,NO,1418.0,True,YES,0.0,False
75,3,RSNA_41069,L-CC,NO,1867.0,True,YES,0.0,False
75,3,RSNA_41069,R-CC,NO,1829.0,True,YES,0.0,False
75,3,RSNA_41069,L-MLO,NO,1660.0,True,YES,0.0,False
75,3,RSNA_41069,R-MLO,NO,1713.0,True,YES,0.0,False
75,4,RSNA_4110,L-CC,NO,0.0,False,,,
75,4,RSNA_4110,R-CC,NO,0.0,False,,,
75,4,RSNA_4110,L-MLO,NO,0.0,False,,,
75,4,RSNA_4110,R-MLO,NO,0.0,False,,,
75,5,RSNA_4111,L-CC,NO,0.0,False,,,
75,5,RSNA_4111,R-CC,NO,0.0,False,,,
75,5,RSNA_4111,L-MLO,NO,0.0,False,,,
75,5,RSNA_4111,R-MLO,NO,0.0,False,,,
75,6,RSNA_41112,L-CC,NO,0.0,False,,,
75,6,RSNA_41112,R-CC,NO,0.0,False,,,
75,6,RSNA_41112,L-MLO,NO,0.0,False,,,
75,6,RSNA_41112,R-MLO,NO,0.0,False,,,
75,7,RSNA_41120,L-CC,NO,0.0,False,,,
75,7,RSNA_41120,R-CC,NO,0.0,False,,,
75,7,RSNA_41120,L-MLO,NO,0.0,False,,,
75,7,RSNA_41120,R-MLO,NO,0.0,False,,,
75,8,RSNA_41124,L-CC,NO,0.0,False,,,
75,8,RSNA_41124,R-CC,NO,0.0,False,,,
75,8,RSNA_41124,L-MLO,NO,0.0,False,,,
75,8,RSNA_41124,R-MLO,NO,0.0,False,,,
75,9,RSNA_41126,L-CC,NO,0.0,False,,,
75,9,RSNA_41126,R-CC,NO,0.0,False,,,
75,9,RSNA_41126,L-MLO,NO,0.0,False,,,
75,9,RSNA_41126,R-MLO,NO,0.0,False,,,
75,10,RSNA_4113,L-CC,NO,0.0,False,,,
75,10,RSNA_4113,R-CC,NO,0.0,False,,,
75,10,RSNA_4113,L-MLO,NO,0.0,False,,,
75,10,RSNA_4113,R-MLO,NO,0.0,False,,,
75,11,RSNA_41183,L-CC,NO,0.0,False,,,
75,11,RSNA_41183,R-CC,NO,0.0,False,,,
75,11,RSNA_41183,L-MLO,NO,0.0,False,,,
75,11,RSNA_41183,R-MLO,NO,0.0,False,,,
75,12,RSNA_41197,L-CC,NO,0.0,False,,,
75,12,RSNA_41197,R-CC,NO,0.0,False,,,
75,12,RSNA_41197,L-MLO,NO,0.0,False,,,
75,12,RSNA_41197,R-MLO,NO,0.0,False,,,
75,13,RSNA_412,L-CC,NO,0.0,False,,,
75,13,RSNA_412,R-CC,NO,0.0,False,,,
75,13,RSNA_412,L-MLO,NO,0.0,False,,,
75,13,RSNA_412,R-MLO,NO,0.0,False,,,
75,14,RSNA_41233,L-CC,NO,0.0,False,,,
75,14,RSNA_41233,R-CC,NO,0.0,False,,,
75,14,RSNA_41233,L-MLO,NO,0.0,False,,,
75,14,RSNA_41233,R-MLO,NO,0.0,False,,,
75,15,RSNA_4125,L-CC,NO,0.0,False,,,
75,15,RSNA_4125,R-CC,NO,0.0,False,,,
75,15,RSNA_4125,L-MLO,NO,0.0,False,,,
75,15,RSNA_4125,R-MLO,NO,0.0,False,,,
75,16,RSNA_41251,L-CC,NO,0.0,False,,,
75,16,RSNA_41251,R-CC,NO,0.0,False,,,
75,16,RSNA_41251,L-MLO,NO,0.0,False,,,
75,16,RSNA_41251,R-MLO,NO,0.0,False,,,
75,17,RSNA_41257,L-CC,NO,0.0,False,,,
75,17,RSNA_41257,R-CC,NO,0.0,False,,,
75,17,RSNA_41257,L-MLO,NO,0.0,False,,,
75,17,RSNA_41257,R-MLO,NO,0.0,False,,,
75,18,RSNA_41277,L-CC,NO,0.0,False,,,
75,18,RSNA_41277,R-CC,NO,0.0,False,,,
75,18,RSNA_41277,L-MLO,NO,0.0,False,,,
75,18,RSNA_41277,R-MLO,NO,0.0,False,,,
75,19,RSNA_41318,L-CC,NO,0.0,False,,,
75,19,RSNA_41318,R-CC,NO,0.0,False,,,
75,19,RSNA_41318,L-MLO,NO,0.0,False,,,
75,19,RSNA_41318,R-MLO,NO,0.0,False,,,
75,20,RSNA_41347,L-CC,NO,0.0,False,,,
75,20,RSNA_41347,R-CC,NO,0.0,False,,,
75,20,RSNA_41347,L-MLO,NO,0.0,False,,,
75,20,RSNA_41347,R-MLO,NO,0.0,False,,,
75,21,RSNA_41357,L-CC,NO,0.0,False,,,
75,21,RSNA_41357,R-CC,NO,0.0,False,,,
75,21,RSNA_41357,L-MLO,NO,0.0,False,,,
75,21,RSNA_41357,R-MLO,NO,0.0,False,,,
75,22,RSNA_41402,L-CC,NO,0.0,False,,,
75,22,RSNA_41402,R-CC,NO,0.0,False,,,
75,22,RSNA_41402,L-MLO,NO,0.0,False,,,
75,22,RSNA_41402,R-MLO,NO,0.0,False,,,
75,23,RSNA_41415,L-CC,NO,0.0,False,,,
75,23,RSNA_41415,R-CC,NO,0.0,False,,,
75,23,RSNA_41415,L-MLO,NO,0.0,False,,,
75,23,RSNA_41415,R-MLO,NO,0.0,False,,,
75,24,RSNA_41487,L-CC,NO,0.0,False,,,
75,24,RSNA_41487,R-CC,NO,0.0,False,,,
75,24,RSNA_41487,L-MLO,NO,0.0,False,,,
75,24,RSNA_41487,R-MLO,NO,0.0,False,,,
76,0,RSNA_41502,L-CC,NO,0.0,False,,,
76,0,RSNA_41502,R-CC,NO,0.0,False,,,
76,0,RSNA_41502,L-MLO,NO,0.0,False,,,
76,0,RSNA_41502,R-MLO,NO,0.0,False,,,
76,1,RSNA_41504,L-CC,NO,0.0,False,,,
76,1,RSNA_41504,R-CC,NO,0.0,False,,,
76,1,RSNA_41504,L-MLO,NO,0.0,False,,,
76,1,RSNA_41504,R-MLO,NO,0.0,False,,,
76,2,RSNA_4151,L-CC,NO,0.0,False,,,
76,2,RSNA_4151,R-CC,NO,0.0,False,,,
76,2,RSNA_4151,L-MLO,NO,0.0,False,,,
76,2,RSNA_4151,R-MLO,NO,0.0,False,,,
76,3,RSNA_41563,L-CC,NO,0.0,False,,,
76,3,RSNA_41563,R-CC,NO,0.0,False,,,
76,3,RSNA_41563,L-MLO,NO,0.0,False,,,
76,3,RSNA_41563,R-MLO,NO,0.0,False,,,
76,4,RSNA_41564,L-CC,NO,0.0,False,,,
76,4,RSNA_41564,R-CC,NO,0.0,False,,,
76,4,RSNA_41564,L-MLO,NO,0.0,False,,,
76,4,RSNA_41564,R-MLO,NO,0.0,False,,,
76,5,RSNA_41584,L-CC,NO,0.0,False,,,
76,5,RSNA_41584,R-CC,NO,0.0,False,,,
76,5,RSNA_41584,L-MLO,NO,0.0,False,,,
76,5,RSNA_41584,R-MLO,NO,0.0,False,,,
76,6,RSNA_41585,L-CC,NO,0.0,False,,,
76,6,RSNA_41585,R-CC,NO,0.0,False,,,
76,6,RSNA_41585,L-MLO,NO,0.0,False,,,
76,6,RSNA_41585,R-MLO,NO,0.0,False,,,
76,7,RSNA_41587,L-CC,NO,0.0,False,,,
76,7,RSNA_41587,R-CC,NO,0.0,False,,,
76,7,RSNA_41587,L-MLO,NO,0.0,False,,,
76,7,RSNA_41587,R-MLO,NO,0.0,False,,,
76,8,RSNA_41600,L-CC,NO,0.0,False,,,
76,8,RSNA_41600,R-CC,NO,0.0,False,,,
76,8,RSNA_41600,L-MLO,NO,0.0,False,,,
76,8,RSNA_41600,R-MLO,NO,0.0,False,,,
76,9,RSNA_41618,L-CC,NO,0.0,False,,,
76,9,RSNA_41618,R-CC,NO,0.0,False,,,
76,9,RSNA_41618,L-MLO,NO,0.0,False,,,
76,9,RSNA_41618,R-MLO,NO,0.0,False,,,
76,10,RSNA_41621,L-CC,NO,0.0,False,,,
76,10,RSNA_41621,R-CC,NO,0.0,False,,,
76,10,RSNA_41621,L-MLO,NO,0.0,False,,,
76,10,RSNA_41621,R-MLO,NO,0.0,False,,,
76,11,RSNA_41622,L-CC,NO,0.0,False,,,
76,11,RSNA_41622,R-CC,NO,0.0,False,,,
76,11,RSNA_41622,L-MLO,NO,0.0,False,,,
76,11,RSNA_41622,R-MLO,NO,0.0,False,,,
76,12,RSNA_41627,L-CC,NO,0.0,False,,,
76,12,RSNA_41627,R-CC,NO,0.0,False,,,
76,12,RSNA_41627,L-MLO,NO,0.0,False,,,
76,12,RSNA_41627,R-MLO,NO,0.0,False,,,
76,13,RSNA_41630,L-CC,NO,0.0,False,,,
76,13,RSNA_41630,R-CC,NO,0.0,False,,,
76,13,RSNA_41630,L-MLO,NO,0.0,False,,,
76,13,RSNA_41630,R-MLO,NO,0.0,False,,,
76,14,RSNA_41639,L-CC,NO,0.0,False,,,
76,14,RSNA_41639,R-CC,NO,0.0,False,,,
76,14,RSNA_41639,L-MLO,NO,0.0,False,,,
76,14,RSNA_41639,R-MLO,NO,0.0,False,,,
76,15,RSNA_41647,L-CC,NO,540.0,True,,,
76,15,RSNA_41647,R-CC,NO,31.0,True,,,
76,15,RSNA_41647,L-MLO,NO,158.0,True,,,
76,15,RSNA_41647,R-MLO,NO,0.0,False,,,
76,16,RSNA_41655,L-CC,NO,0.0,False,,,
76,16,RSNA_41655,R-CC,NO,0.0,False,,,
76,16,RSNA_41655,L-MLO,NO,0.0,False,,,
76,16,RSNA_41655,R-MLO,NO,0.0,False,,,
76,17,RSNA_41660,L-CC,NO,0.0,False,,,
76,17,RSNA_41660,R-CC,NO,0.0,False,,,
76,17,RSNA_41660,L-MLO,NO,0.0,False,,,
76,17,RSNA_41660,R-MLO,NO,0.0,False,,,
76,18,RSNA_41668,L-CC,NO,0.0,False,,,
76,18,RSNA_41668,R-CC,NO,0.0,False,,,
76,18,RSNA_41668,L-MLO,NO,0.0,False,,,
76,18,RSNA_41668,R-MLO,NO,0.0,False,,,
76,19,RSNA_41715,L-CC,NO,0.0,False,,,
76,19,RSNA_41715,R-CC,NO,0.0,False,,,
76,19,RSNA_41715,L-MLO,NO,0.0,False,,,
76,19,RSNA_41715,R-MLO,NO,0.0,False,,,
76,20,RSNA_41716,L-CC,NO,1607.0,True,YES,0.0,False
76,20,RSNA_41716,R-CC,NO,1628.0,True,YES,0.0,False
76,20,RSNA_41716,L-MLO,NO,1639.0,True,YES,0.0,False
76,20,RSNA_41716,R-MLO,NO,1595.0,True,YES,0.0,False
76,21,RSNA_41736,L-CC,NO,0.0,False,,,
76,21,RSNA_41736,R-CC,NO,0.0,False,,,
76,21,RSNA_41736,L-MLO,NO,0.0,False,,,
76,21,RSNA_41736,R-MLO,NO,0.0,False,,,
76,22,RSNA_41771,L-CC,NO,1292.0,True,YES,0.0,False
76,22,RSNA_41771,R-CC,NO,1404.0,True,YES,0.0,False
76,22,RSNA_41771,L-MLO,NO,1274.0,True,YES,0.0,False
76,22,RSNA_41771,R-MLO,NO,1453.0,True,YES,0.0,False
76,23,RSNA_41842,L-CC,NO,0.0,False,,,
76,23,RSNA_41842,R-CC,NO,0.0,False,,,
76,23,RSNA_41842,L-MLO,NO,0.0,False,,,
76,23,RSNA_41842,R-MLO,NO,0.0,False,,,
76,24,RSNA_41850,L-CC,NO,0.0,False,,,
76,24,RSNA_41850,R-CC,NO,0.0,False,,,
76,24,RSNA_41850,L-MLO,NO,0.0,False,,,
76,24,RSNA_41850,R-MLO,NO,0.0,False,,,
77,0,RSNA_41856,L-CC,NO,0.0,False,,,
77,0,RSNA_41856,R-CC,NO,0.0,False,,,
77,0,RSNA_41856,L-MLO,NO,0.0,False,,,
77,0,RSNA_41856,R-MLO,NO,0.0,False,,,
77,1,RSNA_41873,L-CC,NO,0.0,False,,,
77,1,RSNA_41873,R-CC,NO,0.0,False,,,
77,1,RSNA_41873,L-MLO,NO,0.0,False,,,
77,1,RSNA_41873,R-MLO,NO,0.0,False,,,
77,2,RSNA_41886,L-CC,NO,0.0,False,,,
77,2,RSNA_41886,R-CC,NO,0.0,False,,,
77,2,RSNA_41886,L-MLO,NO,0.0,False,,,
77,2,RSNA_41886,R-MLO,NO,0.0,False,,,
77,3,RSNA_41904,L-CC,NO,0.0,False,,,
77,3,RSNA_41904,R-CC,NO,0.0,False,,,
77,3,RSNA_41904,L-MLO,NO,0.0,False,,,
77,3,RSNA_41904,R-MLO,NO,0.0,False,,,
77,4,RSNA_41911,L-CC,NO,0.0,False,,,
77,4,RSNA_41911,R-CC,NO,0.0,False,,,
77,4,RSNA_41911,L-MLO,NO,0.0,False,,,
77,4,RSNA_41911,R-MLO,NO,0.0,False,,,
77,5,RSNA_41912,L-CC,NO,0.0,False,,,
77,5,RSNA_41912,R-CC,NO,0.0,False,,,
77,5,RSNA_41912,L-MLO,NO,0.0,False,,,
77,5,RSNA_41912,R-MLO,NO,0.0,False,,,
77,6,RSNA_41919,L-CC,NO,0.0,False,,,
77,6,RSNA_41919,R-CC,NO,0.0,False,,,
77,6,RSNA_41919,L-MLO,NO,0.0,False,,,
77,6,RSNA_41919,R-MLO,NO,0.0,False,,,
77,7,RSNA_41948,L-CC,NO,0.0,False,,,
77,7,RSNA_41948,R-CC,NO,0.0,False,,,
77,7,RSNA_41948,L-MLO,NO,0.0,False,,,
77,7,RSNA_41948,R-MLO,NO,0.0,False,,,
77,8,RSNA_41973,L-CC,NO,0.0,False,,,
77,8,RSNA_41973,R-CC,NO,0.0,False,,,
77,8,RSNA_41973,L-MLO,NO,0.0,False,,,
77,8,RSNA_41973,R-MLO,NO,0.0,False,,,
77,9,RSNA_41995,L-CC,NO,0.0,False,,,
77,9,RSNA_41995,R-CC,NO,0.0,False,,,
77,9,RSNA_41995,L-MLO,NO,0.0,False,,,
77,9,RSNA_41995,R-MLO,NO,0.0,False,,,
77,10,RSNA_41997,L-CC,NO,0.0,False,,,
77,10,RSNA_41997,R-CC,NO,0.0,False,,,
77,10,RSNA_41997,L-MLO,NO,0.0,False,,,
77,10,RSNA_41997,R-MLO,NO,0.0,False,,,
77,11,RSNA_42015,L-CC,NO,0.0,False,,,
77,11,RSNA_42015,R-CC,NO,0.0,False,,,
77,11,RSNA_42015,L-MLO,NO,0.0,False,,,
77,11,RSNA_42015,R-MLO,NO,0.0,False,,,
77,12,RSNA_42016,L-CC,NO,0.0,False,,,
77,12,RSNA_42016,R-CC,NO,0.0,False,,,
77,12,RSNA_42016,L-MLO,NO,0.0,False,,,
77,12,RSNA_42016,R-MLO,NO,0.0,False,,,
77,13,RSNA_4202,L-CC,NO,1378.0,True,YES,0.0,False
77,13,RSNA_4202,R-CC,NO,1329.0,True,YES,0.0,False
77,13,RSNA_4202,L-MLO,NO,1219.0,True,YES,0.0,False
77,13,RSNA_4202,R-MLO,NO,1234.0,True,YES,0.0,False
77,14,RSNA_4206,L-CC,NO,1563.0,True,YES,0.0,False
77,14,RSNA_4206,R-CC,NO,1638.0,True,YES,0.0,False
77,14,RSNA_4206,L-MLO,NO,1340.0,True,YES,0.0,False
77,14,RSNA_4206,R-MLO,NO,1513.0,True,YES,0.0,False
77,15,RSNA_42074,L-CC,NO,1013.0,True,YES,0.0,False
77,15,RSNA_42074,R-CC,NO,961.0,True,YES,0.0,False
77,15,RSNA_42074,L-MLO,NO,988.0,True,YES,0.0,False
77,15,RSNA_42074,R-MLO,NO,885.0,True,YES,0.0,False
77,16,RSNA_42096,L-CC,NO,0.0,False,,,
77,16,RSNA_42096,R-CC,NO,0.0,False,,,
77,16,RSNA_42096,L-MLO,NO,0.0,False,,,
77,16,RSNA_42096,R-MLO,NO,0.0,False,,,
77,17,RSNA_421,L-CC,NO,1886.0,True,YES,0.0,False
77,17,RSNA_421,R-CC,NO,2066.0,True,YES,0.0,False
77,17,RSNA_421,L-MLO,NO,1710.0,True,YES,0.0,False
77,17,RSNA_421,R-MLO,NO,1830.0,True,YES,0.0,False
77,18,RSNA_42119,L-CC,NO,0.0,False,,,
77,18,RSNA_42119,R-CC,NO,0.0,False,,,
77,18,RSNA_42119,L-MLO,NO,0.0,False,,,
77,18,RSNA_42119,R-MLO,NO,0.0,False,,,
77,19,RSNA_4213,L-CC,NO,0.0,False,,,
77,19,RSNA_4213,R-CC,NO,0.0,False,,,
77,19,RSNA_4213,L-MLO,NO,0.0,False,,,
77,19,RSNA_4213,R-MLO,NO,0.0,False,,,
77,20,RSNA_42132,L-CC,NO,652.0,True,YES,0.0,False
77,20,RSNA_42132,R-CC,NO,632.0,True,YES,0.0,False
77,20,RSNA_42132,L-MLO,NO,528.0,True,YES,0.0,False
77,20,RSNA_42132,R-MLO,NO,707.0,True,YES,0.0,False
77,21,RSNA_42137,L-CC,NO,0.0,False,,,
77,21,RSNA_42137,R-CC,NO,0.0,False,,,
77,21,RSNA_42137,L-MLO,NO,0.0,False,,,
77,21,RSNA_42137,R-MLO,NO,0.0,False,,,
77,22,RSNA_42141,L-CC,NO,0.0,False,,,
77,22,RSNA_42141,R-CC,NO,0.0,False,,,
77,22,RSNA_42141,L-MLO,NO,0.0,False,,,
77,22,RSNA_42141,R-MLO,NO,0.0,False,,,
77,23,RSNA_42151,L-CC,NO,2030.0,True,YES,0.0,False
77,23,RSNA_42151,R-CC,NO,2174.0,True,YES,0.0,False
77,23,RSNA_42151,L-MLO,NO,1786.0,True,YES,0.0,False
77,23,RSNA_42151,R-MLO,NO,2034.0,True,YES,0.0,False
77,24,RSNA_42157,L-CC,NO,0.0,False,,,
77,24,RSNA_42157,R-CC,NO,0.0,False,,,
77,24,RSNA_42157,L-MLO,NO,0.0,False,,,
77,24,RSNA_42157,R-MLO,NO,0.0,False,,,
78,0,RSNA_42168,L-CC,NO,0.0,False,,,
78,0,RSNA_42168,R-CC,NO,0.0,False,,,
78,0,RSNA_42168,L-MLO,NO,0.0,False,,,
78,0,RSNA_42168,R-MLO,NO,0.0,False,,,
78,1,RSNA_4219,L-CC,NO,0.0,False,,,
78,1,RSNA_4219,R-CC,NO,0.0,False,,,
78,1,RSNA_4219,L-MLO,NO,0.0,False,,,
78,1,RSNA_4219,R-MLO,NO,0.0,False,,,
78,2,RSNA_42214,L-CC,NO,0.0,False,,,
78,2,RSNA_42214,R-CC,NO,0.0,False,,,
78,2,RSNA_42214,L-MLO,NO,0.0,False,,,
78,2,RSNA_42214,R-MLO,NO,0.0,False,,,
78,3,RSNA_42228,L-CC,NO,0.0,False,,,
78,3,RSNA_42228,R-CC,NO,0.0,False,,,
78,3,RSNA_42228,L-MLO,NO,0.0,False,,,
78,3,RSNA_42228,R-MLO,NO,0.0,False,,,
78,4,RSNA_42245,L-CC,NO,1609.0,True,YES,0.0,False
78,4,RSNA_42245,R-CC,NO,1619.0,True,YES,0.0,False
78,4,RSNA_42245,L-MLO,NO,1469.0,True,YES,0.0,False
78,4,RSNA_42245,R-MLO,NO,1554.0,True,YES,0.0,False
78,5,RSNA_42274,L-CC,NO,0.0,False,,,
78,5,RSNA_42274,R-CC,NO,0.0,False,,,
78,5,RSNA_42274,L-MLO,NO,0.0,False,,,
78,5,RSNA_42274,R-MLO,NO,0.0,False,,,
78,6,RSNA_42294,L-CC,NO,0.0,False,,,
78,6,RSNA_42294,R-CC,NO,0.0,False,,,
78,6,RSNA_42294,L-MLO,NO,0.0,False,,,
78,6,RSNA_42294,R-MLO,NO,0.0,False,,,
78,7,RSNA_42336,L-CC,NO,0.0,False,,,
78,7,RSNA_42336,R-CC,NO,0.0,False,,,
78,7,RSNA_42336,L-MLO,NO,0.0,False,,,
78,7,RSNA_42336,R-MLO,NO,0.0,False,,,
78,8,RSNA_42351,L-CC,NO,0.0,False,,,
78,8,RSNA_42351,R-CC,NO,0.0,False,,,
78,8,RSNA_42351,L-MLO,NO,0.0,False,,,
78,8,RSNA_42351,R-MLO,NO,0.0,False,,,
78,9,RSNA_42358,L-CC,NO,0.0,False,,,
78,9,RSNA_42358,R-CC,NO,0.0,False,,,
78,9,RSNA_42358,L-MLO,NO,0.0,False,,,
78,9,RSNA_42358,R-MLO,NO,0.0,False,,,
78,10,RSNA_42407,L-CC,NO,0.0,False,,,
78,10,RSNA_42407,R-CC,NO,0.0,False,,,
78,10,RSNA_42407,L-MLO,NO,0.0,False,,,
78,10,RSNA_42407,R-MLO,NO,0.0,False,,,
78,11,RSNA_42414,L-CC,NO,0.0,False,,,
78,11,RSNA_42414,R-CC,NO,0.0,False,,,
78,11,RSNA_42414,L-MLO,NO,0.0,False,,,
78,11,RSNA_42414,R-MLO,NO,0.0,False,,,
78,12,RSNA_42434,L-CC,NO,0.0,False,,,
78,12,RSNA_42434,R-CC,NO,0.0,False,,,
78,12,RSNA_42434,L-MLO,NO,0.0,False,,,
78,12,RSNA_42434,R-MLO,NO,0.0,False,,,
78,13,RSNA_42437,L-CC,NO,202.0,True,,,
78,13,RSNA_42437,R-CC,NO,116.0,True,,,
78,13,RSNA_42437,L-MLO,NO,0.0,False,,,
78,13,RSNA_42437,R-MLO,NO,0.0,False,,,
78,14,RSNA_42439,L-CC,NO,0.0,False,,,
78,14,RSNA_42439,R-CC,NO,0.0,False,,,
78,14,RSNA_42439,L-MLO,NO,0.0,False,,,
78,14,RSNA_42439,R-MLO,NO,0.0,False,,,
78,15,RSNA_4244,L-CC,NO,938.0,True,YES,0.0,False
78,15,RSNA_4244,R-CC,NO,1013.0,True,YES,0.0,False
78,15,RSNA_4244,L-MLO,NO,986.0,True,YES,0.0,False
78,15,RSNA_4244,R-MLO,NO,875.0,True,YES,0.0,False
78,16,RSNA_42447,L-CC,NO,0.0,False,,,
78,16,RSNA_42447,R-CC,NO,0.0,False,,,
78,16,RSNA_42447,L-MLO,NO,0.0,False,,,
78,16,RSNA_42447,R-MLO,NO,0.0,False,,,
78,17,RSNA_42456,L-CC,NO,0.0,False,,,
78,17,RSNA_42456,R-CC,NO,0.0,False,,,
78,17,RSNA_42456,L-MLO,NO,0.0,False,,,
78,17,RSNA_42456,R-MLO,NO,0.0,False,,,
78,18,RSNA_42461,L-CC,NO,984.0,True,YES,0.0,False
78,18,RSNA_42461,R-CC,NO,858.0,True,YES,0.0,False
78,18,RSNA_42461,L-MLO,NO,953.0,True,YES,0.0,False
78,18,RSNA_42461,R-MLO,NO,796.0,True,YES,0.0,False
78,19,RSNA_42467,L-CC,NO,0.0,False,,,
78,19,RSNA_42467,R-CC,NO,0.0,False,,,
78,19,RSNA_42467,L-MLO,NO,0.0,False,,,
78,19,RSNA_42467,R-MLO,NO,0.0,False,,,
78,20,RSNA_42479,L-CC,NO,0.0,False,,,
78,20,RSNA_42479,R-CC,NO,0.0,False,,,
78,20,RSNA_42479,L-MLO,NO,0.0,False,,,
78,20,RSNA_42479,R-MLO,NO,0.0,False,,,
78,21,RSNA_42556,L-CC,NO,0.0,False,,,
78,21,RSNA_42556,R-CC,NO,0.0,False,,,
78,21,RSNA_42556,L-MLO,NO,0.0,False,,,
78,21,RSNA_42556,R-MLO,NO,0.0,False,,,
78,22,RSNA_42575,L-CC,NO,0.0,False,,,
78,22,RSNA_42575,R-CC,NO,0.0,False,,,
78,22,RSNA_42575,L-MLO,NO,0.0,False,,,
78,22,RSNA_42575,R-MLO,NO,0.0,False,,,
78,23,RSNA_42600,L-CC,NO,1098.0,True,YES,0.0,False
78,23,RSNA_42600,R-CC,NO,1265.0,True,YES,0.0,False
78,23,RSNA_42600,L-MLO,NO,1071.0,True,YES,0.0,False
78,23,RSNA_42600,R-MLO,NO,1276.0,True,YES,0.0,False
78,24,RSNA_42612,L-CC,NO,0.0,False,,,
78,24,RSNA_42612,R-CC,NO,0.0,False,,,
78,24,RSNA_42612,L-MLO,NO,0.0,False,,,
78,24,RSNA_42612,R-MLO,NO,0.0,False,,,
79,0,RSNA_42615,L-CC,NO,0.0,False,,,
79,0,RSNA_42615,R-CC,NO,0.0,False,,,
79,0,RSNA_42615,L-MLO,NO,0.0,False,,,
79,0,RSNA_42615,R-MLO,NO,0.0,False,,,
79,1,RSNA_42619,L-CC,NO,1408.0,True,YES,0.0,False
79,1,RSNA_42619,R-CC,NO,1468.0,True,YES,0.0,False
79,1,RSNA_42619,L-MLO,NO,1425.0,True,YES,0.0,False
79,1,RSNA_42619,R-MLO,NO,1306.0,True,YES,0.0,False
79,2,RSNA_42624,L-CC,NO,0.0,False,,,
79,2,RSNA_42624,R-CC,NO,0.0,False,,,
79,2,RSNA_42624,L-MLO,NO,0.0,False,,,
79,2,RSNA_42624,R-MLO,NO,0.0,False,,,
79,3,RSNA_42642,L-CC,NO,0.0,False,,,
79,3,RSNA_42642,R-CC,NO,0.0,False,,,
79,3,RSNA_42642,L-MLO,NO,0.0,False,,,
79,3,RSNA_42642,R-MLO,NO,0.0,False,,,
79,4,RSNA_42716,L-CC,NO,1083.0,True,YES,0.0,False
79,4,RSNA_42716,R-CC,NO,1535.0,True,YES,0.0,False
79,4,RSNA_42716,L-MLO,NO,982.0,True,YES,0.0,False
79,4,RSNA_42716,R-MLO,NO,1475.0,True,YES,0.0,False
79,5,RSNA_42723,L-CC,NO,0.0,False,,,
79,5,RSNA_42723,R-CC,NO,0.0,False,,,
79,5,RSNA_42723,L-MLO,NO,0.0,False,,,
79,5,RSNA_42723,R-MLO,NO,0.0,False,,,
79,6,RSNA_42732,L-CC,NO,0.0,False,,,
79,6,RSNA_42732,R-CC,NO,0.0,False,,,
79,6,RSNA_42732,L-MLO,NO,0.0,False,,,
79,6,RSNA_42732,R-MLO,NO,0.0,False,,,
79,7,RSNA_4277,L-CC,NO,0.0,False,,,
79,7,RSNA_4277,R-CC,NO,0.0,False,,,
79,7,RSNA_4277,L-MLO,NO,0.0,False,,,
79,7,RSNA_4277,R-MLO,NO,0.0,False,,,
79,8,RSNA_42779,L-CC,NO,0.0,False,,,
79,8,RSNA_42779,R-CC,NO,0.0,False,,,
79,8,RSNA_42779,L-MLO,NO,0.0,False,,,
79,8,RSNA_42779,R-MLO,NO,0.0,False,,,
79,9,RSNA_42826,L-CC,NO,0.0,False,,,
79,9,RSNA_42826,R-CC,NO,0.0,False,,,
79,9,RSNA_42826,L-MLO,NO,0.0,False,,,
79,9,RSNA_42826,R-MLO,NO,0.0,False,,,
79,10,RSNA_42828,L-CC,NO,0.0,False,,,
79,10,RSNA_42828,R-CC,NO,0.0,False,,,
79,10,RSNA_42828,L-MLO,NO,0.0,False,,,
79,10,RSNA_42828,R-MLO,NO,0.0,False,,,
79,11,RSNA_42836,L-CC,NO,0.0,False,,,
79,11,RSNA_42836,R-CC,NO,0.0,False,,,
79,11,RSNA_42836,L-MLO,NO,0.0,False,,,
79,11,RSNA_42836,R-MLO,NO,0.0,False,,,
79,12,RSNA_42850,L-CC,NO,0.0,False,,,
79,12,RSNA_42850,R-CC,NO,0.0,False,,,
79,12,RSNA_42850,L-MLO,NO,0.0,False,,,
79,12,RSNA_42850,R-MLO,NO,0.0,False,,,
79,13,RSNA_4287,L-CC,NO,0.0,False,,,
79,13,RSNA_4287,R-CC,NO,0.0,False,,,
79,13,RSNA_4287,L-MLO,NO,0.0,False,,,
79,13,RSNA_4287,R-MLO,NO,0.0,False,,,
79,14,RSNA_42875,L-CC,NO,0.0,False,,,
79,14,RSNA_42875,R-CC,NO,0.0,False,,,
79,14,RSNA_42875,L-MLO,NO,0.0,False,,,
79,14,RSNA_42875,R-MLO,NO,0.0,False,,,
79,15,RSNA_4293,L-CC,NO,0.0,False,,,
79,15,RSNA_4293,R-CC,NO,0.0,False,,,
79,15,RSNA_4293,L-MLO,NO,0.0,False,,,
79,15,RSNA_4293,R-MLO,NO,0.0,False,,,
79,16,RSNA_42943,L-CC,NO,0.0,False,,,
79,16,RSNA_42943,R-CC,NO,0.0,False,,,
79,16,RSNA_42943,L-MLO,NO,0.0,False,,,
79,16,RSNA_42943,R-MLO,NO,0.0,False,,,
79,17,RSNA_42963,L-CC,NO,0.0,False,,,
79,17,RSNA_42963,R-CC,NO,0.0,False,,,
79,17,RSNA_42963,L-MLO,NO,0.0,False,,,
79,17,RSNA_42963,R-MLO,NO,0.0,False,,,
79,18,RSNA_42969,L-CC,NO,0.0,False,,,
79,18,RSNA_42969,R-CC,NO,0.0,False,,,
79,18,RSNA_42969,L-MLO,NO,0.0,False,,,
79,18,RSNA_42969,R-MLO,NO,0.0,False,,,
79,19,RSNA_42973,L-CC,NO,0.0,False,,,
79,19,RSNA_42973,R-CC,NO,478.0,True,,,
79,19,RSNA_42973,L-MLO,NO,0.0,False,,,
79,19,RSNA_42973,R-MLO,NO,0.0,False,,,
79,20,RSNA_42978,L-CC,NO,0.0,False,,,
79,20,RSNA_42978,R-CC,NO,0.0,False,,,
79,20,RSNA_42978,L-MLO,NO,0.0,False,,,
79,20,RSNA_42978,R-MLO,NO,0.0,False,,,
79,21,RSNA_42998,L-CC,NO,0.0,False,,,
79,21,RSNA_42998,R-CC,NO,0.0,False,,,
79,21,RSNA_42998,L-MLO,NO,0.0,False,,,
79,21,RSNA_42998,R-MLO,NO,0.0,False,,,
79,22,RSNA_43004,L-CC,NO,2002.0,True,YES,0.0,False
79,22,RSNA_43004,R-CC,NO,1997.0,True,YES,0.0,False
79,22,RSNA_43004,L-MLO,NO,1828.0,True,YES,0.0,False
79,22,RSNA_43004,R-MLO,NO,1768.0,True,YES,0.0,False
79,23,RSNA_43005,L-CC,NO,0.0,False,,,
79,23,RSNA_43005,R-CC,NO,0.0,False,,,
79,23,RSNA_43005,L-MLO,NO,0.0,False,,,
79,23,RSNA_43005,R-MLO,NO,0.0,False,,,
79,24,RSNA_43054,L-CC,NO,0.0,False,,,
79,24,RSNA_43054,R-CC,NO,0.0,False,,,
79,24,RSNA_43054,L-MLO,NO,0.0,False,,,
79,24,RSNA_43054,R-MLO,NO,0.0,False,,,
80,0,RSNA_43055,L-CC,NO,0.0,False,,,
80,0,RSNA_43055,R-CC,NO,0.0,False,,,
80,0,RSNA_43055,L-MLO,NO,0.0,False,,,
80,0,RSNA_43055,R-MLO,NO,0.0,False,,,
80,1,RSNA_43071,L-CC,NO,0.0,False,,,
80,1,RSNA_43071,R-CC,NO,0.0,False,,,
80,1,RSNA_43071,L-MLO,NO,0.0,False,,,
80,1,RSNA_43071,R-MLO,NO,0.0,False,,,
80,2,RSNA_43083,L-CC,NO,0.0,False,,,
80,2,RSNA_43083,R-CC,NO,0.0,False,,,
80,2,RSNA_43083,L-MLO,NO,0.0,False,,,
80,2,RSNA_43083,R-MLO,NO,0.0,False,,,
80,3,RSNA_43100,L-CC,NO,824.0,True,YES,0.0,False
80,3,RSNA_43100,R-CC,NO,1083.0,True,YES,0.0,False
80,3,RSNA_43100,L-MLO,NO,887.0,True,YES,0.0,False
80,3,RSNA_43100,R-MLO,NO,1228.0,True,YES,0.0,False
80,4,RSNA_43102,L-CC,NO,0.0,False,,,
80,4,RSNA_43102,R-CC,NO,0.0,False,,,
80,4,RSNA_43102,L-MLO,NO,0.0,False,,,
80,4,RSNA_43102,R-MLO,NO,0.0,False,,,
80,5,RSNA_43125,L-CC,NO,0.0,False,,,
80,5,RSNA_43125,R-CC,NO,0.0,False,,,
80,5,RSNA_43125,L-MLO,NO,0.0,False,,,
80,5,RSNA_43125,R-MLO,NO,0.0,False,,,
80,6,RSNA_4316,L-CC,NO,0.0,False,,,
80,6,RSNA_4316,R-CC,NO,0.0,False,,,
80,6,RSNA_4316,L-MLO,NO,0.0,False,,,
80,6,RSNA_4316,R-MLO,NO,0.0,False,,,
80,7,RSNA_43227,L-CC,NO,2069.0,True,YES,0.0,False
80,7,RSNA_43227,R-CC,NO,2150.0,True,YES,0.0,False
80,7,RSNA_43227,L-MLO,NO,1973.0,True,YES,0.0,False
80,7,RSNA_43227,R-MLO,NO,1969.0,True,YES,0.0,False
80,8,RSNA_43230,L-CC,NO,0.0,False,,,
80,8,RSNA_43230,R-CC,NO,0.0,False,,,
80,8,RSNA_43230,L-MLO,NO,0.0,False,,,
80,8,RSNA_43230,R-MLO,NO,0.0,False,,,
80,9,RSNA_43238,L-CC,NO,0.0,False,,,
80,9,RSNA_43238,R-CC,NO,0.0,False,,,
80,9,RSNA_43238,L-MLO,NO,0.0,False,,,
80,9,RSNA_43238,R-MLO,NO,0.0,False,,,
80,10,RSNA_43265,L-CC,NO,825.0,True,YES,0.0,False
80,10,RSNA_43265,R-CC,NO,694.0,True,YES,0.0,False
80,10,RSNA_43265,L-MLO,NO,712.0,True,YES,0.0,False
80,10,RSNA_43265,R-MLO,NO,733.0,True,YES,0.0,False
80,11,RSNA_43273,L-CC,NO,0.0,False,,,
80,11,RSNA_43273,R-CC,NO,0.0,False,,,
80,11,RSNA_43273,L-MLO,NO,0.0,False,,,
80,11,RSNA_43273,R-MLO,NO,0.0,False,,,
80,12,RSNA_4328,L-CC,NO,0.0,False,,,
80,12,RSNA_4328,R-CC,NO,0.0,False,,,
80,12,RSNA_4328,L-MLO,NO,0.0,False,,,
80,12,RSNA_4328,R-MLO,NO,0.0,False,,,
80,13,RSNA_43291,L-CC,NO,1189.0,True,YES,0.0,False
80,13,RSNA_43291,R-CC,NO,1265.0,True,YES,0.0,False
80,13,RSNA_43291,L-MLO,NO,1160.0,True,YES,0.0,False
80,13,RSNA_43291,R-MLO,NO,1217.0,True,YES,0.0,False
80,14,RSNA_43303,L-CC,NO,0.0,False,,,
80,14,RSNA_43303,R-CC,NO,0.0,False,,,
80,14,RSNA_43303,L-MLO,NO,0.0,False,,,
80,14,RSNA_43303,R-MLO,NO,0.0,False,,,
80,15,RSNA_43306,L-CC,NO,1161.0,True,YES,0.0,False
80,15,RSNA_43306,R-CC,NO,1254.0,True,YES,0.0,False
80,15,RSNA_43306,L-MLO,NO,1052.0,True,YES,0.0,False
80,15,RSNA_43306,R-MLO,NO,1110.0,True,YES,0.0,False
80,16,RSNA_4331,L-CC,NO,0.0,False,,,
80,16,RSNA_4331,R-CC,NO,0.0,False,,,
80,16,RSNA_4331,L-MLO,NO,0.0,False,,,
80,16,RSNA_4331,R-MLO,NO,0.0,False,,,
80,17,RSNA_43340,L-CC,NO,0.0,False,,,
80,17,RSNA_43340,R-CC,NO,0.0,False,,,
80,17,RSNA_43340,L-MLO,NO,0.0,False,,,
80,17,RSNA_43340,R-MLO,NO,0.0,False,,,
80,18,RSNA_43343,L-CC,NO,0.0,False,,,
80,18,RSNA_43343,R-CC,NO,0.0,False,,,
80,18,RSNA_43343,L-MLO,NO,0.0,False,,,
80,18,RSNA_43343,R-MLO,NO,0.0,False,,,
80,19,RSNA_43369,L-CC,NO,0.0,False,,,
80,19,RSNA_43369,R-CC,NO,0.0,False,,,
80,19,RSNA_43369,L-MLO,NO,0.0,False,,,
80,19,RSNA_43369,R-MLO,NO,0.0,False,,,
80,20,RSNA_43370,L-CC,NO,0.0,False,,,
80,20,RSNA_43370,R-CC,NO,0.0,False,,,
80,20,RSNA_43370,L-MLO,NO,0.0,False,,,
80,20,RSNA_43370,R-MLO,NO,0.0,False,,,
80,21,RSNA_43372,L-CC,NO,0.0,False,,,
80,21,RSNA_43372,R-CC,NO,0.0,False,,,
80,21,RSNA_43372,L-MLO,NO,0.0,False,,,
80,21,RSNA_43372,R-MLO,NO,0.0,False,,,
80,22,RSNA_43377,L-CC,NO,1109.0,True,YES,0.0,False
80,22,RSNA_43377,R-CC,NO,1561.0,True,YES,0.0,False
80,22,RSNA_43377,L-MLO,NO,903.0,True,YES,0.0,False
80,22,RSNA_43377,R-MLO,NO,1279.0,True,YES,0.0,False
80,23,RSNA_43381,L-CC,NO,0.0,False,,,
80,23,RSNA_43381,R-CC,NO,0.0,False,,,
80,23,RSNA_43381,L-MLO,NO,0.0,False,,,
80,23,RSNA_43381,R-MLO,NO,0.0,False,,,
80,24,RSNA_43390,L-CC,NO,0.0,False,,,
80,24,RSNA_43390,R-CC,NO,0.0,False,,,
80,24,RSNA_43390,L-MLO,NO,0.0,False,,,
80,24,RSNA_43390,R-MLO,NO,0.0,False,,,
81,0,RSNA_434,L-CC,NO,0.0,False,,,
81,0,RSNA_434,R-CC,NO,0.0,False,,,
81,0,RSNA_434,L-MLO,NO,0.0,False,,,
81,0,RSNA_434,R-MLO,NO,0.0,False,,,
81,1,RSNA_43447,L-CC,NO,0.0,False,,,
81,1,RSNA_43447,R-CC,NO,0.0,False,,,
81,1,RSNA_43447,L-MLO,NO,0.0,False,,,
81,1,RSNA_43447,R-MLO,NO,0.0,False,,,
81,2,RSNA_4345,L-CC,NO,0.0,False,,,
81,2,RSNA_4345,R-CC,NO,0.0,False,,,
81,2,RSNA_4345,L-MLO,NO,0.0,False,,,
81,2,RSNA_4345,R-MLO,NO,0.0,False,,,
81,3,RSNA_43498,L-CC,NO,0.0,False,,,
81,3,RSNA_43498,R-CC,NO,0.0,False,,,
81,3,RSNA_43498,L-MLO,NO,0.0,False,,,
81,3,RSNA_43498,R-MLO,NO,0.0,False,,,
81,4,RSNA_4350,L-CC,NO,0.0,False,,,
81,4,RSNA_4350,R-CC,NO,0.0,False,,,
81,4,RSNA_4350,L-MLO,NO,0.0,False,,,
81,4,RSNA_4350,R-MLO,NO,0.0,False,,,
81,5,RSNA_43527,L-CC,NO,0.0,False,,,
81,5,RSNA_43527,R-CC,NO,0.0,False,,,
81,5,RSNA_43527,L-MLO,NO,0.0,False,,,
81,5,RSNA_43527,R-MLO,NO,0.0,False,,,
81,6,RSNA_43529,L-CC,NO,0.0,False,,,
81,6,RSNA_43529,R-CC,NO,0.0,False,,,
81,6,RSNA_43529,L-MLO,NO,0.0,False,,,
81,6,RSNA_43529,R-MLO,NO,0.0,False,,,
81,7,RSNA_4353,L-CC,NO,1677.0,True,YES,0.0,False
81,7,RSNA_4353,R-CC,NO,1773.0,True,YES,0.0,False
81,7,RSNA_4353,L-MLO,NO,1573.0,True,YES,0.0,False
81,7,RSNA_4353,R-MLO,NO,1572.0,True,YES,0.0,False
81,8,RSNA_43552,L-CC,NO,0.0,False,,,
81,8,RSNA_43552,R-CC,NO,0.0,False,,,
81,8,RSNA_43552,L-MLO,NO,0.0,False,,,
81,8,RSNA_43552,R-MLO,NO,0.0,False,,,
81,9,RSNA_43560,L-CC,NO,0.0,False,,,
81,9,RSNA_43560,R-CC,NO,0.0,False,,,
81,9,RSNA_43560,L-MLO,NO,0.0,False,,,
81,9,RSNA_43560,R-MLO,NO,0.0,False,,,
81,10,RSNA_43615,L-CC,NO,0.0,False,,,
81,10,RSNA_43615,R-CC,NO,0.0,False,,,
81,10,RSNA_43615,L-MLO,NO,0.0,False,,,
81,10,RSNA_43615,R-MLO,NO,0.0,False,,,
81,11,RSNA_43618,L-CC,NO,1501.0,True,YES,0.0,False
81,11,RSNA_43618,R-CC,NO,1549.0,True,YES,0.0,False
81,11,RSNA_43618,L-MLO,NO,1606.0,True,YES,0.0,False
81,11,RSNA_43618,R-MLO,NO,1526.0,True,YES,0.0,False
81,12,RSNA_43619,L-CC,NO,0.0,False,,,
81,12,RSNA_43619,R-CC,NO,0.0,False,,,
81,12,RSNA_43619,L-MLO,NO,0.0,False,,,
81,12,RSNA_43619,R-MLO,NO,0.0,False,,,
81,13,RSNA_43621,L-CC,NO,1685.0,True,YES,0.0,False
81,13,RSNA_43621,R-CC,NO,1616.0,True,YES,0.0,False
81,13,RSNA_43621,L-MLO,NO,1829.0,True,YES,0.0,False
81,13,RSNA_43621,R-MLO,NO,1722.0,True,YES,0.0,False
81,14,RSNA_43624,L-CC,NO,0.0,False,,,
81,14,RSNA_43624,R-CC,NO,0.0,False,,,
81,14,RSNA_43624,L-MLO,NO,0.0,False,,,
81,14,RSNA_43624,R-MLO,NO,0.0,False,,,
81,15,RSNA_43641,L-CC,NO,0.0,False,,,
81,15,RSNA_43641,R-CC,NO,0.0,False,,,
81,15,RSNA_43641,L-MLO,NO,0.0,False,,,
81,15,RSNA_43641,R-MLO,NO,0.0,False,,,
81,16,RSNA_43648,L-CC,NO,0.0,False,,,
81,16,RSNA_43648,R-CC,NO,0.0,False,,,
81,16,RSNA_43648,L-MLO,NO,0.0,False,,,
81,16,RSNA_43648,R-MLO,NO,0.0,False,,,
81,17,RSNA_43701,L-CC,NO,0.0,False,,,
81,17,RSNA_43701,R-CC,NO,0.0,False,,,
81,17,RSNA_43701,L-MLO,NO,0.0,False,,,
81,17,RSNA_43701,R-MLO,NO,0.0,False,,,
81,18,RSNA_43728,L-CC,NO,0.0,False,,,
81,18,RSNA_43728,R-CC,NO,0.0,False,,,
81,18,RSNA_43728,L-MLO,NO,0.0,False,,,
81,18,RSNA_43728,R-MLO,NO,0.0,False,,,
81,19,RSNA_43742,L-CC,NO,629.0,True,YES,0.0,False
81,19,RSNA_43742,R-CC,NO,675.0,True,YES,0.0,False
81,19,RSNA_43742,L-MLO,NO,519.0,True,YES,0.0,False
81,19,RSNA_43742,R-MLO,NO,564.0,True,YES,0.0,False
81,20,RSNA_43804,L-CC,NO,0.0,False,,,
81,20,RSNA_43804,R-CC,NO,0.0,False,,,
81,20,RSNA_43804,L-MLO,NO,0.0,False,,,
81,20,RSNA_43804,R-MLO,NO,0.0,False,,,
81,21,RSNA_43836,L-CC,NO,0.0,False,,,
81,21,RSNA_43836,R-CC,NO,0.0,False,,,
81,21,RSNA_43836,L-MLO,NO,0.0,False,,,
81,21,RSNA_43836,R-MLO,NO,0.0,False,,,
81,22,RSNA_43843,L-CC,NO,0.0,False,,,
81,22,RSNA_43843,R-CC,NO,0.0,False,,,
81,22,RSNA_43843,L-MLO,NO,0.0,False,,,
81,22,RSNA_43843,R-MLO,NO,0.0,False,,,
81,23,RSNA_43851,L-CC,NO,0.0,False,,,
81,23,RSNA_43851,R-CC,NO,0.0,False,,,
81,23,RSNA_43851,L-MLO,NO,0.0,False,,,
81,23,RSNA_43851,R-MLO,NO,0.0,False,,,
81,24,RSNA_43861,L-CC,NO,0.0,False,,,
81,24,RSNA_43861,R-CC,NO,0.0,False,,,
81,24,RSNA_43861,L-MLO,NO,0.0,False,,,
81,24,RSNA_43861,R-MLO,NO,0.0,False,,,
82,0,RSNA_43878,L-CC,NO,0.0,False,,,
82,0,RSNA_43878,R-CC,NO,0.0,False,,,
82,0,RSNA_43878,L-MLO,NO,0.0,False,,,
82,0,RSNA_43878,R-MLO,NO,0.0,False,,,
82,1,RSNA_43880,L-CC,NO,0.0,False,,,
82,1,RSNA_43880,R-CC,NO,0.0,False,,,
82,1,RSNA_43880,L-MLO,NO,0.0,False,,,
82,1,RSNA_43880,R-MLO,NO,0.0,False,,,
82,2,RSNA_43887,L-CC,NO,0.0,False,,,
82,2,RSNA_43887,R-CC,NO,0.0,False,,,
82,2,RSNA_43887,L-MLO,NO,0.0,False,,,
82,2,RSNA_43887,R-MLO,NO,0.0,False,,,
82,3,RSNA_4392,L-CC,NO,0.0,False,,,
82,3,RSNA_4392,R-CC,NO,0.0,False,,,
82,3,RSNA_4392,L-MLO,NO,0.0,False,,,
82,3,RSNA_4392,R-MLO,NO,0.0,False,,,
82,4,RSNA_43931,L-CC,NO,0.0,False,,,
82,4,RSNA_43931,R-CC,NO,0.0,False,,,
82,4,RSNA_43931,L-MLO,NO,0.0,False,,,
82,4,RSNA_43931,R-MLO,NO,0.0,False,,,
82,5,RSNA_43943,L-CC,NO,0.0,False,,,
82,5,RSNA_43943,R-CC,NO,0.0,False,,,
82,5,RSNA_43943,L-MLO,NO,0.0,False,,,
82,5,RSNA_43943,R-MLO,NO,0.0,False,,,
82,6,RSNA_43949,L-CC,NO,0.0,False,,,
82,6,RSNA_43949,R-CC,NO,0.0,False,,,
82,6,RSNA_43949,L-MLO,NO,0.0,False,,,
82,6,RSNA_43949,R-MLO,NO,0.0,False,,,
82,7,RSNA_43950,L-CC,NO,860.0,True,YES,0.0,False
82,7,RSNA_43950,R-CC,NO,961.0,True,YES,0.0,False
82,7,RSNA_43950,L-MLO,NO,777.0,True,YES,0.0,False
82,7,RSNA_43950,R-MLO,NO,916.0,True,YES,0.0,False
82,8,RSNA_44000,L-CC,NO,0.0,False,,,
82,8,RSNA_44000,R-CC,NO,0.0,False,,,
82,8,RSNA_44000,L-MLO,NO,0.0,False,,,
82,8,RSNA_44000,R-MLO,NO,0.0,False,,,
82,9,RSNA_44008,L-CC,NO,0.0,False,,,
82,9,RSNA_44008,R-CC,NO,0.0,False,,,
82,9,RSNA_44008,L-MLO,NO,0.0,False,,,
82,9,RSNA_44008,R-MLO,NO,0.0,False,,,
82,10,RSNA_44021,L-CC,NO,0.0,False,,,
82,10,RSNA_44021,R-CC,NO,0.0,False,,,
82,10,RSNA_44021,L-MLO,NO,0.0,False,,,
82,10,RSNA_44021,R-MLO,NO,0.0,False,,,
82,11,RSNA_4404,L-CC,NO,0.0,False,,,
82,11,RSNA_4404,R-CC,NO,0.0,False,,,
82,11,RSNA_4404,L-MLO,NO,0.0,False,,,
82,11,RSNA_4404,R-MLO,NO,0.0,False,,,
82,12,RSNA_44047,L-CC,NO,524.0,True,,,
82,12,RSNA_44047,R-CC,NO,758.0,True,,,
82,12,RSNA_44047,L-MLO,NO,0.0,False,,,
82,12,RSNA_44047,R-MLO,NO,0.0,False,,,
82,13,RSNA_44062,L-CC,NO,0.0,False,,,
82,13,RSNA_44062,R-CC,NO,0.0,False,,,
82,13,RSNA_44062,L-MLO,NO,0.0,False,,,
82,13,RSNA_44062,R-MLO,NO,0.0,False,,,
82,14,RSNA_44067,L-CC,NO,0.0,False,,,
82,14,RSNA_44067,R-CC,NO,0.0,False,,,
82,14,RSNA_44067,L-MLO,NO,0.0,False,,,
82,14,RSNA_44067,R-MLO,NO,0.0,False,,,
82,15,RSNA_44112,L-CC,NO,1399.0,True,YES,0.0,False
82,15,RSNA_44112,R-CC,NO,1211.0,True,YES,0.0,False
82,15,RSNA_44112,L-MLO,NO,1275.0,True,YES,0.0,False
82,15,RSNA_44112,R-MLO,NO,1224.0,True,YES,0.0,False
82,16,RSNA_44121,L-CC,NO,1610.0,True,YES,0.0,False
82,16,RSNA_44121,R-CC,NO,1686.0,True,YES,0.0,False
82,16,RSNA_44121,L-MLO,NO,1520.0,True,YES,0.0,False
82,16,RSNA_44121,R-MLO,NO,1501.0,True,YES,0.0,False
82,17,RSNA_44128,L-CC,NO,0.0,False,,,
82,17,RSNA_44128,R-CC,NO,0.0,False,,,
82,17,RSNA_44128,L-MLO,NO,0.0,False,,,
82,17,RSNA_44128,R-MLO,NO,0.0,False,,,
82,18,RSNA_44136,L-CC,NO,1766.0,True,YES,0.0,False
82,18,RSNA_44136,R-CC,NO,1805.0,True,YES,0.0,False
82,18,RSNA_44136,L-MLO,NO,1572.0,True,YES,0.0,False
82,18,RSNA_44136,R-MLO,NO,1660.0,True,YES,0.0,False
82,19,RSNA_44141,L-CC,NO,0.0,False,,,
82,19,RSNA_44141,R-CC,NO,0.0,False,,,
82,19,RSNA_44141,L-MLO,NO,0.0,False,,,
82,19,RSNA_44141,R-MLO,NO,0.0,False,,,
82,20,RSNA_44172,L-CC,NO,0.0,False,,,
82,20,RSNA_44172,R-CC,NO,0.0,False,,,
82,20,RSNA_44172,L-MLO,NO,0.0,False,,,
82,20,RSNA_44172,R-MLO,NO,0.0,False,,,
82,21,RSNA_44182,L-CC,NO,0.0,False,,,
82,21,RSNA_44182,R-CC,NO,0.0,False,,,
82,21,RSNA_44182,L-MLO,NO,0.0,False,,,
82,21,RSNA_44182,R-MLO,NO,0.0,False,,,
82,22,RSNA_442,L-CC,NO,0.0,False,,,
82,22,RSNA_442,R-CC,NO,0.0,False,,,
82,22,RSNA_442,L-MLO,NO,0.0,False,,,
82,22,RSNA_442,R-MLO,NO,0.0,False,,,
82,23,RSNA_44202,L-CC,NO,0.0,False,,,
82,23,RSNA_44202,R-CC,NO,0.0,False,,,
82,23,RSNA_44202,L-MLO,NO,0.0,False,,,
82,23,RSNA_44202,R-MLO,NO,0.0,False,,,
82,24,RSNA_44211,L-CC,NO,0.0,False,,,
82,24,RSNA_44211,R-CC,NO,0.0,False,,,
82,24,RSNA_44211,L-MLO,NO,0.0,False,,,
82,24,RSNA_44211,R-MLO,NO,0.0,False,,,
83,0,RSNA_44224,L-CC,NO,1311.0,True,YES,0.0,False
83,0,RSNA_44224,R-CC,NO,1124.0,True,YES,0.0,False
83,0,RSNA_44224,L-MLO,NO,1129.0,True,YES,0.0,False
83,0,RSNA_44224,R-MLO,NO,1107.0,True,YES,0.0,False
83,1,RSNA_4424,L-CC,NO,0.0,False,,,
83,1,RSNA_4424,R-CC,NO,0.0,False,,,
83,1,RSNA_4424,L-MLO,NO,0.0,False,,,
83,1,RSNA_4424,R-MLO,NO,0.0,False,,,
83,2,RSNA_44244,L-CC,NO,0.0,False,,,
83,2,RSNA_44244,R-CC,NO,0.0,False,,,
83,2,RSNA_44244,L-MLO,NO,0.0,False,,,
83,2,RSNA_44244,R-MLO,NO,0.0,False,,,
83,3,RSNA_44245,L-CC,NO,0.0,False,,,
83,3,RSNA_44245,R-CC,NO,0.0,False,,,
83,3,RSNA_44245,L-MLO,NO,0.0,False,,,
83,3,RSNA_44245,R-MLO,NO,0.0,False,,,
83,4,RSNA_44250,L-CC,NO,0.0,False,,,
83,4,RSNA_44250,R-CC,NO,0.0,False,,,
83,4,RSNA_44250,L-MLO,NO,0.0,False,,,
83,4,RSNA_44250,R-MLO,NO,0.0,False,,,
83,5,RSNA_44256,L-CC,NO,0.0,False,,,
83,5,RSNA_44256,R-CC,NO,0.0,False,,,
83,5,RSNA_44256,L-MLO,NO,0.0,False,,,
83,5,RSNA_44256,R-MLO,NO,0.0,False,,,
83,6,RSNA_44259,L-CC,NO,0.0,False,,,
83,6,RSNA_44259,R-CC,NO,0.0,False,,,
83,6,RSNA_44259,L-MLO,NO,0.0,False,,,
83,6,RSNA_44259,R-MLO,NO,0.0,False,,,
83,7,RSNA_44286,L-CC,NO,0.0,False,,,
83,7,RSNA_44286,R-CC,NO,0.0,False,,,
83,7,RSNA_44286,L-MLO,NO,0.0,False,,,
83,7,RSNA_44286,R-MLO,NO,0.0,False,,,
83,8,RSNA_44288,L-CC,NO,0.0,False,,,
83,8,RSNA_44288,R-CC,NO,0.0,False,,,
83,8,RSNA_44288,L-MLO,NO,0.0,False,,,
83,8,RSNA_44288,R-MLO,NO,0.0,False,,,
83,9,RSNA_44300,L-CC,NO,0.0,False,,,
83,9,RSNA_44300,R-CC,NO,0.0,False,,,
83,9,RSNA_44300,L-MLO,NO,0.0,False,,,
83,9,RSNA_44300,R-MLO,NO,0.0,False,,,
83,10,RSNA_44325,L-CC,NO,0.0,False,,,
83,10,RSNA_44325,R-CC,NO,0.0,False,,,
83,10,RSNA_44325,L-MLO,NO,0.0,False,,,
83,10,RSNA_44325,R-MLO,NO,0.0,False,,,
83,11,RSNA_44353,L-CC,NO,0.0,False,,,
83,11,RSNA_44353,R-CC,NO,0.0,False,,,
83,11,RSNA_44353,L-MLO,NO,0.0,False,,,
83,11,RSNA_44353,R-MLO,NO,0.0,False,,,
83,12,RSNA_44379,L-CC,NO,0.0,False,,,
83,12,RSNA_44379,R-CC,NO,0.0,False,,,
83,12,RSNA_44379,L-MLO,NO,0.0,False,,,
83,12,RSNA_44379,R-MLO,NO,0.0,False,,,
83,13,RSNA_44389,L-CC,NO,0.0,False,,,
83,13,RSNA_44389,R-CC,NO,0.0,False,,,
83,13,RSNA_44389,L-MLO,NO,0.0,False,,,
83,13,RSNA_44389,R-MLO,NO,0.0,False,,,
83,14,RSNA_4441,L-CC,NO,0.0,False,,,
83,14,RSNA_4441,R-CC,NO,0.0,False,,,
83,14,RSNA_4441,L-MLO,NO,0.0,False,,,
83,14,RSNA_4441,R-MLO,NO,0.0,False,,,
83,15,RSNA_44429,L-CC,NO,0.0,False,,,
83,15,RSNA_44429,R-CC,NO,0.0,False,,,
83,15,RSNA_44429,L-MLO,NO,0.0,False,,,
83,15,RSNA_44429,R-MLO,NO,0.0,False,,,
83,16,RSNA_44437,L-CC,NO,0.0,False,,,
83,16,RSNA_44437,R-CC,NO,0.0,False,,,
83,16,RSNA_44437,L-MLO,NO,0.0,False,,,
83,16,RSNA_44437,R-MLO,NO,0.0,False,,,
83,17,RSNA_44454,L-CC,NO,0.0,False,,,
83,17,RSNA_44454,R-CC,NO,0.0,False,,,
83,17,RSNA_44454,L-MLO,NO,0.0,False,,,
83,17,RSNA_44454,R-MLO,NO,0.0,False,,,
83,18,RSNA_44474,L-CC,NO,0.0,False,,,
83,18,RSNA_44474,R-CC,NO,0.0,False,,,
83,18,RSNA_44474,L-MLO,NO,0.0,False,,,
83,18,RSNA_44474,R-MLO,NO,0.0,False,,,
83,19,RSNA_44496,L-CC,NO,0.0,False,,,
83,19,RSNA_44496,R-CC,NO,0.0,False,,,
83,19,RSNA_44496,L-MLO,NO,0.0,False,,,
83,19,RSNA_44496,R-MLO,NO,0.0,False,,,
83,20,RSNA_44504,L-CC,NO,0.0,False,,,
83,20,RSNA_44504,R-CC,NO,0.0,False,,,
83,20,RSNA_44504,L-MLO,NO,0.0,False,,,
83,20,RSNA_44504,R-MLO,NO,0.0,False,,,
83,21,RSNA_44514,L-CC,NO,0.0,False,,,
83,21,RSNA_44514,R-CC,NO,0.0,False,,,
83,21,RSNA_44514,L-MLO,NO,0.0,False,,,
83,21,RSNA_44514,R-MLO,NO,0.0,False,,,
83,22,RSNA_44516,L-CC,NO,1399.0,True,YES,0.0,False
83,22,RSNA_44516,R-CC,NO,1248.0,True,YES,0.0,False
83,22,RSNA_44516,L-MLO,NO,1322.0,True,YES,0.0,False
83,22,RSNA_44516,R-MLO,NO,1336.0,True,YES,0.0,False
83,23,RSNA_4455,L-CC,NO,0.0,False,,,
83,23,RSNA_4455,R-CC,NO,0.0,False,,,
83,23,RSNA_4455,L-MLO,NO,0.0,False,,,
83,23,RSNA_4455,R-MLO,NO,0.0,False,,,
83,24,RSNA_44556,L-CC,NO,0.0,False,,,
83,24,RSNA_44556,R-CC,NO,0.0,False,,,
83,24,RSNA_44556,L-MLO,NO,0.0,False,,,
83,24,RSNA_44556,R-MLO,NO,0.0,False,,,
84,0,RSNA_4459,L-CC,NO,0.0,False,,,
84,0,RSNA_4459,R-CC,NO,0.0,False,,,
84,0,RSNA_4459,L-MLO,NO,0.0,False,,,
84,0,RSNA_4459,R-MLO,NO,0.0,False,,,
84,1,RSNA_44591,L-CC,NO,0.0,False,,,
84,1,RSNA_44591,R-CC,NO,0.0,False,,,
84,1,RSNA_44591,L-MLO,NO,0.0,False,,,
84,1,RSNA_44591,R-MLO,NO,0.0,False,,,
84,2,RSNA_44701,L-CC,NO,0.0,False,,,
84,2,RSNA_44701,R-CC,NO,0.0,False,,,
84,2,RSNA_44701,L-MLO,NO,0.0,False,,,
84,2,RSNA_44701,R-MLO,NO,0.0,False,,,
84,3,RSNA_44714,L-CC,NO,0.0,False,,,
84,3,RSNA_44714,R-CC,NO,0.0,False,,,
84,3,RSNA_44714,L-MLO,NO,0.0,False,,,
84,3,RSNA_44714,R-MLO,NO,0.0,False,,,
84,4,RSNA_44728,L-CC,NO,0.0,False,,,
84,4,RSNA_44728,R-CC,NO,0.0,False,,,
84,4,RSNA_44728,L-MLO,NO,0.0,False,,,
84,4,RSNA_44728,R-MLO,NO,0.0,False,,,
84,5,RSNA_44729,L-CC,NO,0.0,False,,,
84,5,RSNA_44729,R-CC,NO,0.0,False,,,
84,5,RSNA_44729,L-MLO,NO,0.0,False,,,
84,5,RSNA_44729,R-MLO,NO,0.0,False,,,
84,6,RSNA_4474,L-CC,NO,0.0,False,,,
84,6,RSNA_4474,R-CC,NO,0.0,False,,,
84,6,RSNA_4474,L-MLO,NO,0.0,False,,,
84,6,RSNA_4474,R-MLO,NO,0.0,False,,,
84,7,RSNA_44745,L-CC,NO,0.0,False,,,
84,7,RSNA_44745,R-CC,NO,0.0,False,,,
84,7,RSNA_44745,L-MLO,NO,0.0,False,,,
84,7,RSNA_44745,R-MLO,NO,0.0,False,,,
84,8,RSNA_44756,L-CC,NO,0.0,False,,,
84,8,RSNA_44756,R-CC,NO,0.0,False,,,
84,8,RSNA_44756,L-MLO,NO,0.0,False,,,
84,8,RSNA_44756,R-MLO,NO,0.0,False,,,
84,9,RSNA_44850,L-CC,NO,0.0,False,,,
84,9,RSNA_44850,R-CC,NO,0.0,False,,,
84,9,RSNA_44850,L-MLO,NO,0.0,False,,,
84,9,RSNA_44850,R-MLO,NO,0.0,False,,,
84,10,RSNA_44855,L-CC,NO,0.0,False,,,
84,10,RSNA_44855,R-CC,NO,0.0,False,,,
84,10,RSNA_44855,L-MLO,NO,0.0,False,,,
84,10,RSNA_44855,R-MLO,NO,0.0,False,,,
84,11,RSNA_44880,L-CC,NO,0.0,False,,,
84,11,RSNA_44880,R-CC,NO,0.0,False,,,
84,11,RSNA_44880,L-MLO,NO,0.0,False,,,
84,11,RSNA_44880,R-MLO,NO,0.0,False,,,
84,12,RSNA_44893,L-CC,NO,0.0,False,,,
84,12,RSNA_44893,R-CC,NO,0.0,False,,,
84,12,RSNA_44893,L-MLO,NO,0.0,False,,,
84,12,RSNA_44893,R-MLO,NO,0.0,False,,,
84,13,RSNA_44894,L-CC,NO,0.0,False,,,
84,13,RSNA_44894,R-CC,NO,0.0,False,,,
84,13,RSNA_44894,L-MLO,NO,0.0,False,,,
84,13,RSNA_44894,R-MLO,NO,0.0,False,,,
84,14,RSNA_44906,L-CC,NO,0.0,False,,,
84,14,RSNA_44906,R-CC,NO,0.0,False,,,
84,14,RSNA_44906,L-MLO,NO,0.0,False,,,
84,14,RSNA_44906,R-MLO,NO,0.0,False,,,
84,15,RSNA_44919,L-CC,NO,0.0,False,,,
84,15,RSNA_44919,R-CC,NO,0.0,False,,,
84,15,RSNA_44919,L-MLO,NO,0.0,False,,,
84,15,RSNA_44919,R-MLO,NO,0.0,False,,,
84,16,RSNA_44990,L-CC,NO,1890.0,True,YES,0.0,False
84,16,RSNA_44990,R-CC,NO,1820.0,True,YES,0.0,False
84,16,RSNA_44990,L-MLO,NO,1708.0,True,YES,0.0,False
84,16,RSNA_44990,R-MLO,NO,1658.0,True,YES,0.0,False
84,17,RSNA_45045,L-CC,NO,0.0,False,,,
84,17,RSNA_45045,R-CC,NO,0.0,False,,,
84,17,RSNA_45045,L-MLO,NO,0.0,False,,,
84,17,RSNA_45045,R-MLO,NO,0.0,False,,,
84,18,RSNA_45071,L-CC,NO,0.0,False,,,
84,18,RSNA_45071,R-CC,NO,0.0,False,,,
84,18,RSNA_45071,L-MLO,NO,0.0,False,,,
84,18,RSNA_45071,R-MLO,NO,0.0,False,,,
84,19,RSNA_45085,L-CC,NO,0.0,False,,,
84,19,RSNA_45085,R-CC,NO,0.0,False,,,
84,19,RSNA_45085,L-MLO,NO,0.0,False,,,
84,19,RSNA_45085,R-MLO,NO,0.0,False,,,
84,20,RSNA_4510,L-CC,NO,0.0,False,,,
84,20,RSNA_4510,R-CC,NO,0.0,False,,,
84,20,RSNA_4510,L-MLO,NO,0.0,False,,,
84,20,RSNA_4510,R-MLO,NO,0.0,False,,,
84,21,RSNA_45100,L-CC,NO,0.0,False,,,
84,21,RSNA_45100,R-CC,NO,0.0,False,,,
84,21,RSNA_45100,L-MLO,NO,0.0,False,,,
84,21,RSNA_45100,R-MLO,NO,0.0,False,,,
84,22,RSNA_45113,L-CC,NO,0.0,False,,,
84,22,RSNA_45113,R-CC,NO,0.0,False,,,
84,22,RSNA_45113,L-MLO,NO,0.0,False,,,
84,22,RSNA_45113,R-MLO,NO,0.0,False,,,
84,23,RSNA_45127,L-CC,NO,0.0,False,,,
84,23,RSNA_45127,R-CC,NO,0.0,False,,,
84,23,RSNA_45127,L-MLO,NO,0.0,False,,,
84,23,RSNA_45127,R-MLO,NO,0.0,False,,,
84,24,RSNA_45132,L-CC,NO,0.0,False,,,
84,24,RSNA_45132,R-CC,NO,0.0,False,,,
84,24,RSNA_45132,L-MLO,NO,0.0,False,,,
84,24,RSNA_45132,R-MLO,NO,0.0,False,,,
85,0,RSNA_4517,L-CC,NO,0.0,False,,,
85,0,RSNA_4517,R-CC,NO,0.0,False,,,
85,0,RSNA_4517,L-MLO,NO,0.0,False,,,
85,0,RSNA_4517,R-MLO,NO,0.0,False,,,
85,1,RSNA_45171,L-CC,NO,0.0,False,,,
85,1,RSNA_45171,R-CC,NO,0.0,False,,,
85,1,RSNA_45171,L-MLO,NO,0.0,False,,,
85,1,RSNA_45171,R-MLO,NO,0.0,False,,,
85,2,RSNA_45180,L-CC,NO,0.0,False,,,
85,2,RSNA_45180,R-CC,NO,0.0,False,,,
85,2,RSNA_45180,L-MLO,NO,0.0,False,,,
85,2,RSNA_45180,R-MLO,NO,0.0,False,,,
85,3,RSNA_45193,L-CC,NO,745.0,True,YES,0.0,False
85,3,RSNA_45193,R-CC,NO,969.0,True,YES,0.0,False
85,3,RSNA_45193,L-MLO,NO,595.0,True,YES,0.0,False
85,3,RSNA_45193,R-MLO,NO,1299.0,True,YES,0.0,False
85,4,RSNA_45208,L-CC,NO,0.0,False,,,
85,4,RSNA_45208,R-CC,NO,0.0,False,,,
85,4,RSNA_45208,L-MLO,NO,0.0,False,,,
85,4,RSNA_45208,R-MLO,NO,0.0,False,,,
85,5,RSNA_45222,L-CC,NO,0.0,False,,,
85,5,RSNA_45222,R-CC,NO,0.0,False,,,
85,5,RSNA_45222,L-MLO,NO,0.0,False,,,
85,5,RSNA_45222,R-MLO,NO,0.0,False,,,
85,6,RSNA_45248,L-CC,NO,0.0,False,,,
85,6,RSNA_45248,R-CC,NO,0.0,False,,,
85,6,RSNA_45248,L-MLO,NO,0.0,False,,,
85,6,RSNA_45248,R-MLO,NO,0.0,False,,,
85,7,RSNA_45254,L-CC,NO,0.0,False,,,
85,7,RSNA_45254,R-CC,NO,0.0,False,,,
85,7,RSNA_45254,L-MLO,NO,0.0,False,,,
85,7,RSNA_45254,R-MLO,NO,0.0,False,,,
85,8,RSNA_45305,L-CC,NO,1412.0,True,YES,0.0,False
85,8,RSNA_45305,R-CC,NO,1553.0,True,YES,0.0,False
85,8,RSNA_45305,L-MLO,NO,1251.0,True,YES,0.0,False
85,8,RSNA_45305,R-MLO,NO,1329.0,True,YES,0.0,False
85,9,RSNA_45320,L-CC,NO,0.0,False,,,
85,9,RSNA_45320,R-CC,NO,0.0,False,,,
85,9,RSNA_45320,L-MLO,NO,0.0,False,,,
85,9,RSNA_45320,R-MLO,NO,0.0,False,,,
85,10,RSNA_45322,L-CC,NO,0.0,False,,,
85,10,RSNA_45322,R-CC,NO,0.0,False,,,
85,10,RSNA_45322,L-MLO,NO,0.0,False,,,
85,10,RSNA_45322,R-MLO,NO,0.0,False,,,
85,11,RSNA_45344,L-CC,NO,0.0,False,,,
85,11,RSNA_45344,R-CC,NO,0.0,False,,,
85,11,RSNA_45344,L-MLO,NO,0.0,False,,,
85,11,RSNA_45344,R-MLO,NO,0.0,False,,,
85,12,RSNA_45351,L-CC,NO,0.0,False,,,
85,12,RSNA_45351,R-CC,NO,0.0,False,,,
85,12,RSNA_45351,L-MLO,NO,0.0,False,,,
85,12,RSNA_45351,R-MLO,NO,0.0,False,,,
85,13,RSNA_45359,L-CC,NO,0.0,False,,,
85,13,RSNA_45359,R-CC,NO,0.0,False,,,
85,13,RSNA_45359,L-MLO,NO,0.0,False,,,
85,13,RSNA_45359,R-MLO,NO,0.0,False,,,
85,14,RSNA_454,L-CC,NO,0.0,False,,,
85,14,RSNA_454,R-CC,NO,0.0,False,,,
85,14,RSNA_454,L-MLO,NO,0.0,False,,,
85,14,RSNA_454,R-MLO,NO,0.0,False,,,
85,15,RSNA_45408,L-CC,NO,0.0,False,,,
85,15,RSNA_45408,R-CC,NO,0.0,False,,,
85,15,RSNA_45408,L-MLO,NO,0.0,False,,,
85,15,RSNA_45408,R-MLO,NO,0.0,False,,,
85,16,RSNA_45410,L-CC,NO,0.0,False,,,
85,16,RSNA_45410,R-CC,NO,0.0,False,,,
85,16,RSNA_45410,L-MLO,NO,0.0,False,,,
85,16,RSNA_45410,R-MLO,NO,0.0,False,,,
85,17,RSNA_45413,L-CC,NO,0.0,False,,,
85,17,RSNA_45413,R-CC,NO,0.0,False,,,
85,17,RSNA_45413,L-MLO,NO,0.0,False,,,
85,17,RSNA_45413,R-MLO,NO,0.0,False,,,
85,18,RSNA_45423,L-CC,NO,0.0,False,,,
85,18,RSNA_45423,R-CC,NO,0.0,False,,,
85,18,RSNA_45423,L-MLO,NO,0.0,False,,,
85,18,RSNA_45423,R-MLO,NO,0.0,False,,,
85,19,RSNA_45442,L-CC,NO,0.0,False,,,
85,19,RSNA_45442,R-CC,NO,0.0,False,,,
85,19,RSNA_45442,L-MLO,NO,0.0,False,,,
85,19,RSNA_45442,R-MLO,NO,0.0,False,,,
85,20,RSNA_45461,L-CC,NO,0.0,False,,,
85,20,RSNA_45461,R-CC,NO,0.0,False,,,
85,20,RSNA_45461,L-MLO,NO,0.0,False,,,
85,20,RSNA_45461,R-MLO,NO,0.0,False,,,
85,21,RSNA_45465,L-CC,NO,0.0,False,,,
85,21,RSNA_45465,R-CC,NO,0.0,False,,,
85,21,RSNA_45465,L-MLO,NO,0.0,False,,,
85,21,RSNA_45465,R-MLO,NO,0.0,False,,,
85,22,RSNA_45482,L-CC,NO,0.0,False,,,
85,22,RSNA_45482,R-CC,NO,0.0,False,,,
85,22,RSNA_45482,L-MLO,NO,0.0,False,,,
85,22,RSNA_45482,R-MLO,NO,0.0,False,,,
85,23,RSNA_4550,L-CC,NO,0.0,False,,,
85,23,RSNA_4550,R-CC,NO,0.0,False,,,
85,23,RSNA_4550,L-MLO,NO,0.0,False,,,
85,23,RSNA_4550,R-MLO,NO,0.0,False,,,
85,24,RSNA_45542,L-CC,NO,0.0,False,,,
85,24,RSNA_45542,R-CC,NO,0.0,False,,,
85,24,RSNA_45542,L-MLO,NO,0.0,False,,,
85,24,RSNA_45542,R-MLO,NO,0.0,False,,,
86,0,RSNA_45571,L-CC,NO,1344.0,True,YES,0.0,False
86,0,RSNA_45571,R-CC,NO,1448.0,True,YES,0.0,False
86,0,RSNA_45571,L-MLO,NO,1283.0,True,YES,0.0,False
86,0,RSNA_45571,R-MLO,NO,1414.0,True,YES,0.0,False
86,1,RSNA_45583,L-CC,NO,769.0,True,YES,0.0,False
86,1,RSNA_45583,R-CC,NO,784.0,True,YES,0.0,False
86,1,RSNA_45583,L-MLO,NO,920.0,True,YES,0.0,False
86,1,RSNA_45583,R-MLO,NO,842.0,True,YES,0.0,False
86,2,RSNA_45592,L-CC,NO,0.0,False,,,
86,2,RSNA_45592,R-CC,NO,0.0,False,,,
86,2,RSNA_45592,L-MLO,NO,0.0,False,,,
86,2,RSNA_45592,R-MLO,NO,0.0,False,,,
86,3,RSNA_45629,L-CC,NO,0.0,False,,,
86,3,RSNA_45629,R-CC,NO,0.0,False,,,
86,3,RSNA_45629,L-MLO,NO,656.0,True,,,
86,3,RSNA_45629,R-MLO,NO,0.0,False,,,
86,4,RSNA_45657,L-CC,NO,0.0,False,,,
86,4,RSNA_45657,R-CC,NO,0.0,False,,,
86,4,RSNA_45657,L-MLO,NO,0.0,False,,,
86,4,RSNA_45657,R-MLO,NO,0.0,False,,,
86,5,RSNA_45666,L-CC,NO,949.0,True,YES,0.0,False
86,5,RSNA_45666,R-CC,NO,1103.0,True,YES,0.0,False
86,5,RSNA_45666,L-MLO,NO,810.0,True,YES,0.0,False
86,5,RSNA_45666,R-MLO,NO,1029.0,True,YES,0.0,False
86,6,RSNA_45737,L-CC,NO,0.0,False,,,
86,6,RSNA_45737,R-CC,NO,0.0,False,,,
86,6,RSNA_45737,L-MLO,NO,0.0,False,,,
86,6,RSNA_45737,R-MLO,NO,0.0,False,,,
86,7,RSNA_45768,L-CC,NO,840.0,True,YES,0.0,False
86,7,RSNA_45768,R-CC,NO,1974.0,True,YES,0.0,False
86,7,RSNA_45768,L-MLO,NO,1071.0,True,YES,0.0,False
86,7,RSNA_45768,R-MLO,NO,1056.0,True,YES,0.0,False
86,8,RSNA_45770,L-CC,NO,0.0,False,,,
86,8,RSNA_45770,R-CC,NO,0.0,False,,,
86,8,RSNA_45770,L-MLO,NO,0.0,False,,,
86,8,RSNA_45770,R-MLO,NO,0.0,False,,,
86,9,RSNA_45804,L-CC,NO,0.0,False,,,
86,9,RSNA_45804,R-CC,NO,0.0,False,,,
86,9,RSNA_45804,L-MLO,NO,0.0,False,,,
86,9,RSNA_45804,R-MLO,NO,0.0,False,,,
86,10,RSNA_45810,L-CC,NO,0.0,False,,,
86,10,RSNA_45810,R-CC,NO,0.0,False,,,
86,10,RSNA_45810,L-MLO,NO,0.0,False,,,
86,10,RSNA_45810,R-MLO,NO,0.0,False,,,
86,11,RSNA_45858,L-CC,NO,0.0,False,,,
86,11,RSNA_45858,R-CC,NO,0.0,False,,,
86,11,RSNA_45858,L-MLO,NO,0.0,False,,,
86,11,RSNA_45858,R-MLO,NO,0.0,False,,,
86,12,RSNA_45859,L-CC,NO,0.0,False,,,
86,12,RSNA_45859,R-CC,NO,0.0,False,,,
86,12,RSNA_45859,L-MLO,NO,0.0,False,,,
86,12,RSNA_45859,R-MLO,NO,0.0,False,,,
86,13,RSNA_45868,L-CC,NO,0.0,False,,,
86,13,RSNA_45868,R-CC,NO,0.0,False,,,
86,13,RSNA_45868,L-MLO,NO,0.0,False,,,
86,13,RSNA_45868,R-MLO,NO,0.0,False,,,
86,14,RSNA_45870,L-CC,NO,0.0,False,,,
86,14,RSNA_45870,R-CC,NO,0.0,False,,,
86,14,RSNA_45870,L-MLO,NO,0.0,False,,,
86,14,RSNA_45870,R-MLO,NO,0.0,False,,,
86,15,RSNA_45945,L-CC,NO,46.0,True,YES,0.0,False
86,15,RSNA_45945,R-CC,NO,82.0,True,YES,0.0,False
86,15,RSNA_45945,L-MLO,NO,550.0,True,YES,0.0,False
86,15,RSNA_45945,R-MLO,NO,436.0,True,YES,0.0,False
86,16,RSNA_45957,L-CC,NO,0.0,False,,,
86,16,RSNA_45957,R-CC,NO,0.0,False,,,
86,16,RSNA_45957,L-MLO,NO,0.0,False,,,
86,16,RSNA_45957,R-MLO,NO,0.0,False,,,
86,17,RSNA_45967,L-CC,NO,0.0,False,,,
86,17,RSNA_45967,R-CC,NO,0.0,False,,,
86,17,RSNA_45967,L-MLO,NO,0.0,False,,,
86,17,RSNA_45967,R-MLO,NO,0.0,False,,,
86,18,RSNA_45986,L-CC,NO,0.0,False,,,
86,18,RSNA_45986,R-CC,NO,0.0,False,,,
86,18,RSNA_45986,L-MLO,NO,0.0,False,,,
86,18,RSNA_45986,R-MLO,NO,0.0,False,,,
86,19,RSNA_4599,L-CC,NO,1673.0,True,YES,0.0,False
86,19,RSNA_4599,R-CC,NO,1691.0,True,YES,0.0,False
86,19,RSNA_4599,L-MLO,NO,1588.0,True,YES,0.0,False
86,19,RSNA_4599,R-MLO,NO,1673.0,True,YES,0.0,False
86,20,RSNA_46010,L-CC,NO,0.0,False,,,
86,20,RSNA_46010,R-CC,NO,0.0,False,,,
86,20,RSNA_46010,L-MLO,NO,0.0,False,,,
86,20,RSNA_46010,R-MLO,NO,0.0,False,,,
86,21,RSNA_46014,L-CC,NO,0.0,False,,,
86,21,RSNA_46014,R-CC,NO,0.0,False,,,
86,21,RSNA_46014,L-MLO,NO,0.0,False,,,
86,21,RSNA_46014,R-MLO,NO,0.0,False,,,
86,22,RSNA_46020,L-CC,NO,0.0,False,,,
86,22,RSNA_46020,R-CC,NO,0.0,False,,,
86,22,RSNA_46020,L-MLO,NO,0.0,False,,,
86,22,RSNA_46020,R-MLO,NO,0.0,False,,,
86,23,RSNA_46036,L-CC,NO,0.0,False,,,
86,23,RSNA_46036,R-CC,NO,0.0,False,,,
86,23,RSNA_46036,L-MLO,NO,0.0,False,,,
86,23,RSNA_46036,R-MLO,NO,0.0,False,,,
86,24,RSNA_46039,L-CC,NO,0.0,False,,,
86,24,RSNA_46039,R-CC,NO,0.0,False,,,
86,24,RSNA_46039,L-MLO,NO,0.0,False,,,
86,24,RSNA_46039,R-MLO,NO,0.0,False,,,
87,0,RSNA_46043,L-CC,NO,0.0,False,,,
87,0,RSNA_46043,R-CC,NO,0.0,False,,,
87,0,RSNA_46043,L-MLO,NO,0.0,False,,,
87,0,RSNA_46043,R-MLO,NO,0.0,False,,,
87,1,RSNA_46060,L-CC,NO,0.0,False,,,
87,1,RSNA_46060,R-CC,NO,0.0,False,,,
87,1,RSNA_46060,L-MLO,NO,0.0,False,,,
87,1,RSNA_46060,R-MLO,NO,0.0,False,,,
87,2,RSNA_46062,L-CC,NO,0.0,False,,,
87,2,RSNA_46062,R-CC,NO,0.0,False,,,
87,2,RSNA_46062,L-MLO,NO,0.0,False,,,
87,2,RSNA_46062,R-MLO,NO,0.0,False,,,
87,3,RSNA_4610,L-CC,NO,1264.0,True,YES,0.0,False
87,3,RSNA_4610,R-CC,NO,1261.0,True,YES,0.0,False
87,3,RSNA_4610,L-MLO,NO,1044.0,True,YES,0.0,False
87,3,RSNA_4610,R-MLO,NO,1122.0,True,YES,0.0,False
87,4,RSNA_46124,L-CC,NO,0.0,False,,,
87,4,RSNA_46124,R-CC,NO,0.0,False,,,
87,4,RSNA_46124,L-MLO,NO,0.0,False,,,
87,4,RSNA_46124,R-MLO,NO,0.0,False,,,
87,5,RSNA_46129,L-CC,NO,0.0,False,,,
87,5,RSNA_46129,R-CC,NO,0.0,False,,,
87,5,RSNA_46129,L-MLO,NO,0.0,False,,,
87,5,RSNA_46129,R-MLO,NO,0.0,False,,,
87,6,RSNA_46144,L-CC,NO,0.0,False,,,
87,6,RSNA_46144,R-CC,NO,0.0,False,,,
87,6,RSNA_46144,L-MLO,NO,0.0,False,,,
87,6,RSNA_46144,R-MLO,NO,0.0,False,,,
87,7,RSNA_46146,L-CC,NO,0.0,False,,,
87,7,RSNA_46146,R-CC,NO,0.0,False,,,
87,7,RSNA_46146,L-MLO,NO,0.0,False,,,
87,7,RSNA_46146,R-MLO,NO,0.0,False,,,
87,8,RSNA_46176,L-CC,NO,0.0,False,,,
87,8,RSNA_46176,R-CC,NO,0.0,False,,,
87,8,RSNA_46176,L-MLO,NO,0.0,False,,,
87,8,RSNA_46176,R-MLO,NO,0.0,False,,,
87,9,RSNA_46205,L-CC,NO,0.0,False,,,
87,9,RSNA_46205,R-CC,NO,0.0,False,,,
87,9,RSNA_46205,L-MLO,NO,0.0,False,,,
87,9,RSNA_46205,R-MLO,NO,0.0,False,,,
87,10,RSNA_46208,L-CC,NO,0.0,False,,,
87,10,RSNA_46208,R-CC,NO,0.0,False,,,
87,10,RSNA_46208,L-MLO,NO,0.0,False,,,
87,10,RSNA_46208,R-MLO,NO,0.0,False,,,
87,11,RSNA_46210,L-CC,NO,0.0,False,,,
87,11,RSNA_46210,R-CC,NO,0.0,False,,,
87,11,RSNA_46210,L-MLO,NO,0.0,False,,,
87,11,RSNA_46210,R-MLO,NO,0.0,False,,,
87,12,RSNA_46225,L-CC,NO,1382.0,True,YES,0.0,False
87,12,RSNA_46225,R-CC,NO,1457.0,True,YES,0.0,False
87,12,RSNA_46225,L-MLO,NO,1270.0,True,YES,0.0,False
87,12,RSNA_46225,R-MLO,NO,1293.0,True,YES,0.0,False
87,13,RSNA_46240,L-CC,NO,0.0,False,,,
87,13,RSNA_46240,R-CC,NO,0.0,False,,,
87,13,RSNA_46240,L-MLO,NO,0.0,False,,,
87,13,RSNA_46240,R-MLO,NO,0.0,False,,,
87,14,RSNA_46299,L-CC,NO,0.0,False,,,
87,14,RSNA_46299,R-CC,NO,0.0,False,,,
87,14,RSNA_46299,L-MLO,NO,0.0,False,,,
87,14,RSNA_46299,R-MLO,NO,0.0,False,,,
87,15,RSNA_463,L-CC,NO,0.0,False,,,
87,15,RSNA_463,R-CC,NO,0.0,False,,,
87,15,RSNA_463,L-MLO,NO,0.0,False,,,
87,15,RSNA_463,R-MLO,NO,0.0,False,,,
87,16,RSNA_46344,L-CC,NO,1093.0,True,YES,0.0,False
87,16,RSNA_46344,R-CC,NO,1001.0,True,YES,0.0,False
87,16,RSNA_46344,L-MLO,NO,1029.0,True,YES,0.0,False
87,16,RSNA_46344,R-MLO,NO,997.0,True,YES,0.0,False
87,17,RSNA_46377,L-CC,NO,1752.0,True,YES,0.0,False
87,17,RSNA_46377,R-CC,NO,1736.0,True,YES,0.0,False
87,17,RSNA_46377,L-MLO,NO,1629.0,True,YES,0.0,False
87,17,RSNA_46377,R-MLO,NO,1725.0,True,YES,0.0,False
87,18,RSNA_46378,L-CC,NO,0.0,False,,,
87,18,RSNA_46378,R-CC,NO,0.0,False,,,
87,18,RSNA_46378,L-MLO,NO,0.0,False,,,
87,18,RSNA_46378,R-MLO,NO,0.0,False,,,
87,19,RSNA_46390,L-CC,NO,0.0,False,,,
87,19,RSNA_46390,R-CC,NO,0.0,False,,,
87,19,RSNA_46390,L-MLO,NO,0.0,False,,,
87,19,RSNA_46390,R-MLO,NO,0.0,False,,,
87,20,RSNA_46400,L-CC,NO,0.0,False,,,
87,20,RSNA_46400,R-CC,NO,0.0,False,,,
87,20,RSNA_46400,L-MLO,NO,0.0,False,,,
87,20,RSNA_46400,R-MLO,NO,0.0,False,,,
87,21,RSNA_46445,L-CC,NO,0.0,False,,,
87,21,RSNA_46445,R-CC,NO,0.0,False,,,
87,21,RSNA_46445,L-MLO,NO,0.0,False,,,
87,21,RSNA_46445,R-MLO,NO,0.0,False,,,
87,22,RSNA_46455,L-CC,NO,0.0,False,,,
87,22,RSNA_46455,R-CC,NO,0.0,False,,,
87,22,RSNA_46455,L-MLO,NO,0.0,False,,,
87,22,RSNA_46455,R-MLO,NO,0.0,False,,,
87,23,RSNA_46457,L-CC,NO,0.0,False,,,
87,23,RSNA_46457,R-CC,NO,0.0,False,,,
87,23,RSNA_46457,L-MLO,NO,0.0,False,,,
87,23,RSNA_46457,R-MLO,NO,0.0,False,,,
87,24,RSNA_46481,L-CC,NO,1710.0,True,YES,0.0,False
87,24,RSNA_46481,R-CC,NO,1888.0,True,YES,0.0,False
87,24,RSNA_46481,L-MLO,NO,1513.0,True,YES,0.0,False
87,24,RSNA_46481,R-MLO,NO,1858.0,True,YES,0.0,False
88,0,RSNA_46505,L-CC,NO,0.0,False,,,
88,0,RSNA_46505,R-CC,NO,0.0,False,,,
88,0,RSNA_46505,L-MLO,NO,0.0,False,,,
88,0,RSNA_46505,R-MLO,NO,0.0,False,,,
88,1,RSNA_46517,L-CC,NO,0.0,False,,,
88,1,RSNA_46517,R-CC,NO,0.0,False,,,
88,1,RSNA_46517,L-MLO,NO,0.0,False,,,
88,1,RSNA_46517,R-MLO,NO,0.0,False,,,
88,2,RSNA_46560,L-CC,NO,0.0,False,,,
88,2,RSNA_46560,R-CC,NO,0.0,False,,,
88,2,RSNA_46560,L-MLO,NO,0.0,False,,,
88,2,RSNA_46560,R-MLO,NO,0.0,False,,,
88,3,RSNA_46576,L-CC,NO,0.0,False,,,
88,3,RSNA_46576,R-CC,NO,0.0,False,,,
88,3,RSNA_46576,L-MLO,NO,0.0,False,,,
88,3,RSNA_46576,R-MLO,NO,0.0,False,,,
88,4,RSNA_4659,L-CC,NO,0.0,False,,,
88,4,RSNA_4659,R-CC,NO,0.0,False,,,
88,4,RSNA_4659,L-MLO,NO,0.0,False,,,
88,4,RSNA_4659,R-MLO,NO,0.0,False,,,
88,5,RSNA_46605,L-CC,NO,0.0,False,,,
88,5,RSNA_46605,R-CC,NO,0.0,False,,,
88,5,RSNA_46605,L-MLO,NO,0.0,False,,,
88,5,RSNA_46605,R-MLO,NO,0.0,False,,,
88,6,RSNA_46630,L-CC,NO,0.0,False,,,
88,6,RSNA_46630,R-CC,NO,0.0,False,,,
88,6,RSNA_46630,L-MLO,NO,0.0,False,,,
88,6,RSNA_46630,R-MLO,NO,0.0,False,,,
88,7,RSNA_46642,L-CC,NO,0.0,False,,,
88,7,RSNA_46642,R-CC,NO,0.0,False,,,
88,7,RSNA_46642,L-MLO,NO,0.0,False,,,
88,7,RSNA_46642,R-MLO,NO,0.0,False,,,
88,8,RSNA_46647,L-CC,NO,0.0,False,,,
88,8,RSNA_46647,R-CC,NO,0.0,False,,,
88,8,RSNA_46647,L-MLO,NO,0.0,False,,,
88,8,RSNA_46647,R-MLO,NO,0.0,False,,,
88,9,RSNA_46710,L-CC,NO,0.0,False,,,
88,9,RSNA_46710,R-CC,NO,0.0,False,,,
88,9,RSNA_46710,L-MLO,NO,0.0,False,,,
88,9,RSNA_46710,R-MLO,NO,0.0,False,,,
88,10,RSNA_46718,L-CC,NO,0.0,False,,,
88,10,RSNA_46718,R-CC,NO,0.0,False,,,
88,10,RSNA_46718,L-MLO,NO,0.0,False,,,
88,10,RSNA_46718,R-MLO,NO,0.0,False,,,
88,11,RSNA_46733,L-CC,NO,0.0,False,,,
88,11,RSNA_46733,R-CC,NO,0.0,False,,,
88,11,RSNA_46733,L-MLO,NO,0.0,False,,,
88,11,RSNA_46733,R-MLO,NO,0.0,False,,,
88,12,RSNA_46748,L-CC,NO,0.0,False,,,
88,12,RSNA_46748,R-CC,NO,0.0,False,,,
88,12,RSNA_46748,L-MLO,NO,0.0,False,,,
88,12,RSNA_46748,R-MLO,NO,0.0,False,,,
88,13,RSNA_4675,L-CC,NO,0.0,False,,,
88,13,RSNA_4675,R-CC,NO,0.0,False,,,
88,13,RSNA_4675,L-MLO,NO,0.0,False,,,
88,13,RSNA_4675,R-MLO,NO,0.0,False,,,
88,14,RSNA_46781,L-CC,NO,0.0,False,,,
88,14,RSNA_46781,R-CC,NO,0.0,False,,,
88,14,RSNA_46781,L-MLO,NO,0.0,False,,,
88,14,RSNA_46781,R-MLO,NO,0.0,False,,,
88,15,RSNA_46806,L-CC,NO,0.0,False,,,
88,15,RSNA_46806,R-CC,NO,0.0,False,,,
88,15,RSNA_46806,L-MLO,NO,0.0,False,,,
88,15,RSNA_46806,R-MLO,NO,0.0,False,,,
88,16,RSNA_46828,L-CC,NO,1576.0,True,YES,0.0,False
88,16,RSNA_46828,R-CC,NO,1587.0,True,YES,0.0,False
88,16,RSNA_46828,L-MLO,NO,1432.0,True,YES,0.0,False
88,16,RSNA_46828,R-MLO,NO,1461.0,True,YES,0.0,False
88,17,RSNA_46832,L-CC,NO,1778.0,True,YES,0.0,False
88,17,RSNA_46832,R-CC,NO,1843.0,True,YES,0.0,False
88,17,RSNA_46832,L-MLO,NO,1733.0,True,YES,0.0,False
88,17,RSNA_46832,R-MLO,NO,1845.0,True,YES,0.0,False
88,18,RSNA_46869,L-CC,NO,0.0,False,,,
88,18,RSNA_46869,R-CC,NO,0.0,False,,,
88,18,RSNA_46869,L-MLO,NO,0.0,False,,,
88,18,RSNA_46869,R-MLO,NO,0.0,False,,,
88,19,RSNA_46898,L-CC,NO,0.0,False,,,
88,19,RSNA_46898,R-CC,NO,0.0,False,,,
88,19,RSNA_46898,L-MLO,NO,0.0,False,,,
88,19,RSNA_46898,R-MLO,NO,0.0,False,,,
88,20,RSNA_46905,L-CC,NO,0.0,False,,,
88,20,RSNA_46905,R-CC,NO,0.0,False,,,
88,20,RSNA_46905,L-MLO,NO,0.0,False,,,
88,20,RSNA_46905,R-MLO,NO,0.0,False,,,
88,21,RSNA_4692,L-CC,NO,0.0,False,,,
88,21,RSNA_4692,R-CC,NO,0.0,False,,,
88,21,RSNA_4692,L-MLO,NO,0.0,False,,,
88,21,RSNA_4692,R-MLO,NO,0.0,False,,,
88,22,RSNA_46920,L-CC,NO,0.0,False,,,
88,22,RSNA_46920,R-CC,NO,0.0,False,,,
88,22,RSNA_46920,L-MLO,NO,0.0,False,,,
88,22,RSNA_46920,R-MLO,NO,0.0,False,,,
88,23,RSNA_46962,L-CC,NO,1402.0,True,YES,0.0,False
88,23,RSNA_46962,R-CC,NO,1446.0,True,YES,0.0,False
88,23,RSNA_46962,L-MLO,NO,1294.0,True,YES,0.0,False
88,23,RSNA_46962,R-MLO,NO,1433.0,True,YES,0.0,False
88,24,RSNA_46971,L-CC,NO,0.0,False,,,
88,24,RSNA_46971,R-CC,NO,0.0,False,,,
88,24,RSNA_46971,L-MLO,NO,0.0,False,,,
88,24,RSNA_46971,R-MLO,NO,0.0,False,,,
89,0,RSNA_46983,L-CC,NO,1497.0,True,YES,0.0,False
89,0,RSNA_46983,R-CC,NO,1934.0,True,YES,0.0,False
89,0,RSNA_46983,L-MLO,NO,1314.0,True,YES,0.0,False
89,0,RSNA_46983,R-MLO,NO,1647.0,True,YES,0.0,False
89,1,RSNA_46999,L-CC,NO,0.0,False,,,
89,1,RSNA_46999,R-CC,NO,0.0,False,,,
89,1,RSNA_46999,L-MLO,NO,0.0,False,,,
89,1,RSNA_46999,R-MLO,NO,0.0,False,,,
89,2,RSNA_47002,L-CC,NO,0.0,False,,,
89,2,RSNA_47002,R-CC,NO,0.0,False,,,
89,2,RSNA_47002,L-MLO,NO,0.0,False,,,
89,2,RSNA_47002,R-MLO,NO,0.0,False,,,
89,3,RSNA_47003,L-CC,NO,2262.0,True,,,
89,3,RSNA_47003,R-CC,NO,0.0,False,,,
89,3,RSNA_47003,L-MLO,NO,918.0,True,,,
89,3,RSNA_47003,R-MLO,NO,0.0,False,,,
89,4,RSNA_47011,L-CC,NO,0.0,False,,,
89,4,RSNA_47011,R-CC,NO,0.0,False,,,
89,4,RSNA_47011,L-MLO,NO,0.0,False,,,
89,4,RSNA_47011,R-MLO,NO,0.0,False,,,
89,5,RSNA_47055,L-CC,NO,1546.0,True,YES,0.0,False
89,5,RSNA_47055,R-CC,NO,1314.0,True,YES,0.0,False
89,5,RSNA_47055,L-MLO,NO,1337.0,True,YES,0.0,False
89,5,RSNA_47055,R-MLO,NO,1182.0,True,YES,0.0,False
89,6,RSNA_47057,L-CC,NO,0.0,False,,,
89,6,RSNA_47057,R-CC,NO,0.0,False,,,
89,6,RSNA_47057,L-MLO,NO,0.0,False,,,
89,6,RSNA_47057,R-MLO,NO,0.0,False,,,
89,7,RSNA_47067,L-CC,NO,0.0,False,,,
89,7,RSNA_47067,R-CC,NO,0.0,False,,,
89,7,RSNA_47067,L-MLO,NO,0.0,False,,,
89,7,RSNA_47067,R-MLO,NO,0.0,False,,,
89,8,RSNA_47094,L-CC,NO,1882.0,True,YES,0.0,False
89,8,RSNA_47094,R-CC,NO,1964.0,True,YES,0.0,False
89,8,RSNA_47094,L-MLO,NO,1851.0,True,YES,0.0,False
89,8,RSNA_47094,R-MLO,NO,1896.0,True,YES,0.0,False
89,9,RSNA_47129,L-CC,NO,0.0,False,,,
89,9,RSNA_47129,R-CC,NO,0.0,False,,,
89,9,RSNA_47129,L-MLO,NO,0.0,False,,,
89,9,RSNA_47129,R-MLO,NO,0.0,False,,,
89,10,RSNA_47141,L-CC,NO,1152.0,True,YES,0.0,False
89,10,RSNA_47141,R-CC,NO,1156.0,True,YES,0.0,False
89,10,RSNA_47141,L-MLO,NO,1197.0,True,YES,0.0,False
89,10,RSNA_47141,R-MLO,NO,1229.0,True,YES,0.0,False
89,11,RSNA_47155,L-CC,NO,0.0,False,,,
89,11,RSNA_47155,R-CC,NO,0.0,False,,,
89,11,RSNA_47155,L-MLO,NO,0.0,False,,,
89,11,RSNA_47155,R-MLO,NO,0.0,False,,,
89,12,RSNA_47161,L-CC,NO,0.0,False,,,
89,12,RSNA_47161,R-CC,NO,0.0,False,,,
89,12,RSNA_47161,L-MLO,NO,0.0,False,,,
89,12,RSNA_47161,R-MLO,NO,0.0,False,,,
89,13,RSNA_47164,L-CC,NO,0.0,False,,,
89,13,RSNA_47164,R-CC,NO,0.0,False,,,
89,13,RSNA_47164,L-MLO,NO,0.0,False,,,
89,13,RSNA_47164,R-MLO,NO,0.0,False,,,
89,14,RSNA_4717,L-CC,NO,0.0,False,,,
89,14,RSNA_4717,R-CC,NO,0.0,False,,,
89,14,RSNA_4717,L-MLO,NO,0.0,False,,,
89,14,RSNA_4717,R-MLO,NO,0.0,False,,,
89,15,RSNA_47186,L-CC,NO,0.0,False,,,
89,15,RSNA_47186,R-CC,NO,0.0,False,,,
89,15,RSNA_47186,L-MLO,NO,0.0,False,,,
89,15,RSNA_47186,R-MLO,NO,0.0,False,,,
89,16,RSNA_47193,L-CC,NO,0.0,False,,,
89,16,RSNA_47193,R-CC,NO,0.0,False,,,
89,16,RSNA_47193,L-MLO,NO,0.0,False,,,
89,16,RSNA_47193,R-MLO,NO,0.0,False,,,
89,17,RSNA_47253,L-CC,NO,1416.0,True,YES,0.0,False
89,17,RSNA_47253,R-CC,NO,1471.0,True,YES,0.0,False
89,17,RSNA_47253,L-MLO,NO,1351.0,True,YES,0.0,False
89,17,RSNA_47253,R-MLO,NO,1437.0,True,YES,0.0,False
89,18,RSNA_47264,L-CC,NO,0.0,False,,,
89,18,RSNA_47264,R-CC,NO,0.0,False,,,
89,18,RSNA_47264,L-MLO,NO,0.0,False,,,
89,18,RSNA_47264,R-MLO,NO,0.0,False,,,
89,19,RSNA_4728,L-CC,NO,0.0,False,,,
89,19,RSNA_4728,R-CC,NO,0.0,False,,,
89,19,RSNA_4728,L-MLO,NO,0.0,False,,,
89,19,RSNA_4728,R-MLO,NO,0.0,False,,,
89,20,RSNA_47281,L-CC,NO,2184.0,True,YES,0.0,False
89,20,RSNA_47281,R-CC,NO,1819.0,True,YES,0.0,False
89,20,RSNA_47281,L-MLO,NO,2111.0,True,YES,0.0,False
89,20,RSNA_47281,R-MLO,NO,1480.0,True,YES,0.0,False
89,21,RSNA_47285,L-CC,NO,0.0,False,,,
89,21,RSNA_47285,R-CC,NO,0.0,False,,,
89,21,RSNA_47285,L-MLO,NO,0.0,False,,,
89,21,RSNA_47285,R-MLO,NO,0.0,False,,,
89,22,RSNA_47320,L-CC,NO,0.0,False,,,
89,22,RSNA_47320,R-CC,NO,0.0,False,,,
89,22,RSNA_47320,L-MLO,NO,0.0,False,,,
89,22,RSNA_47320,R-MLO,NO,0.0,False,,,
89,23,RSNA_47356,L-CC,NO,1431.0,True,YES,0.0,False
89,23,RSNA_47356,R-CC,NO,1555.0,True,YES,0.0,False
89,23,RSNA_47356,L-MLO,NO,1430.0,True,YES,0.0,False
89,23,RSNA_47356,R-MLO,NO,1522.0,True,YES,0.0,False
89,24,RSNA_47370,L-CC,NO,0.0,False,,,
89,24,RSNA_47370,R-CC,NO,0.0,False,,,
89,24,RSNA_47370,L-MLO,NO,0.0,False,,,
89,24,RSNA_47370,R-MLO,NO,0.0,False,,,
90,0,RSNA_47382,L-CC,NO,0.0,False,,,
90,0,RSNA_47382,R-CC,NO,0.0,False,,,
90,0,RSNA_47382,L-MLO,NO,0.0,False,,,
90,0,RSNA_47382,R-MLO,NO,0.0,False,,,
90,1,RSNA_47387,L-CC,NO,0.0,False,,,
90,1,RSNA_47387,R-CC,NO,0.0,False,,,
90,1,RSNA_47387,L-MLO,NO,0.0,False,,,
90,1,RSNA_47387,R-MLO,NO,0.0,False,,,
90,2,RSNA_47399,L-CC,NO,1314.0,True,YES,0.0,False
90,2,RSNA_47399,R-CC,NO,1470.0,True,YES,0.0,False
90,2,RSNA_47399,L-MLO,NO,1260.0,True,YES,0.0,False
90,2,RSNA_47399,R-MLO,NO,1407.0,True,YES,0.0,False
90,3,RSNA_47416,L-CC,NO,1758.0,True,YES,0.0,False
90,3,RSNA_47416,R-CC,NO,1849.0,True,YES,0.0,False
90,3,RSNA_47416,L-MLO,NO,1698.0,True,YES,0.0,False
90,3,RSNA_47416,R-MLO,NO,1853.0,True,YES,0.0,False
90,4,RSNA_47454,L-CC,NO,0.0,False,,,
90,4,RSNA_47454,R-CC,NO,0.0,False,,,
90,4,RSNA_47454,L-MLO,NO,0.0,False,,,
90,4,RSNA_47454,R-MLO,NO,0.0,False,,,
90,5,RSNA_47455,L-CC,NO,0.0,False,,,
90,5,RSNA_47455,R-CC,NO,0.0,False,,,
90,5,RSNA_47455,L-MLO,NO,0.0,False,,,
90,5,RSNA_47455,R-MLO,NO,0.0,False,,,
90,6,RSNA_47462,L-CC,NO,0.0,False,,,
90,6,RSNA_47462,R-CC,NO,0.0,False,,,
90,6,RSNA_47462,L-MLO,NO,0.0,False,,,
90,6,RSNA_47462,R-MLO,NO,0.0,False,,,
90,7,RSNA_47466,L-CC,NO,0.0,False,,,
90,7,RSNA_47466,R-CC,NO,0.0,False,,,
90,7,RSNA_47466,L-MLO,NO,0.0,False,,,
90,7,RSNA_47466,R-MLO,NO,0.0,False,,,
90,8,RSNA_47493,L-CC,NO,2112.0,True,YES,0.0,False
90,8,RSNA_47493,R-CC,NO,2129.0,True,YES,0.0,False
90,8,RSNA_47493,L-MLO,NO,2023.0,True,YES,0.0,False
90,8,RSNA_47493,R-MLO,NO,2105.0,True,YES,0.0,False
90,9,RSNA_47527,L-CC,NO,0.0,False,,,
90,9,RSNA_47527,R-CC,NO,0.0,False,,,
90,9,RSNA_47527,L-MLO,NO,0.0,False,,,
90,9,RSNA_47527,R-MLO,NO,0.0,False,,,
90,10,RSNA_47540,L-CC,NO,1323.0,True,YES,0.0,False
90,10,RSNA_47540,R-CC,NO,1254.0,True,YES,0.0,False
90,10,RSNA_47540,L-MLO,NO,1220.0,True,YES,0.0,False
90,10,RSNA_47540,R-MLO,NO,1208.0,True,YES,0.0,False
90,11,RSNA_47541,L-CC,NO,0.0,False,,,
90,11,RSNA_47541,R-CC,NO,0.0,False,,,
90,11,RSNA_47541,L-MLO,NO,0.0,False,,,
90,11,RSNA_47541,R-MLO,NO,0.0,False,,,
90,12,RSNA_47542,L-CC,NO,1155.0,True,YES,0.0,False
90,12,RSNA_47542,R-CC,NO,2007.0,True,YES,0.0,False
90,12,RSNA_47542,L-MLO,NO,1173.0,True,YES,0.0,False
90,12,RSNA_47542,R-MLO,NO,1266.0,True,YES,0.0,False
90,13,RSNA_47556,L-CC,NO,0.0,False,,,
90,13,RSNA_47556,R-CC,NO,0.0,False,,,
90,13,RSNA_47556,L-MLO,NO,0.0,False,,,
90,13,RSNA_47556,R-MLO,NO,0.0,False,,,
90,14,RSNA_47558,L-CC,NO,0.0,False,,,
90,14,RSNA_47558,R-CC,NO,0.0,False,,,
90,14,RSNA_47558,L-MLO,NO,0.0,False,,,
90,14,RSNA_47558,R-MLO,NO,0.0,False,,,
90,15,RSNA_47565,L-CC,NO,0.0,False,,,
90,15,RSNA_47565,R-CC,NO,0.0,False,,,
90,15,RSNA_47565,L-MLO,NO,0.0,False,,,
90,15,RSNA_47565,R-MLO,NO,0.0,False,,,
90,16,RSNA_47570,L-CC,NO,0.0,False,,,
90,16,RSNA_47570,R-CC,NO,0.0,False,,,
90,16,RSNA_47570,L-MLO,NO,0.0,False,,,
90,16,RSNA_47570,R-MLO,NO,0.0,False,,,
90,17,RSNA_47579,L-CC,NO,0.0,False,,,
90,17,RSNA_47579,R-CC,NO,0.0,False,,,
90,17,RSNA_47579,L-MLO,NO,0.0,False,,,
90,17,RSNA_47579,R-MLO,NO,0.0,False,,,
90,18,RSNA_47625,L-CC,NO,0.0,False,,,
90,18,RSNA_47625,R-CC,NO,0.0,False,,,
90,18,RSNA_47625,L-MLO,NO,0.0,False,,,
90,18,RSNA_47625,R-MLO,NO,0.0,False,,,
90,19,RSNA_47648,L-CC,NO,0.0,False,,,
90,19,RSNA_47648,R-CC,NO,0.0,False,,,
90,19,RSNA_47648,L-MLO,NO,0.0,False,,,
90,19,RSNA_47648,R-MLO,NO,0.0,False,,,
90,20,RSNA_47653,L-CC,NO,0.0,False,,,
90,20,RSNA_47653,R-CC,NO,0.0,False,,,
90,20,RSNA_47653,L-MLO,NO,0.0,False,,,
90,20,RSNA_47653,R-MLO,NO,0.0,False,,,
90,21,RSNA_47687,L-CC,NO,0.0,False,,,
90,21,RSNA_47687,R-CC,NO,0.0,False,,,
90,21,RSNA_47687,L-MLO,NO,0.0,False,,,
90,21,RSNA_47687,R-MLO,NO,0.0,False,,,
90,22,RSNA_47724,L-CC,NO,0.0,False,,,
90,22,RSNA_47724,R-CC,NO,0.0,False,,,
90,22,RSNA_47724,L-MLO,NO,0.0,False,,,
90,22,RSNA_47724,R-MLO,NO,0.0,False,,,
90,23,RSNA_47734,L-CC,NO,0.0,False,,,
90,23,RSNA_47734,R-CC,NO,0.0,False,,,
90,23,RSNA_47734,L-MLO,NO,0.0,False,,,
90,23,RSNA_47734,R-MLO,NO,0.0,False,,,
90,24,RSNA_47763,L-CC,NO,0.0,False,,,
90,24,RSNA_47763,R-CC,NO,0.0,False,,,
90,24,RSNA_47763,L-MLO,NO,0.0,False,,,
90,24,RSNA_47763,R-MLO,NO,0.0,False,,,
91,0,RSNA_47764,L-CC,NO,0.0,False,,,
91,0,RSNA_47764,R-CC,NO,0.0,False,,,
91,0,RSNA_47764,L-MLO,NO,0.0,False,,,
91,0,RSNA_47764,R-MLO,NO,0.0,False,,,
91,1,RSNA_47767,L-CC,NO,0.0,False,,,
91,1,RSNA_47767,R-CC,NO,0.0,False,,,
91,1,RSNA_47767,L-MLO,NO,0.0,False,,,
91,1,RSNA_47767,R-MLO,NO,0.0,False,,,
91,2,RSNA_47784,L-CC,NO,1727.0,True,YES,0.0,False
91,2,RSNA_47784,R-CC,NO,1992.0,True,YES,0.0,False
91,2,RSNA_47784,L-MLO,NO,1555.0,True,YES,0.0,False
91,2,RSNA_47784,R-MLO,NO,1945.0,True,YES,0.0,False
91,3,RSNA_47790,L-CC,NO,0.0,False,,,
91,3,RSNA_47790,R-CC,NO,0.0,False,,,
91,3,RSNA_47790,L-MLO,NO,0.0,False,,,
91,3,RSNA_47790,R-MLO,NO,0.0,False,,,
91,4,RSNA_47794,L-CC,NO,0.0,False,,,
91,4,RSNA_47794,R-CC,NO,0.0,False,,,
91,4,RSNA_47794,L-MLO,NO,0.0,False,,,
91,4,RSNA_47794,R-MLO,NO,0.0,False,,,
91,5,RSNA_47806,L-CC,NO,1722.0,True,YES,0.0,False
91,5,RSNA_47806,R-CC,NO,1888.0,True,YES,0.0,False
91,5,RSNA_47806,L-MLO,NO,1620.0,True,YES,0.0,False
91,5,RSNA_47806,R-MLO,NO,1836.0,True,YES,0.0,False
91,6,RSNA_47818,L-CC,NO,0.0,False,,,
91,6,RSNA_47818,R-CC,NO,0.0,False,,,
91,6,RSNA_47818,L-MLO,NO,0.0,False,,,
91,6,RSNA_47818,R-MLO,NO,0.0,False,,,
91,7,RSNA_47819,L-CC,NO,0.0,False,,,
91,7,RSNA_47819,R-CC,NO,0.0,False,,,
91,7,RSNA_47819,L-MLO,NO,0.0,False,,,
91,7,RSNA_47819,R-MLO,NO,0.0,False,,,
91,8,RSNA_47824,L-CC,NO,0.0,False,,,
91,8,RSNA_47824,R-CC,NO,0.0,False,,,
91,8,RSNA_47824,L-MLO,NO,0.0,False,,,
91,8,RSNA_47824,R-MLO,NO,0.0,False,,,
91,9,RSNA_47833,L-CC,NO,0.0,False,,,
91,9,RSNA_47833,R-CC,NO,0.0,False,,,
91,9,RSNA_47833,L-MLO,NO,0.0,False,,,
91,9,RSNA_47833,R-MLO,NO,0.0,False,,,
91,10,RSNA_4784,L-CC,NO,0.0,False,,,
91,10,RSNA_4784,R-CC,NO,0.0,False,,,
91,10,RSNA_4784,L-MLO,NO,0.0,False,,,
91,10,RSNA_4784,R-MLO,NO,0.0,False,,,
91,11,RSNA_47870,L-CC,NO,0.0,False,,,
91,11,RSNA_47870,R-CC,NO,0.0,False,,,
91,11,RSNA_47870,L-MLO,NO,0.0,False,,,
91,11,RSNA_47870,R-MLO,NO,0.0,False,,,
91,12,RSNA_47903,L-CC,NO,0.0,False,,,
91,12,RSNA_47903,R-CC,NO,0.0,False,,,
91,12,RSNA_47903,L-MLO,NO,0.0,False,,,
91,12,RSNA_47903,R-MLO,NO,0.0,False,,,
91,13,RSNA_47938,L-CC,NO,0.0,False,,,
91,13,RSNA_47938,R-CC,NO,0.0,False,,,
91,13,RSNA_47938,L-MLO,NO,0.0,False,,,
91,13,RSNA_47938,R-MLO,NO,0.0,False,,,
91,14,RSNA_47945,L-CC,NO,0.0,False,,,
91,14,RSNA_47945,R-CC,NO,0.0,False,,,
91,14,RSNA_47945,L-MLO,NO,0.0,False,,,
91,14,RSNA_47945,R-MLO,NO,0.0,False,,,
91,15,RSNA_47950,L-CC,NO,0.0,False,,,
91,15,RSNA_47950,R-CC,NO,0.0,False,,,
91,15,RSNA_47950,L-MLO,NO,0.0,False,,,
91,15,RSNA_47950,R-MLO,NO,0.0,False,,,
91,16,RSNA_47985,L-CC,NO,0.0,False,,,
91,16,RSNA_47985,R-CC,NO,0.0,False,,,
91,16,RSNA_47985,L-MLO,NO,0.0,False,,,
91,16,RSNA_47985,R-MLO,NO,0.0,False,,,
91,17,RSNA_48011,L-CC,NO,0.0,False,,,
91,17,RSNA_48011,R-CC,NO,0.0,False,,,
91,17,RSNA_48011,L-MLO,NO,0.0,False,,,
91,17,RSNA_48011,R-MLO,NO,0.0,False,,,
91,18,RSNA_48033,L-CC,NO,0.0,False,,,
91,18,RSNA_48033,R-CC,NO,0.0,False,,,
91,18,RSNA_48033,L-MLO,NO,0.0,False,,,
91,18,RSNA_48033,R-MLO,NO,0.0,False,,,
91,19,RSNA_48036,L-CC,NO,0.0,False,,,
91,19,RSNA_48036,R-CC,NO,0.0,False,,,
91,19,RSNA_48036,L-MLO,NO,0.0,False,,,
91,19,RSNA_48036,R-MLO,NO,0.0,False,,,
91,20,RSNA_48068,L-CC,NO,0.0,False,,,
91,20,RSNA_48068,R-CC,NO,0.0,False,,,
91,20,RSNA_48068,L-MLO,NO,0.0,False,,,
91,20,RSNA_48068,R-MLO,NO,0.0,False,,,
91,21,RSNA_48076,L-CC,NO,0.0,False,,,
91,21,RSNA_48076,R-CC,NO,0.0,False,,,
91,21,RSNA_48076,L-MLO,NO,0.0,False,,,
91,21,RSNA_48076,R-MLO,NO,0.0,False,,,
91,22,RSNA_48078,L-CC,NO,0.0,False,,,
91,22,RSNA_48078,R-CC,NO,0.0,False,,,
91,22,RSNA_48078,L-MLO,NO,0.0,False,,,
91,22,RSNA_48078,R-MLO,NO,0.0,False,,,
91,23,RSNA_48080,L-CC,NO,0.0,False,,,
91,23,RSNA_48080,R-CC,NO,0.0,False,,,
91,23,RSNA_48080,L-MLO,NO,0.0,False,,,
91,23,RSNA_48080,R-MLO,NO,0.0,False,,,
91,24,RSNA_48085,L-CC,NO,0.0,False,,,
91,24,RSNA_48085,R-CC,NO,0.0,False,,,
91,24,RSNA_48085,L-MLO,NO,0.0,False,,,
91,24,RSNA_48085,R-MLO,NO,0.0,False,,,
92,0,RSNA_48086,L-CC,NO,0.0,False,,,
92,0,RSNA_48086,R-CC,NO,0.0,False,,,
92,0,RSNA_48086,L-MLO,NO,0.0,False,,,
92,0,RSNA_48086,R-MLO,NO,0.0,False,,,
92,1,RSNA_48099,L-CC,NO,1191.0,True,YES,0.0,False
92,1,RSNA_48099,R-CC,NO,1291.0,True,YES,0.0,False
92,1,RSNA_48099,L-MLO,NO,1059.0,True,YES,0.0,False
92,1,RSNA_48099,R-MLO,NO,1081.0,True,YES,0.0,False
92,2,RSNA_48102,L-CC,NO,0.0,False,,,
92,2,RSNA_48102,R-CC,NO,0.0,False,,,
92,2,RSNA_48102,L-MLO,NO,0.0,False,,,
92,2,RSNA_48102,R-MLO,NO,0.0,False,,,
92,3,RSNA_48117,L-CC,NO,0.0,False,,,
92,3,RSNA_48117,R-CC,NO,0.0,False,,,
92,3,RSNA_48117,L-MLO,NO,0.0,False,,,
92,3,RSNA_48117,R-MLO,NO,0.0,False,,,
92,4,RSNA_48119,L-CC,NO,0.0,False,,,
92,4,RSNA_48119,R-CC,NO,0.0,False,,,
92,4,RSNA_48119,L-MLO,NO,0.0,False,,,
92,4,RSNA_48119,R-MLO,NO,0.0,False,,,
92,5,RSNA_48129,L-CC,NO,0.0,False,,,
92,5,RSNA_48129,R-CC,NO,0.0,False,,,
92,5,RSNA_48129,L-MLO,NO,0.0,False,,,
92,5,RSNA_48129,R-MLO,NO,0.0,False,,,
92,6,RSNA_48135,L-CC,NO,0.0,False,,,
92,6,RSNA_48135,R-CC,NO,0.0,False,,,
92,6,RSNA_48135,L-MLO,NO,0.0,False,,,
92,6,RSNA_48135,R-MLO,NO,0.0,False,,,
92,7,RSNA_48146,L-CC,NO,0.0,False,,,
92,7,RSNA_48146,R-CC,NO,0.0,False,,,
92,7,RSNA_48146,L-MLO,NO,0.0,False,,,
92,7,RSNA_48146,R-MLO,NO,0.0,False,,,
92,8,RSNA_48155,L-CC,NO,2012.0,True,YES,0.0,False
92,8,RSNA_48155,R-CC,NO,2129.0,True,YES,0.0,False
92,8,RSNA_48155,L-MLO,NO,1999.0,True,YES,0.0,False
92,8,RSNA_48155,R-MLO,NO,1989.0,True,YES,0.0,False
92,9,RSNA_48171,L-CC,NO,0.0,False,,,
92,9,RSNA_48171,R-CC,NO,0.0,False,,,
92,9,RSNA_48171,L-MLO,NO,0.0,False,,,
92,9,RSNA_48171,R-MLO,NO,0.0,False,,,
92,10,RSNA_48202,L-CC,NO,0.0,False,,,
92,10,RSNA_48202,R-CC,NO,0.0,False,,,
92,10,RSNA_48202,L-MLO,NO,0.0,False,,,
92,10,RSNA_48202,R-MLO,NO,0.0,False,,,
92,11,RSNA_4822,L-CC,NO,0.0,False,,,
92,11,RSNA_4822,R-CC,NO,0.0,False,,,
92,11,RSNA_4822,L-MLO,NO,0.0,False,,,
92,11,RSNA_4822,R-MLO,NO,0.0,False,,,
92,12,RSNA_4824,L-CC,NO,0.0,False,,,
92,12,RSNA_4824,R-CC,NO,0.0,False,,,
92,12,RSNA_4824,L-MLO,NO,0.0,False,,,
92,12,RSNA_4824,R-MLO,NO,0.0,False,,,
92,13,RSNA_4827,L-CC,NO,0.0,False,,,
92,13,RSNA_4827,R-CC,NO,0.0,False,,,
92,13,RSNA_4827,L-MLO,NO,0.0,False,,,
92,13,RSNA_4827,R-MLO,NO,0.0,False,,,
92,14,RSNA_48271,L-CC,NO,0.0,False,,,
92,14,RSNA_48271,R-CC,NO,0.0,False,,,
92,14,RSNA_48271,L-MLO,NO,0.0,False,,,
92,14,RSNA_48271,R-MLO,NO,0.0,False,,,
92,15,RSNA_48273,L-CC,NO,1879.0,True,YES,0.0,False
92,15,RSNA_48273,R-CC,NO,1875.0,True,YES,0.0,False
92,15,RSNA_48273,L-MLO,NO,1705.0,True,YES,0.0,False
92,15,RSNA_48273,R-MLO,NO,1591.0,True,YES,0.0,False
92,16,RSNA_48292,L-CC,NO,0.0,False,,,
92,16,RSNA_48292,R-CC,NO,0.0,False,,,
92,16,RSNA_48292,L-MLO,NO,0.0,False,,,
92,16,RSNA_48292,R-MLO,NO,0.0,False,,,
92,17,RSNA_48309,L-CC,NO,0.0,False,,,
92,17,RSNA_48309,R-CC,NO,0.0,False,,,
92,17,RSNA_48309,L-MLO,NO,0.0,False,,,
92,17,RSNA_48309,R-MLO,NO,0.0,False,,,
92,18,RSNA_48320,L-CC,NO,1753.0,True,YES,0.0,False
92,18,RSNA_48320,R-CC,NO,1687.0,True,YES,0.0,False
92,18,RSNA_48320,L-MLO,NO,1573.0,True,YES,0.0,False
92,18,RSNA_48320,R-MLO,NO,1608.0,True,YES,0.0,False
92,19,RSNA_48352,L-CC,NO,1440.0,True,YES,0.0,False
92,19,RSNA_48352,R-CC,NO,1346.0,True,YES,0.0,False
92,19,RSNA_48352,L-MLO,NO,1078.0,True,YES,0.0,False
92,19,RSNA_48352,R-MLO,NO,1151.0,True,YES,0.0,False
92,20,RSNA_48356,L-CC,NO,0.0,False,,,
92,20,RSNA_48356,R-CC,NO,0.0,False,,,
92,20,RSNA_48356,L-MLO,NO,0.0,False,,,
92,20,RSNA_48356,R-MLO,NO,0.0,False,,,
92,21,RSNA_48396,L-CC,NO,1722.0,True,YES,0.0,False
92,21,RSNA_48396,R-CC,NO,2031.0,True,YES,0.0,False
92,21,RSNA_48396,L-MLO,NO,1611.0,True,YES,0.0,False
92,21,RSNA_48396,R-MLO,NO,1871.0,True,YES,0.0,False
92,22,RSNA_48445,L-CC,NO,0.0,False,,,
92,22,RSNA_48445,R-CC,NO,0.0,False,,,
92,22,RSNA_48445,L-MLO,NO,0.0,False,,,
92,22,RSNA_48445,R-MLO,NO,0.0,False,,,
92,23,RSNA_48446,L-CC,NO,0.0,False,,,
92,23,RSNA_48446,R-CC,NO,0.0,False,,,
92,23,RSNA_48446,L-MLO,NO,0.0,False,,,
92,23,RSNA_48446,R-MLO,NO,0.0,False,,,
92,24,RSNA_48493,L-CC,NO,0.0,False,,,
92,24,RSNA_48493,R-CC,NO,0.0,False,,,
92,24,RSNA_48493,L-MLO,NO,0.0,False,,,
92,24,RSNA_48493,R-MLO,NO,0.0,False,,,
93,0,RSNA_48514,L-CC,NO,0.0,False,,,
93,0,RSNA_48514,R-CC,NO,0.0,False,,,
93,0,RSNA_48514,L-MLO,NO,0.0,False,,,
93,0,RSNA_48514,R-MLO,NO,0.0,False,,,
93,1,RSNA_48526,L-CC,NO,0.0,False,,,
93,1,RSNA_48526,R-CC,NO,0.0,False,,,
93,1,RSNA_48526,L-MLO,NO,0.0,False,,,
93,1,RSNA_48526,R-MLO,NO,0.0,False,,,
93,2,RSNA_48534,L-CC,NO,0.0,False,,,
93,2,RSNA_48534,R-CC,NO,0.0,False,,,
93,2,RSNA_48534,L-MLO,NO,0.0,False,,,
93,2,RSNA_48534,R-MLO,NO,0.0,False,,,
93,3,RSNA_48544,L-CC,NO,1913.0,True,YES,0.0,False
93,3,RSNA_48544,R-CC,NO,1922.0,True,YES,0.0,False
93,3,RSNA_48544,L-MLO,NO,1851.0,True,YES,0.0,False
93,3,RSNA_48544,R-MLO,NO,1848.0,True,YES,0.0,False
93,4,RSNA_48568,L-CC,NO,0.0,False,,,
93,4,RSNA_48568,R-CC,NO,0.0,False,,,
93,4,RSNA_48568,L-MLO,NO,0.0,False,,,
93,4,RSNA_48568,R-MLO,NO,0.0,False,,,
93,5,RSNA_48589,L-CC,NO,0.0,False,,,
93,5,RSNA_48589,R-CC,NO,0.0,False,,,
93,5,RSNA_48589,L-MLO,NO,0.0,False,,,
93,5,RSNA_48589,R-MLO,NO,0.0,False,,,
93,6,RSNA_48596,L-CC,NO,0.0,False,,,
93,6,RSNA_48596,R-CC,NO,0.0,False,,,
93,6,RSNA_48596,L-MLO,NO,0.0,False,,,
93,6,RSNA_48596,R-MLO,NO,0.0,False,,,
93,7,RSNA_48620,L-CC,NO,0.0,False,,,
93,7,RSNA_48620,R-CC,NO,0.0,False,,,
93,7,RSNA_48620,L-MLO,NO,0.0,False,,,
93,7,RSNA_48620,R-MLO,NO,0.0,False,,,
93,8,RSNA_48622,L-CC,NO,0.0,False,,,
93,8,RSNA_48622,R-CC,NO,0.0,False,,,
93,8,RSNA_48622,L-MLO,NO,0.0,False,,,
93,8,RSNA_48622,R-MLO,NO,0.0,False,,,
93,9,RSNA_48649,L-CC,NO,1456.0,True,YES,0.0,False
93,9,RSNA_48649,R-CC,NO,1478.0,True,YES,0.0,False
93,9,RSNA_48649,L-MLO,NO,1153.0,True,YES,0.0,False
93,9,RSNA_48649,R-MLO,NO,1300.0,True,YES,0.0,False
93,10,RSNA_4865,L-CC,NO,0.0,False,,,
93,10,RSNA_4865,R-CC,NO,0.0,False,,,
93,10,RSNA_4865,L-MLO,NO,0.0,False,,,
93,10,RSNA_4865,R-MLO,NO,0.0,False,,,
93,11,RSNA_48725,L-CC,NO,0.0,False,,,
93,11,RSNA_48725,R-CC,NO,0.0,False,,,
93,11,RSNA_48725,L-MLO,NO,0.0,False,,,
93,11,RSNA_48725,R-MLO,NO,0.0,False,,,
93,12,RSNA_48748,L-CC,NO,0.0,False,,,
93,12,RSNA_48748,R-CC,NO,0.0,False,,,
93,12,RSNA_48748,L-MLO,NO,0.0,False,,,
93,12,RSNA_48748,R-MLO,NO,0.0,False,,,
93,13,RSNA_48768,L-CC,NO,0.0,False,,,
93,13,RSNA_48768,R-CC,NO,0.0,False,,,
93,13,RSNA_48768,L-MLO,NO,0.0,False,,,
93,13,RSNA_48768,R-MLO,NO,0.0,False,,,
93,14,RSNA_4877,L-CC,NO,1284.0,True,YES,0.0,False
93,14,RSNA_4877,R-CC,NO,1355.0,True,YES,0.0,False
93,14,RSNA_4877,L-MLO,NO,1183.0,True,YES,0.0,False
93,14,RSNA_4877,R-MLO,NO,1222.0,True,YES,0.0,False
93,15,RSNA_48771,L-CC,NO,0.0,False,,,
93,15,RSNA_48771,R-CC,NO,0.0,False,,,
93,15,RSNA_48771,L-MLO,NO,0.0,False,,,
93,15,RSNA_48771,R-MLO,NO,0.0,False,,,
93,16,RSNA_48777,L-CC,NO,1434.0,True,YES,0.0,False
93,16,RSNA_48777,R-CC,NO,1225.0,True,YES,0.0,False
93,16,RSNA_48777,L-MLO,NO,1591.0,True,YES,0.0,False
93,16,RSNA_48777,R-MLO,NO,1037.0,True,YES,0.0,False
93,17,RSNA_48793,L-CC,NO,0.0,False,,,
93,17,RSNA_48793,R-CC,NO,0.0,False,,,
93,17,RSNA_48793,L-MLO,NO,0.0,False,,,
93,17,RSNA_48793,R-MLO,NO,0.0,False,,,
93,18,RSNA_48805,L-CC,NO,0.0,False,,,
93,18,RSNA_48805,R-CC,NO,0.0,False,,,
93,18,RSNA_48805,L-MLO,NO,0.0,False,,,
93,18,RSNA_48805,R-MLO,NO,0.0,False,,,
93,19,RSNA_48828,L-CC,NO,0.0,False,,,
93,19,RSNA_48828,R-CC,NO,0.0,False,,,
93,19,RSNA_48828,L-MLO,NO,0.0,False,,,
93,19,RSNA_48828,R-MLO,NO,0.0,False,,,
93,20,RSNA_48833,L-CC,NO,0.0,False,,,
93,20,RSNA_48833,R-CC,NO,0.0,False,,,
93,20,RSNA_48833,L-MLO,NO,0.0,False,,,
93,20,RSNA_48833,R-MLO,NO,0.0,False,,,
93,21,RSNA_48849,L-CC,NO,0.0,False,,,
93,21,RSNA_48849,R-CC,NO,0.0,False,,,
93,21,RSNA_48849,L-MLO,NO,0.0,False,,,
93,21,RSNA_48849,R-MLO,NO,0.0,False,,,
93,22,RSNA_48869,L-CC,NO,0.0,False,,,
93,22,RSNA_48869,R-CC,NO,0.0,False,,,
93,22,RSNA_48869,L-MLO,NO,0.0,False,,,
93,22,RSNA_48869,R-MLO,NO,0.0,False,,,
93,23,RSNA_48878,L-CC,NO,0.0,False,,,
93,23,RSNA_48878,R-CC,NO,0.0,False,,,
93,23,RSNA_48878,L-MLO,NO,0.0,False,,,
93,23,RSNA_48878,R-MLO,NO,0.0,False,,,
93,24,RSNA_48879,L-CC,NO,0.0,False,,,
93,24,RSNA_48879,R-CC,NO,0.0,False,,,
93,24,RSNA_48879,L-MLO,NO,0.0,False,,,
93,24,RSNA_48879,R-MLO,NO,0.0,False,,,
94,0,RSNA_48897,L-CC,NO,0.0,False,,,
94,0,RSNA_48897,R-CC,NO,0.0,False,,,
94,0,RSNA_48897,L-MLO,NO,0.0,False,,,
94,0,RSNA_48897,R-MLO,NO,0.0,False,,,
94,1,RSNA_48919,L-CC,NO,1461.0,True,YES,0.0,False
94,1,RSNA_48919,R-CC,NO,1578.0,True,YES,0.0,False
94,1,RSNA_48919,L-MLO,NO,1450.0,True,YES,0.0,False
94,1,RSNA_48919,R-MLO,NO,1570.0,True,YES,0.0,False
94,2,RSNA_4897,L-CC,NO,0.0,False,,,
94,2,RSNA_4897,R-CC,NO,0.0,False,,,
94,2,RSNA_4897,L-MLO,NO,0.0,False,,,
94,2,RSNA_4897,R-MLO,NO,0.0,False,,,
94,3,RSNA_48987,L-CC,NO,0.0,False,,,
94,3,RSNA_48987,R-CC,NO,0.0,False,,,
94,3,RSNA_48987,L-MLO,NO,0.0,False,,,
94,3,RSNA_48987,R-MLO,NO,0.0,False,,,
94,4,RSNA_49065,L-CC,NO,0.0,False,,,
94,4,RSNA_49065,R-CC,NO,0.0,False,,,
94,4,RSNA_49065,L-MLO,NO,0.0,False,,,
94,4,RSNA_49065,R-MLO,NO,0.0,False,,,
94,5,RSNA_49067,L-CC,NO,0.0,False,,,
94,5,RSNA_49067,R-CC,NO,0.0,False,,,
94,5,RSNA_49067,L-MLO,NO,0.0,False,,,
94,5,RSNA_49067,R-MLO,NO,0.0,False,,,
94,6,RSNA_49083,L-CC,NO,0.0,False,,,
94,6,RSNA_49083,R-CC,NO,0.0,False,,,
94,6,RSNA_49083,L-MLO,NO,0.0,False,,,
94,6,RSNA_49083,R-MLO,NO,0.0,False,,,
94,7,RSNA_49124,L-CC,NO,0.0,False,,,
94,7,RSNA_49124,R-CC,NO,0.0,False,,,
94,7,RSNA_49124,L-MLO,NO,0.0,False,,,
94,7,RSNA_49124,R-MLO,NO,0.0,False,,,
94,8,RSNA_49130,L-CC,NO,0.0,False,,,
94,8,RSNA_49130,R-CC,NO,0.0,False,,,
94,8,RSNA_49130,L-MLO,NO,0.0,False,,,
94,8,RSNA_49130,R-MLO,NO,0.0,False,,,
94,9,RSNA_49135,L-CC,NO,0.0,False,,,
94,9,RSNA_49135,R-CC,NO,0.0,False,,,
94,9,RSNA_49135,L-MLO,NO,0.0,False,,,
94,9,RSNA_49135,R-MLO,NO,0.0,False,,,
94,10,RSNA_49151,L-CC,NO,1457.0,True,YES,0.0,False
94,10,RSNA_49151,R-CC,NO,1531.0,True,YES,0.0,False
94,10,RSNA_49151,L-MLO,NO,1433.0,True,YES,0.0,False
94,10,RSNA_49151,R-MLO,NO,1395.0,True,YES,0.0,False
94,11,RSNA_49199,L-CC,NO,0.0,False,,,
94,11,RSNA_49199,R-CC,NO,0.0,False,,,
94,11,RSNA_49199,L-MLO,NO,0.0,False,,,
94,11,RSNA_49199,R-MLO,NO,0.0,False,,,
94,12,RSNA_49201,L-CC,NO,0.0,False,,,
94,12,RSNA_49201,R-CC,NO,0.0,False,,,
94,12,RSNA_49201,L-MLO,NO,0.0,False,,,
94,12,RSNA_49201,R-MLO,NO,0.0,False,,,
94,13,RSNA_4921,L-CC,NO,0.0,False,,,
94,13,RSNA_4921,R-CC,NO,0.0,False,,,
94,13,RSNA_4921,L-MLO,NO,0.0,False,,,
94,13,RSNA_4921,R-MLO,NO,0.0,False,,,
94,14,RSNA_49215,L-CC,NO,0.0,False,,,
94,14,RSNA_49215,R-CC,NO,0.0,False,,,
94,14,RSNA_49215,L-MLO,NO,0.0,False,,,
94,14,RSNA_49215,R-MLO,NO,0.0,False,,,
94,15,RSNA_49229,L-CC,NO,0.0,False,,,
94,15,RSNA_49229,R-CC,NO,0.0,False,,,
94,15,RSNA_49229,L-MLO,NO,0.0,False,,,
94,15,RSNA_49229,R-MLO,NO,0.0,False,,,
94,16,RSNA_49239,L-CC,NO,0.0,False,,,
94,16,RSNA_49239,R-CC,NO,0.0,False,,,
94,16,RSNA_49239,L-MLO,NO,0.0,False,,,
94,16,RSNA_49239,R-MLO,NO,0.0,False,,,
94,17,RSNA_4924,L-CC,NO,0.0,False,,,
94,17,RSNA_4924,R-CC,NO,0.0,False,,,
94,17,RSNA_4924,L-MLO,NO,0.0,False,,,
94,17,RSNA_4924,R-MLO,NO,0.0,False,,,
94,18,RSNA_49248,L-CC,NO,0.0,False,,,
94,18,RSNA_49248,R-CC,NO,0.0,False,,,
94,18,RSNA_49248,L-MLO,NO,0.0,False,,,
94,18,RSNA_49248,R-MLO,NO,0.0,False,,,
94,19,RSNA_49295,L-CC,NO,0.0,False,,,
94,19,RSNA_49295,R-CC,NO,0.0,False,,,
94,19,RSNA_49295,L-MLO,NO,0.0,False,,,
94,19,RSNA_49295,R-MLO,NO,0.0,False,,,
94,20,RSNA_49299,L-CC,NO,0.0,False,,,
94,20,RSNA_49299,R-CC,NO,0.0,False,,,
94,20,RSNA_49299,L-MLO,NO,0.0,False,,,
94,20,RSNA_49299,R-MLO,NO,0.0,False,,,
94,21,RSNA_49303,L-CC,NO,0.0,False,,,
94,21,RSNA_49303,R-CC,NO,0.0,False,,,
94,21,RSNA_49303,L-MLO,NO,0.0,False,,,
94,21,RSNA_49303,R-MLO,NO,0.0,False,,,
94,22,RSNA_49317,L-CC,NO,0.0,False,,,
94,22,RSNA_49317,R-CC,NO,0.0,False,,,
94,22,RSNA_49317,L-MLO,NO,0.0,False,,,
94,22,RSNA_49317,R-MLO,NO,0.0,False,,,
94,23,RSNA_49319,L-CC,NO,0.0,False,,,
94,23,RSNA_49319,R-CC,NO,0.0,False,,,
94,23,RSNA_49319,L-MLO,NO,0.0,False,,,
94,23,RSNA_49319,R-MLO,NO,0.0,False,,,
94,24,RSNA_49341,L-CC,NO,0.0,False,,,
94,24,RSNA_49341,R-CC,NO,0.0,False,,,
94,24,RSNA_49341,L-MLO,NO,0.0,False,,,
94,24,RSNA_49341,R-MLO,NO,0.0,False,,,
95,0,RSNA_49344,L-CC,NO,0.0,False,,,
95,0,RSNA_49344,R-CC,NO,0.0,False,,,
95,0,RSNA_49344,L-MLO,NO,0.0,False,,,
95,0,RSNA_49344,R-MLO,NO,0.0,False,,,
95,1,RSNA_4935,L-CC,NO,0.0,False,,,
95,1,RSNA_4935,R-CC,NO,0.0,False,,,
95,1,RSNA_4935,L-MLO,NO,0.0,False,,,
95,1,RSNA_4935,R-MLO,NO,0.0,False,,,
95,2,RSNA_49364,L-CC,NO,0.0,False,,,
95,2,RSNA_49364,R-CC,NO,0.0,False,,,
95,2,RSNA_49364,L-MLO,NO,0.0,False,,,
95,2,RSNA_49364,R-MLO,NO,0.0,False,,,
95,3,RSNA_49367,L-CC,NO,0.0,False,,,
95,3,RSNA_49367,R-CC,NO,0.0,False,,,
95,3,RSNA_49367,L-MLO,NO,0.0,False,,,
95,3,RSNA_49367,R-MLO,NO,0.0,False,,,
95,4,RSNA_49384,L-CC,NO,0.0,False,,,
95,4,RSNA_49384,R-CC,NO,0.0,False,,,
95,4,RSNA_49384,L-MLO,NO,0.0,False,,,
95,4,RSNA_49384,R-MLO,NO,0.0,False,,,
95,5,RSNA_49403,L-CC,NO,0.0,False,,,
95,5,RSNA_49403,R-CC,NO,0.0,False,,,
95,5,RSNA_49403,L-MLO,NO,0.0,False,,,
95,5,RSNA_49403,R-MLO,NO,0.0,False,,,
95,6,RSNA_49421,L-CC,NO,0.0,False,,,
95,6,RSNA_49421,R-CC,NO,0.0,False,,,
95,6,RSNA_49421,L-MLO,NO,0.0,False,,,
95,6,RSNA_49421,R-MLO,NO,0.0,False,,,
95,7,RSNA_49446,L-CC,NO,0.0,False,,,
95,7,RSNA_49446,R-CC,NO,0.0,False,,,
95,7,RSNA_49446,L-MLO,NO,0.0,False,,,
95,7,RSNA_49446,R-MLO,NO,0.0,False,,,
95,8,RSNA_4945,L-CC,NO,0.0,False,,,
95,8,RSNA_4945,R-CC,NO,0.0,False,,,
95,8,RSNA_4945,L-MLO,NO,0.0,False,,,
95,8,RSNA_4945,R-MLO,NO,0.0,False,,,
95,9,RSNA_49451,L-CC,NO,926.0,True,YES,0.0,False
95,9,RSNA_49451,R-CC,NO,974.0,True,YES,0.0,False
95,9,RSNA_49451,L-MLO,NO,1005.0,True,YES,0.0,False
95,9,RSNA_49451,R-MLO,NO,1319.0,True,YES,0.0,False
95,10,RSNA_49461,L-CC,NO,0.0,False,,,
95,10,RSNA_49461,R-CC,NO,0.0,False,,,
95,10,RSNA_49461,L-MLO,NO,0.0,False,,,
95,10,RSNA_49461,R-MLO,NO,0.0,False,,,
95,11,RSNA_49520,L-CC,NO,1411.0,True,YES,0.0,False
95,11,RSNA_49520,R-CC,NO,1322.0,True,YES,0.0,False
95,11,RSNA_49520,L-MLO,NO,1350.0,True,YES,0.0,False
95,11,RSNA_49520,R-MLO,NO,1314.0,True,YES,0.0,False
95,12,RSNA_49523,L-CC,NO,0.0,False,,,
95,12,RSNA_49523,R-CC,NO,0.0,False,,,
95,12,RSNA_49523,L-MLO,NO,0.0,False,,,
95,12,RSNA_49523,R-MLO,NO,0.0,False,,,
95,13,RSNA_49531,L-CC,NO,0.0,False,,,
95,13,RSNA_49531,R-CC,NO,0.0,False,,,
95,13,RSNA_49531,L-MLO,NO,0.0,False,,,
95,13,RSNA_49531,R-MLO,NO,0.0,False,,,
95,14,RSNA_49552,L-CC,NO,0.0,False,,,
95,14,RSNA_49552,R-CC,NO,0.0,False,,,
95,14,RSNA_49552,L-MLO,NO,0.0,False,,,
95,14,RSNA_49552,R-MLO,NO,0.0,False,,,
95,15,RSNA_49587,L-CC,NO,0.0,False,,,
95,15,RSNA_49587,R-CC,NO,0.0,False,,,
95,15,RSNA_49587,L-MLO,NO,0.0,False,,,
95,15,RSNA_49587,R-MLO,NO,0.0,False,,,
95,16,RSNA_49601,L-CC,NO,0.0,False,,,
95,16,RSNA_49601,R-CC,NO,0.0,False,,,
95,16,RSNA_49601,L-MLO,NO,0.0,False,,,
95,16,RSNA_49601,R-MLO,NO,0.0,False,,,
95,17,RSNA_49621,L-CC,NO,0.0,False,,,
95,17,RSNA_49621,R-CC,NO,0.0,False,,,
95,17,RSNA_49621,L-MLO,NO,0.0,False,,,
95,17,RSNA_49621,R-MLO,NO,0.0,False,,,
95,18,RSNA_49662,L-CC,NO,0.0,False,,,
95,18,RSNA_49662,R-CC,NO,0.0,False,,,
95,18,RSNA_49662,L-MLO,NO,0.0,False,,,
95,18,RSNA_49662,R-MLO,NO,0.0,False,,,
95,19,RSNA_49664,L-CC,NO,0.0,False,,,
95,19,RSNA_49664,R-CC,NO,0.0,False,,,
95,19,RSNA_49664,L-MLO,NO,0.0,False,,,
95,19,RSNA_49664,R-MLO,NO,0.0,False,,,
95,20,RSNA_49718,L-CC,NO,1761.0,True,YES,0.0,False
95,20,RSNA_49718,R-CC,NO,1117.0,True,YES,0.0,False
95,20,RSNA_49718,L-MLO,NO,1817.0,True,YES,0.0,False
95,20,RSNA_49718,R-MLO,NO,1075.0,True,YES,0.0,False
95,21,RSNA_49775,L-CC,NO,0.0,False,,,
95,21,RSNA_49775,R-CC,NO,0.0,False,,,
95,21,RSNA_49775,L-MLO,NO,0.0,False,,,
95,21,RSNA_49775,R-MLO,NO,0.0,False,,,
95,22,RSNA_49805,L-CC,NO,1216.0,True,YES,0.0,False
95,22,RSNA_49805,R-CC,NO,1403.0,True,YES,0.0,False
95,22,RSNA_49805,L-MLO,NO,1900.0,True,YES,0.0,False
95,22,RSNA_49805,R-MLO,NO,1165.0,True,YES,0.0,False
95,23,RSNA_49827,L-CC,NO,0.0,False,,,
95,23,RSNA_49827,R-CC,NO,0.0,False,,,
95,23,RSNA_49827,L-MLO,NO,0.0,False,,,
95,23,RSNA_49827,R-MLO,NO,0.0,False,,,
95,24,RSNA_49830,L-CC,NO,0.0,False,,,
95,24,RSNA_49830,R-CC,NO,0.0,False,,,
95,24,RSNA_49830,L-MLO,NO,0.0,False,,,
95,24,RSNA_49830,R-MLO,NO,0.0,False,,,
96,0,RSNA_49862,L-CC,NO,0.0,False,,,
96,0,RSNA_49862,R-CC,NO,0.0,False,,,
96,0,RSNA_49862,L-MLO,NO,0.0,False,,,
96,0,RSNA_49862,R-MLO,NO,0.0,False,,,
96,1,RSNA_49877,L-CC,NO,0.0,False,,,
96,1,RSNA_49877,R-CC,NO,0.0,False,,,
96,1,RSNA_49877,L-MLO,NO,0.0,False,,,
96,1,RSNA_49877,R-MLO,NO,0.0,False,,,
96,2,RSNA_49915,L-CC,NO,0.0,False,,,
96,2,RSNA_49915,R-CC,NO,0.0,False,,,
96,2,RSNA_49915,L-MLO,NO,0.0,False,,,
96,2,RSNA_49915,R-MLO,NO,0.0,False,,,
96,3,RSNA_49924,L-CC,NO,0.0,False,,,
96,3,RSNA_49924,R-CC,NO,0.0,False,,,
96,3,RSNA_49924,L-MLO,NO,0.0,False,,,
96,3,RSNA_49924,R-MLO,NO,0.0,False,,,
96,4,RSNA_49929,L-CC,NO,0.0,False,,,
96,4,RSNA_49929,R-CC,NO,0.0,False,,,
96,4,RSNA_49929,L-MLO,NO,0.0,False,,,
96,4,RSNA_49929,R-MLO,NO,0.0,False,,,
96,5,RSNA_4993,L-CC,NO,0.0,False,,,
96,5,RSNA_4993,R-CC,NO,0.0,False,,,
96,5,RSNA_4993,L-MLO,NO,0.0,False,,,
96,5,RSNA_4993,R-MLO,NO,0.0,False,,,
96,6,RSNA_49936,L-CC,NO,0.0,False,,,
96,6,RSNA_49936,R-CC,NO,0.0,False,,,
96,6,RSNA_49936,L-MLO,NO,0.0,False,,,
96,6,RSNA_49936,R-MLO,NO,0.0,False,,,
96,7,RSNA_49947,L-CC,NO,0.0,False,,,
96,7,RSNA_49947,R-CC,NO,0.0,False,,,
96,7,RSNA_49947,L-MLO,NO,0.0,False,,,
96,7,RSNA_49947,R-MLO,NO,0.0,False,,,
96,8,RSNA_49950,L-CC,NO,0.0,False,,,
96,8,RSNA_49950,R-CC,NO,0.0,False,,,
96,8,RSNA_49950,L-MLO,NO,0.0,False,,,
96,8,RSNA_49950,R-MLO,NO,0.0,False,,,
96,9,RSNA_49954,L-CC,NO,1323.0,True,YES,0.0,False
96,9,RSNA_49954,R-CC,NO,1297.0,True,YES,0.0,False
96,9,RSNA_49954,L-MLO,NO,1125.0,True,YES,0.0,False
96,9,RSNA_49954,R-MLO,NO,1214.0,True,YES,0.0,False
96,10,RSNA_49960,L-CC,NO,0.0,False,,,
96,10,RSNA_49960,R-CC,NO,0.0,False,,,
96,10,RSNA_49960,L-MLO,NO,0.0,False,,,
96,10,RSNA_49960,R-MLO,NO,0.0,False,,,
96,11,RSNA_49966,L-CC,NO,0.0,False,,,
96,11,RSNA_49966,R-CC,NO,0.0,False,,,
96,11,RSNA_49966,L-MLO,NO,0.0,False,,,
96,11,RSNA_49966,R-MLO,NO,0.0,False,,,
96,12,RSNA_4997,L-CC,NO,0.0,False,,,
96,12,RSNA_4997,R-CC,NO,0.0,False,,,
96,12,RSNA_4997,L-MLO,NO,0.0,False,,,
96,12,RSNA_4997,R-MLO,NO,0.0,False,,,
96,13,RSNA_5,L-CC,NO,0.0,False,,,
96,13,RSNA_5,R-CC,NO,0.0,False,,,
96,13,RSNA_5,L-MLO,NO,0.0,False,,,
96,13,RSNA_5,R-MLO,NO,0.0,False,,,
96,14,RSNA_50007,L-CC,NO,0.0,False,,,
96,14,RSNA_50007,R-CC,NO,0.0,False,,,
96,14,RSNA_50007,L-MLO,NO,0.0,False,,,
96,14,RSNA_50007,R-MLO,NO,0.0,False,,,
96,15,RSNA_50023,L-CC,NO,0.0,False,,,
96,15,RSNA_50023,R-CC,NO,0.0,False,,,
96,15,RSNA_50023,L-MLO,NO,0.0,False,,,
96,15,RSNA_50023,R-MLO,NO,0.0,False,,,
96,16,RSNA_50079,L-CC,NO,0.0,False,,,
96,16,RSNA_50079,R-CC,NO,0.0,False,,,
96,16,RSNA_50079,L-MLO,NO,0.0,False,,,
96,16,RSNA_50079,R-MLO,NO,0.0,False,,,
96,17,RSNA_50086,L-CC,NO,0.0,False,,,
96,17,RSNA_50086,R-CC,NO,0.0,False,,,
96,17,RSNA_50086,L-MLO,NO,0.0,False,,,
96,17,RSNA_50086,R-MLO,NO,0.0,False,,,
96,18,RSNA_50090,L-CC,NO,0.0,False,,,
96,18,RSNA_50090,R-CC,NO,0.0,False,,,
96,18,RSNA_50090,L-MLO,NO,0.0,False,,,
96,18,RSNA_50090,R-MLO,NO,0.0,False,,,
96,19,RSNA_50135,L-CC,NO,0.0,False,,,
96,19,RSNA_50135,R-CC,NO,0.0,False,,,
96,19,RSNA_50135,L-MLO,NO,550.0,True,,,
96,19,RSNA_50135,R-MLO,NO,409.0,True,,,
96,20,RSNA_50140,L-CC,NO,0.0,False,,,
96,20,RSNA_50140,R-CC,NO,0.0,False,,,
96,20,RSNA_50140,L-MLO,NO,0.0,False,,,
96,20,RSNA_50140,R-MLO,NO,0.0,False,,,
96,21,RSNA_50150,L-CC,NO,0.0,False,,,
96,21,RSNA_50150,R-CC,NO,0.0,False,,,
96,21,RSNA_50150,L-MLO,NO,0.0,False,,,
96,21,RSNA_50150,R-MLO,NO,0.0,False,,,
96,22,RSNA_50156,L-CC,NO,0.0,False,,,
96,22,RSNA_50156,R-CC,NO,0.0,False,,,
96,22,RSNA_50156,L-MLO,NO,0.0,False,,,
96,22,RSNA_50156,R-MLO,NO,0.0,False,,,
96,23,RSNA_50170,L-CC,NO,1766.0,True,YES,0.0,False
96,23,RSNA_50170,R-CC,NO,1910.0,True,YES,0.0,False
96,23,RSNA_50170,L-MLO,NO,1565.0,True,YES,0.0,False
96,23,RSNA_50170,R-MLO,NO,1620.0,True,YES,0.0,False
96,24,RSNA_50174,L-CC,NO,0.0,False,,,
96,24,RSNA_50174,R-CC,NO,0.0,False,,,
96,24,RSNA_50174,L-MLO,NO,0.0,False,,,
96,24,RSNA_50174,R-MLO,NO,0.0,False,,,
97,0,RSNA_50181,L-CC,NO,0.0,False,,,
97,0,RSNA_50181,R-CC,NO,0.0,False,,,
97,0,RSNA_50181,L-MLO,NO,0.0,False,,,
97,0,RSNA_50181,R-MLO,NO,0.0,False,,,
97,1,RSNA_50182,L-CC,NO,0.0,False,,,
97,1,RSNA_50182,R-CC,NO,0.0,False,,,
97,1,RSNA_50182,L-MLO,NO,0.0,False,,,
97,1,RSNA_50182,R-MLO,NO,0.0,False,,,
97,2,RSNA_50186,L-CC,NO,0.0,False,,,
97,2,RSNA_50186,R-CC,NO,0.0,False,,,
97,2,RSNA_50186,L-MLO,NO,0.0,False,,,
97,2,RSNA_50186,R-MLO,NO,0.0,False,,,
97,3,RSNA_5022,L-CC,NO,0.0,False,,,
97,3,RSNA_5022,R-CC,NO,0.0,False,,,
97,3,RSNA_5022,L-MLO,NO,0.0,False,,,
97,3,RSNA_5022,R-MLO,NO,0.0,False,,,
97,4,RSNA_50234,L-CC,NO,0.0,False,,,
97,4,RSNA_50234,R-CC,NO,0.0,False,,,
97,4,RSNA_50234,L-MLO,NO,0.0,False,,,
97,4,RSNA_50234,R-MLO,NO,0.0,False,,,
97,5,RSNA_50250,L-CC,NO,0.0,False,,,
97,5,RSNA_50250,R-CC,NO,0.0,False,,,
97,5,RSNA_50250,L-MLO,NO,0.0,False,,,
97,5,RSNA_50250,R-MLO,NO,0.0,False,,,
97,6,RSNA_5028,L-CC,NO,0.0,False,,,
97,6,RSNA_5028,R-CC,NO,0.0,False,,,
97,6,RSNA_5028,L-MLO,NO,0.0,False,,,
97,6,RSNA_5028,R-MLO,NO,0.0,False,,,
97,7,RSNA_50305,L-CC,NO,0.0,False,,,
97,7,RSNA_50305,R-CC,NO,0.0,False,,,
97,7,RSNA_50305,L-MLO,NO,0.0,False,,,
97,7,RSNA_50305,R-MLO,NO,0.0,False,,,
97,8,RSNA_50336,L-CC,NO,1845.0,True,YES,0.0,False
97,8,RSNA_50336,R-CC,NO,1953.0,True,YES,0.0,False
97,8,RSNA_50336,L-MLO,NO,1605.0,True,YES,0.0,False
97,8,RSNA_50336,R-MLO,NO,1853.0,True,YES,0.0,False
97,9,RSNA_50346,L-CC,NO,0.0,False,,,
97,9,RSNA_50346,R-CC,NO,0.0,False,,,
97,9,RSNA_50346,L-MLO,NO,0.0,False,,,
97,9,RSNA_50346,R-MLO,NO,0.0,False,,,
97,10,RSNA_50365,L-CC,NO,0.0,False,,,
97,10,RSNA_50365,R-CC,NO,0.0,False,,,
97,10,RSNA_50365,L-MLO,NO,0.0,False,,,
97,10,RSNA_50365,R-MLO,NO,0.0,False,,,
97,11,RSNA_50436,L-CC,NO,0.0,False,,,
97,11,RSNA_50436,R-CC,NO,0.0,False,,,
97,11,RSNA_50436,L-MLO,NO,0.0,False,,,
97,11,RSNA_50436,R-MLO,NO,0.0,False,,,
97,12,RSNA_50443,L-CC,NO,0.0,False,,,
97,12,RSNA_50443,R-CC,NO,0.0,False,,,
97,12,RSNA_50443,L-MLO,NO,0.0,False,,,
97,12,RSNA_50443,R-MLO,NO,0.0,False,,,
97,13,RSNA_50457,L-CC,NO,0.0,False,,,
97,13,RSNA_50457,R-CC,NO,0.0,False,,,
97,13,RSNA_50457,L-MLO,NO,0.0,False,,,
97,13,RSNA_50457,R-MLO,NO,0.0,False,,,
97,14,RSNA_50459,L-CC,NO,0.0,False,,,
97,14,RSNA_50459,R-CC,NO,0.0,False,,,
97,14,RSNA_50459,L-MLO,NO,0.0,False,,,
97,14,RSNA_50459,R-MLO,NO,0.0,False,,,
97,15,RSNA_50482,L-CC,NO,0.0,False,,,
97,15,RSNA_50482,R-CC,NO,0.0,False,,,
97,15,RSNA_50482,L-MLO,NO,0.0,False,,,
97,15,RSNA_50482,R-MLO,NO,0.0,False,,,
97,16,RSNA_50568,L-CC,NO,0.0,False,,,
97,16,RSNA_50568,R-CC,NO,0.0,False,,,
97,16,RSNA_50568,L-MLO,NO,0.0,False,,,
97,16,RSNA_50568,R-MLO,NO,0.0,False,,,
97,17,RSNA_50597,L-CC,NO,0.0,False,,,
97,17,RSNA_50597,R-CC,NO,0.0,False,,,
97,17,RSNA_50597,L-MLO,NO,0.0,False,,,
97,17,RSNA_50597,R-MLO,NO,0.0,False,,,
97,18,RSNA_50603,L-CC,NO,0.0,False,,,
97,18,RSNA_50603,R-CC,NO,0.0,False,,,
97,18,RSNA_50603,L-MLO,NO,0.0,False,,,
97,18,RSNA_50603,R-MLO,NO,0.0,False,,,
97,19,RSNA_50622,L-CC,NO,0.0,False,,,
97,19,RSNA_50622,R-CC,NO,0.0,False,,,
97,19,RSNA_50622,L-MLO,NO,0.0,False,,,
97,19,RSNA_50622,R-MLO,NO,0.0,False,,,
97,20,RSNA_50639,L-CC,NO,0.0,False,,,
97,20,RSNA_50639,R-CC,NO,0.0,False,,,
97,20,RSNA_50639,L-MLO,NO,0.0,False,,,
97,20,RSNA_50639,R-MLO,NO,0.0,False,,,
97,21,RSNA_50644,L-CC,NO,0.0,False,,,
97,21,RSNA_50644,R-CC,NO,0.0,False,,,
97,21,RSNA_50644,L-MLO,NO,0.0,False,,,
97,21,RSNA_50644,R-MLO,NO,0.0,False,,,
97,22,RSNA_5068,L-CC,NO,0.0,False,,,
97,22,RSNA_5068,R-CC,NO,0.0,False,,,
97,22,RSNA_5068,L-MLO,NO,0.0,False,,,
97,22,RSNA_5068,R-MLO,NO,0.0,False,,,
97,23,RSNA_50686,L-CC,NO,0.0,False,,,
97,23,RSNA_50686,R-CC,NO,0.0,False,,,
97,23,RSNA_50686,L-MLO,NO,0.0,False,,,
97,23,RSNA_50686,R-MLO,NO,0.0,False,,,
97,24,RSNA_50688,L-CC,NO,0.0,False,,,
97,24,RSNA_50688,R-CC,NO,0.0,False,,,
97,24,RSNA_50688,L-MLO,NO,0.0,False,,,
97,24,RSNA_50688,R-MLO,NO,0.0,False,,,
98,0,RSNA_50736,L-CC,NO,1827.0,True,YES,0.0,False
98,0,RSNA_50736,R-CC,NO,1711.0,True,YES,0.0,False
98,0,RSNA_50736,L-MLO,NO,1497.0,True,YES,0.0,False
98,0,RSNA_50736,R-MLO,NO,1577.0,True,YES,0.0,False
98,1,RSNA_50738,L-CC,NO,0.0,False,,,
98,1,RSNA_50738,R-CC,NO,0.0,False,,,
98,1,RSNA_50738,L-MLO,NO,0.0,False,,,
98,1,RSNA_50738,R-MLO,NO,0.0,False,,,
98,2,RSNA_50741,L-CC,NO,0.0,False,,,
98,2,RSNA_50741,R-CC,NO,0.0,False,,,
98,2,RSNA_50741,L-MLO,NO,0.0,False,,,
98,2,RSNA_50741,R-MLO,NO,0.0,False,,,
98,3,RSNA_50780,L-CC,NO,0.0,False,,,
98,3,RSNA_50780,R-CC,NO,0.0,False,,,
98,3,RSNA_50780,L-MLO,NO,0.0,False,,,
98,3,RSNA_50780,R-MLO,NO,0.0,False,,,
98,4,RSNA_50784,L-CC,NO,0.0,False,,,
98,4,RSNA_50784,R-CC,NO,0.0,False,,,
98,4,RSNA_50784,L-MLO,NO,0.0,False,,,
98,4,RSNA_50784,R-MLO,NO,0.0,False,,,
98,5,RSNA_5084,L-CC,NO,0.0,False,,,
98,5,RSNA_5084,R-CC,NO,0.0,False,,,
98,5,RSNA_5084,L-MLO,NO,0.0,False,,,
98,5,RSNA_5084,R-MLO,NO,0.0,False,,,
98,6,RSNA_50855,L-CC,NO,0.0,False,,,
98,6,RSNA_50855,R-CC,NO,0.0,False,,,
98,6,RSNA_50855,L-MLO,NO,0.0,False,,,
98,6,RSNA_50855,R-MLO,NO,0.0,False,,,
98,7,RSNA_50865,L-CC,NO,2175.0,True,YES,0.0,False
98,7,RSNA_50865,R-CC,NO,1780.0,True,YES,0.0,False
98,7,RSNA_50865,L-MLO,NO,2203.0,True,YES,0.0,False
98,7,RSNA_50865,R-MLO,NO,1751.0,True,YES,0.0,False
98,8,RSNA_50868,L-CC,NO,1390.0,True,YES,0.0,False
98,8,RSNA_50868,R-CC,NO,1385.0,True,YES,0.0,False
98,8,RSNA_50868,L-MLO,NO,1388.0,True,YES,0.0,False
98,8,RSNA_50868,R-MLO,NO,1463.0,True,YES,0.0,False
98,9,RSNA_50877,L-CC,NO,0.0,False,,,
98,9,RSNA_50877,R-CC,NO,0.0,False,,,
98,9,RSNA_50877,L-MLO,NO,0.0,False,,,
98,9,RSNA_50877,R-MLO,NO,0.0,False,,,
98,10,RSNA_50916,L-CC,NO,0.0,False,,,
98,10,RSNA_50916,R-CC,NO,0.0,False,,,
98,10,RSNA_50916,L-MLO,NO,0.0,False,,,
98,10,RSNA_50916,R-MLO,NO,0.0,False,,,
98,11,RSNA_50929,L-CC,NO,0.0,False,,,
98,11,RSNA_50929,R-CC,NO,0.0,False,,,
98,11,RSNA_50929,L-MLO,NO,0.0,False,,,
98,11,RSNA_50929,R-MLO,NO,0.0,False,,,
98,12,RSNA_50955,L-CC,NO,0.0,False,,,
98,12,RSNA_50955,R-CC,NO,0.0,False,,,
98,12,RSNA_50955,L-MLO,NO,0.0,False,,,
98,12,RSNA_50955,R-MLO,NO,0.0,False,,,
98,13,RSNA_50958,L-CC,NO,0.0,False,,,
98,13,RSNA_50958,R-CC,NO,0.0,False,,,
98,13,RSNA_50958,L-MLO,NO,0.0,False,,,
98,13,RSNA_50958,R-MLO,NO,0.0,False,,,
98,14,RSNA_5096,L-CC,NO,0.0,False,,,
98,14,RSNA_5096,R-CC,NO,0.0,False,,,
98,14,RSNA_5096,L-MLO,NO,0.0,False,,,
98,14,RSNA_5096,R-MLO,NO,0.0,False,,,
98,15,RSNA_50961,L-CC,NO,1384.0,True,YES,0.0,False
98,15,RSNA_50961,R-CC,NO,1442.0,True,YES,0.0,False
98,15,RSNA_50961,L-MLO,NO,1333.0,True,YES,0.0,False
98,15,RSNA_50961,R-MLO,NO,1331.0,True,YES,0.0,False
98,16,RSNA_50999,L-CC,NO,0.0,False,,,
98,16,RSNA_50999,R-CC,NO,0.0,False,,,
98,16,RSNA_50999,L-MLO,NO,0.0,False,,,
98,16,RSNA_50999,R-MLO,NO,0.0,False,,,
98,17,RSNA_51003,L-CC,NO,0.0,False,,,
98,17,RSNA_51003,R-CC,NO,0.0,False,,,
98,17,RSNA_51003,L-MLO,NO,0.0,False,,,
98,17,RSNA_51003,R-MLO,NO,0.0,False,,,
98,18,RSNA_51012,L-CC,NO,0.0,False,,,
98,18,RSNA_51012,R-CC,NO,0.0,False,,,
98,18,RSNA_51012,L-MLO,NO,0.0,False,,,
98,18,RSNA_51012,R-MLO,NO,0.0,False,,,
98,19,RSNA_51019,L-CC,NO,0.0,False,,,
98,19,RSNA_51019,R-CC,NO,0.0,False,,,
98,19,RSNA_51019,L-MLO,NO,0.0,False,,,
98,19,RSNA_51019,R-MLO,NO,0.0,False,,,
98,20,RSNA_5102,L-CC,NO,0.0,False,,,
98,20,RSNA_5102,R-CC,NO,0.0,False,,,
98,20,RSNA_5102,L-MLO,NO,0.0,False,,,
98,20,RSNA_5102,R-MLO,NO,0.0,False,,,
98,21,RSNA_51028,L-CC,NO,0.0,False,,,
98,21,RSNA_51028,R-CC,NO,0.0,False,,,
98,21,RSNA_51028,L-MLO,NO,0.0,False,,,
98,21,RSNA_51028,R-MLO,NO,0.0,False,,,
98,22,RSNA_51029,L-CC,NO,0.0,False,,,
98,22,RSNA_51029,R-CC,NO,0.0,False,,,
98,22,RSNA_51029,L-MLO,NO,0.0,False,,,
98,22,RSNA_51029,R-MLO,NO,0.0,False,,,
98,23,RSNA_51075,L-CC,NO,0.0,False,,,
98,23,RSNA_51075,R-CC,NO,0.0,False,,,
98,23,RSNA_51075,L-MLO,NO,0.0,False,,,
98,23,RSNA_51075,R-MLO,NO,0.0,False,,,
98,24,RSNA_51091,L-CC,NO,0.0,False,,,
98,24,RSNA_51091,R-CC,NO,0.0,False,,,
98,24,RSNA_51091,L-MLO,NO,0.0,False,,,
98,24,RSNA_51091,R-MLO,NO,0.0,False,,,
99,0,RSNA_51113,L-CC,NO,0.0,False,,,
99,0,RSNA_51113,R-CC,NO,0.0,False,,,
99,0,RSNA_51113,L-MLO,NO,0.0,False,,,
99,0,RSNA_51113,R-MLO,NO,0.0,False,,,
99,1,RSNA_51118,L-CC,NO,0.0,False,,,
99,1,RSNA_51118,R-CC,NO,0.0,False,,,
99,1,RSNA_51118,L-MLO,NO,0.0,False,,,
99,1,RSNA_51118,R-MLO,NO,0.0,False,,,
99,2,RSNA_51141,L-CC,NO,0.0,False,,,
99,2,RSNA_51141,R-CC,NO,0.0,False,,,
99,2,RSNA_51141,L-MLO,NO,0.0,False,,,
99,2,RSNA_51141,R-MLO,NO,0.0,False,,,
99,3,RSNA_51170,L-CC,NO,0.0,False,,,
99,3,RSNA_51170,R-CC,NO,0.0,False,,,
99,3,RSNA_51170,L-MLO,NO,0.0,False,,,
99,3,RSNA_51170,R-MLO,NO,0.0,False,,,
99,4,RSNA_51206,L-CC,NO,0.0,False,,,
99,4,RSNA_51206,R-CC,NO,0.0,False,,,
99,4,RSNA_51206,L-MLO,NO,0.0,False,,,
99,4,RSNA_51206,R-MLO,NO,0.0,False,,,
99,5,RSNA_51209,L-CC,NO,0.0,False,,,
99,5,RSNA_51209,R-CC,NO,0.0,False,,,
99,5,RSNA_51209,L-MLO,NO,0.0,False,,,
99,5,RSNA_51209,R-MLO,NO,0.0,False,,,
99,6,RSNA_51250,L-CC,NO,1186.0,True,YES,0.0,False
99,6,RSNA_51250,R-CC,NO,1382.0,True,YES,0.0,False
99,6,RSNA_51250,L-MLO,NO,1113.0,True,YES,0.0,False
99,6,RSNA_51250,R-MLO,NO,1229.0,True,YES,0.0,False
99,7,RSNA_51272,L-CC,NO,0.0,False,,,
99,7,RSNA_51272,R-CC,NO,0.0,False,,,
99,7,RSNA_51272,L-MLO,NO,0.0,False,,,
99,7,RSNA_51272,R-MLO,NO,0.0,False,,,
99,8,RSNA_51281,L-CC,NO,1567.0,True,YES,0.0,False
99,8,RSNA_51281,R-CC,NO,1429.0,True,YES,0.0,False
99,8,RSNA_51281,L-MLO,NO,1360.0,True,YES,0.0,False
99,8,RSNA_51281,R-MLO,NO,1310.0,True,YES,0.0,False
99,9,RSNA_51297,L-CC,NO,1470.0,True,YES,0.0,False
99,9,RSNA_51297,R-CC,NO,1602.0,True,YES,0.0,False
99,9,RSNA_51297,L-MLO,NO,1295.0,True,YES,0.0,False
99,9,RSNA_51297,R-MLO,NO,1432.0,True,YES,0.0,False
99,10,RSNA_51312,L-CC,NO,0.0,False,,,
99,10,RSNA_51312,R-CC,NO,0.0,False,,,
99,10,RSNA_51312,L-MLO,NO,0.0,False,,,
99,10,RSNA_51312,R-MLO,NO,0.0,False,,,
99,11,RSNA_51341,L-CC,NO,0.0,False,,,
99,11,RSNA_51341,R-CC,NO,0.0,False,,,
99,11,RSNA_51341,L-MLO,NO,0.0,False,,,
99,11,RSNA_51341,R-MLO,NO,0.0,False,,,
99,12,RSNA_51378,L-CC,NO,0.0,False,,,
99,12,RSNA_51378,R-CC,NO,0.0,False,,,
99,12,RSNA_51378,L-MLO,NO,0.0,False,,,
99,12,RSNA_51378,R-MLO,NO,0.0,False,,,
99,13,RSNA_51382,L-CC,NO,0.0,False,,,
99,13,RSNA_51382,R-CC,NO,0.0,False,,,
99,13,RSNA_51382,L-MLO,NO,0.0,False,,,
99,13,RSNA_51382,R-MLO,NO,0.0,False,,,
99,14,RSNA_51418,L-CC,NO,0.0,False,,,
99,14,RSNA_51418,R-CC,NO,0.0,False,,,
99,14,RSNA_51418,L-MLO,NO,0.0,False,,,
99,14,RSNA_51418,R-MLO,NO,0.0,False,,,
99,15,RSNA_51419,L-CC,NO,0.0,False,,,
99,15,RSNA_51419,R-CC,NO,0.0,False,,,
99,15,RSNA_51419,L-MLO,NO,0.0,False,,,
99,15,RSNA_51419,R-MLO,NO,0.0,False,,,
99,16,RSNA_51420,L-CC,NO,674.0,True,YES,0.0,False
99,16,RSNA_51420,R-CC,NO,657.0,True,YES,0.0,False
99,16,RSNA_51420,L-MLO,NO,487.0,True,YES,0.0,False
99,16,RSNA_51420,R-MLO,NO,509.0,True,YES,0.0,False
99,17,RSNA_51424,L-CC,NO,0.0,False,,,
99,17,RSNA_51424,R-CC,NO,0.0,False,,,
99,17,RSNA_51424,L-MLO,NO,0.0,False,,,
99,17,RSNA_51424,R-MLO,NO,0.0,False,,,
99,18,RSNA_51435,L-CC,NO,1706.0,True,YES,0.0,False
99,18,RSNA_51435,R-CC,NO,1588.0,True,YES,0.0,False
99,18,RSNA_51435,L-MLO,NO,1774.0,True,YES,0.0,False
99,18,RSNA_51435,R-MLO,NO,1627.0,True,YES,0.0,False
99,19,RSNA_5147,L-CC,NO,0.0,False,,,
99,19,RSNA_5147,R-CC,NO,0.0,False,,,
99,19,RSNA_5147,L-MLO,NO,0.0,False,,,
99,19,RSNA_5147,R-MLO,NO,0.0,False,,,
99,20,RSNA_51474,L-CC,NO,0.0,False,,,
99,20,RSNA_51474,R-CC,NO,0.0,False,,,
99,20,RSNA_51474,L-MLO,NO,0.0,False,,,
99,20,RSNA_51474,R-MLO,NO,0.0,False,,,
99,21,RSNA_51523,L-CC,NO,0.0,False,,,
99,21,RSNA_51523,R-CC,NO,0.0,False,,,
99,21,RSNA_51523,L-MLO,NO,0.0,False,,,
99,21,RSNA_51523,R-MLO,NO,0.0,False,,,
99,22,RSNA_51548,L-CC,NO,0.0,False,,,
99,22,RSNA_51548,R-CC,NO,0.0,False,,,
99,22,RSNA_51548,L-MLO,NO,0.0,False,,,
99,22,RSNA_51548,R-MLO,NO,0.0,False,,,
99,23,RSNA_51595,L-CC,NO,1376.0,True,YES,0.0,False
99,23,RSNA_51595,R-CC,NO,1431.0,True,YES,0.0,False
99,23,RSNA_51595,L-MLO,NO,1270.0,True,YES,0.0,False
99,23,RSNA_51595,R-MLO,NO,1367.0,True,YES,0.0,False
99,24,RSNA_51622,L-CC,NO,939.0,True,YES,0.0,False
99,24,RSNA_51622,R-CC,NO,758.0,True,YES,0.0,False
99,24,RSNA_51622,L-MLO,NO,797.0,True,YES,0.0,False
99,24,RSNA_51622,R-MLO,NO,649.0,True,YES,0.0,False
100,0,RSNA_51625,L-CC,NO,0.0,False,,,
100,0,RSNA_51625,R-CC,NO,0.0,False,,,
100,0,RSNA_51625,L-MLO,NO,0.0,False,,,
100,0,RSNA_51625,R-MLO,NO,0.0,False,,,
100,1,RSNA_51627,L-CC,NO,225.0,True,YES,0.0,False
100,1,RSNA_51627,R-CC,NO,240.0,True,YES,0.0,False
100,1,RSNA_51627,L-MLO,NO,406.0,True,YES,0.0,False
100,1,RSNA_51627,R-MLO,NO,99.0,True,YES,0.0,False
100,2,RSNA_51648,L-CC,NO,0.0,False,,,
100,2,RSNA_51648,R-CC,NO,0.0,False,,,
100,2,RSNA_51648,L-MLO,NO,0.0,False,,,
100,2,RSNA_51648,R-MLO,NO,0.0,False,,,
100,3,RSNA_51654,L-CC,NO,0.0,False,,,
100,3,RSNA_51654,R-CC,NO,0.0,False,,,
100,3,RSNA_51654,L-MLO,NO,0.0,False,,,
100,3,RSNA_51654,R-MLO,NO,0.0,False,,,
100,4,RSNA_51661,L-CC,NO,1678.0,True,YES,0.0,False
100,4,RSNA_51661,R-CC,NO,1793.0,True,YES,0.0,False
100,4,RSNA_51661,L-MLO,NO,1518.0,True,YES,0.0,False
100,4,RSNA_51661,R-MLO,NO,1677.0,True,YES,0.0,False
100,5,RSNA_51703,L-CC,NO,0.0,False,,,
100,5,RSNA_51703,R-CC,NO,0.0,False,,,
100,5,RSNA_51703,L-MLO,NO,0.0,False,,,
100,5,RSNA_51703,R-MLO,NO,0.0,False,,,
100,6,RSNA_51704,L-CC,NO,1540.0,True,YES,0.0,False
100,6,RSNA_51704,R-CC,NO,1506.0,True,YES,0.0,False
100,6,RSNA_51704,L-MLO,NO,1370.0,True,YES,0.0,False
100,6,RSNA_51704,R-MLO,NO,1450.0,True,YES,0.0,False
100,7,RSNA_51708,L-CC,NO,0.0,False,,,
100,7,RSNA_51708,R-CC,NO,0.0,False,,,
100,7,RSNA_51708,L-MLO,NO,0.0,False,,,
100,7,RSNA_51708,R-MLO,NO,0.0,False,,,
100,8,RSNA_51801,L-CC,NO,0.0,False,,,
100,8,RSNA_51801,R-CC,NO,0.0,False,,,
100,8,RSNA_51801,L-MLO,NO,0.0,False,,,
100,8,RSNA_51801,R-MLO,NO,0.0,False,,,
100,9,RSNA_51875,L-CC,NO,0.0,False,,,
100,9,RSNA_51875,R-CC,NO,0.0,False,,,
100,9,RSNA_51875,L-MLO,NO,0.0,False,,,
100,9,RSNA_51875,R-MLO,NO,0.0,False,,,
100,10,RSNA_5188,L-CC,NO,0.0,False,,,
100,10,RSNA_5188,R-CC,NO,0.0,False,,,
100,10,RSNA_5188,L-MLO,NO,0.0,False,,,
100,10,RSNA_5188,R-MLO,NO,0.0,False,,,
100,11,RSNA_51889,L-CC,NO,0.0,False,,,
100,11,RSNA_51889,R-CC,NO,0.0,False,,,
100,11,RSNA_51889,L-MLO,NO,0.0,False,,,
100,11,RSNA_51889,R-MLO,NO,0.0,False,,,
100,12,RSNA_51891,L-CC,NO,0.0,False,,,
100,12,RSNA_51891,R-CC,NO,0.0,False,,,
100,12,RSNA_51891,L-MLO,NO,0.0,False,,,
100,12,RSNA_51891,R-MLO,NO,0.0,False,,,
100,13,RSNA_51896,L-CC,NO,0.0,False,,,
100,13,RSNA_51896,R-CC,NO,0.0,False,,,
100,13,RSNA_51896,L-MLO,NO,0.0,False,,,
100,13,RSNA_51896,R-MLO,NO,0.0,False,,,
100,14,RSNA_51897,L-CC,NO,0.0,False,,,
100,14,RSNA_51897,R-CC,NO,0.0,False,,,
100,14,RSNA_51897,L-MLO,NO,0.0,False,,,
100,14,RSNA_51897,R-MLO,NO,0.0,False,,,
100,15,RSNA_51898,L-CC,NO,0.0,False,,,
100,15,RSNA_51898,R-CC,NO,0.0,False,,,
100,15,RSNA_51898,L-MLO,NO,0.0,False,,,
100,15,RSNA_51898,R-MLO,NO,0.0,False,,,
100,16,RSNA_51919,L-CC,NO,0.0,False,,,
100,16,RSNA_51919,R-CC,NO,0.0,False,,,
100,16,RSNA_51919,L-MLO,NO,0.0,False,,,
100,16,RSNA_51919,R-MLO,NO,0.0,False,,,
100,17,RSNA_51928,L-CC,NO,0.0,False,,,
100,17,RSNA_51928,R-CC,NO,0.0,False,,,
100,17,RSNA_51928,L-MLO,NO,0.0,False,,,
100,17,RSNA_51928,R-MLO,NO,0.0,False,,,
100,18,RSNA_51939,L-CC,NO,0.0,False,,,
100,18,RSNA_51939,R-CC,NO,0.0,False,,,
100,18,RSNA_51939,L-MLO,NO,0.0,False,,,
100,18,RSNA_51939,R-MLO,NO,0.0,False,,,
100,19,RSNA_51944,L-CC,NO,1807.0,True,YES,0.0,False
100,19,RSNA_51944,R-CC,NO,1763.0,True,YES,0.0,False
100,19,RSNA_51944,L-MLO,NO,1685.0,True,YES,0.0,False
100,19,RSNA_51944,R-MLO,NO,1696.0,True,YES,0.0,False
100,20,RSNA_51950,L-CC,NO,0.0,False,,,
100,20,RSNA_51950,R-CC,NO,0.0,False,,,
100,20,RSNA_51950,L-MLO,NO,0.0,False,,,
100,20,RSNA_51950,R-MLO,NO,0.0,False,,,
100,21,RSNA_51959,L-CC,NO,0.0,False,,,
100,21,RSNA_51959,R-CC,NO,0.0,False,,,
100,21,RSNA_51959,L-MLO,NO,0.0,False,,,
100,21,RSNA_51959,R-MLO,NO,0.0,False,,,
100,22,RSNA_51967,L-CC,NO,0.0,False,,,
100,22,RSNA_51967,R-CC,NO,0.0,False,,,
100,22,RSNA_51967,L-MLO,NO,0.0,False,,,
100,22,RSNA_51967,R-MLO,NO,0.0,False,,,
100,23,RSNA_51982,L-CC,NO,0.0,False,,,
100,23,RSNA_51982,R-CC,NO,0.0,False,,,
100,23,RSNA_51982,L-MLO,NO,0.0,False,,,
100,23,RSNA_51982,R-MLO,NO,0.0,False,,,
100,24,RSNA_51985,L-CC,NO,0.0,False,,,
100,24,RSNA_51985,R-CC,NO,0.0,False,,,
100,24,RSNA_51985,L-MLO,NO,0.0,False,,,
100,24,RSNA_51985,R-MLO,NO,0.0,False,,,
101,0,RSNA_5199,L-CC,NO,0.0,False,,,
101,0,RSNA_5199,R-CC,NO,0.0,False,,,
101,0,RSNA_5199,L-MLO,NO,0.0,False,,,
101,0,RSNA_5199,R-MLO,NO,0.0,False,,,
101,1,RSNA_52021,L-CC,NO,0.0,False,,,
101,1,RSNA_52021,R-CC,NO,0.0,False,,,
101,1,RSNA_52021,L-MLO,NO,0.0,False,,,
101,1,RSNA_52021,R-MLO,NO,0.0,False,,,
101,2,RSNA_52035,L-CC,NO,792.0,True,YES,0.0,False
101,2,RSNA_52035,R-CC,NO,873.0,True,YES,0.0,False
101,2,RSNA_52035,L-MLO,NO,767.0,True,YES,0.0,False
101,2,RSNA_52035,R-MLO,NO,847.0,True,YES,0.0,False
101,3,RSNA_52065,L-CC,NO,0.0,False,,,
101,3,RSNA_52065,R-CC,NO,0.0,False,,,
101,3,RSNA_52065,L-MLO,NO,0.0,False,,,
101,3,RSNA_52065,R-MLO,NO,0.0,False,,,
101,4,RSNA_52100,L-CC,NO,894.0,True,YES,0.0,False
101,4,RSNA_52100,R-CC,NO,773.0,True,YES,0.0,False
101,4,RSNA_52100,L-MLO,NO,704.0,True,YES,0.0,False
101,4,RSNA_52100,R-MLO,NO,570.0,True,YES,0.0,False
101,5,RSNA_52110,L-CC,NO,0.0,False,,,
101,5,RSNA_52110,R-CC,NO,0.0,False,,,
101,5,RSNA_52110,L-MLO,NO,0.0,False,,,
101,5,RSNA_52110,R-MLO,NO,0.0,False,,,
101,6,RSNA_52143,L-CC,NO,0.0,False,,,
101,6,RSNA_52143,R-CC,NO,0.0,False,,,
101,6,RSNA_52143,L-MLO,NO,0.0,False,,,
101,6,RSNA_52143,R-MLO,NO,0.0,False,,,
101,7,RSNA_52145,L-CC,NO,0.0,False,,,
101,7,RSNA_52145,R-CC,NO,0.0,False,,,
101,7,RSNA_52145,L-MLO,NO,0.0,False,,,
101,7,RSNA_52145,R-MLO,NO,0.0,False,,,
101,8,RSNA_52148,L-CC,NO,0.0,False,,,
101,8,RSNA_52148,R-CC,NO,0.0,False,,,
101,8,RSNA_52148,L-MLO,NO,0.0,False,,,
101,8,RSNA_52148,R-MLO,NO,0.0,False,,,
101,9,RSNA_52172,L-CC,NO,0.0,False,,,
101,9,RSNA_52172,R-CC,NO,0.0,False,,,
101,9,RSNA_52172,L-MLO,NO,0.0,False,,,
101,9,RSNA_52172,R-MLO,NO,0.0,False,,,
101,10,RSNA_52175,L-CC,NO,0.0,False,,,
101,10,RSNA_52175,R-CC,NO,0.0,False,,,
101,10,RSNA_52175,L-MLO,NO,0.0,False,,,
101,10,RSNA_52175,R-MLO,NO,0.0,False,,,
101,11,RSNA_52181,L-CC,NO,0.0,False,,,
101,11,RSNA_52181,R-CC,NO,0.0,False,,,
101,11,RSNA_52181,L-MLO,NO,0.0,False,,,
101,11,RSNA_52181,R-MLO,NO,0.0,False,,,
101,12,RSNA_52204,L-CC,NO,255.0,True,,,
101,12,RSNA_52204,R-CC,NO,161.0,True,,,
101,12,RSNA_52204,L-MLO,NO,0.0,False,,,
101,12,RSNA_52204,R-MLO,NO,165.0,True,,,
101,13,RSNA_52208,L-CC,NO,0.0,False,,,
101,13,RSNA_52208,R-CC,NO,0.0,False,,,
101,13,RSNA_52208,L-MLO,NO,0.0,False,,,
101,13,RSNA_52208,R-MLO,NO,0.0,False,,,
101,14,RSNA_52234,L-CC,NO,573.0,True,YES,0.0,False
101,14,RSNA_52234,R-CC,NO,678.0,True,YES,0.0,False
101,14,RSNA_52234,L-MLO,NO,606.0,True,YES,0.0,False
101,14,RSNA_52234,R-MLO,NO,690.0,True,YES,0.0,False
101,15,RSNA_52268,L-CC,NO,0.0,False,,,
101,15,RSNA_52268,R-CC,NO,0.0,False,,,
101,15,RSNA_52268,L-MLO,NO,0.0,False,,,
101,15,RSNA_52268,R-MLO,NO,0.0,False,,,
101,16,RSNA_52282,L-CC,NO,0.0,False,,,
101,16,RSNA_52282,R-CC,NO,0.0,False,,,
101,16,RSNA_52282,L-MLO,NO,0.0,False,,,
101,16,RSNA_52282,R-MLO,NO,0.0,False,,,
101,17,RSNA_52288,L-CC,NO,0.0,False,,,
101,17,RSNA_52288,R-CC,NO,0.0,False,,,
101,17,RSNA_52288,L-MLO,NO,0.0,False,,,
101,17,RSNA_52288,R-MLO,NO,0.0,False,,,
101,18,RSNA_52315,L-CC,NO,0.0,False,,,
101,18,RSNA_52315,R-CC,NO,0.0,False,,,
101,18,RSNA_52315,L-MLO,NO,0.0,False,,,
101,18,RSNA_52315,R-MLO,NO,0.0,False,,,
101,19,RSNA_52369,L-CC,NO,0.0,False,,,
101,19,RSNA_52369,R-CC,NO,0.0,False,,,
101,19,RSNA_52369,L-MLO,NO,0.0,False,,,
101,19,RSNA_52369,R-MLO,NO,0.0,False,,,
101,20,RSNA_52395,L-CC,NO,0.0,False,,,
101,20,RSNA_52395,R-CC,NO,0.0,False,,,
101,20,RSNA_52395,L-MLO,NO,0.0,False,,,
101,20,RSNA_52395,R-MLO,NO,0.0,False,,,
101,21,RSNA_52396,L-CC,NO,0.0,False,,,
101,21,RSNA_52396,R-CC,NO,0.0,False,,,
101,21,RSNA_52396,L-MLO,NO,0.0,False,,,
101,21,RSNA_52396,R-MLO,NO,0.0,False,,,
101,22,RSNA_52410,L-CC,NO,0.0,False,,,
101,22,RSNA_52410,R-CC,NO,0.0,False,,,
101,22,RSNA_52410,L-MLO,NO,0.0,False,,,
101,22,RSNA_52410,R-MLO,NO,0.0,False,,,
101,23,RSNA_52436,L-CC,NO,0.0,False,,,
101,23,RSNA_52436,R-CC,NO,0.0,False,,,
101,23,RSNA_52436,L-MLO,NO,0.0,False,,,
101,23,RSNA_52436,R-MLO,NO,0.0,False,,,
101,24,RSNA_52458,L-CC,NO,0.0,False,,,
101,24,RSNA_52458,R-CC,NO,0.0,False,,,
101,24,RSNA_52458,L-MLO,NO,0.0,False,,,
101,24,RSNA_52458,R-MLO,NO,0.0,False,,,
102,0,RSNA_52461,L-CC,NO,0.0,False,,,
102,0,RSNA_52461,R-CC,NO,0.0,False,,,
102,0,RSNA_52461,L-MLO,NO,0.0,False,,,
102,0,RSNA_52461,R-MLO,NO,0.0,False,,,
102,1,RSNA_52558,L-CC,NO,0.0,False,,,
102,1,RSNA_52558,R-CC,NO,0.0,False,,,
102,1,RSNA_52558,L-MLO,NO,0.0,False,,,
102,1,RSNA_52558,R-MLO,NO,0.0,False,,,
102,2,RSNA_52569,L-CC,NO,0.0,False,,,
102,2,RSNA_52569,R-CC,NO,0.0,False,,,
102,2,RSNA_52569,L-MLO,NO,0.0,False,,,
102,2,RSNA_52569,R-MLO,NO,0.0,False,,,
102,3,RSNA_52597,L-CC,NO,0.0,False,,,
102,3,RSNA_52597,R-CC,NO,0.0,False,,,
102,3,RSNA_52597,L-MLO,NO,0.0,False,,,
102,3,RSNA_52597,R-MLO,NO,0.0,False,,,
102,4,RSNA_526,L-CC,NO,0.0,False,,,
102,4,RSNA_526,R-CC,NO,0.0,False,,,
102,4,RSNA_526,L-MLO,NO,0.0,False,,,
102,4,RSNA_526,R-MLO,NO,0.0,False,,,
102,5,RSNA_52602,L-CC,NO,1185.0,True,YES,0.0,False
102,5,RSNA_52602,R-CC,NO,1132.0,True,YES,0.0,False
102,5,RSNA_52602,L-MLO,NO,946.0,True,YES,0.0,False
102,5,RSNA_52602,R-MLO,NO,1419.0,True,YES,0.0,False
102,6,RSNA_52627,L-CC,NO,0.0,False,,,
102,6,RSNA_52627,R-CC,NO,0.0,False,,,
102,6,RSNA_52627,L-MLO,NO,0.0,False,,,
102,6,RSNA_52627,R-MLO,NO,0.0,False,,,
102,7,RSNA_52647,L-CC,NO,0.0,False,,,
102,7,RSNA_52647,R-CC,NO,0.0,False,,,
102,7,RSNA_52647,L-MLO,NO,0.0,False,,,
102,7,RSNA_52647,R-MLO,NO,0.0,False,,,
102,8,RSNA_52664,L-CC,NO,0.0,False,,,
102,8,RSNA_52664,R-CC,NO,0.0,False,,,
102,8,RSNA_52664,L-MLO,NO,0.0,False,,,
102,8,RSNA_52664,R-MLO,NO,0.0,False,,,
102,9,RSNA_52718,L-CC,NO,0.0,False,,,
102,9,RSNA_52718,R-CC,NO,0.0,False,,,
102,9,RSNA_52718,L-MLO,NO,0.0,False,,,
102,9,RSNA_52718,R-MLO,NO,0.0,False,,,
102,10,RSNA_5275,L-CC,NO,0.0,False,,,
102,10,RSNA_5275,R-CC,NO,0.0,False,,,
102,10,RSNA_5275,L-MLO,NO,0.0,False,,,
102,10,RSNA_5275,R-MLO,NO,0.0,False,,,
102,11,RSNA_52803,L-CC,NO,0.0,False,,,
102,11,RSNA_52803,R-CC,NO,0.0,False,,,
102,11,RSNA_52803,L-MLO,NO,0.0,False,,,
102,11,RSNA_52803,R-MLO,NO,0.0,False,,,
102,12,RSNA_52805,L-CC,NO,0.0,False,,,
102,12,RSNA_52805,R-CC,NO,0.0,False,,,
102,12,RSNA_52805,L-MLO,NO,0.0,False,,,
102,12,RSNA_52805,R-MLO,NO,0.0,False,,,
102,13,RSNA_52809,L-CC,NO,0.0,False,,,
102,13,RSNA_52809,R-CC,NO,0.0,False,,,
102,13,RSNA_52809,L-MLO,NO,0.0,False,,,
102,13,RSNA_52809,R-MLO,NO,0.0,False,,,
102,14,RSNA_52813,L-CC,NO,0.0,False,,,
102,14,RSNA_52813,R-CC,NO,0.0,False,,,
102,14,RSNA_52813,L-MLO,NO,0.0,False,,,
102,14,RSNA_52813,R-MLO,NO,0.0,False,,,
102,15,RSNA_52840,L-CC,NO,0.0,False,,,
102,15,RSNA_52840,R-CC,NO,0.0,False,,,
102,15,RSNA_52840,L-MLO,NO,0.0,False,,,
102,15,RSNA_52840,R-MLO,NO,0.0,False,,,
102,16,RSNA_52849,L-CC,NO,0.0,False,,,
102,16,RSNA_52849,R-CC,NO,0.0,False,,,
102,16,RSNA_52849,L-MLO,NO,0.0,False,,,
102,16,RSNA_52849,R-MLO,NO,0.0,False,,,
102,17,RSNA_52852,L-CC,NO,0.0,False,,,
102,17,RSNA_52852,R-CC,NO,0.0,False,,,
102,17,RSNA_52852,L-MLO,NO,0.0,False,,,
102,17,RSNA_52852,R-MLO,NO,0.0,False,,,
102,18,RSNA_52949,L-CC,NO,0.0,False,,,
102,18,RSNA_52949,R-CC,NO,0.0,False,,,
102,18,RSNA_52949,L-MLO,NO,0.0,False,,,
102,18,RSNA_52949,R-MLO,NO,0.0,False,,,
102,19,RSNA_52959,L-CC,NO,0.0,False,,,
102,19,RSNA_52959,R-CC,NO,0.0,False,,,
102,19,RSNA_52959,L-MLO,NO,0.0,False,,,
102,19,RSNA_52959,R-MLO,NO,0.0,False,,,
102,20,RSNA_52963,L-CC,NO,0.0,False,,,
102,20,RSNA_52963,R-CC,NO,0.0,False,,,
102,20,RSNA_52963,L-MLO,NO,0.0,False,,,
102,20,RSNA_52963,R-MLO,NO,0.0,False,,,
102,21,RSNA_52975,L-CC,NO,0.0,False,,,
102,21,RSNA_52975,R-CC,NO,0.0,False,,,
102,21,RSNA_52975,L-MLO,NO,0.0,False,,,
102,21,RSNA_52975,R-MLO,NO,0.0,False,,,
102,22,RSNA_5298,L-CC,NO,0.0,False,,,
102,22,RSNA_5298,R-CC,NO,0.0,False,,,
102,22,RSNA_5298,L-MLO,NO,0.0,False,,,
102,22,RSNA_5298,R-MLO,NO,0.0,False,,,
102,23,RSNA_52996,L-CC,NO,0.0,False,,,
102,23,RSNA_52996,R-CC,NO,0.0,False,,,
102,23,RSNA_52996,L-MLO,NO,0.0,False,,,
102,23,RSNA_52996,R-MLO,NO,0.0,False,,,
102,24,RSNA_5302,L-CC,NO,0.0,False,,,
102,24,RSNA_5302,R-CC,NO,0.0,False,,,
102,24,RSNA_5302,L-MLO,NO,0.0,False,,,
102,24,RSNA_5302,R-MLO,NO,0.0,False,,,
103,0,RSNA_53024,L-CC,NO,0.0,False,,,
103,0,RSNA_53024,R-CC,NO,0.0,False,,,
103,0,RSNA_53024,L-MLO,NO,0.0,False,,,
103,0,RSNA_53024,R-MLO,NO,0.0,False,,,
103,1,RSNA_53037,L-CC,NO,0.0,False,,,
103,1,RSNA_53037,R-CC,NO,0.0,False,,,
103,1,RSNA_53037,L-MLO,NO,0.0,False,,,
103,1,RSNA_53037,R-MLO,NO,0.0,False,,,
103,2,RSNA_53050,L-CC,NO,982.0,True,YES,0.0,False
103,2,RSNA_53050,R-CC,NO,878.0,True,YES,0.0,False
103,2,RSNA_53050,L-MLO,NO,865.0,True,YES,0.0,False
103,2,RSNA_53050,R-MLO,NO,755.0,True,YES,0.0,False
103,3,RSNA_53051,L-CC,NO,0.0,False,,,
103,3,RSNA_53051,R-CC,NO,0.0,False,,,
103,3,RSNA_53051,L-MLO,NO,0.0,False,,,
103,3,RSNA_53051,R-MLO,NO,0.0,False,,,
103,4,RSNA_53074,L-CC,NO,0.0,False,,,
103,4,RSNA_53074,R-CC,NO,0.0,False,,,
103,4,RSNA_53074,L-MLO,NO,0.0,False,,,
103,4,RSNA_53074,R-MLO,NO,0.0,False,,,
103,5,RSNA_53076,L-CC,NO,1181.0,True,YES,0.0,False
103,5,RSNA_53076,R-CC,NO,1419.0,True,YES,0.0,False
103,5,RSNA_53076,L-MLO,NO,1406.0,True,YES,0.0,False
103,5,RSNA_53076,R-MLO,NO,1405.0,True,YES,0.0,False
103,6,RSNA_53080,L-CC,NO,0.0,False,,,
103,6,RSNA_53080,R-CC,NO,0.0,False,,,
103,6,RSNA_53080,L-MLO,NO,0.0,False,,,
103,6,RSNA_53080,R-MLO,NO,0.0,False,,,
103,7,RSNA_53085,L-CC,NO,0.0,False,,,
103,7,RSNA_53085,R-CC,NO,0.0,False,,,
103,7,RSNA_53085,L-MLO,NO,0.0,False,,,
103,7,RSNA_53085,R-MLO,NO,0.0,False,,,
103,8,RSNA_5309,L-CC,NO,1334.0,True,YES,0.0,False
103,8,RSNA_5309,R-CC,NO,1308.0,True,YES,0.0,False
103,8,RSNA_5309,L-MLO,NO,1418.0,True,YES,0.0,False
103,8,RSNA_5309,R-MLO,NO,1425.0,True,YES,0.0,False
103,9,RSNA_53097,L-CC,NO,0.0,False,,,
103,9,RSNA_53097,R-CC,NO,0.0,False,,,
103,9,RSNA_53097,L-MLO,NO,0.0,False,,,
103,9,RSNA_53097,R-MLO,NO,0.0,False,,,
103,10,RSNA_53102,L-CC,NO,1603.0,True,YES,0.0,False
103,10,RSNA_53102,R-CC,NO,1642.0,True,YES,0.0,False
103,10,RSNA_53102,L-MLO,NO,1485.0,True,YES,0.0,False
103,10,RSNA_53102,R-MLO,NO,1518.0,True,YES,0.0,False
103,11,RSNA_53117,L-CC,NO,0.0,False,,,
103,11,RSNA_53117,R-CC,NO,0.0,False,,,
103,11,RSNA_53117,L-MLO,NO,0.0,False,,,
103,11,RSNA_53117,R-MLO,NO,0.0,False,,,
103,12,RSNA_53153,L-CC,NO,0.0,False,,,
103,12,RSNA_53153,R-CC,NO,0.0,False,,,
103,12,RSNA_53153,L-MLO,NO,0.0,False,,,
103,12,RSNA_53153,R-MLO,NO,0.0,False,,,
103,13,RSNA_53183,L-CC,NO,0.0,False,,,
103,13,RSNA_53183,R-CC,NO,0.0,False,,,
103,13,RSNA_53183,L-MLO,NO,0.0,False,,,
103,13,RSNA_53183,R-MLO,NO,0.0,False,,,
103,14,RSNA_53188,L-CC,NO,0.0,False,,,
103,14,RSNA_53188,R-CC,NO,0.0,False,,,
103,14,RSNA_53188,L-MLO,NO,0.0,False,,,
103,14,RSNA_53188,R-MLO,NO,0.0,False,,,
103,15,RSNA_53214,L-CC,NO,0.0,False,,,
103,15,RSNA_53214,R-CC,NO,0.0,False,,,
103,15,RSNA_53214,L-MLO,NO,0.0,False,,,
103,15,RSNA_53214,R-MLO,NO,0.0,False,,,
103,16,RSNA_53220,L-CC,NO,1183.0,True,YES,0.0,False
103,16,RSNA_53220,R-CC,NO,1432.0,True,YES,0.0,False
103,16,RSNA_53220,L-MLO,NO,1265.0,True,YES,0.0,False
103,16,RSNA_53220,R-MLO,NO,1437.0,True,YES,0.0,False
103,17,RSNA_53226,L-CC,NO,0.0,False,,,
103,17,RSNA_53226,R-CC,NO,0.0,False,,,
103,17,RSNA_53226,L-MLO,NO,0.0,False,,,
103,17,RSNA_53226,R-MLO,NO,0.0,False,,,
103,18,RSNA_53230,L-CC,NO,1053.0,True,YES,0.0,False
103,18,RSNA_53230,R-CC,NO,1071.0,True,YES,0.0,False
103,18,RSNA_53230,L-MLO,NO,866.0,True,YES,0.0,False
103,18,RSNA_53230,R-MLO,NO,998.0,True,YES,0.0,False
103,19,RSNA_53262,L-CC,NO,0.0,False,,,
103,19,RSNA_53262,R-CC,NO,0.0,False,,,
103,19,RSNA_53262,L-MLO,NO,0.0,False,,,
103,19,RSNA_53262,R-MLO,NO,0.0,False,,,
103,20,RSNA_53266,L-CC,NO,0.0,False,,,
103,20,RSNA_53266,R-CC,NO,0.0,False,,,
103,20,RSNA_53266,L-MLO,NO,0.0,False,,,
103,20,RSNA_53266,R-MLO,NO,0.0,False,,,
103,21,RSNA_53291,L-CC,NO,0.0,False,,,
103,21,RSNA_53291,R-CC,NO,0.0,False,,,
103,21,RSNA_53291,L-MLO,NO,0.0,False,,,
103,21,RSNA_53291,R-MLO,NO,0.0,False,,,
103,22,RSNA_53327,L-CC,NO,0.0,False,,,
103,22,RSNA_53327,R-CC,NO,0.0,False,,,
103,22,RSNA_53327,L-MLO,NO,0.0,False,,,
103,22,RSNA_53327,R-MLO,NO,0.0,False,,,
103,23,RSNA_53360,L-CC,NO,0.0,False,,,
103,23,RSNA_53360,R-CC,NO,0.0,False,,,
103,23,RSNA_53360,L-MLO,NO,0.0,False,,,
103,23,RSNA_53360,R-MLO,NO,0.0,False,,,
103,24,RSNA_53361,L-CC,NO,1464.0,True,YES,0.0,False
103,24,RSNA_53361,R-CC,NO,1688.0,True,YES,0.0,False
103,24,RSNA_53361,L-MLO,NO,1352.0,True,YES,0.0,False
103,24,RSNA_53361,R-MLO,NO,1576.0,True,YES,0.0,False
104,0,RSNA_53368,L-CC,NO,0.0,False,,,
104,0,RSNA_53368,R-CC,NO,0.0,False,,,
104,0,RSNA_53368,L-MLO,NO,0.0,False,,,
104,0,RSNA_53368,R-MLO,NO,0.0,False,,,
104,1,RSNA_53380,L-CC,NO,0.0,False,,,
104,1,RSNA_53380,R-CC,NO,0.0,False,,,
104,1,RSNA_53380,L-MLO,NO,0.0,False,,,
104,1,RSNA_53380,R-MLO,NO,0.0,False,,,
104,2,RSNA_5340,L-CC,NO,0.0,False,,,
104,2,RSNA_5340,R-CC,NO,0.0,False,,,
104,2,RSNA_5340,L-MLO,NO,173.0,True,,,
104,2,RSNA_5340,R-MLO,NO,242.0,True,,,
104,3,RSNA_53409,L-CC,NO,0.0,False,,,
104,3,RSNA_53409,R-CC,NO,0.0,False,,,
104,3,RSNA_53409,L-MLO,NO,0.0,False,,,
104,3,RSNA_53409,R-MLO,NO,0.0,False,,,
104,4,RSNA_53418,L-CC,NO,0.0,False,,,
104,4,RSNA_53418,R-CC,NO,0.0,False,,,
104,4,RSNA_53418,L-MLO,NO,0.0,False,,,
104,4,RSNA_53418,R-MLO,NO,0.0,False,,,
104,5,RSNA_53454,L-CC,NO,0.0,False,,,
104,5,RSNA_53454,R-CC,NO,0.0,False,,,
104,5,RSNA_53454,L-MLO,NO,0.0,False,,,
104,5,RSNA_53454,R-MLO,NO,0.0,False,,,
104,6,RSNA_53468,L-CC,NO,0.0,False,,,
104,6,RSNA_53468,R-CC,NO,0.0,False,,,
104,6,RSNA_53468,L-MLO,NO,0.0,False,,,
104,6,RSNA_53468,R-MLO,NO,0.0,False,,,
104,7,RSNA_53512,L-CC,NO,0.0,False,,,
104,7,RSNA_53512,R-CC,NO,0.0,False,,,
104,7,RSNA_53512,L-MLO,NO,0.0,False,,,
104,7,RSNA_53512,R-MLO,NO,0.0,False,,,
104,8,RSNA_53529,L-CC,NO,1312.0,True,YES,0.0,False
104,8,RSNA_53529,R-CC,NO,1271.0,True,YES,0.0,False
104,8,RSNA_53529,L-MLO,NO,1208.0,True,YES,0.0,False
104,8,RSNA_53529,R-MLO,NO,1105.0,True,YES,0.0,False
104,9,RSNA_53530,L-CC,NO,0.0,False,,,
104,9,RSNA_53530,R-CC,NO,0.0,False,,,
104,9,RSNA_53530,L-MLO,NO,0.0,False,,,
104,9,RSNA_53530,R-MLO,NO,0.0,False,,,
104,10,RSNA_53565,L-CC,NO,2275.0,True,YES,0.0,False
104,10,RSNA_53565,R-CC,NO,2006.0,True,YES,0.0,False
104,10,RSNA_53565,L-MLO,NO,1757.0,True,YES,0.0,False
104,10,RSNA_53565,R-MLO,NO,1832.0,True,YES,0.0,False
104,11,RSNA_53572,L-CC,NO,1161.0,True,YES,0.0,False
104,11,RSNA_53572,R-CC,NO,1068.0,True,YES,0.0,False
104,11,RSNA_53572,L-MLO,NO,1002.0,True,YES,0.0,False
104,11,RSNA_53572,R-MLO,NO,956.0,True,YES,0.0,False
104,12,RSNA_53577,L-CC,NO,0.0,False,,,
104,12,RSNA_53577,R-CC,NO,0.0,False,,,
104,12,RSNA_53577,L-MLO,NO,0.0,False,,,
104,12,RSNA_53577,R-MLO,NO,0.0,False,,,
104,13,RSNA_53620,L-CC,NO,0.0,False,,,
104,13,RSNA_53620,R-CC,NO,0.0,False,,,
104,13,RSNA_53620,L-MLO,NO,0.0,False,,,
104,13,RSNA_53620,R-MLO,NO,0.0,False,,,
104,14,RSNA_53636,L-CC,NO,596.0,True,YES,0.0,False
104,14,RSNA_53636,R-CC,NO,61.0,True,YES,0.0,False
104,14,RSNA_53636,L-MLO,NO,252.0,True,YES,0.0,False
104,14,RSNA_53636,R-MLO,NO,336.0,True,YES,0.0,False
104,15,RSNA_53661,L-CC,NO,1518.0,True,YES,0.0,False
104,15,RSNA_53661,R-CC,NO,1760.0,True,YES,0.0,False
104,15,RSNA_53661,L-MLO,NO,1370.0,True,YES,0.0,False
104,15,RSNA_53661,R-MLO,NO,1249.0,True,YES,0.0,False
104,16,RSNA_53669,L-CC,NO,0.0,False,,,
104,16,RSNA_53669,R-CC,NO,0.0,False,,,
104,16,RSNA_53669,L-MLO,NO,0.0,False,,,
104,16,RSNA_53669,R-MLO,NO,0.0,False,,,
104,17,RSNA_5368,L-CC,NO,0.0,False,,,
104,17,RSNA_5368,R-CC,NO,0.0,False,,,
104,17,RSNA_5368,L-MLO,NO,0.0,False,,,
104,17,RSNA_5368,R-MLO,NO,0.0,False,,,
104,18,RSNA_5369,L-CC,NO,0.0,False,,,
104,18,RSNA_5369,R-CC,NO,0.0,False,,,
104,18,RSNA_5369,L-MLO,NO,0.0,False,,,
104,18,RSNA_5369,R-MLO,NO,0.0,False,,,
104,19,RSNA_53708,L-CC,NO,1615.0,True,YES,0.0,False
104,19,RSNA_53708,R-CC,NO,1860.0,True,YES,0.0,False
104,19,RSNA_53708,L-MLO,NO,1513.0,True,YES,0.0,False
104,19,RSNA_53708,R-MLO,NO,1718.0,True,YES,0.0,False
104,20,RSNA_53715,L-CC,NO,0.0,False,,,
104,20,RSNA_53715,R-CC,NO,0.0,False,,,
104,20,RSNA_53715,L-MLO,NO,0.0,False,,,
104,20,RSNA_53715,R-MLO,NO,0.0,False,,,
104,21,RSNA_53727,L-CC,NO,0.0,False,,,
104,21,RSNA_53727,R-CC,NO,0.0,False,,,
104,21,RSNA_53727,L-MLO,NO,0.0,False,,,
104,21,RSNA_53727,R-MLO,NO,0.0,False,,,
104,22,RSNA_53777,L-CC,NO,0.0,False,,,
104,22,RSNA_53777,R-CC,NO,0.0,False,,,
104,22,RSNA_53777,L-MLO,NO,0.0,False,,,
104,22,RSNA_53777,R-MLO,NO,0.0,False,,,
104,23,RSNA_53835,L-CC,NO,0.0,False,,,
104,23,RSNA_53835,R-CC,NO,0.0,False,,,
104,23,RSNA_53835,L-MLO,NO,0.0,False,,,
104,23,RSNA_53835,R-MLO,NO,0.0,False,,,
104,24,RSNA_53844,L-CC,NO,0.0,False,,,
104,24,RSNA_53844,R-CC,NO,0.0,False,,,
104,24,RSNA_53844,L-MLO,NO,0.0,False,,,
104,24,RSNA_53844,R-MLO,NO,0.0,False,,,
105,0,RSNA_53847,L-CC,NO,1729.0,True,YES,0.0,False
105,0,RSNA_53847,R-CC,NO,1489.0,True,YES,0.0,False
105,0,RSNA_53847,L-MLO,NO,1668.0,True,YES,0.0,False
105,0,RSNA_53847,R-MLO,NO,1328.0,True,YES,0.0,False
105,1,RSNA_53857,L-CC,NO,0.0,False,,,
105,1,RSNA_53857,R-CC,NO,0.0,False,,,
105,1,RSNA_53857,L-MLO,NO,0.0,False,,,
105,1,RSNA_53857,R-MLO,NO,0.0,False,,,
105,2,RSNA_53866,L-CC,NO,0.0,False,,,
105,2,RSNA_53866,R-CC,NO,0.0,False,,,
105,2,RSNA_53866,L-MLO,NO,0.0,False,,,
105,2,RSNA_53866,R-MLO,NO,0.0,False,,,
105,3,RSNA_53886,L-CC,NO,0.0,False,,,
105,3,RSNA_53886,R-CC,NO,0.0,False,,,
105,3,RSNA_53886,L-MLO,NO,0.0,False,,,
105,3,RSNA_53886,R-MLO,NO,0.0,False,,,
105,4,RSNA_53892,L-CC,NO,0.0,False,,,
105,4,RSNA_53892,R-CC,NO,0.0,False,,,
105,4,RSNA_53892,L-MLO,NO,0.0,False,,,
105,4,RSNA_53892,R-MLO,NO,0.0,False,,,
105,5,RSNA_53916,L-CC,NO,0.0,False,,,
105,5,RSNA_53916,R-CC,NO,0.0,False,,,
105,5,RSNA_53916,L-MLO,NO,0.0,False,,,
105,5,RSNA_53916,R-MLO,NO,0.0,False,,,
105,6,RSNA_5393,L-CC,NO,0.0,False,,,
105,6,RSNA_5393,R-CC,NO,0.0,False,,,
105,6,RSNA_5393,L-MLO,NO,0.0,False,,,
105,6,RSNA_5393,R-MLO,NO,0.0,False,,,
105,7,RSNA_53946,L-CC,NO,0.0,False,,,
105,7,RSNA_53946,R-CC,NO,0.0,False,,,
105,7,RSNA_53946,L-MLO,NO,0.0,False,,,
105,7,RSNA_53946,R-MLO,NO,0.0,False,,,
105,8,RSNA_53960,L-CC,NO,0.0,False,,,
105,8,RSNA_53960,R-CC,NO,0.0,False,,,
105,8,RSNA_53960,L-MLO,NO,0.0,False,,,
105,8,RSNA_53960,R-MLO,NO,0.0,False,,,
105,9,RSNA_53990,L-CC,NO,0.0,False,,,
105,9,RSNA_53990,R-CC,NO,0.0,False,,,
105,9,RSNA_53990,L-MLO,NO,0.0,False,,,
105,9,RSNA_53990,R-MLO,NO,0.0,False,,,
105,10,RSNA_53994,L-CC,NO,0.0,False,,,
105,10,RSNA_53994,R-CC,NO,0.0,False,,,
105,10,RSNA_53994,L-MLO,NO,0.0,False,,,
105,10,RSNA_53994,R-MLO,NO,0.0,False,,,
105,11,RSNA_54029,L-CC,NO,0.0,False,,,
105,11,RSNA_54029,R-CC,NO,0.0,False,,,
105,11,RSNA_54029,L-MLO,NO,0.0,False,,,
105,11,RSNA_54029,R-MLO,NO,0.0,False,,,
105,12,RSNA_54031,L-CC,NO,0.0,False,,,
105,12,RSNA_54031,R-CC,NO,0.0,False,,,
105,12,RSNA_54031,L-MLO,NO,0.0,False,,,
105,12,RSNA_54031,R-MLO,NO,0.0,False,,,
105,13,RSNA_5406,L-CC,NO,0.0,False,,,
105,13,RSNA_5406,R-CC,NO,0.0,False,,,
105,13,RSNA_5406,L-MLO,NO,0.0,False,,,
105,13,RSNA_5406,R-MLO,NO,0.0,False,,,
105,14,RSNA_54082,L-CC,NO,0.0,False,,,
105,14,RSNA_54082,R-CC,NO,0.0,False,,,
105,14,RSNA_54082,L-MLO,NO,0.0,False,,,
105,14,RSNA_54082,R-MLO,NO,0.0,False,,,
105,15,RSNA_54087,L-CC,NO,0.0,False,,,
105,15,RSNA_54087,R-CC,NO,0.0,False,,,
105,15,RSNA_54087,L-MLO,NO,0.0,False,,,
105,15,RSNA_54087,R-MLO,NO,0.0,False,,,
105,16,RSNA_54126,L-CC,NO,0.0,False,,,
105,16,RSNA_54126,R-CC,NO,0.0,False,,,
105,16,RSNA_54126,L-MLO,NO,0.0,False,,,
105,16,RSNA_54126,R-MLO,NO,0.0,False,,,
105,17,RSNA_54133,L-CC,NO,0.0,False,,,
105,17,RSNA_54133,R-CC,NO,0.0,False,,,
105,17,RSNA_54133,L-MLO,NO,0.0,False,,,
105,17,RSNA_54133,R-MLO,NO,0.0,False,,,
105,18,RSNA_54135,L-CC,NO,0.0,False,,,
105,18,RSNA_54135,R-CC,NO,0.0,False,,,
105,18,RSNA_54135,L-MLO,NO,0.0,False,,,
105,18,RSNA_54135,R-MLO,NO,0.0,False,,,
105,19,RSNA_54198,L-CC,NO,0.0,False,,,
105,19,RSNA_54198,R-CC,NO,0.0,False,,,
105,19,RSNA_54198,L-MLO,NO,0.0,False,,,
105,19,RSNA_54198,R-MLO,NO,0.0,False,,,
105,20,RSNA_54201,L-CC,NO,0.0,False,,,
105,20,RSNA_54201,R-CC,NO,0.0,False,,,
105,20,RSNA_54201,L-MLO,NO,0.0,False,,,
105,20,RSNA_54201,R-MLO,NO,0.0,False,,,
105,21,RSNA_54202,L-CC,NO,0.0,False,,,
105,21,RSNA_54202,R-CC,NO,0.0,False,,,
105,21,RSNA_54202,L-MLO,NO,0.0,False,,,
105,21,RSNA_54202,R-MLO,NO,0.0,False,,,
105,22,RSNA_54207,L-CC,NO,0.0,False,,,
105,22,RSNA_54207,R-CC,NO,0.0,False,,,
105,22,RSNA_54207,L-MLO,NO,0.0,False,,,
105,22,RSNA_54207,R-MLO,NO,0.0,False,,,
105,23,RSNA_54229,L-CC,NO,0.0,False,,,
105,23,RSNA_54229,R-CC,NO,0.0,False,,,
105,23,RSNA_54229,L-MLO,NO,0.0,False,,,
105,23,RSNA_54229,R-MLO,NO,0.0,False,,,
105,24,RSNA_54245,L-CC,NO,0.0,False,,,
105,24,RSNA_54245,R-CC,NO,0.0,False,,,
105,24,RSNA_54245,L-MLO,NO,0.0,False,,,
105,24,RSNA_54245,R-MLO,NO,0.0,False,,,
106,0,RSNA_5425,L-CC,NO,0.0,False,,,
106,0,RSNA_5425,R-CC,NO,0.0,False,,,
106,0,RSNA_5425,L-MLO,NO,0.0,False,,,
106,0,RSNA_5425,R-MLO,NO,0.0,False,,,
106,1,RSNA_54295,L-CC,NO,0.0,False,,,
106,1,RSNA_54295,R-CC,NO,0.0,False,,,
106,1,RSNA_54295,L-MLO,NO,0.0,False,,,
106,1,RSNA_54295,R-MLO,NO,0.0,False,,,
106,2,RSNA_54299,L-CC,NO,0.0,False,,,
106,2,RSNA_54299,R-CC,NO,0.0,False,,,
106,2,RSNA_54299,L-MLO,NO,0.0,False,,,
106,2,RSNA_54299,R-MLO,NO,0.0,False,,,
106,3,RSNA_54343,L-CC,NO,1507.0,True,YES,0.0,False
106,3,RSNA_54343,R-CC,NO,1695.0,True,YES,0.0,False
106,3,RSNA_54343,L-MLO,NO,1386.0,True,YES,0.0,False
106,3,RSNA_54343,R-MLO,NO,1439.0,True,YES,0.0,False
106,4,RSNA_54393,L-CC,NO,0.0,False,,,
106,4,RSNA_54393,R-CC,NO,0.0,False,,,
106,4,RSNA_54393,L-MLO,NO,0.0,False,,,
106,4,RSNA_54393,R-MLO,NO,0.0,False,,,
106,5,RSNA_54407,L-CC,NO,0.0,False,,,
106,5,RSNA_54407,R-CC,NO,0.0,False,,,
106,5,RSNA_54407,L-MLO,NO,0.0,False,,,
106,5,RSNA_54407,R-MLO,NO,0.0,False,,,
106,6,RSNA_54418,L-CC,NO,0.0,False,,,
106,6,RSNA_54418,R-CC,NO,0.0,False,,,
106,6,RSNA_54418,L-MLO,NO,0.0,False,,,
106,6,RSNA_54418,R-MLO,NO,0.0,False,,,
106,7,RSNA_54419,L-CC,NO,0.0,False,,,
106,7,RSNA_54419,R-CC,NO,0.0,False,,,
106,7,RSNA_54419,L-MLO,NO,0.0,False,,,
106,7,RSNA_54419,R-MLO,NO,0.0,False,,,
106,8,RSNA_54420,L-CC,NO,0.0,False,,,
106,8,RSNA_54420,R-CC,NO,0.0,False,,,
106,8,RSNA_54420,L-MLO,NO,0.0,False,,,
106,8,RSNA_54420,R-MLO,NO,0.0,False,,,
106,9,RSNA_54426,L-CC,NO,1150.0,True,YES,0.0,False
106,9,RSNA_54426,R-CC,NO,1159.0,True,YES,0.0,False
106,9,RSNA_54426,L-MLO,NO,1078.0,True,YES,0.0,False
106,9,RSNA_54426,R-MLO,NO,990.0,True,YES,0.0,False
106,10,RSNA_54462,L-CC,NO,0.0,False,,,
106,10,RSNA_54462,R-CC,NO,0.0,False,,,
106,10,RSNA_54462,L-MLO,NO,0.0,False,,,
106,10,RSNA_54462,R-MLO,NO,0.0,False,,,
106,11,RSNA_5449,L-CC,NO,0.0,False,,,
106,11,RSNA_5449,R-CC,NO,0.0,False,,,
106,11,RSNA_5449,L-MLO,NO,0.0,False,,,
106,11,RSNA_5449,R-MLO,NO,0.0,False,,,
106,12,RSNA_54492,L-CC,NO,0.0,False,,,
106,12,RSNA_54492,R-CC,NO,0.0,False,,,
106,12,RSNA_54492,L-MLO,NO,0.0,False,,,
106,12,RSNA_54492,R-MLO,NO,0.0,False,,,
106,13,RSNA_54498,L-CC,NO,0.0,False,,,
106,13,RSNA_54498,R-CC,NO,0.0,False,,,
106,13,RSNA_54498,L-MLO,NO,0.0,False,,,
106,13,RSNA_54498,R-MLO,NO,0.0,False,,,
106,14,RSNA_54540,L-CC,NO,0.0,False,,,
106,14,RSNA_54540,R-CC,NO,0.0,False,,,
106,14,RSNA_54540,L-MLO,NO,0.0,False,,,
106,14,RSNA_54540,R-MLO,NO,0.0,False,,,
106,15,RSNA_54552,L-CC,NO,0.0,False,,,
106,15,RSNA_54552,R-CC,NO,0.0,False,,,
106,15,RSNA_54552,L-MLO,NO,0.0,False,,,
106,15,RSNA_54552,R-MLO,NO,0.0,False,,,
106,16,RSNA_54564,L-CC,NO,0.0,False,,,
106,16,RSNA_54564,R-CC,NO,0.0,False,,,
106,16,RSNA_54564,L-MLO,NO,0.0,False,,,
106,16,RSNA_54564,R-MLO,NO,0.0,False,,,
106,17,RSNA_54575,L-CC,NO,0.0,False,,,
106,17,RSNA_54575,R-CC,NO,0.0,False,,,
106,17,RSNA_54575,L-MLO,NO,0.0,False,,,
106,17,RSNA_54575,R-MLO,NO,0.0,False,,,
106,18,RSNA_54588,L-CC,NO,0.0,False,,,
106,18,RSNA_54588,R-CC,NO,0.0,False,,,
106,18,RSNA_54588,L-MLO,NO,0.0,False,,,
106,18,RSNA_54588,R-MLO,NO,0.0,False,,,
106,19,RSNA_54605,L-CC,NO,0.0,False,,,
106,19,RSNA_54605,R-CC,NO,0.0,False,,,
106,19,RSNA_54605,L-MLO,NO,0.0,False,,,
106,19,RSNA_54605,R-MLO,NO,0.0,False,,,
106,20,RSNA_5461,L-CC,NO,1122.0,True,YES,0.0,False
106,20,RSNA_5461,R-CC,NO,1122.0,True,YES,0.0,False
106,20,RSNA_5461,L-MLO,NO,1009.0,True,YES,0.0,False
106,20,RSNA_5461,R-MLO,NO,1086.0,True,YES,0.0,False
106,21,RSNA_54637,L-CC,NO,0.0,False,,,
106,21,RSNA_54637,R-CC,NO,0.0,False,,,
106,21,RSNA_54637,L-MLO,NO,0.0,False,,,
106,21,RSNA_54637,R-MLO,NO,0.0,False,,,
106,22,RSNA_54666,L-CC,NO,1406.0,True,YES,0.0,False
106,22,RSNA_54666,R-CC,NO,2090.0,True,YES,0.0,False
106,22,RSNA_54666,L-MLO,NO,1271.0,True,YES,0.0,False
106,22,RSNA_54666,R-MLO,NO,1981.0,True,YES,0.0,False
106,23,RSNA_54671,L-CC,NO,0.0,False,,,
106,23,RSNA_54671,R-CC,NO,0.0,False,,,
106,23,RSNA_54671,L-MLO,NO,0.0,False,,,
106,23,RSNA_54671,R-MLO,NO,0.0,False,,,
106,24,RSNA_54697,L-CC,NO,0.0,False,,,
106,24,RSNA_54697,R-CC,NO,0.0,False,,,
106,24,RSNA_54697,L-MLO,NO,0.0,False,,,
106,24,RSNA_54697,R-MLO,NO,0.0,False,,,
107,0,RSNA_54698,L-CC,NO,0.0,False,,,
107,0,RSNA_54698,R-CC,NO,0.0,False,,,
107,0,RSNA_54698,L-MLO,NO,0.0,False,,,
107,0,RSNA_54698,R-MLO,NO,0.0,False,,,
107,1,RSNA_54708,L-CC,NO,1769.0,True,YES,0.0,False
107,1,RSNA_54708,R-CC,NO,1781.0,True,YES,0.0,False
107,1,RSNA_54708,L-MLO,NO,1727.0,True,YES,0.0,False
107,1,RSNA_54708,R-MLO,NO,1715.0,True,YES,0.0,False
107,2,RSNA_54710,L-CC,NO,1858.0,True,YES,0.0,False
107,2,RSNA_54710,R-CC,NO,1914.0,True,YES,0.0,False
107,2,RSNA_54710,L-MLO,NO,1818.0,True,YES,0.0,False
107,2,RSNA_54710,R-MLO,NO,1870.0,True,YES,0.0,False
107,3,RSNA_54732,L-CC,NO,0.0,False,,,
107,3,RSNA_54732,R-CC,NO,0.0,False,,,
107,3,RSNA_54732,L-MLO,NO,0.0,False,,,
107,3,RSNA_54732,R-MLO,NO,0.0,False,,,
107,4,RSNA_54745,L-CC,NO,0.0,False,,,
107,4,RSNA_54745,R-CC,NO,0.0,False,,,
107,4,RSNA_54745,L-MLO,NO,0.0,False,,,
107,4,RSNA_54745,R-MLO,NO,0.0,False,,,
107,5,RSNA_54749,L-CC,NO,0.0,False,,,
107,5,RSNA_54749,R-CC,NO,0.0,False,,,
107,5,RSNA_54749,L-MLO,NO,0.0,False,,,
107,5,RSNA_54749,R-MLO,NO,0.0,False,,,
107,6,RSNA_5476,L-CC,NO,0.0,False,,,
107,6,RSNA_5476,R-CC,NO,0.0,False,,,
107,6,RSNA_5476,L-MLO,NO,0.0,False,,,
107,6,RSNA_5476,R-MLO,NO,0.0,False,,,
107,7,RSNA_5481,L-CC,NO,989.0,True,YES,0.0,False
107,7,RSNA_5481,R-CC,NO,959.0,True,YES,0.0,False
107,7,RSNA_5481,L-MLO,NO,717.0,True,YES,0.0,False
107,7,RSNA_5481,R-MLO,NO,776.0,True,YES,0.0,False
107,8,RSNA_54868,L-CC,NO,0.0,False,,,
107,8,RSNA_54868,R-CC,NO,0.0,False,,,
107,8,RSNA_54868,L-MLO,NO,0.0,False,,,
107,8,RSNA_54868,R-MLO,NO,0.0,False,,,
107,9,RSNA_54876,L-CC,NO,0.0,False,,,
107,9,RSNA_54876,R-CC,NO,0.0,False,,,
107,9,RSNA_54876,L-MLO,NO,0.0,False,,,
107,9,RSNA_54876,R-MLO,NO,0.0,False,,,
107,10,RSNA_5488,L-CC,NO,0.0,False,,,
107,10,RSNA_5488,R-CC,NO,0.0,False,,,
107,10,RSNA_5488,L-MLO,NO,0.0,False,,,
107,10,RSNA_5488,R-MLO,NO,0.0,False,,,
107,11,RSNA_549,L-CC,NO,0.0,False,,,
107,11,RSNA_549,R-CC,NO,0.0,False,,,
107,11,RSNA_549,L-MLO,NO,0.0,False,,,
107,11,RSNA_549,R-MLO,NO,0.0,False,,,
107,12,RSNA_54919,L-CC,NO,686.0,True,YES,0.0,False
107,12,RSNA_54919,R-CC,NO,771.0,True,YES,0.0,False
107,12,RSNA_54919,L-MLO,NO,498.0,True,YES,0.0,False
107,12,RSNA_54919,R-MLO,NO,604.0,True,YES,0.0,False
107,13,RSNA_54930,L-CC,NO,1660.0,True,YES,0.0,False
107,13,RSNA_54930,R-CC,NO,1674.0,True,YES,0.0,False
107,13,RSNA_54930,L-MLO,NO,1563.0,True,YES,0.0,False
107,13,RSNA_54930,R-MLO,NO,1577.0,True,YES,0.0,False
107,14,RSNA_54931,L-CC,NO,1478.0,True,YES,0.0,False
107,14,RSNA_54931,R-CC,NO,1571.0,True,YES,0.0,False
107,14,RSNA_54931,L-MLO,NO,1119.0,True,YES,0.0,False
107,14,RSNA_54931,R-MLO,NO,1176.0,True,YES,0.0,False
107,15,RSNA_54932,L-CC,NO,733.0,True,YES,0.0,False
107,15,RSNA_54932,R-CC,NO,925.0,True,YES,0.0,False
107,15,RSNA_54932,L-MLO,NO,999.0,True,YES,0.0,False
107,15,RSNA_54932,R-MLO,NO,976.0,True,YES,0.0,False
107,16,RSNA_54944,L-CC,NO,0.0,False,,,
107,16,RSNA_54944,R-CC,NO,0.0,False,,,
107,16,RSNA_54944,L-MLO,NO,0.0,False,,,
107,16,RSNA_54944,R-MLO,NO,0.0,False,,,
107,17,RSNA_54950,L-CC,NO,0.0,False,,,
107,17,RSNA_54950,R-CC,NO,0.0,False,,,
107,17,RSNA_54950,L-MLO,NO,0.0,False,,,
107,17,RSNA_54950,R-MLO,NO,0.0,False,,,
107,18,RSNA_5496,L-CC,NO,0.0,False,,,
107,18,RSNA_5496,R-CC,NO,0.0,False,,,
107,18,RSNA_5496,L-MLO,NO,0.0,False,,,
107,18,RSNA_5496,R-MLO,NO,0.0,False,,,
107,19,RSNA_54976,L-CC,NO,0.0,False,,,
107,19,RSNA_54976,R-CC,NO,0.0,False,,,
107,19,RSNA_54976,L-MLO,NO,0.0,False,,,
107,19,RSNA_54976,R-MLO,NO,0.0,False,,,
107,20,RSNA_54980,L-CC,NO,0.0,False,,,
107,20,RSNA_54980,R-CC,NO,0.0,False,,,
107,20,RSNA_54980,L-MLO,NO,0.0,False,,,
107,20,RSNA_54980,R-MLO,NO,0.0,False,,,
107,21,RSNA_54994,L-CC,NO,0.0,False,,,
107,21,RSNA_54994,R-CC,NO,0.0,False,,,
107,21,RSNA_54994,L-MLO,NO,0.0,False,,,
107,21,RSNA_54994,R-MLO,NO,0.0,False,,,
107,22,RSNA_55016,L-CC,NO,0.0,False,,,
107,22,RSNA_55016,R-CC,NO,0.0,False,,,
107,22,RSNA_55016,L-MLO,NO,0.0,False,,,
107,22,RSNA_55016,R-MLO,NO,0.0,False,,,
107,23,RSNA_55019,L-CC,NO,0.0,False,,,
107,23,RSNA_55019,R-CC,NO,0.0,False,,,
107,23,RSNA_55019,L-MLO,NO,0.0,False,,,
107,23,RSNA_55019,R-MLO,NO,0.0,False,,,
107,24,RSNA_55043,L-CC,NO,1622.0,True,YES,0.0,False
107,24,RSNA_55043,R-CC,NO,1586.0,True,YES,0.0,False
107,24,RSNA_55043,L-MLO,NO,1479.0,True,YES,0.0,False
107,24,RSNA_55043,R-MLO,NO,1371.0,True,YES,0.0,False
108,0,RSNA_55057,L-CC,NO,829.0,True,YES,0.0,False
108,0,RSNA_55057,R-CC,NO,814.0,True,YES,0.0,False
108,0,RSNA_55057,L-MLO,NO,919.0,True,YES,0.0,False
108,0,RSNA_55057,R-MLO,NO,846.0,True,YES,0.0,False
108,1,RSNA_55078,L-CC,NO,0.0,False,,,
108,1,RSNA_55078,R-CC,NO,0.0,False,,,
108,1,RSNA_55078,L-MLO,NO,0.0,False,,,
108,1,RSNA_55078,R-MLO,NO,0.0,False,,,
108,2,RSNA_551,L-CC,NO,1294.0,True,YES,0.0,False
108,2,RSNA_551,R-CC,NO,1371.0,True,YES,0.0,False
108,2,RSNA_551,L-MLO,NO,1168.0,True,YES,0.0,False
108,2,RSNA_551,R-MLO,NO,1235.0,True,YES,0.0,False
108,3,RSNA_55102,L-CC,NO,0.0,False,,,
108,3,RSNA_55102,R-CC,NO,0.0,False,,,
108,3,RSNA_55102,L-MLO,NO,0.0,False,,,
108,3,RSNA_55102,R-MLO,NO,0.0,False,,,
108,4,RSNA_55116,L-CC,NO,0.0,False,,,
108,4,RSNA_55116,R-CC,NO,0.0,False,,,
108,4,RSNA_55116,L-MLO,NO,0.0,False,,,
108,4,RSNA_55116,R-MLO,NO,0.0,False,,,
108,5,RSNA_55139,L-CC,NO,0.0,False,,,
108,5,RSNA_55139,R-CC,NO,98.0,True,,,
108,5,RSNA_55139,L-MLO,NO,0.0,False,,,
108,5,RSNA_55139,R-MLO,NO,0.0,False,,,
108,6,RSNA_55142,L-CC,NO,0.0,False,,,
108,6,RSNA_55142,R-CC,NO,0.0,False,,,
108,6,RSNA_55142,L-MLO,NO,0.0,False,,,
108,6,RSNA_55142,R-MLO,NO,0.0,False,,,
108,7,RSNA_55147,L-CC,NO,0.0,False,,,
108,7,RSNA_55147,R-CC,NO,0.0,False,,,
108,7,RSNA_55147,L-MLO,NO,0.0,False,,,
108,7,RSNA_55147,R-MLO,NO,0.0,False,,,
108,8,RSNA_55148,L-CC,NO,0.0,False,,,
108,8,RSNA_55148,R-CC,NO,0.0,False,,,
108,8,RSNA_55148,L-MLO,NO,0.0,False,,,
108,8,RSNA_55148,R-MLO,NO,0.0,False,,,
108,9,RSNA_55156,L-CC,NO,0.0,False,,,
108,9,RSNA_55156,R-CC,NO,0.0,False,,,
108,9,RSNA_55156,L-MLO,NO,0.0,False,,,
108,9,RSNA_55156,R-MLO,NO,0.0,False,,,
108,10,RSNA_55157,L-CC,NO,0.0,False,,,
108,10,RSNA_55157,R-CC,NO,0.0,False,,,
108,10,RSNA_55157,L-MLO,NO,0.0,False,,,
108,10,RSNA_55157,R-MLO,NO,0.0,False,,,
108,11,RSNA_55166,L-CC,NO,0.0,False,,,
108,11,RSNA_55166,R-CC,NO,0.0,False,,,
108,11,RSNA_55166,L-MLO,NO,0.0,False,,,
108,11,RSNA_55166,R-MLO,NO,0.0,False,,,
108,12,RSNA_55203,L-CC,NO,0.0,False,,,
108,12,RSNA_55203,R-CC,NO,0.0,False,,,
108,12,RSNA_55203,L-MLO,NO,0.0,False,,,
108,12,RSNA_55203,R-MLO,NO,0.0,False,,,
108,13,RSNA_55206,L-CC,NO,0.0,False,,,
108,13,RSNA_55206,R-CC,NO,0.0,False,,,
108,13,RSNA_55206,L-MLO,NO,0.0,False,,,
108,13,RSNA_55206,R-MLO,NO,0.0,False,,,
108,14,RSNA_55214,L-CC,NO,0.0,False,,,
108,14,RSNA_55214,R-CC,NO,0.0,False,,,
108,14,RSNA_55214,L-MLO,NO,0.0,False,,,
108,14,RSNA_55214,R-MLO,NO,0.0,False,,,
108,15,RSNA_55220,L-CC,NO,0.0,False,,,
108,15,RSNA_55220,R-CC,NO,0.0,False,,,
108,15,RSNA_55220,L-MLO,NO,0.0,False,,,
108,15,RSNA_55220,R-MLO,NO,0.0,False,,,
108,16,RSNA_55245,L-CC,NO,0.0,False,,,
108,16,RSNA_55245,R-CC,NO,0.0,False,,,
108,16,RSNA_55245,L-MLO,NO,0.0,False,,,
108,16,RSNA_55245,R-MLO,NO,0.0,False,,,
108,17,RSNA_55247,L-CC,NO,0.0,False,,,
108,17,RSNA_55247,R-CC,NO,0.0,False,,,
108,17,RSNA_55247,L-MLO,NO,0.0,False,,,
108,17,RSNA_55247,R-MLO,NO,0.0,False,,,
108,18,RSNA_55249,L-CC,NO,0.0,False,,,
108,18,RSNA_55249,R-CC,NO,0.0,False,,,
108,18,RSNA_55249,L-MLO,NO,0.0,False,,,
108,18,RSNA_55249,R-MLO,NO,0.0,False,,,
108,19,RSNA_55265,L-CC,NO,0.0,False,,,
108,19,RSNA_55265,R-CC,NO,0.0,False,,,
108,19,RSNA_55265,L-MLO,NO,0.0,False,,,
108,19,RSNA_55265,R-MLO,NO,0.0,False,,,
108,20,RSNA_55296,L-CC,NO,0.0,False,,,
108,20,RSNA_55296,R-CC,NO,0.0,False,,,
108,20,RSNA_55296,L-MLO,NO,0.0,False,,,
108,20,RSNA_55296,R-MLO,NO,0.0,False,,,
108,21,RSNA_55300,L-CC,NO,0.0,False,,,
108,21,RSNA_55300,R-CC,NO,0.0,False,,,
108,21,RSNA_55300,L-MLO,NO,0.0,False,,,
108,21,RSNA_55300,R-MLO,NO,0.0,False,,,
108,22,RSNA_55310,L-CC,NO,0.0,False,,,
108,22,RSNA_55310,R-CC,NO,0.0,False,,,
108,22,RSNA_55310,L-MLO,NO,0.0,False,,,
108,22,RSNA_55310,R-MLO,NO,0.0,False,,,
108,23,RSNA_55325,L-CC,NO,0.0,False,,,
108,23,RSNA_55325,R-CC,NO,0.0,False,,,
108,23,RSNA_55325,L-MLO,NO,0.0,False,,,
108,23,RSNA_55325,R-MLO,NO,0.0,False,,,
108,24,RSNA_55335,L-CC,NO,0.0,False,,,
108,24,RSNA_55335,R-CC,NO,0.0,False,,,
108,24,RSNA_55335,L-MLO,NO,0.0,False,,,
108,24,RSNA_55335,R-MLO,NO,0.0,False,,,
109,0,RSNA_55361,L-CC,NO,0.0,False,,,
109,0,RSNA_55361,R-CC,NO,0.0,False,,,
109,0,RSNA_55361,L-MLO,NO,0.0,False,,,
109,0,RSNA_55361,R-MLO,NO,0.0,False,,,
109,1,RSNA_55382,L-CC,NO,0.0,False,,,
109,1,RSNA_55382,R-CC,NO,0.0,False,,,
109,1,RSNA_55382,L-MLO,NO,0.0,False,,,
109,1,RSNA_55382,R-MLO,NO,0.0,False,,,
109,2,RSNA_55403,L-CC,NO,0.0,False,,,
109,2,RSNA_55403,R-CC,NO,0.0,False,,,
109,2,RSNA_55403,L-MLO,NO,0.0,False,,,
109,2,RSNA_55403,R-MLO,NO,0.0,False,,,
109,3,RSNA_55410,L-CC,NO,0.0,False,,,
109,3,RSNA_55410,R-CC,NO,0.0,False,,,
109,3,RSNA_55410,L-MLO,NO,0.0,False,,,
109,3,RSNA_55410,R-MLO,NO,0.0,False,,,
109,4,RSNA_55415,L-CC,NO,0.0,False,,,
109,4,RSNA_55415,R-CC,NO,0.0,False,,,
109,4,RSNA_55415,L-MLO,NO,0.0,False,,,
109,4,RSNA_55415,R-MLO,NO,0.0,False,,,
109,5,RSNA_55448,L-CC,NO,0.0,False,,,
109,5,RSNA_55448,R-CC,NO,0.0,False,,,
109,5,RSNA_55448,L-MLO,NO,0.0,False,,,
109,5,RSNA_55448,R-MLO,NO,0.0,False,,,
109,6,RSNA_55470,L-CC,NO,0.0,False,,,
109,6,RSNA_55470,R-CC,NO,0.0,False,,,
109,6,RSNA_55470,L-MLO,NO,0.0,False,,,
109,6,RSNA_55470,R-MLO,NO,0.0,False,,,
109,7,RSNA_55476,L-CC,NO,1129.0,True,YES,0.0,False
109,7,RSNA_55476,R-CC,NO,1213.0,True,YES,0.0,False
109,7,RSNA_55476,L-MLO,NO,966.0,True,YES,0.0,False
109,7,RSNA_55476,R-MLO,NO,919.0,True,YES,0.0,False
109,8,RSNA_55487,L-CC,NO,0.0,False,,,
109,8,RSNA_55487,R-CC,NO,0.0,False,,,
109,8,RSNA_55487,L-MLO,NO,0.0,False,,,
109,8,RSNA_55487,R-MLO,NO,0.0,False,,,
109,9,RSNA_55492,L-CC,NO,0.0,False,,,
109,9,RSNA_55492,R-CC,NO,0.0,False,,,
109,9,RSNA_55492,L-MLO,NO,0.0,False,,,
109,9,RSNA_55492,R-MLO,NO,0.0,False,,,
109,10,RSNA_55501,L-CC,NO,0.0,False,,,
109,10,RSNA_55501,R-CC,NO,0.0,False,,,
109,10,RSNA_55501,L-MLO,NO,0.0,False,,,
109,10,RSNA_55501,R-MLO,NO,0.0,False,,,
109,11,RSNA_55508,L-CC,NO,1127.0,True,YES,0.0,False
109,11,RSNA_55508,R-CC,NO,1339.0,True,YES,0.0,False
109,11,RSNA_55508,L-MLO,NO,1172.0,True,YES,0.0,False
109,11,RSNA_55508,R-MLO,NO,1306.0,True,YES,0.0,False
109,12,RSNA_55509,L-CC,NO,1623.0,True,YES,0.0,False
109,12,RSNA_55509,R-CC,NO,1571.0,True,YES,0.0,False
109,12,RSNA_55509,L-MLO,NO,1581.0,True,YES,0.0,False
109,12,RSNA_55509,R-MLO,NO,1574.0,True,YES,0.0,False
109,13,RSNA_55512,L-CC,NO,1595.0,True,YES,0.0,False
109,13,RSNA_55512,R-CC,NO,1602.0,True,YES,0.0,False
109,13,RSNA_55512,L-MLO,NO,1540.0,True,YES,0.0,False
109,13,RSNA_55512,R-MLO,NO,1488.0,True,YES,0.0,False
109,14,RSNA_55516,L-CC,NO,0.0,False,,,
109,14,RSNA_55516,R-CC,NO,0.0,False,,,
109,14,RSNA_55516,L-MLO,NO,0.0,False,,,
109,14,RSNA_55516,R-MLO,NO,0.0,False,,,
109,15,RSNA_55538,L-CC,NO,0.0,False,,,
109,15,RSNA_55538,R-CC,NO,0.0,False,,,
109,15,RSNA_55538,L-MLO,NO,0.0,False,,,
109,15,RSNA_55538,R-MLO,NO,0.0,False,,,
109,16,RSNA_55558,L-CC,NO,493.0,True,,,
109,16,RSNA_55558,R-CC,NO,335.0,True,,,
109,16,RSNA_55558,L-MLO,NO,0.0,False,,,
109,16,RSNA_55558,R-MLO,NO,0.0,False,,,
109,17,RSNA_55559,L-CC,NO,0.0,False,,,
109,17,RSNA_55559,R-CC,NO,0.0,False,,,
109,17,RSNA_55559,L-MLO,NO,0.0,False,,,
109,17,RSNA_55559,R-MLO,NO,0.0,False,,,
109,18,RSNA_55591,L-CC,NO,1460.0,True,YES,0.0,False
109,18,RSNA_55591,R-CC,NO,1386.0,True,YES,0.0,False
109,18,RSNA_55591,L-MLO,NO,1168.0,True,YES,0.0,False
109,18,RSNA_55591,R-MLO,NO,1205.0,True,YES,0.0,False
109,19,RSNA_55608,L-CC,NO,0.0,False,,,
109,19,RSNA_55608,R-CC,NO,0.0,False,,,
109,19,RSNA_55608,L-MLO,NO,0.0,False,,,
109,19,RSNA_55608,R-MLO,NO,0.0,False,,,
109,20,RSNA_5561,L-CC,NO,0.0,False,,,
109,20,RSNA_5561,R-CC,NO,0.0,False,,,
109,20,RSNA_5561,L-MLO,NO,0.0,False,,,
109,20,RSNA_5561,R-MLO,NO,0.0,False,,,
109,21,RSNA_55626,L-CC,NO,0.0,False,,,
109,21,RSNA_55626,R-CC,NO,0.0,False,,,
109,21,RSNA_55626,L-MLO,NO,0.0,False,,,
109,21,RSNA_55626,R-MLO,NO,0.0,False,,,
109,22,RSNA_55695,L-CC,NO,0.0,False,,,
109,22,RSNA_55695,R-CC,NO,0.0,False,,,
109,22,RSNA_55695,L-MLO,NO,0.0,False,,,
109,22,RSNA_55695,R-MLO,NO,0.0,False,,,
109,23,RSNA_557,L-CC,NO,0.0,False,,,
109,23,RSNA_557,R-CC,NO,0.0,False,,,
109,23,RSNA_557,L-MLO,NO,0.0,False,,,
109,23,RSNA_557,R-MLO,NO,0.0,False,,,
109,24,RSNA_55709,L-CC,NO,0.0,False,,,
109,24,RSNA_55709,R-CC,NO,0.0,False,,,
109,24,RSNA_55709,L-MLO,NO,0.0,False,,,
109,24,RSNA_55709,R-MLO,NO,0.0,False,,,
110,0,RSNA_55719,L-CC,NO,0.0,False,,,
110,0,RSNA_55719,R-CC,NO,0.0,False,,,
110,0,RSNA_55719,L-MLO,NO,0.0,False,,,
110,0,RSNA_55719,R-MLO,NO,0.0,False,,,
110,1,RSNA_55721,L-CC,NO,0.0,False,,,
110,1,RSNA_55721,R-CC,NO,0.0,False,,,
110,1,RSNA_55721,L-MLO,NO,0.0,False,,,
110,1,RSNA_55721,R-MLO,NO,0.0,False,,,
110,2,RSNA_55723,L-CC,NO,1766.0,True,YES,0.0,False
110,2,RSNA_55723,R-CC,NO,1704.0,True,YES,0.0,False
110,2,RSNA_55723,L-MLO,NO,1515.0,True,YES,0.0,False
110,2,RSNA_55723,R-MLO,NO,1545.0,True,YES,0.0,False
110,3,RSNA_55743,L-CC,NO,0.0,False,,,
110,3,RSNA_55743,R-CC,NO,0.0,False,,,
110,3,RSNA_55743,L-MLO,NO,0.0,False,,,
110,3,RSNA_55743,R-MLO,NO,0.0,False,,,
110,4,RSNA_55758,L-CC,NO,0.0,False,,,
110,4,RSNA_55758,R-CC,NO,0.0,False,,,
110,4,RSNA_55758,L-MLO,NO,0.0,False,,,
110,4,RSNA_55758,R-MLO,NO,0.0,False,,,
110,5,RSNA_55761,L-CC,NO,1071.0,True,YES,0.0,False
110,5,RSNA_55761,R-CC,NO,1021.0,True,YES,0.0,False
110,5,RSNA_55761,L-MLO,NO,1007.0,True,YES,0.0,False
110,5,RSNA_55761,R-MLO,NO,1010.0,True,YES,0.0,False
110,6,RSNA_55799,L-CC,NO,0.0,False,,,
110,6,RSNA_55799,R-CC,NO,0.0,False,,,
110,6,RSNA_55799,L-MLO,NO,0.0,False,,,
110,6,RSNA_55799,R-MLO,NO,0.0,False,,,
110,7,RSNA_55802,L-CC,NO,0.0,False,,,
110,7,RSNA_55802,R-CC,NO,0.0,False,,,
110,7,RSNA_55802,L-MLO,NO,0.0,False,,,
110,7,RSNA_55802,R-MLO,NO,0.0,False,,,
110,8,RSNA_55834,L-CC,NO,0.0,False,,,
110,8,RSNA_55834,R-CC,NO,0.0,False,,,
110,8,RSNA_55834,L-MLO,NO,0.0,False,,,
110,8,RSNA_55834,R-MLO,NO,0.0,False,,,
110,9,RSNA_55836,L-CC,NO,1669.0,True,YES,0.0,False
110,9,RSNA_55836,R-CC,NO,1644.0,True,YES,0.0,False
110,9,RSNA_55836,L-MLO,NO,1175.0,True,YES,0.0,False
110,9,RSNA_55836,R-MLO,NO,1308.0,True,YES,0.0,False
110,10,RSNA_55842,L-CC,NO,0.0,False,,,
110,10,RSNA_55842,R-CC,NO,0.0,False,,,
110,10,RSNA_55842,L-MLO,NO,0.0,False,,,
110,10,RSNA_55842,R-MLO,NO,0.0,False,,,
110,11,RSNA_55844,L-CC,NO,0.0,False,,,
110,11,RSNA_55844,R-CC,NO,0.0,False,,,
110,11,RSNA_55844,L-MLO,NO,0.0,False,,,
110,11,RSNA_55844,R-MLO,NO,0.0,False,,,
110,12,RSNA_55881,L-CC,NO,0.0,False,,,
110,12,RSNA_55881,R-CC,NO,0.0,False,,,
110,12,RSNA_55881,L-MLO,NO,0.0,False,,,
110,12,RSNA_55881,R-MLO,NO,0.0,False,,,
110,13,RSNA_5590,L-CC,NO,0.0,False,,,
110,13,RSNA_5590,R-CC,NO,0.0,False,,,
110,13,RSNA_5590,L-MLO,NO,0.0,False,,,
110,13,RSNA_5590,R-MLO,NO,0.0,False,,,
110,14,RSNA_55914,L-CC,NO,0.0,False,,,
110,14,RSNA_55914,R-CC,NO,0.0,False,,,
110,14,RSNA_55914,L-MLO,NO,0.0,False,,,
110,14,RSNA_55914,R-MLO,NO,0.0,False,,,
110,15,RSNA_55935,L-CC,NO,0.0,False,,,
110,15,RSNA_55935,R-CC,NO,0.0,False,,,
110,15,RSNA_55935,L-MLO,NO,0.0,False,,,
110,15,RSNA_55935,R-MLO,NO,0.0,False,,,
110,16,RSNA_55945,L-CC,NO,1582.0,True,YES,0.0,False
110,16,RSNA_55945,R-CC,NO,1583.0,True,YES,0.0,False
110,16,RSNA_55945,L-MLO,NO,1512.0,True,YES,0.0,False
110,16,RSNA_55945,R-MLO,NO,1540.0,True,YES,0.0,False
110,17,RSNA_5595,L-CC,NO,0.0,False,,,
110,17,RSNA_5595,R-CC,NO,0.0,False,,,
110,17,RSNA_5595,L-MLO,NO,0.0,False,,,
110,17,RSNA_5595,R-MLO,NO,0.0,False,,,
110,18,RSNA_55954,L-CC,NO,0.0,False,,,
110,18,RSNA_55954,R-CC,NO,0.0,False,,,
110,18,RSNA_55954,L-MLO,NO,0.0,False,,,
110,18,RSNA_55954,R-MLO,NO,0.0,False,,,
110,19,RSNA_56012,L-CC,NO,0.0,False,,,
110,19,RSNA_56012,R-CC,NO,0.0,False,,,
110,19,RSNA_56012,L-MLO,NO,0.0,False,,,
110,19,RSNA_56012,R-MLO,NO,0.0,False,,,
110,20,RSNA_56013,L-CC,NO,1838.0,True,YES,0.0,False
110,20,RSNA_56013,R-CC,NO,1830.0,True,YES,0.0,False
110,20,RSNA_56013,L-MLO,NO,1925.0,True,YES,0.0,False
110,20,RSNA_56013,R-MLO,NO,1581.0,True,YES,0.0,False
110,21,RSNA_56016,L-CC,NO,0.0,False,,,
110,21,RSNA_56016,R-CC,NO,0.0,False,,,
110,21,RSNA_56016,L-MLO,NO,0.0,False,,,
110,21,RSNA_56016,R-MLO,NO,0.0,False,,,
110,22,RSNA_56034,L-CC,NO,0.0,False,,,
110,22,RSNA_56034,R-CC,NO,0.0,False,,,
110,22,RSNA_56034,L-MLO,NO,0.0,False,,,
110,22,RSNA_56034,R-MLO,NO,0.0,False,,,
110,23,RSNA_56043,L-CC,NO,0.0,False,,,
110,23,RSNA_56043,R-CC,NO,0.0,False,,,
110,23,RSNA_56043,L-MLO,NO,0.0,False,,,
110,23,RSNA_56043,R-MLO,NO,0.0,False,,,
110,24,RSNA_56091,L-CC,NO,0.0,False,,,
110,24,RSNA_56091,R-CC,NO,0.0,False,,,
110,24,RSNA_56091,L-MLO,NO,0.0,False,,,
110,24,RSNA_56091,R-MLO,NO,0.0,False,,,
111,0,RSNA_56092,L-CC,NO,1923.0,True,YES,0.0,False
111,0,RSNA_56092,R-CC,NO,1858.0,True,YES,0.0,False
111,0,RSNA_56092,L-MLO,NO,1810.0,True,YES,0.0,False
111,0,RSNA_56092,R-MLO,NO,1877.0,True,YES,0.0,False
111,1,RSNA_56094,L-CC,NO,0.0,False,,,
111,1,RSNA_56094,R-CC,NO,0.0,False,,,
111,1,RSNA_56094,L-MLO,NO,0.0,False,,,
111,1,RSNA_56094,R-MLO,NO,0.0,False,,,
111,2,RSNA_561,L-CC,NO,0.0,False,,,
111,2,RSNA_561,R-CC,NO,0.0,False,,,
111,2,RSNA_561,L-MLO,NO,0.0,False,,,
111,2,RSNA_561,R-MLO,NO,0.0,False,,,
111,3,RSNA_56102,L-CC,NO,0.0,False,,,
111,3,RSNA_56102,R-CC,NO,0.0,False,,,
111,3,RSNA_56102,L-MLO,NO,0.0,False,,,
111,3,RSNA_56102,R-MLO,NO,0.0,False,,,
111,4,RSNA_56107,L-CC,NO,1412.0,True,YES,0.0,False
111,4,RSNA_56107,R-CC,NO,1429.0,True,YES,0.0,False
111,4,RSNA_56107,L-MLO,NO,1313.0,True,YES,0.0,False
111,4,RSNA_56107,R-MLO,NO,1325.0,True,YES,0.0,False
111,5,RSNA_56125,L-CC,NO,0.0,False,,,
111,5,RSNA_56125,R-CC,NO,0.0,False,,,
111,5,RSNA_56125,L-MLO,NO,0.0,False,,,
111,5,RSNA_56125,R-MLO,NO,0.0,False,,,
111,6,RSNA_56129,L-CC,NO,0.0,False,,,
111,6,RSNA_56129,R-CC,NO,0.0,False,,,
111,6,RSNA_56129,L-MLO,NO,0.0,False,,,
111,6,RSNA_56129,R-MLO,NO,0.0,False,,,
111,7,RSNA_56155,L-CC,NO,0.0,False,,,
111,7,RSNA_56155,R-CC,NO,0.0,False,,,
111,7,RSNA_56155,L-MLO,NO,0.0,False,,,
111,7,RSNA_56155,R-MLO,NO,0.0,False,,,
111,8,RSNA_56161,L-CC,NO,0.0,False,,,
111,8,RSNA_56161,R-CC,NO,0.0,False,,,
111,8,RSNA_56161,L-MLO,NO,0.0,False,,,
111,8,RSNA_56161,R-MLO,NO,0.0,False,,,
111,9,RSNA_56166,L-CC,NO,1480.0,True,YES,0.0,False
111,9,RSNA_56166,R-CC,NO,1409.0,True,YES,0.0,False
111,9,RSNA_56166,L-MLO,NO,1171.0,True,YES,0.0,False
111,9,RSNA_56166,R-MLO,NO,1191.0,True,YES,0.0,False
111,10,RSNA_56235,L-CC,NO,2155.0,True,YES,0.0,False
111,10,RSNA_56235,R-CC,NO,1805.0,True,YES,0.0,False
111,10,RSNA_56235,L-MLO,NO,1984.0,True,YES,0.0,False
111,10,RSNA_56235,R-MLO,NO,1774.0,True,YES,0.0,False
111,11,RSNA_56250,L-CC,NO,0.0,False,,,
111,11,RSNA_56250,R-CC,NO,0.0,False,,,
111,11,RSNA_56250,L-MLO,NO,0.0,False,,,
111,11,RSNA_56250,R-MLO,NO,0.0,False,,,
111,12,RSNA_5627,L-CC,NO,0.0,False,,,
111,12,RSNA_5627,R-CC,NO,0.0,False,,,
111,12,RSNA_5627,L-MLO,NO,0.0,False,,,
111,12,RSNA_5627,R-MLO,NO,0.0,False,,,
111,13,RSNA_56276,L-CC,NO,0.0,False,,,
111,13,RSNA_56276,R-CC,NO,0.0,False,,,
111,13,RSNA_56276,L-MLO,NO,0.0,False,,,
111,13,RSNA_56276,R-MLO,NO,0.0,False,,,
111,14,RSNA_56295,L-CC,NO,0.0,False,,,
111,14,RSNA_56295,R-CC,NO,0.0,False,,,
111,14,RSNA_56295,L-MLO,NO,0.0,False,,,
111,14,RSNA_56295,R-MLO,NO,0.0,False,,,
111,15,RSNA_56304,L-CC,NO,0.0,False,,,
111,15,RSNA_56304,R-CC,NO,0.0,False,,,
111,15,RSNA_56304,L-MLO,NO,0.0,False,,,
111,15,RSNA_56304,R-MLO,NO,0.0,False,,,
111,16,RSNA_56328,L-CC,NO,0.0,False,,,
111,16,RSNA_56328,R-CC,NO,0.0,False,,,
111,16,RSNA_56328,L-MLO,NO,0.0,False,,,
111,16,RSNA_56328,R-MLO,NO,0.0,False,,,
111,17,RSNA_56333,L-CC,NO,0.0,False,,,
111,17,RSNA_56333,R-CC,NO,0.0,False,,,
111,17,RSNA_56333,L-MLO,NO,0.0,False,,,
111,17,RSNA_56333,R-MLO,NO,0.0,False,,,
111,18,RSNA_56343,L-CC,NO,1187.0,True,YES,0.0,False
111,18,RSNA_56343,R-CC,NO,1397.0,True,YES,0.0,False
111,18,RSNA_56343,L-MLO,NO,1242.0,True,YES,0.0,False
111,18,RSNA_56343,R-MLO,NO,1250.0,True,YES,0.0,False
111,19,RSNA_56346,L-CC,NO,0.0,False,,,
111,19,RSNA_56346,R-CC,NO,0.0,False,,,
111,19,RSNA_56346,L-MLO,NO,0.0,False,,,
111,19,RSNA_56346,R-MLO,NO,0.0,False,,,
111,20,RSNA_5636,L-CC,NO,0.0,False,,,
111,20,RSNA_5636,R-CC,NO,0.0,False,,,
111,20,RSNA_5636,L-MLO,NO,0.0,False,,,
111,20,RSNA_5636,R-MLO,NO,0.0,False,,,
111,21,RSNA_5637,L-CC,NO,0.0,False,,,
111,21,RSNA_5637,R-CC,NO,0.0,False,,,
111,21,RSNA_5637,L-MLO,NO,0.0,False,,,
111,21,RSNA_5637,R-MLO,NO,0.0,False,,,
111,22,RSNA_56379,L-CC,NO,0.0,False,,,
111,22,RSNA_56379,R-CC,NO,0.0,False,,,
111,22,RSNA_56379,L-MLO,NO,0.0,False,,,
111,22,RSNA_56379,R-MLO,NO,0.0,False,,,
111,23,RSNA_5643,L-CC,NO,2273.0,True,YES,0.0,False
111,23,RSNA_5643,R-CC,NO,2035.0,True,YES,0.0,False
111,23,RSNA_5643,L-MLO,NO,2057.0,True,YES,0.0,False
111,23,RSNA_5643,R-MLO,NO,1965.0,True,YES,0.0,False
111,24,RSNA_56435,L-CC,NO,0.0,False,,,
111,24,RSNA_56435,R-CC,NO,0.0,False,,,
111,24,RSNA_56435,L-MLO,NO,0.0,False,,,
111,24,RSNA_56435,R-MLO,NO,0.0,False,,,
112,0,RSNA_56438,L-CC,NO,0.0,False,,,
112,0,RSNA_56438,R-CC,NO,0.0,False,,,
112,0,RSNA_56438,L-MLO,NO,0.0,False,,,
112,0,RSNA_56438,R-MLO,NO,0.0,False,,,
112,1,RSNA_56441,L-CC,NO,0.0,False,,,
112,1,RSNA_56441,R-CC,NO,0.0,False,,,
112,1,RSNA_56441,L-MLO,NO,0.0,False,,,
112,1,RSNA_56441,R-MLO,NO,0.0,False,,,
112,2,RSNA_56469,L-CC,NO,0.0,False,,,
112,2,RSNA_56469,R-CC,NO,0.0,False,,,
112,2,RSNA_56469,L-MLO,NO,0.0,False,,,
112,2,RSNA_56469,R-MLO,NO,0.0,False,,,
112,3,RSNA_56478,L-CC,NO,407.0,True,YES,0.0,False
112,3,RSNA_56478,R-CC,NO,587.0,True,YES,0.0,False
112,3,RSNA_56478,L-MLO,NO,455.0,True,YES,0.0,False
112,3,RSNA_56478,R-MLO,NO,339.0,True,YES,0.0,False
112,4,RSNA_56490,L-CC,NO,0.0,False,,,
112,4,RSNA_56490,R-CC,NO,0.0,False,,,
112,4,RSNA_56490,L-MLO,NO,0.0,False,,,
112,4,RSNA_56490,R-MLO,NO,0.0,False,,,
112,5,RSNA_56491,L-CC,NO,0.0,False,,,
112,5,RSNA_56491,R-CC,NO,0.0,False,,,
112,5,RSNA_56491,L-MLO,NO,0.0,False,,,
112,5,RSNA_56491,R-MLO,NO,0.0,False,,,
112,6,RSNA_56512,L-CC,NO,0.0,False,,,
112,6,RSNA_56512,R-CC,NO,0.0,False,,,
112,6,RSNA_56512,L-MLO,NO,0.0,False,,,
112,6,RSNA_56512,R-MLO,NO,0.0,False,,,
112,7,RSNA_5653,L-CC,NO,0.0,False,,,
112,7,RSNA_5653,R-CC,NO,0.0,False,,,
112,7,RSNA_5653,L-MLO,NO,0.0,False,,,
112,7,RSNA_5653,R-MLO,NO,0.0,False,,,
112,8,RSNA_5654,L-CC,NO,0.0,False,,,
112,8,RSNA_5654,R-CC,NO,0.0,False,,,
112,8,RSNA_5654,L-MLO,NO,0.0,False,,,
112,8,RSNA_5654,R-MLO,NO,0.0,False,,,
112,9,RSNA_56541,L-CC,NO,1189.0,True,YES,0.0,False
112,9,RSNA_56541,R-CC,NO,1249.0,True,YES,0.0,False
112,9,RSNA_56541,L-MLO,NO,1217.0,True,YES,0.0,False
112,9,RSNA_56541,R-MLO,NO,1245.0,True,YES,0.0,False
112,10,RSNA_56559,L-CC,NO,0.0,False,,,
112,10,RSNA_56559,R-CC,NO,0.0,False,,,
112,10,RSNA_56559,L-MLO,NO,0.0,False,,,
112,10,RSNA_56559,R-MLO,NO,0.0,False,,,
112,11,RSNA_56564,L-CC,NO,0.0,False,,,
112,11,RSNA_56564,R-CC,NO,0.0,False,,,
112,11,RSNA_56564,L-MLO,NO,0.0,False,,,
112,11,RSNA_56564,R-MLO,NO,0.0,False,,,
112,12,RSNA_56576,L-CC,NO,0.0,False,,,
112,12,RSNA_56576,R-CC,NO,0.0,False,,,
112,12,RSNA_56576,L-MLO,NO,0.0,False,,,
112,12,RSNA_56576,R-MLO,NO,0.0,False,,,
112,13,RSNA_5660,L-CC,NO,1898.0,True,YES,0.0,False
112,13,RSNA_5660,R-CC,NO,1806.0,True,YES,0.0,False
112,13,RSNA_5660,L-MLO,NO,1579.0,True,YES,0.0,False
112,13,RSNA_5660,R-MLO,NO,1674.0,True,YES,0.0,False
112,14,RSNA_56603,L-CC,NO,0.0,False,,,
112,14,RSNA_56603,R-CC,NO,0.0,False,,,
112,14,RSNA_56603,L-MLO,NO,0.0,False,,,
112,14,RSNA_56603,R-MLO,NO,0.0,False,,,
112,15,RSNA_56608,L-CC,NO,0.0,False,,,
112,15,RSNA_56608,R-CC,NO,0.0,False,,,
112,15,RSNA_56608,L-MLO,NO,0.0,False,,,
112,15,RSNA_56608,R-MLO,NO,0.0,False,,,
112,16,RSNA_56610,L-CC,NO,1902.0,True,YES,0.0,False
112,16,RSNA_56610,R-CC,NO,1951.0,True,YES,0.0,False
112,16,RSNA_56610,L-MLO,NO,1864.0,True,YES,0.0,False
112,16,RSNA_56610,R-MLO,NO,1871.0,True,YES,0.0,False
112,17,RSNA_56632,L-CC,NO,0.0,False,,,
112,17,RSNA_56632,R-CC,NO,0.0,False,,,
112,17,RSNA_56632,L-MLO,NO,0.0,False,,,
112,17,RSNA_56632,R-MLO,NO,0.0,False,,,
112,18,RSNA_56716,L-CC,NO,711.0,True,YES,0.0,False
112,18,RSNA_56716,R-CC,NO,576.0,True,YES,0.0,False
112,18,RSNA_56716,L-MLO,NO,544.0,True,YES,0.0,False
112,18,RSNA_56716,R-MLO,NO,614.0,True,YES,0.0,False
112,19,RSNA_56735,L-CC,NO,0.0,False,,,
112,19,RSNA_56735,R-CC,NO,0.0,False,,,
112,19,RSNA_56735,L-MLO,NO,0.0,False,,,
112,19,RSNA_56735,R-MLO,NO,0.0,False,,,
112,20,RSNA_56753,L-CC,NO,0.0,False,,,
112,20,RSNA_56753,R-CC,NO,0.0,False,,,
112,20,RSNA_56753,L-MLO,NO,0.0,False,,,
112,20,RSNA_56753,R-MLO,NO,0.0,False,,,
112,21,RSNA_56761,L-CC,NO,0.0,False,,,
112,21,RSNA_56761,R-CC,NO,0.0,False,,,
112,21,RSNA_56761,L-MLO,NO,0.0,False,,,
112,21,RSNA_56761,R-MLO,NO,0.0,False,,,
112,22,RSNA_56762,L-CC,NO,0.0,False,,,
112,22,RSNA_56762,R-CC,NO,0.0,False,,,
112,22,RSNA_56762,L-MLO,NO,0.0,False,,,
112,22,RSNA_56762,R-MLO,NO,0.0,False,,,
112,23,RSNA_56763,L-CC,NO,0.0,False,,,
112,23,RSNA_56763,R-CC,NO,0.0,False,,,
112,23,RSNA_56763,L-MLO,NO,0.0,False,,,
112,23,RSNA_56763,R-MLO,NO,0.0,False,,,
112,24,RSNA_56766,L-CC,NO,1832.0,True,YES,0.0,False
112,24,RSNA_56766,R-CC,NO,1792.0,True,YES,0.0,False
112,24,RSNA_56766,L-MLO,NO,1659.0,True,YES,0.0,False
112,24,RSNA_56766,R-MLO,NO,1541.0,True,YES,0.0,False
113,0,RSNA_56775,L-CC,NO,0.0,False,,,
113,0,RSNA_56775,R-CC,NO,0.0,False,,,
113,0,RSNA_56775,L-MLO,NO,0.0,False,,,
113,0,RSNA_56775,R-MLO,NO,0.0,False,,,
113,1,RSNA_56789,L-CC,NO,0.0,False,,,
113,1,RSNA_56789,R-CC,NO,0.0,False,,,
113,1,RSNA_56789,L-MLO,NO,0.0,False,,,
113,1,RSNA_56789,R-MLO,NO,0.0,False,,,
113,2,RSNA_56794,L-CC,NO,0.0,False,,,
113,2,RSNA_56794,R-CC,NO,0.0,False,,,
113,2,RSNA_56794,L-MLO,NO,0.0,False,,,
113,2,RSNA_56794,R-MLO,NO,0.0,False,,,
113,3,RSNA_56809,L-CC,NO,0.0,False,,,
113,3,RSNA_56809,R-CC,NO,0.0,False,,,
113,3,RSNA_56809,L-MLO,NO,0.0,False,,,
113,3,RSNA_56809,R-MLO,NO,0.0,False,,,
113,4,RSNA_56813,L-CC,NO,0.0,False,,,
113,4,RSNA_56813,R-CC,NO,0.0,False,,,
113,4,RSNA_56813,L-MLO,NO,0.0,False,,,
113,4,RSNA_56813,R-MLO,NO,0.0,False,,,
113,5,RSNA_56820,L-CC,NO,0.0,False,,,
113,5,RSNA_56820,R-CC,NO,0.0,False,,,
113,5,RSNA_56820,L-MLO,NO,0.0,False,,,
113,5,RSNA_56820,R-MLO,NO,0.0,False,,,
113,6,RSNA_56888,L-CC,NO,0.0,False,,,
113,6,RSNA_56888,R-CC,NO,0.0,False,,,
113,6,RSNA_56888,L-MLO,NO,0.0,False,,,
113,6,RSNA_56888,R-MLO,NO,0.0,False,,,
113,7,RSNA_56892,L-CC,NO,0.0,False,,,
113,7,RSNA_56892,R-CC,NO,0.0,False,,,
113,7,RSNA_56892,L-MLO,NO,0.0,False,,,
113,7,RSNA_56892,R-MLO,NO,0.0,False,,,
113,8,RSNA_56925,L-CC,NO,0.0,False,,,
113,8,RSNA_56925,R-CC,NO,0.0,False,,,
113,8,RSNA_56925,L-MLO,NO,0.0,False,,,
113,8,RSNA_56925,R-MLO,NO,0.0,False,,,
113,9,RSNA_56950,L-CC,NO,0.0,False,,,
113,9,RSNA_56950,R-CC,NO,0.0,False,,,
113,9,RSNA_56950,L-MLO,NO,0.0,False,,,
113,9,RSNA_56950,R-MLO,NO,0.0,False,,,
113,10,RSNA_56956,L-CC,NO,0.0,False,,,
113,10,RSNA_56956,R-CC,NO,0.0,False,,,
113,10,RSNA_56956,L-MLO,NO,0.0,False,,,
113,10,RSNA_56956,R-MLO,NO,0.0,False,,,
113,11,RSNA_56973,L-CC,NO,0.0,False,,,
113,11,RSNA_56973,R-CC,NO,0.0,False,,,
113,11,RSNA_56973,L-MLO,NO,0.0,False,,,
113,11,RSNA_56973,R-MLO,NO,0.0,False,,,
113,12,RSNA_56977,L-CC,NO,0.0,False,,,
113,12,RSNA_56977,R-CC,NO,0.0,False,,,
113,12,RSNA_56977,L-MLO,NO,0.0,False,,,
113,12,RSNA_56977,R-MLO,NO,0.0,False,,,
113,13,RSNA_56991,L-CC,NO,0.0,False,,,
113,13,RSNA_56991,R-CC,NO,0.0,False,,,
113,13,RSNA_56991,L-MLO,NO,0.0,False,,,
113,13,RSNA_56991,R-MLO,NO,0.0,False,,,
113,14,RSNA_56997,L-CC,NO,0.0,False,,,
113,14,RSNA_56997,R-CC,NO,0.0,False,,,
113,14,RSNA_56997,L-MLO,NO,0.0,False,,,
113,14,RSNA_56997,R-MLO,NO,0.0,False,,,
113,15,RSNA_57014,L-CC,NO,0.0,False,,,
113,15,RSNA_57014,R-CC,NO,0.0,False,,,
113,15,RSNA_57014,L-MLO,NO,0.0,False,,,
113,15,RSNA_57014,R-MLO,NO,0.0,False,,,
113,16,RSNA_57017,L-CC,NO,0.0,False,,,
113,16,RSNA_57017,R-CC,NO,0.0,False,,,
113,16,RSNA_57017,L-MLO,NO,0.0,False,,,
113,16,RSNA_57017,R-MLO,NO,0.0,False,,,
113,17,RSNA_57054,L-CC,NO,0.0,False,,,
113,17,RSNA_57054,R-CC,NO,0.0,False,,,
113,17,RSNA_57054,L-MLO,NO,0.0,False,,,
113,17,RSNA_57054,R-MLO,NO,0.0,False,,,
113,18,RSNA_57099,L-CC,NO,0.0,False,,,
113,18,RSNA_57099,R-CC,NO,0.0,False,,,
113,18,RSNA_57099,L-MLO,NO,0.0,False,,,
113,18,RSNA_57099,R-MLO,NO,0.0,False,,,
113,19,RSNA_57113,L-CC,NO,0.0,False,,,
113,19,RSNA_57113,R-CC,NO,0.0,False,,,
113,19,RSNA_57113,L-MLO,NO,0.0,False,,,
113,19,RSNA_57113,R-MLO,NO,0.0,False,,,
113,20,RSNA_57145,L-CC,NO,0.0,False,,,
113,20,RSNA_57145,R-CC,NO,0.0,False,,,
113,20,RSNA_57145,L-MLO,NO,0.0,False,,,
113,20,RSNA_57145,R-MLO,NO,0.0,False,,,
113,21,RSNA_57173,L-CC,NO,0.0,False,,,
113,21,RSNA_57173,R-CC,NO,0.0,False,,,
113,21,RSNA_57173,L-MLO,NO,0.0,False,,,
113,21,RSNA_57173,R-MLO,NO,0.0,False,,,
113,22,RSNA_57207,L-CC,NO,0.0,False,,,
113,22,RSNA_57207,R-CC,NO,0.0,False,,,
113,22,RSNA_57207,L-MLO,NO,0.0,False,,,
113,22,RSNA_57207,R-MLO,NO,0.0,False,,,
113,23,RSNA_57244,L-CC,NO,0.0,False,,,
113,23,RSNA_57244,R-CC,NO,0.0,False,,,
113,23,RSNA_57244,L-MLO,NO,0.0,False,,,
113,23,RSNA_57244,R-MLO,NO,0.0,False,,,
113,24,RSNA_57284,L-CC,NO,0.0,False,,,
113,24,RSNA_57284,R-CC,NO,0.0,False,,,
113,24,RSNA_57284,L-MLO,NO,0.0,False,,,
113,24,RSNA_57284,R-MLO,NO,0.0,False,,,
114,0,RSNA_57286,L-CC,NO,0.0,False,,,
114,0,RSNA_57286,R-CC,NO,0.0,False,,,
114,0,RSNA_57286,L-MLO,NO,0.0,False,,,
114,0,RSNA_57286,R-MLO,NO,0.0,False,,,
114,1,RSNA_57306,L-CC,NO,0.0,False,,,
114,1,RSNA_57306,R-CC,NO,0.0,False,,,
114,1,RSNA_57306,L-MLO,NO,0.0,False,,,
114,1,RSNA_57306,R-MLO,NO,0.0,False,,,
114,2,RSNA_57359,L-CC,NO,0.0,False,,,
114,2,RSNA_57359,R-CC,NO,0.0,False,,,
114,2,RSNA_57359,L-MLO,NO,0.0,False,,,
114,2,RSNA_57359,R-MLO,NO,0.0,False,,,
114,3,RSNA_57372,L-CC,NO,0.0,False,,,
114,3,RSNA_57372,R-CC,NO,0.0,False,,,
114,3,RSNA_57372,L-MLO,NO,0.0,False,,,
114,3,RSNA_57372,R-MLO,NO,0.0,False,,,
114,4,RSNA_57431,L-CC,NO,0.0,False,,,
114,4,RSNA_57431,R-CC,NO,0.0,False,,,
114,4,RSNA_57431,L-MLO,NO,0.0,False,,,
114,4,RSNA_57431,R-MLO,NO,0.0,False,,,
114,5,RSNA_57438,L-CC,NO,0.0,False,,,
114,5,RSNA_57438,R-CC,NO,0.0,False,,,
114,5,RSNA_57438,L-MLO,NO,0.0,False,,,
114,5,RSNA_57438,R-MLO,NO,0.0,False,,,
114,6,RSNA_57476,L-CC,NO,0.0,False,,,
114,6,RSNA_57476,R-CC,NO,0.0,False,,,
114,6,RSNA_57476,L-MLO,NO,0.0,False,,,
114,6,RSNA_57476,R-MLO,NO,0.0,False,,,
114,7,RSNA_57508,L-CC,NO,0.0,False,,,
114,7,RSNA_57508,R-CC,NO,0.0,False,,,
114,7,RSNA_57508,L-MLO,NO,0.0,False,,,
114,7,RSNA_57508,R-MLO,NO,0.0,False,,,
114,8,RSNA_57517,L-CC,NO,0.0,False,,,
114,8,RSNA_57517,R-CC,NO,0.0,False,,,
114,8,RSNA_57517,L-MLO,NO,0.0,False,,,
114,8,RSNA_57517,R-MLO,NO,0.0,False,,,
114,9,RSNA_57531,L-CC,NO,0.0,False,,,
114,9,RSNA_57531,R-CC,NO,0.0,False,,,
114,9,RSNA_57531,L-MLO,NO,0.0,False,,,
114,9,RSNA_57531,R-MLO,NO,0.0,False,,,
114,10,RSNA_57545,L-CC,NO,0.0,False,,,
114,10,RSNA_57545,R-CC,NO,0.0,False,,,
114,10,RSNA_57545,L-MLO,NO,0.0,False,,,
114,10,RSNA_57545,R-MLO,NO,0.0,False,,,
114,11,RSNA_57547,L-CC,NO,0.0,False,,,
114,11,RSNA_57547,R-CC,NO,0.0,False,,,
114,11,RSNA_57547,L-MLO,NO,0.0,False,,,
114,11,RSNA_57547,R-MLO,NO,0.0,False,,,
114,12,RSNA_57575,L-CC,NO,0.0,False,,,
114,12,RSNA_57575,R-CC,NO,0.0,False,,,
114,12,RSNA_57575,L-MLO,NO,0.0,False,,,
114,12,RSNA_57575,R-MLO,NO,0.0,False,,,
114,13,RSNA_57577,L-CC,NO,0.0,False,,,
114,13,RSNA_57577,R-CC,NO,0.0,False,,,
114,13,RSNA_57577,L-MLO,NO,0.0,False,,,
114,13,RSNA_57577,R-MLO,NO,0.0,False,,,
114,14,RSNA_57583,L-CC,NO,0.0,False,,,
114,14,RSNA_57583,R-CC,NO,0.0,False,,,
114,14,RSNA_57583,L-MLO,NO,0.0,False,,,
114,14,RSNA_57583,R-MLO,NO,0.0,False,,,
114,15,RSNA_57584,L-CC,NO,1386.0,True,YES,0.0,False
114,15,RSNA_57584,R-CC,NO,1537.0,True,YES,0.0,False
114,15,RSNA_57584,L-MLO,NO,1374.0,True,YES,0.0,False
114,15,RSNA_57584,R-MLO,NO,1616.0,True,YES,0.0,False
114,16,RSNA_57658,L-CC,NO,0.0,False,,,
114,16,RSNA_57658,R-CC,NO,0.0,False,,,
114,16,RSNA_57658,L-MLO,NO,0.0,False,,,
114,16,RSNA_57658,R-MLO,NO,0.0,False,,,
114,17,RSNA_57663,L-CC,NO,0.0,False,,,
114,17,RSNA_57663,R-CC,NO,0.0,False,,,
114,17,RSNA_57663,L-MLO,NO,0.0,False,,,
114,17,RSNA_57663,R-MLO,NO,0.0,False,,,
114,18,RSNA_57680,L-CC,NO,0.0,False,,,
114,18,RSNA_57680,R-CC,NO,0.0,False,,,
114,18,RSNA_57680,L-MLO,NO,0.0,False,,,
114,18,RSNA_57680,R-MLO,NO,0.0,False,,,
114,19,RSNA_57714,L-CC,NO,0.0,False,,,
114,19,RSNA_57714,R-CC,NO,0.0,False,,,
114,19,RSNA_57714,L-MLO,NO,0.0,False,,,
114,19,RSNA_57714,R-MLO,NO,0.0,False,,,
114,20,RSNA_57733,L-CC,NO,0.0,False,,,
114,20,RSNA_57733,R-CC,NO,0.0,False,,,
114,20,RSNA_57733,L-MLO,NO,0.0,False,,,
114,20,RSNA_57733,R-MLO,NO,0.0,False,,,
114,21,RSNA_57737,L-CC,NO,0.0,False,,,
114,21,RSNA_57737,R-CC,NO,0.0,False,,,
114,21,RSNA_57737,L-MLO,NO,0.0,False,,,
114,21,RSNA_57737,R-MLO,NO,0.0,False,,,
114,22,RSNA_57748,L-CC,NO,0.0,False,,,
114,22,RSNA_57748,R-CC,NO,0.0,False,,,
114,22,RSNA_57748,L-MLO,NO,0.0,False,,,
114,22,RSNA_57748,R-MLO,NO,0.0,False,,,
114,23,RSNA_57754,L-CC,NO,0.0,False,,,
114,23,RSNA_57754,R-CC,NO,0.0,False,,,
114,23,RSNA_57754,L-MLO,NO,0.0,False,,,
114,23,RSNA_57754,R-MLO,NO,0.0,False,,,
114,24,RSNA_57755,L-CC,NO,0.0,False,,,
114,24,RSNA_57755,R-CC,NO,0.0,False,,,
114,24,RSNA_57755,L-MLO,NO,0.0,False,,,
114,24,RSNA_57755,R-MLO,NO,0.0,False,,,
115,0,RSNA_5777,L-CC,NO,1440.0,True,YES,0.0,False
115,0,RSNA_5777,R-CC,NO,1548.0,True,YES,0.0,False
115,0,RSNA_5777,L-MLO,NO,1590.0,True,YES,0.0,False
115,0,RSNA_5777,R-MLO,NO,1652.0,True,YES,0.0,False
115,1,RSNA_57770,L-CC,NO,0.0,False,,,
115,1,RSNA_57770,R-CC,NO,0.0,False,,,
115,1,RSNA_57770,L-MLO,NO,0.0,False,,,
115,1,RSNA_57770,R-MLO,NO,0.0,False,,,
115,2,RSNA_5779,L-CC,NO,0.0,False,,,
115,2,RSNA_5779,R-CC,NO,0.0,False,,,
115,2,RSNA_5779,L-MLO,NO,0.0,False,,,
115,2,RSNA_5779,R-MLO,NO,0.0,False,,,
115,3,RSNA_57819,L-CC,NO,0.0,False,,,
115,3,RSNA_57819,R-CC,NO,0.0,False,,,
115,3,RSNA_57819,L-MLO,NO,0.0,False,,,
115,3,RSNA_57819,R-MLO,NO,0.0,False,,,
115,4,RSNA_57821,L-CC,NO,0.0,False,,,
115,4,RSNA_57821,R-CC,NO,0.0,False,,,
115,4,RSNA_57821,L-MLO,NO,0.0,False,,,
115,4,RSNA_57821,R-MLO,NO,0.0,False,,,
115,5,RSNA_57831,L-CC,NO,0.0,False,,,
115,5,RSNA_57831,R-CC,NO,0.0,False,,,
115,5,RSNA_57831,L-MLO,NO,0.0,False,,,
115,5,RSNA_57831,R-MLO,NO,0.0,False,,,
115,6,RSNA_57835,L-CC,NO,1188.0,True,YES,0.0,False
115,6,RSNA_57835,R-CC,NO,1190.0,True,YES,0.0,False
115,6,RSNA_57835,L-MLO,NO,1095.0,True,YES,0.0,False
115,6,RSNA_57835,R-MLO,NO,1158.0,True,YES,0.0,False
115,7,RSNA_57856,L-CC,NO,0.0,False,,,
115,7,RSNA_57856,R-CC,NO,0.0,False,,,
115,7,RSNA_57856,L-MLO,NO,0.0,False,,,
115,7,RSNA_57856,R-MLO,NO,0.0,False,,,
115,8,RSNA_57879,L-CC,NO,0.0,False,,,
115,8,RSNA_57879,R-CC,NO,0.0,False,,,
115,8,RSNA_57879,L-MLO,NO,0.0,False,,,
115,8,RSNA_57879,R-MLO,NO,0.0,False,,,
115,9,RSNA_57882,L-CC,NO,0.0,False,,,
115,9,RSNA_57882,R-CC,NO,0.0,False,,,
115,9,RSNA_57882,L-MLO,NO,0.0,False,,,
115,9,RSNA_57882,R-MLO,NO,0.0,False,,,
115,10,RSNA_57943,L-CC,NO,0.0,False,,,
115,10,RSNA_57943,R-CC,NO,0.0,False,,,
115,10,RSNA_57943,L-MLO,NO,0.0,False,,,
115,10,RSNA_57943,R-MLO,NO,0.0,False,,,
115,11,RSNA_57967,L-CC,NO,0.0,False,,,
115,11,RSNA_57967,R-CC,NO,0.0,False,,,
115,11,RSNA_57967,L-MLO,NO,0.0,False,,,
115,11,RSNA_57967,R-MLO,NO,0.0,False,,,
115,12,RSNA_57971,L-CC,NO,1836.0,True,YES,0.0,False
115,12,RSNA_57971,R-CC,NO,1788.0,True,YES,0.0,False
115,12,RSNA_57971,L-MLO,NO,1834.0,True,YES,0.0,False
115,12,RSNA_57971,R-MLO,NO,1811.0,True,YES,0.0,False
115,13,RSNA_57989,L-CC,NO,1318.0,True,YES,0.0,False
115,13,RSNA_57989,R-CC,NO,1307.0,True,YES,0.0,False
115,13,RSNA_57989,L-MLO,NO,1217.0,True,YES,0.0,False
115,13,RSNA_57989,R-MLO,NO,1715.0,True,YES,0.0,False
115,14,RSNA_58006,L-CC,NO,0.0,False,,,
115,14,RSNA_58006,R-CC,NO,0.0,False,,,
115,14,RSNA_58006,L-MLO,NO,0.0,False,,,
115,14,RSNA_58006,R-MLO,NO,0.0,False,,,
115,15,RSNA_58011,L-CC,NO,0.0,False,,,
115,15,RSNA_58011,R-CC,NO,0.0,False,,,
115,15,RSNA_58011,L-MLO,NO,0.0,False,,,
115,15,RSNA_58011,R-MLO,NO,0.0,False,,,
115,16,RSNA_58013,L-CC,NO,0.0,False,,,
115,16,RSNA_58013,R-CC,NO,0.0,False,,,
115,16,RSNA_58013,L-MLO,NO,0.0,False,,,
115,16,RSNA_58013,R-MLO,NO,0.0,False,,,
115,17,RSNA_58030,L-CC,NO,0.0,False,,,
115,17,RSNA_58030,R-CC,NO,0.0,False,,,
115,17,RSNA_58030,L-MLO,NO,0.0,False,,,
115,17,RSNA_58030,R-MLO,NO,0.0,False,,,
115,18,RSNA_58036,L-CC,NO,1445.0,True,YES,0.0,False
115,18,RSNA_58036,R-CC,NO,1465.0,True,YES,0.0,False
115,18,RSNA_58036,L-MLO,NO,1332.0,True,YES,0.0,False
115,18,RSNA_58036,R-MLO,NO,1307.0,True,YES,0.0,False
115,19,RSNA_58061,L-CC,NO,0.0,False,,,
115,19,RSNA_58061,R-CC,NO,0.0,False,,,
115,19,RSNA_58061,L-MLO,NO,0.0,False,,,
115,19,RSNA_58061,R-MLO,NO,0.0,False,,,
115,20,RSNA_58090,L-CC,NO,0.0,False,,,
115,20,RSNA_58090,R-CC,NO,0.0,False,,,
115,20,RSNA_58090,L-MLO,NO,0.0,False,,,
115,20,RSNA_58090,R-MLO,NO,0.0,False,,,
115,21,RSNA_58093,L-CC,NO,0.0,False,,,
115,21,RSNA_58093,R-CC,NO,0.0,False,,,
115,21,RSNA_58093,L-MLO,NO,0.0,False,,,
115,21,RSNA_58093,R-MLO,NO,0.0,False,,,
115,22,RSNA_58097,L-CC,NO,0.0,False,,,
115,22,RSNA_58097,R-CC,NO,0.0,False,,,
115,22,RSNA_58097,L-MLO,NO,0.0,False,,,
115,22,RSNA_58097,R-MLO,NO,0.0,False,,,
115,23,RSNA_58124,L-CC,NO,0.0,False,,,
115,23,RSNA_58124,R-CC,NO,0.0,False,,,
115,23,RSNA_58124,L-MLO,NO,0.0,False,,,
115,23,RSNA_58124,R-MLO,NO,0.0,False,,,
115,24,RSNA_5815,L-CC,NO,0.0,False,,,
115,24,RSNA_5815,R-CC,NO,0.0,False,,,
115,24,RSNA_5815,L-MLO,NO,0.0,False,,,
115,24,RSNA_5815,R-MLO,NO,0.0,False,,,
116,0,RSNA_58156,L-CC,NO,0.0,False,,,
116,0,RSNA_58156,R-CC,NO,0.0,False,,,
116,0,RSNA_58156,L-MLO,NO,0.0,False,,,
116,0,RSNA_58156,R-MLO,NO,0.0,False,,,
116,1,RSNA_58192,L-CC,NO,0.0,False,,,
116,1,RSNA_58192,R-CC,NO,0.0,False,,,
116,1,RSNA_58192,L-MLO,NO,0.0,False,,,
116,1,RSNA_58192,R-MLO,NO,0.0,False,,,
116,2,RSNA_58287,L-CC,NO,0.0,False,,,
116,2,RSNA_58287,R-CC,NO,0.0,False,,,
116,2,RSNA_58287,L-MLO,NO,0.0,False,,,
116,2,RSNA_58287,R-MLO,NO,0.0,False,,,
116,3,RSNA_58332,L-CC,NO,0.0,False,,,
116,3,RSNA_58332,R-CC,NO,0.0,False,,,
116,3,RSNA_58332,L-MLO,NO,0.0,False,,,
116,3,RSNA_58332,R-MLO,NO,0.0,False,,,
116,4,RSNA_58335,L-CC,NO,0.0,False,,,
116,4,RSNA_58335,R-CC,NO,0.0,False,,,
116,4,RSNA_58335,L-MLO,NO,0.0,False,,,
116,4,RSNA_58335,R-MLO,NO,0.0,False,,,
116,5,RSNA_58359,L-CC,NO,0.0,False,,,
116,5,RSNA_58359,R-CC,NO,0.0,False,,,
116,5,RSNA_58359,L-MLO,NO,0.0,False,,,
116,5,RSNA_58359,R-MLO,NO,0.0,False,,,
116,6,RSNA_58379,L-CC,NO,0.0,False,,,
116,6,RSNA_58379,R-CC,NO,0.0,False,,,
116,6,RSNA_58379,L-MLO,NO,0.0,False,,,
116,6,RSNA_58379,R-MLO,NO,0.0,False,,,
116,7,RSNA_58381,L-CC,NO,0.0,False,,,
116,7,RSNA_58381,R-CC,NO,0.0,False,,,
116,7,RSNA_58381,L-MLO,NO,0.0,False,,,
116,7,RSNA_58381,R-MLO,NO,0.0,False,,,
116,8,RSNA_58385,L-CC,NO,0.0,False,,,
116,8,RSNA_58385,R-CC,NO,0.0,False,,,
116,8,RSNA_58385,L-MLO,NO,0.0,False,,,
116,8,RSNA_58385,R-MLO,NO,0.0,False,,,
116,9,RSNA_58408,L-CC,NO,0.0,False,,,
116,9,RSNA_58408,R-CC,NO,0.0,False,,,
116,9,RSNA_58408,L-MLO,NO,0.0,False,,,
116,9,RSNA_58408,R-MLO,NO,0.0,False,,,
116,10,RSNA_5841,L-CC,NO,0.0,False,,,
116,10,RSNA_5841,R-CC,NO,0.0,False,,,
116,10,RSNA_5841,L-MLO,NO,0.0,False,,,
116,10,RSNA_5841,R-MLO,NO,0.0,False,,,
116,11,RSNA_58410,L-CC,NO,0.0,False,,,
116,11,RSNA_58410,R-CC,NO,0.0,False,,,
116,11,RSNA_58410,L-MLO,NO,0.0,False,,,
116,11,RSNA_58410,R-MLO,NO,0.0,False,,,
116,12,RSNA_58430,L-CC,NO,0.0,False,,,
116,12,RSNA_58430,R-CC,NO,0.0,False,,,
116,12,RSNA_58430,L-MLO,NO,0.0,False,,,
116,12,RSNA_58430,R-MLO,NO,0.0,False,,,
116,13,RSNA_58434,L-CC,NO,0.0,False,,,
116,13,RSNA_58434,R-CC,NO,0.0,False,,,
116,13,RSNA_58434,L-MLO,NO,0.0,False,,,
116,13,RSNA_58434,R-MLO,NO,0.0,False,,,
116,14,RSNA_58435,L-CC,NO,0.0,False,,,
116,14,RSNA_58435,R-CC,NO,0.0,False,,,
116,14,RSNA_58435,L-MLO,NO,0.0,False,,,
116,14,RSNA_58435,R-MLO,NO,0.0,False,,,
116,15,RSNA_58436,L-CC,NO,0.0,False,,,
116,15,RSNA_58436,R-CC,NO,0.0,False,,,
116,15,RSNA_58436,L-MLO,NO,0.0,False,,,
116,15,RSNA_58436,R-MLO,NO,0.0,False,,,
116,16,RSNA_58466,L-CC,NO,0.0,False,,,
116,16,RSNA_58466,R-CC,NO,0.0,False,,,
116,16,RSNA_58466,L-MLO,NO,0.0,False,,,
116,16,RSNA_58466,R-MLO,NO,0.0,False,,,
116,17,RSNA_58479,L-CC,NO,2054.0,True,YES,0.0,False
116,17,RSNA_58479,R-CC,NO,1893.0,True,YES,0.0,False
116,17,RSNA_58479,L-MLO,NO,1564.0,True,YES,0.0,False
116,17,RSNA_58479,R-MLO,NO,1513.0,True,YES,0.0,False
116,18,RSNA_58511,L-CC,NO,0.0,False,,,
116,18,RSNA_58511,R-CC,NO,0.0,False,,,
116,18,RSNA_58511,L-MLO,NO,0.0,False,,,
116,18,RSNA_58511,R-MLO,NO,0.0,False,,,
116,19,RSNA_58526,L-CC,NO,0.0,False,,,
116,19,RSNA_58526,R-CC,NO,0.0,False,,,
116,19,RSNA_58526,L-MLO,NO,0.0,False,,,
116,19,RSNA_58526,R-MLO,NO,0.0,False,,,
116,20,RSNA_58528,L-CC,NO,1341.0,True,YES,0.0,False
116,20,RSNA_58528,R-CC,NO,1318.0,True,YES,0.0,False
116,20,RSNA_58528,L-MLO,NO,1080.0,True,YES,0.0,False
116,20,RSNA_58528,R-MLO,NO,1102.0,True,YES,0.0,False
116,21,RSNA_58529,L-CC,NO,0.0,False,,,
116,21,RSNA_58529,R-CC,NO,0.0,False,,,
116,21,RSNA_58529,L-MLO,NO,0.0,False,,,
116,21,RSNA_58529,R-MLO,NO,0.0,False,,,
116,22,RSNA_58535,L-CC,NO,0.0,False,,,
116,22,RSNA_58535,R-CC,NO,0.0,False,,,
116,22,RSNA_58535,L-MLO,NO,0.0,False,,,
116,22,RSNA_58535,R-MLO,NO,0.0,False,,,
116,23,RSNA_58558,L-CC,NO,1349.0,True,YES,0.0,False
116,23,RSNA_58558,R-CC,NO,1630.0,True,YES,0.0,False
116,23,RSNA_58558,L-MLO,NO,1174.0,True,YES,0.0,False
116,23,RSNA_58558,R-MLO,NO,1190.0,True,YES,0.0,False
116,24,RSNA_58564,L-CC,NO,0.0,False,,,
116,24,RSNA_58564,R-CC,NO,0.0,False,,,
116,24,RSNA_58564,L-MLO,NO,0.0,False,,,
116,24,RSNA_58564,R-MLO,NO,0.0,False,,,
117,0,RSNA_5857,L-CC,NO,0.0,False,,,
117,0,RSNA_5857,R-CC,NO,0.0,False,,,
117,0,RSNA_5857,L-MLO,NO,0.0,False,,,
117,0,RSNA_5857,R-MLO,NO,0.0,False,,,
117,1,RSNA_58572,L-CC,NO,0.0,False,,,
117,1,RSNA_58572,R-CC,NO,0.0,False,,,
117,1,RSNA_58572,L-MLO,NO,0.0,False,,,
117,1,RSNA_58572,R-MLO,NO,0.0,False,,,
117,2,RSNA_5858,L-CC,NO,0.0,False,,,
117,2,RSNA_5858,R-CC,NO,0.0,False,,,
117,2,RSNA_5858,L-MLO,NO,0.0,False,,,
117,2,RSNA_5858,R-MLO,NO,0.0,False,,,
117,3,RSNA_58589,L-CC,NO,0.0,False,,,
117,3,RSNA_58589,R-CC,NO,0.0,False,,,
117,3,RSNA_58589,L-MLO,NO,0.0,False,,,
117,3,RSNA_58589,R-MLO,NO,0.0,False,,,
117,4,RSNA_58616,L-CC,NO,0.0,False,,,
117,4,RSNA_58616,R-CC,NO,0.0,False,,,
117,4,RSNA_58616,L-MLO,NO,0.0,False,,,
117,4,RSNA_58616,R-MLO,NO,0.0,False,,,
117,5,RSNA_58620,L-CC,NO,0.0,False,,,
117,5,RSNA_58620,R-CC,NO,0.0,False,,,
117,5,RSNA_58620,L-MLO,NO,0.0,False,,,
117,5,RSNA_58620,R-MLO,NO,0.0,False,,,
117,6,RSNA_58651,L-CC,NO,0.0,False,,,
117,6,RSNA_58651,R-CC,NO,0.0,False,,,
117,6,RSNA_58651,L-MLO,NO,0.0,False,,,
117,6,RSNA_58651,R-MLO,NO,0.0,False,,,
117,7,RSNA_58656,L-CC,NO,1485.0,True,YES,0.0,False
117,7,RSNA_58656,R-CC,NO,1483.0,True,YES,0.0,False
117,7,RSNA_58656,L-MLO,NO,1282.0,True,YES,0.0,False
117,7,RSNA_58656,R-MLO,NO,1314.0,True,YES,0.0,False
117,8,RSNA_58663,L-CC,NO,0.0,False,,,
117,8,RSNA_58663,R-CC,NO,0.0,False,,,
117,8,RSNA_58663,L-MLO,NO,0.0,False,,,
117,8,RSNA_58663,R-MLO,NO,0.0,False,,,
117,9,RSNA_58679,L-CC,NO,1909.0,True,YES,0.0,False
117,9,RSNA_58679,R-CC,NO,2006.0,True,YES,0.0,False
117,9,RSNA_58679,L-MLO,NO,1777.0,True,YES,0.0,False
117,9,RSNA_58679,R-MLO,NO,1883.0,True,YES,0.0,False
117,10,RSNA_58684,L-CC,NO,0.0,False,,,
117,10,RSNA_58684,R-CC,NO,0.0,False,,,
117,10,RSNA_58684,L-MLO,NO,0.0,False,,,
117,10,RSNA_58684,R-MLO,NO,0.0,False,,,
117,11,RSNA_58718,L-CC,NO,0.0,False,,,
117,11,RSNA_58718,R-CC,NO,0.0,False,,,
117,11,RSNA_58718,L-MLO,NO,0.0,False,,,
117,11,RSNA_58718,R-MLO,NO,0.0,False,,,
117,12,RSNA_58732,L-CC,NO,0.0,False,,,
117,12,RSNA_58732,R-CC,NO,0.0,False,,,
117,12,RSNA_58732,L-MLO,NO,0.0,False,,,
117,12,RSNA_58732,R-MLO,NO,0.0,False,,,
117,13,RSNA_58771,L-CC,NO,0.0,False,,,
117,13,RSNA_58771,R-CC,NO,0.0,False,,,
117,13,RSNA_58771,L-MLO,NO,0.0,False,,,
117,13,RSNA_58771,R-MLO,NO,0.0,False,,,
117,14,RSNA_5878,L-CC,NO,1975.0,True,YES,0.0,False
117,14,RSNA_5878,R-CC,NO,1994.0,True,YES,0.0,False
117,14,RSNA_5878,L-MLO,NO,1645.0,True,YES,0.0,False
117,14,RSNA_5878,R-MLO,NO,1836.0,True,YES,0.0,False
117,15,RSNA_58781,L-CC,NO,0.0,False,,,
117,15,RSNA_58781,R-CC,NO,0.0,False,,,
117,15,RSNA_58781,L-MLO,NO,0.0,False,,,
117,15,RSNA_58781,R-MLO,NO,0.0,False,,,
117,16,RSNA_58802,L-CC,NO,0.0,False,,,
117,16,RSNA_58802,R-CC,NO,0.0,False,,,
117,16,RSNA_58802,L-MLO,NO,0.0,False,,,
117,16,RSNA_58802,R-MLO,NO,0.0,False,,,
117,17,RSNA_58825,L-CC,NO,0.0,False,,,
117,17,RSNA_58825,R-CC,NO,0.0,False,,,
117,17,RSNA_58825,L-MLO,NO,0.0,False,,,
117,17,RSNA_58825,R-MLO,NO,0.0,False,,,
117,18,RSNA_5890,L-CC,NO,1205.0,True,YES,0.0,False
117,18,RSNA_5890,R-CC,NO,1335.0,True,YES,0.0,False
117,18,RSNA_5890,L-MLO,NO,1189.0,True,YES,0.0,False
117,18,RSNA_5890,R-MLO,NO,1427.0,True,YES,0.0,False
117,19,RSNA_58912,L-CC,NO,0.0,False,,,
117,19,RSNA_58912,R-CC,NO,0.0,False,,,
117,19,RSNA_58912,L-MLO,NO,0.0,False,,,
117,19,RSNA_58912,R-MLO,NO,0.0,False,,,
117,20,RSNA_58930,L-CC,NO,0.0,False,,,
117,20,RSNA_58930,R-CC,NO,0.0,False,,,
117,20,RSNA_58930,L-MLO,NO,0.0,False,,,
117,20,RSNA_58930,R-MLO,NO,0.0,False,,,
117,21,RSNA_58960,L-CC,NO,603.0,True,YES,0.0,False
117,21,RSNA_58960,R-CC,NO,529.0,True,YES,0.0,False
117,21,RSNA_58960,L-MLO,NO,569.0,True,YES,0.0,False
117,21,RSNA_58960,R-MLO,NO,395.0,True,YES,0.0,False
117,22,RSNA_58972,L-CC,NO,0.0,False,,,
117,22,RSNA_58972,R-CC,NO,0.0,False,,,
117,22,RSNA_58972,L-MLO,NO,0.0,False,,,
117,22,RSNA_58972,R-MLO,NO,0.0,False,,,
117,23,RSNA_58994,L-CC,NO,0.0,False,,,
117,23,RSNA_58994,R-CC,NO,0.0,False,,,
117,23,RSNA_58994,L-MLO,NO,0.0,False,,,
117,23,RSNA_58994,R-MLO,NO,0.0,False,,,
117,24,RSNA_59021,L-CC,NO,1250.0,True,YES,0.0,False
117,24,RSNA_59021,R-CC,NO,1256.0,True,YES,0.0,False
117,24,RSNA_59021,L-MLO,NO,1152.0,True,YES,0.0,False
117,24,RSNA_59021,R-MLO,NO,1099.0,True,YES,0.0,False
118,0,RSNA_59025,L-CC,NO,1535.0,True,YES,0.0,False
118,0,RSNA_59025,R-CC,NO,1690.0,True,YES,0.0,False
118,0,RSNA_59025,L-MLO,NO,1207.0,True,YES,0.0,False
118,0,RSNA_59025,R-MLO,NO,1231.0,True,YES,0.0,False
118,1,RSNA_5904,L-CC,NO,0.0,False,,,
118,1,RSNA_5904,R-CC,NO,0.0,False,,,
118,1,RSNA_5904,L-MLO,NO,0.0,False,,,
118,1,RSNA_5904,R-MLO,NO,0.0,False,,,
118,2,RSNA_59086,L-CC,NO,0.0,False,,,
118,2,RSNA_59086,R-CC,NO,0.0,False,,,
118,2,RSNA_59086,L-MLO,NO,0.0,False,,,
118,2,RSNA_59086,R-MLO,NO,0.0,False,,,
118,3,RSNA_59090,L-CC,NO,1317.0,True,YES,0.0,False
118,3,RSNA_59090,R-CC,NO,1373.0,True,YES,0.0,False
118,3,RSNA_59090,L-MLO,NO,1357.0,True,YES,0.0,False
118,3,RSNA_59090,R-MLO,NO,1361.0,True,YES,0.0,False
118,4,RSNA_59101,L-CC,NO,0.0,False,,,
118,4,RSNA_59101,R-CC,NO,0.0,False,,,
118,4,RSNA_59101,L-MLO,NO,0.0,False,,,
118,4,RSNA_59101,R-MLO,NO,0.0,False,,,
118,5,RSNA_5912,L-CC,NO,0.0,False,,,
118,5,RSNA_5912,R-CC,NO,0.0,False,,,
118,5,RSNA_5912,L-MLO,NO,0.0,False,,,
118,5,RSNA_5912,R-MLO,NO,0.0,False,,,
118,6,RSNA_59121,L-CC,NO,0.0,False,,,
118,6,RSNA_59121,R-CC,NO,0.0,False,,,
118,6,RSNA_59121,L-MLO,NO,0.0,False,,,
118,6,RSNA_59121,R-MLO,NO,0.0,False,,,
118,7,RSNA_59126,L-CC,NO,1413.0,True,YES,0.0,False
118,7,RSNA_59126,R-CC,NO,1444.0,True,YES,0.0,False
118,7,RSNA_59126,L-MLO,NO,1196.0,True,YES,0.0,False
118,7,RSNA_59126,R-MLO,NO,1331.0,True,YES,0.0,False
118,8,RSNA_5919,L-CC,NO,2145.0,True,YES,0.0,False
118,8,RSNA_5919,R-CC,NO,2299.0,True,YES,0.0,False
118,8,RSNA_5919,L-MLO,NO,2047.0,True,YES,0.0,False
118,8,RSNA_5919,R-MLO,NO,1997.0,True,YES,0.0,False
118,9,RSNA_59191,L-CC,NO,1446.0,True,YES,0.0,False
118,9,RSNA_59191,R-CC,NO,1486.0,True,YES,0.0,False
118,9,RSNA_59191,L-MLO,NO,1369.0,True,YES,0.0,False
118,9,RSNA_59191,R-MLO,NO,1472.0,True,YES,0.0,False
118,10,RSNA_59222,L-CC,NO,1285.0,True,YES,0.0,False
118,10,RSNA_59222,R-CC,NO,1204.0,True,YES,0.0,False
118,10,RSNA_59222,L-MLO,NO,1040.0,True,YES,0.0,False
118,10,RSNA_59222,R-MLO,NO,1135.0,True,YES,0.0,False
118,11,RSNA_59225,L-CC,NO,0.0,False,,,
118,11,RSNA_59225,R-CC,NO,0.0,False,,,
118,11,RSNA_59225,L-MLO,NO,0.0,False,,,
118,11,RSNA_59225,R-MLO,NO,0.0,False,,,
118,12,RSNA_59233,L-CC,NO,1574.0,True,YES,0.0,False
118,12,RSNA_59233,R-CC,NO,1570.0,True,YES,0.0,False
118,12,RSNA_59233,L-MLO,NO,1439.0,True,YES,0.0,False
118,12,RSNA_59233,R-MLO,NO,1490.0,True,YES,0.0,False
118,13,RSNA_59237,L-CC,NO,0.0,False,,,
118,13,RSNA_59237,R-CC,NO,0.0,False,,,
118,13,RSNA_59237,L-MLO,NO,0.0,False,,,
118,13,RSNA_59237,R-MLO,NO,0.0,False,,,
118,14,RSNA_59262,L-CC,NO,0.0,False,,,
118,14,RSNA_59262,R-CC,NO,0.0,False,,,
118,14,RSNA_59262,L-MLO,NO,0.0,False,,,
118,14,RSNA_59262,R-MLO,NO,0.0,False,,,
118,15,RSNA_59276,L-CC,NO,0.0,False,,,
118,15,RSNA_59276,R-CC,NO,0.0,False,,,
118,15,RSNA_59276,L-MLO,NO,0.0,False,,,
118,15,RSNA_59276,R-MLO,NO,0.0,False,,,
118,16,RSNA_59288,L-CC,NO,0.0,False,,,
118,16,RSNA_59288,R-CC,NO,0.0,False,,,
118,16,RSNA_59288,L-MLO,NO,0.0,False,,,
118,16,RSNA_59288,R-MLO,NO,0.0,False,,,
118,17,RSNA_59289,L-CC,NO,0.0,False,,,
118,17,RSNA_59289,R-CC,NO,0.0,False,,,
118,17,RSNA_59289,L-MLO,NO,0.0,False,,,
118,17,RSNA_59289,R-MLO,NO,0.0,False,,,
118,18,RSNA_59297,L-CC,NO,0.0,False,,,
118,18,RSNA_59297,R-CC,NO,0.0,False,,,
118,18,RSNA_59297,L-MLO,NO,0.0,False,,,
118,18,RSNA_59297,R-MLO,NO,0.0,False,,,
118,19,RSNA_59312,L-CC,NO,0.0,False,,,
118,19,RSNA_59312,R-CC,NO,0.0,False,,,
118,19,RSNA_59312,L-MLO,NO,0.0,False,,,
118,19,RSNA_59312,R-MLO,NO,0.0,False,,,
118,20,RSNA_59314,L-CC,NO,2042.0,True,YES,0.0,False
118,20,RSNA_59314,R-CC,NO,1880.0,True,YES,0.0,False
118,20,RSNA_59314,L-MLO,NO,2019.0,True,YES,0.0,False
118,20,RSNA_59314,R-MLO,NO,1705.0,True,YES,0.0,False
118,21,RSNA_5932,L-CC,NO,0.0,False,,,
118,21,RSNA_5932,R-CC,NO,0.0,False,,,
118,21,RSNA_5932,L-MLO,NO,0.0,False,,,
118,21,RSNA_5932,R-MLO,NO,0.0,False,,,
118,22,RSNA_59339,L-CC,NO,0.0,False,,,
118,22,RSNA_59339,R-CC,NO,0.0,False,,,
118,22,RSNA_59339,L-MLO,NO,0.0,False,,,
118,22,RSNA_59339,R-MLO,NO,0.0,False,,,
118,23,RSNA_59347,L-CC,NO,1490.0,True,YES,0.0,False
118,23,RSNA_59347,R-CC,NO,1268.0,True,YES,0.0,False
118,23,RSNA_59347,L-MLO,NO,1276.0,True,YES,0.0,False
118,23,RSNA_59347,R-MLO,NO,1029.0,True,YES,0.0,False
118,24,RSNA_59365,L-CC,NO,0.0,False,,,
118,24,RSNA_59365,R-CC,NO,0.0,False,,,
118,24,RSNA_59365,L-MLO,NO,0.0,False,,,
118,24,RSNA_59365,R-MLO,NO,0.0,False,,,
119,0,RSNA_59368,L-CC,NO,0.0,False,,,
119,0,RSNA_59368,R-CC,NO,0.0,False,,,
119,0,RSNA_59368,L-MLO,NO,0.0,False,,,
119,0,RSNA_59368,R-MLO,NO,0.0,False,,,
119,1,RSNA_59384,L-CC,NO,0.0,False,,,
119,1,RSNA_59384,R-CC,NO,0.0,False,,,
119,1,RSNA_59384,L-MLO,NO,0.0,False,,,
119,1,RSNA_59384,R-MLO,NO,0.0,False,,,
119,2,RSNA_59398,L-CC,NO,0.0,False,,,
119,2,RSNA_59398,R-CC,NO,0.0,False,,,
119,2,RSNA_59398,L-MLO,NO,0.0,False,,,
119,2,RSNA_59398,R-MLO,NO,0.0,False,,,
119,3,RSNA_59417,L-CC,NO,839.0,True,YES,0.0,False
119,3,RSNA_59417,R-CC,NO,842.0,True,YES,0.0,False
119,3,RSNA_59417,L-MLO,NO,732.0,True,YES,0.0,False
119,3,RSNA_59417,R-MLO,NO,787.0,True,YES,0.0,False
119,4,RSNA_59432,L-CC,NO,0.0,False,,,
119,4,RSNA_59432,R-CC,NO,0.0,False,,,
119,4,RSNA_59432,L-MLO,NO,0.0,False,,,
119,4,RSNA_59432,R-MLO,NO,0.0,False,,,
119,5,RSNA_59445,L-CC,NO,0.0,False,,,
119,5,RSNA_59445,R-CC,NO,0.0,False,,,
119,5,RSNA_59445,L-MLO,NO,0.0,False,,,
119,5,RSNA_59445,R-MLO,NO,0.0,False,,,
119,6,RSNA_59453,L-CC,NO,0.0,False,,,
119,6,RSNA_59453,R-CC,NO,0.0,False,,,
119,6,RSNA_59453,L-MLO,NO,0.0,False,,,
119,6,RSNA_59453,R-MLO,NO,0.0,False,,,
119,7,RSNA_59462,L-CC,NO,0.0,False,,,
119,7,RSNA_59462,R-CC,NO,0.0,False,,,
119,7,RSNA_59462,L-MLO,NO,0.0,False,,,
119,7,RSNA_59462,R-MLO,NO,0.0,False,,,
119,8,RSNA_59464,L-CC,NO,0.0,False,,,
119,8,RSNA_59464,R-CC,NO,0.0,False,,,
119,8,RSNA_59464,L-MLO,NO,0.0,False,,,
119,8,RSNA_59464,R-MLO,NO,0.0,False,,,
119,9,RSNA_59485,L-CC,NO,1447.0,True,YES,0.0,False
119,9,RSNA_59485,R-CC,NO,1376.0,True,YES,0.0,False
119,9,RSNA_59485,L-MLO,NO,1387.0,True,YES,0.0,False
119,9,RSNA_59485,R-MLO,NO,1349.0,True,YES,0.0,False
119,10,RSNA_59487,L-CC,NO,0.0,False,,,
119,10,RSNA_59487,R-CC,NO,0.0,False,,,
119,10,RSNA_59487,L-MLO,NO,0.0,False,,,
119,10,RSNA_59487,R-MLO,NO,0.0,False,,,
119,11,RSNA_59525,L-CC,NO,1508.0,True,YES,0.0,False
119,11,RSNA_59525,R-CC,NO,1547.0,True,YES,0.0,False
119,11,RSNA_59525,L-MLO,NO,1322.0,True,YES,0.0,False
119,11,RSNA_59525,R-MLO,NO,1330.0,True,YES,0.0,False
119,12,RSNA_59527,L-CC,NO,0.0,False,,,
119,12,RSNA_59527,R-CC,NO,0.0,False,,,
119,12,RSNA_59527,L-MLO,NO,0.0,False,,,
119,12,RSNA_59527,R-MLO,NO,0.0,False,,,
119,13,RSNA_59529,L-CC,NO,0.0,False,,,
119,13,RSNA_59529,R-CC,NO,0.0,False,,,
119,13,RSNA_59529,L-MLO,NO,0.0,False,,,
119,13,RSNA_59529,R-MLO,NO,0.0,False,,,
119,14,RSNA_59530,L-CC,NO,0.0,False,,,
119,14,RSNA_59530,R-CC,NO,0.0,False,,,
119,14,RSNA_59530,L-MLO,NO,0.0,False,,,
119,14,RSNA_59530,R-MLO,NO,0.0,False,,,
119,15,RSNA_59548,L-CC,NO,0.0,False,,,
119,15,RSNA_59548,R-CC,NO,0.0,False,,,
119,15,RSNA_59548,L-MLO,NO,0.0,False,,,
119,15,RSNA_59548,R-MLO,NO,0.0,False,,,
119,16,RSNA_59549,L-CC,NO,0.0,False,,,
119,16,RSNA_59549,R-CC,NO,0.0,False,,,
119,16,RSNA_59549,L-MLO,NO,0.0,False,,,
119,16,RSNA_59549,R-MLO,NO,0.0,False,,,
119,17,RSNA_59559,L-CC,NO,0.0,False,,,
119,17,RSNA_59559,R-CC,NO,0.0,False,,,
119,17,RSNA_59559,L-MLO,NO,0.0,False,,,
119,17,RSNA_59559,R-MLO,NO,0.0,False,,,
119,18,RSNA_59567,L-CC,NO,0.0,False,,,
119,18,RSNA_59567,R-CC,NO,0.0,False,,,
119,18,RSNA_59567,L-MLO,NO,0.0,False,,,
119,18,RSNA_59567,R-MLO,NO,0.0,False,,,
119,19,RSNA_59571,L-CC,NO,1745.0,True,YES,0.0,False
119,19,RSNA_59571,R-CC,NO,2011.0,True,YES,0.0,False
119,19,RSNA_59571,L-MLO,NO,1789.0,True,YES,0.0,False
119,19,RSNA_59571,R-MLO,NO,1980.0,True,YES,0.0,False
119,20,RSNA_59587,L-CC,NO,1456.0,True,YES,0.0,False
119,20,RSNA_59587,R-CC,NO,1055.0,True,YES,0.0,False
119,20,RSNA_59587,L-MLO,NO,1296.0,True,YES,0.0,False
119,20,RSNA_59587,R-MLO,NO,878.0,True,YES,0.0,False
119,21,RSNA_59594,L-CC,NO,0.0,False,,,
119,21,RSNA_59594,R-CC,NO,0.0,False,,,
119,21,RSNA_59594,L-MLO,NO,0.0,False,,,
119,21,RSNA_59594,R-MLO,NO,0.0,False,,,
119,22,RSNA_59601,L-CC,NO,0.0,False,,,
119,22,RSNA_59601,R-CC,NO,0.0,False,,,
119,22,RSNA_59601,L-MLO,NO,0.0,False,,,
119,22,RSNA_59601,R-MLO,NO,0.0,False,,,
119,23,RSNA_59622,L-CC,NO,0.0,False,,,
119,23,RSNA_59622,R-CC,NO,0.0,False,,,
119,23,RSNA_59622,L-MLO,NO,0.0,False,,,
119,23,RSNA_59622,R-MLO,NO,0.0,False,,,
119,24,RSNA_59626,L-CC,NO,0.0,False,,,
119,24,RSNA_59626,R-CC,NO,0.0,False,,,
119,24,RSNA_59626,L-MLO,NO,0.0,False,,,
119,24,RSNA_59626,R-MLO,NO,0.0,False,,,
120,0,RSNA_59653,L-CC,NO,0.0,False,,,
120,0,RSNA_59653,R-CC,NO,0.0,False,,,
120,0,RSNA_59653,L-MLO,NO,0.0,False,,,
120,0,RSNA_59653,R-MLO,NO,0.0,False,,,
120,1,RSNA_59683,L-CC,NO,1442.0,True,YES,0.0,False
120,1,RSNA_59683,R-CC,NO,1206.0,True,YES,0.0,False
120,1,RSNA_59683,L-MLO,NO,1351.0,True,YES,0.0,False
120,1,RSNA_59683,R-MLO,NO,1032.0,True,YES,0.0,False
120,2,RSNA_59717,L-CC,NO,0.0,False,,,
120,2,RSNA_59717,R-CC,NO,0.0,False,,,
120,2,RSNA_59717,L-MLO,NO,0.0,False,,,
120,2,RSNA_59717,R-MLO,NO,0.0,False,,,
120,3,RSNA_59724,L-CC,NO,0.0,False,,,
120,3,RSNA_59724,R-CC,NO,0.0,False,,,
120,3,RSNA_59724,L-MLO,NO,0.0,False,,,
120,3,RSNA_59724,R-MLO,NO,0.0,False,,,
120,4,RSNA_59741,L-CC,NO,0.0,False,,,
120,4,RSNA_59741,R-CC,NO,0.0,False,,,
120,4,RSNA_59741,L-MLO,NO,0.0,False,,,
120,4,RSNA_59741,R-MLO,NO,0.0,False,,,
120,5,RSNA_59782,L-CC,NO,0.0,False,,,
120,5,RSNA_59782,R-CC,NO,0.0,False,,,
120,5,RSNA_59782,L-MLO,NO,0.0,False,,,
120,5,RSNA_59782,R-MLO,NO,0.0,False,,,
120,6,RSNA_5983,L-CC,NO,0.0,False,,,
120,6,RSNA_5983,R-CC,NO,0.0,False,,,
120,6,RSNA_5983,L-MLO,NO,0.0,False,,,
120,6,RSNA_5983,R-MLO,NO,0.0,False,,,
120,7,RSNA_59832,L-CC,NO,0.0,False,,,
120,7,RSNA_59832,R-CC,NO,0.0,False,,,
120,7,RSNA_59832,L-MLO,NO,0.0,False,,,
120,7,RSNA_59832,R-MLO,NO,0.0,False,,,
120,8,RSNA_59834,L-CC,NO,0.0,False,,,
120,8,RSNA_59834,R-CC,NO,0.0,False,,,
120,8,RSNA_59834,L-MLO,NO,0.0,False,,,
120,8,RSNA_59834,R-MLO,NO,0.0,False,,,
120,9,RSNA_59839,L-CC,NO,0.0,False,,,
120,9,RSNA_59839,R-CC,NO,0.0,False,,,
120,9,RSNA_59839,L-MLO,NO,0.0,False,,,
120,9,RSNA_59839,R-MLO,NO,0.0,False,,,
120,10,RSNA_59864,L-CC,NO,1240.0,True,YES,0.0,False
120,10,RSNA_59864,R-CC,NO,1282.0,True,YES,0.0,False
120,10,RSNA_59864,L-MLO,NO,1210.0,True,YES,0.0,False
120,10,RSNA_59864,R-MLO,NO,1351.0,True,YES,0.0,False
120,11,RSNA_59865,L-CC,NO,2262.0,True,YES,0.0,False
120,11,RSNA_59865,R-CC,NO,1898.0,True,YES,0.0,False
120,11,RSNA_59865,L-MLO,NO,2097.0,True,YES,0.0,False
120,11,RSNA_59865,R-MLO,NO,1717.0,True,YES,0.0,False
120,12,RSNA_59891,L-CC,NO,0.0,False,,,
120,12,RSNA_59891,R-CC,NO,0.0,False,,,
120,12,RSNA_59891,L-MLO,NO,0.0,False,,,
120,12,RSNA_59891,R-MLO,NO,0.0,False,,,
120,13,RSNA_59944,L-CC,NO,0.0,False,,,
120,13,RSNA_59944,R-CC,NO,0.0,False,,,
120,13,RSNA_59944,L-MLO,NO,0.0,False,,,
120,13,RSNA_59944,R-MLO,NO,0.0,False,,,
120,14,RSNA_5995,L-CC,NO,0.0,False,,,
120,14,RSNA_5995,R-CC,NO,0.0,False,,,
120,14,RSNA_5995,L-MLO,NO,0.0,False,,,
120,14,RSNA_5995,R-MLO,NO,0.0,False,,,
120,15,RSNA_59966,L-CC,NO,0.0,False,,,
120,15,RSNA_59966,R-CC,NO,0.0,False,,,
120,15,RSNA_59966,L-MLO,NO,0.0,False,,,
120,15,RSNA_59966,R-MLO,NO,0.0,False,,,
120,16,RSNA_59969,L-CC,NO,0.0,False,,,
120,16,RSNA_59969,R-CC,NO,0.0,False,,,
120,16,RSNA_59969,L-MLO,NO,0.0,False,,,
120,16,RSNA_59969,R-MLO,NO,0.0,False,,,
120,17,RSNA_59974,L-CC,NO,0.0,False,,,
120,17,RSNA_59974,R-CC,NO,0.0,False,,,
120,17,RSNA_59974,L-MLO,NO,0.0,False,,,
120,17,RSNA_59974,R-MLO,NO,0.0,False,,,
120,18,RSNA_59983,L-CC,NO,0.0,False,,,
120,18,RSNA_59983,R-CC,NO,0.0,False,,,
120,18,RSNA_59983,L-MLO,NO,0.0,False,,,
120,18,RSNA_59983,R-MLO,NO,0.0,False,,,
120,19,RSNA_60001,L-CC,NO,0.0,False,,,
120,19,RSNA_60001,R-CC,NO,0.0,False,,,
120,19,RSNA_60001,L-MLO,NO,0.0,False,,,
120,19,RSNA_60001,R-MLO,NO,0.0,False,,,
120,20,RSNA_60006,L-CC,NO,0.0,False,,,
120,20,RSNA_60006,R-CC,NO,0.0,False,,,
120,20,RSNA_60006,L-MLO,NO,0.0,False,,,
120,20,RSNA_60006,R-MLO,NO,0.0,False,,,
120,21,RSNA_6003,L-CC,NO,0.0,False,,,
120,21,RSNA_6003,R-CC,NO,0.0,False,,,
120,21,RSNA_6003,L-MLO,NO,0.0,False,,,
120,21,RSNA_6003,R-MLO,NO,0.0,False,,,
120,22,RSNA_6004,L-CC,NO,0.0,False,,,
120,22,RSNA_6004,R-CC,NO,0.0,False,,,
120,22,RSNA_6004,L-MLO,NO,0.0,False,,,
120,22,RSNA_6004,R-MLO,NO,0.0,False,,,
120,23,RSNA_60047,L-CC,NO,0.0,False,,,
120,23,RSNA_60047,R-CC,NO,0.0,False,,,
120,23,RSNA_60047,L-MLO,NO,0.0,False,,,
120,23,RSNA_60047,R-MLO,NO,0.0,False,,,
120,24,RSNA_60056,L-CC,NO,0.0,False,,,
120,24,RSNA_60056,R-CC,NO,0.0,False,,,
120,24,RSNA_60056,L-MLO,NO,0.0,False,,,
120,24,RSNA_60056,R-MLO,NO,0.0,False,,,
121,0,RSNA_60062,L-CC,NO,0.0,False,,,
121,0,RSNA_60062,R-CC,NO,0.0,False,,,
121,0,RSNA_60062,L-MLO,NO,0.0,False,,,
121,0,RSNA_60062,R-MLO,NO,0.0,False,,,
121,1,RSNA_6012,L-CC,NO,0.0,False,,,
121,1,RSNA_6012,R-CC,NO,0.0,False,,,
121,1,RSNA_6012,L-MLO,NO,0.0,False,,,
121,1,RSNA_6012,R-MLO,NO,0.0,False,,,
121,2,RSNA_60130,L-CC,NO,0.0,False,,,
121,2,RSNA_60130,R-CC,NO,0.0,False,,,
121,2,RSNA_60130,L-MLO,NO,0.0,False,,,
121,2,RSNA_60130,R-MLO,NO,0.0,False,,,
121,3,RSNA_60162,L-CC,NO,0.0,False,,,
121,3,RSNA_60162,R-CC,NO,0.0,False,,,
121,3,RSNA_60162,L-MLO,NO,0.0,False,,,
121,3,RSNA_60162,R-MLO,NO,0.0,False,,,
121,4,RSNA_60169,L-CC,NO,0.0,False,,,
121,4,RSNA_60169,R-CC,NO,0.0,False,,,
121,4,RSNA_60169,L-MLO,NO,0.0,False,,,
121,4,RSNA_60169,R-MLO,NO,0.0,False,,,
121,5,RSNA_60178,L-CC,NO,0.0,False,,,
121,5,RSNA_60178,R-CC,NO,0.0,False,,,
121,5,RSNA_60178,L-MLO,NO,0.0,False,,,
121,5,RSNA_60178,R-MLO,NO,0.0,False,,,
121,6,RSNA_60183,L-CC,NO,0.0,False,,,
121,6,RSNA_60183,R-CC,NO,0.0,False,,,
121,6,RSNA_60183,L-MLO,NO,0.0,False,,,
121,6,RSNA_60183,R-MLO,NO,0.0,False,,,
121,7,RSNA_60200,L-CC,NO,0.0,False,,,
121,7,RSNA_60200,R-CC,NO,0.0,False,,,
121,7,RSNA_60200,L-MLO,NO,0.0,False,,,
121,7,RSNA_60200,R-MLO,NO,0.0,False,,,
121,8,RSNA_6022,L-CC,NO,1657.0,True,YES,0.0,False
121,8,RSNA_6022,R-CC,NO,1729.0,True,YES,0.0,False
121,8,RSNA_6022,L-MLO,NO,1612.0,True,YES,0.0,False
121,8,RSNA_6022,R-MLO,NO,1671.0,True,YES,0.0,False
121,9,RSNA_6028,L-CC,NO,0.0,False,,,
121,9,RSNA_6028,R-CC,NO,0.0,False,,,
121,9,RSNA_6028,L-MLO,NO,0.0,False,,,
121,9,RSNA_6028,R-MLO,NO,0.0,False,,,
121,10,RSNA_60289,L-CC,NO,131.0,True,,,
121,10,RSNA_60289,R-CC,NO,211.0,True,,,
121,10,RSNA_60289,L-MLO,NO,0.0,False,,,
121,10,RSNA_60289,R-MLO,NO,0.0,False,,,
121,11,RSNA_60299,L-CC,NO,1012.0,True,YES,0.0,False
121,11,RSNA_60299,R-CC,NO,702.0,True,YES,0.0,False
121,11,RSNA_60299,L-MLO,NO,541.0,True,YES,0.0,False
121,11,RSNA_60299,R-MLO,NO,469.0,True,YES,0.0,False
121,12,RSNA_60320,L-CC,NO,0.0,False,,,
121,12,RSNA_60320,R-CC,NO,0.0,False,,,
121,12,RSNA_60320,L-MLO,NO,0.0,False,,,
121,12,RSNA_60320,R-MLO,NO,0.0,False,,,
121,13,RSNA_60349,L-CC,NO,0.0,False,,,
121,13,RSNA_60349,R-CC,NO,0.0,False,,,
121,13,RSNA_60349,L-MLO,NO,0.0,False,,,
121,13,RSNA_60349,R-MLO,NO,0.0,False,,,
121,14,RSNA_60360,L-CC,NO,0.0,False,,,
121,14,RSNA_60360,R-CC,NO,0.0,False,,,
121,14,RSNA_60360,L-MLO,NO,0.0,False,,,
121,14,RSNA_60360,R-MLO,NO,0.0,False,,,
121,15,RSNA_60367,L-CC,NO,0.0,False,,,
121,15,RSNA_60367,R-CC,NO,0.0,False,,,
121,15,RSNA_60367,L-MLO,NO,0.0,False,,,
121,15,RSNA_60367,R-MLO,NO,0.0,False,,,
121,16,RSNA_60392,L-CC,NO,0.0,False,,,
121,16,RSNA_60392,R-CC,NO,0.0,False,,,
121,16,RSNA_60392,L-MLO,NO,0.0,False,,,
121,16,RSNA_60392,R-MLO,NO,0.0,False,,,
121,17,RSNA_604,L-CC,NO,0.0,False,,,
121,17,RSNA_604,R-CC,NO,0.0,False,,,
121,17,RSNA_604,L-MLO,NO,0.0,False,,,
121,17,RSNA_604,R-MLO,NO,0.0,False,,,
121,18,RSNA_60422,L-CC,NO,0.0,False,,,
121,18,RSNA_60422,R-CC,NO,0.0,False,,,
121,18,RSNA_60422,L-MLO,NO,0.0,False,,,
121,18,RSNA_60422,R-MLO,NO,0.0,False,,,
121,19,RSNA_6043,L-CC,NO,0.0,False,,,
121,19,RSNA_6043,R-CC,NO,0.0,False,,,
121,19,RSNA_6043,L-MLO,NO,0.0,False,,,
121,19,RSNA_6043,R-MLO,NO,0.0,False,,,
121,20,RSNA_60436,L-CC,NO,0.0,False,,,
121,20,RSNA_60436,R-CC,NO,0.0,False,,,
121,20,RSNA_60436,L-MLO,NO,0.0,False,,,
121,20,RSNA_60436,R-MLO,NO,0.0,False,,,
121,21,RSNA_60442,L-CC,NO,0.0,False,,,
121,21,RSNA_60442,R-CC,NO,0.0,False,,,
121,21,RSNA_60442,L-MLO,NO,0.0,False,,,
121,21,RSNA_60442,R-MLO,NO,0.0,False,,,
121,22,RSNA_60443,L-CC,NO,0.0,False,,,
121,22,RSNA_60443,R-CC,NO,0.0,False,,,
121,22,RSNA_60443,L-MLO,NO,0.0,False,,,
121,22,RSNA_60443,R-MLO,NO,0.0,False,,,
121,23,RSNA_60450,L-CC,NO,0.0,False,,,
121,23,RSNA_60450,R-CC,NO,95.0,True,,,
121,23,RSNA_60450,L-MLO,NO,0.0,False,,,
121,23,RSNA_60450,R-MLO,NO,41.0,True,,,
121,24,RSNA_60455,L-CC,NO,0.0,False,,,
121,24,RSNA_60455,R-CC,NO,0.0,False,,,
121,24,RSNA_60455,L-MLO,NO,0.0,False,,,
121,24,RSNA_60455,R-MLO,NO,0.0,False,,,
122,0,RSNA_60478,L-CC,NO,1882.0,True,YES,0.0,False
122,0,RSNA_60478,R-CC,NO,1944.0,True,YES,0.0,False
122,0,RSNA_60478,L-MLO,NO,1937.0,True,YES,0.0,False
122,0,RSNA_60478,R-MLO,NO,1823.0,True,YES,0.0,False
122,1,RSNA_60511,L-CC,NO,0.0,False,,,
122,1,RSNA_60511,R-CC,NO,0.0,False,,,
122,1,RSNA_60511,L-MLO,NO,0.0,False,,,
122,1,RSNA_60511,R-MLO,NO,158.0,True,,,
122,2,RSNA_60512,L-CC,NO,0.0,False,,,
122,2,RSNA_60512,R-CC,NO,0.0,False,,,
122,2,RSNA_60512,L-MLO,NO,0.0,False,,,
122,2,RSNA_60512,R-MLO,NO,0.0,False,,,
122,3,RSNA_60521,L-CC,NO,0.0,False,,,
122,3,RSNA_60521,R-CC,NO,0.0,False,,,
122,3,RSNA_60521,L-MLO,NO,0.0,False,,,
122,3,RSNA_60521,R-MLO,NO,0.0,False,,,
122,4,RSNA_60527,L-CC,NO,0.0,False,,,
122,4,RSNA_60527,R-CC,NO,0.0,False,,,
122,4,RSNA_60527,L-MLO,NO,0.0,False,,,
122,4,RSNA_60527,R-MLO,NO,0.0,False,,,
122,5,RSNA_60540,L-CC,NO,0.0,False,,,
122,5,RSNA_60540,R-CC,NO,0.0,False,,,
122,5,RSNA_60540,L-MLO,NO,0.0,False,,,
122,5,RSNA_60540,R-MLO,NO,0.0,False,,,
122,6,RSNA_60552,L-CC,NO,0.0,False,,,
122,6,RSNA_60552,R-CC,NO,0.0,False,,,
122,6,RSNA_60552,L-MLO,NO,0.0,False,,,
122,6,RSNA_60552,R-MLO,NO,0.0,False,,,
122,7,RSNA_6057,L-CC,NO,1618.0,True,YES,0.0,False
122,7,RSNA_6057,R-CC,NO,1650.0,True,YES,0.0,False
122,7,RSNA_6057,L-MLO,NO,1538.0,True,YES,0.0,False
122,7,RSNA_6057,R-MLO,NO,1561.0,True,YES,0.0,False
122,8,RSNA_60575,L-CC,NO,0.0,False,,,
122,8,RSNA_60575,R-CC,NO,0.0,False,,,
122,8,RSNA_60575,L-MLO,NO,0.0,False,,,
122,8,RSNA_60575,R-MLO,NO,0.0,False,,,
122,9,RSNA_60585,L-CC,NO,0.0,False,,,
122,9,RSNA_60585,R-CC,NO,0.0,False,,,
122,9,RSNA_60585,L-MLO,NO,0.0,False,,,
122,9,RSNA_60585,R-MLO,NO,0.0,False,,,
122,10,RSNA_60593,L-CC,NO,0.0,False,,,
122,10,RSNA_60593,R-CC,NO,0.0,False,,,
122,10,RSNA_60593,L-MLO,NO,0.0,False,,,
122,10,RSNA_60593,R-MLO,NO,0.0,False,,,
122,11,RSNA_60679,L-CC,NO,0.0,False,,,
122,11,RSNA_60679,R-CC,NO,0.0,False,,,
122,11,RSNA_60679,L-MLO,NO,0.0,False,,,
122,11,RSNA_60679,R-MLO,NO,0.0,False,,,
122,12,RSNA_60703,L-CC,NO,1621.0,True,YES,0.0,False
122,12,RSNA_60703,R-CC,NO,1780.0,True,YES,0.0,False
122,12,RSNA_60703,L-MLO,NO,1626.0,True,YES,0.0,False
122,12,RSNA_60703,R-MLO,NO,1728.0,True,YES,0.0,False
122,13,RSNA_60724,L-CC,NO,0.0,False,,,
122,13,RSNA_60724,R-CC,NO,0.0,False,,,
122,13,RSNA_60724,L-MLO,NO,0.0,False,,,
122,13,RSNA_60724,R-MLO,NO,0.0,False,,,
122,14,RSNA_60728,L-CC,NO,0.0,False,,,
122,14,RSNA_60728,R-CC,NO,0.0,False,,,
122,14,RSNA_60728,L-MLO,NO,0.0,False,,,
122,14,RSNA_60728,R-MLO,NO,0.0,False,,,
122,15,RSNA_60744,L-CC,NO,0.0,False,,,
122,15,RSNA_60744,R-CC,NO,0.0,False,,,
122,15,RSNA_60744,L-MLO,NO,0.0,False,,,
122,15,RSNA_60744,R-MLO,NO,0.0,False,,,
122,16,RSNA_60750,L-CC,NO,0.0,False,,,
122,16,RSNA_60750,R-CC,NO,0.0,False,,,
122,16,RSNA_60750,L-MLO,NO,0.0,False,,,
122,16,RSNA_60750,R-MLO,NO,0.0,False,,,
122,17,RSNA_60787,L-CC,NO,0.0,False,,,
122,17,RSNA_60787,R-CC,NO,0.0,False,,,
122,17,RSNA_60787,L-MLO,NO,0.0,False,,,
122,17,RSNA_60787,R-MLO,NO,0.0,False,,,
122,18,RSNA_60795,L-CC,NO,0.0,False,,,
122,18,RSNA_60795,R-CC,NO,0.0,False,,,
122,18,RSNA_60795,L-MLO,NO,0.0,False,,,
122,18,RSNA_60795,R-MLO,NO,0.0,False,,,
122,19,RSNA_608,L-CC,NO,1750.0,True,YES,0.0,False
122,19,RSNA_608,R-CC,NO,1737.0,True,YES,0.0,False
122,19,RSNA_608,L-MLO,NO,1626.0,True,YES,0.0,False
122,19,RSNA_608,R-MLO,NO,1680.0,True,YES,0.0,False
122,20,RSNA_60823,L-CC,NO,0.0,False,,,
122,20,RSNA_60823,R-CC,NO,0.0,False,,,
122,20,RSNA_60823,L-MLO,NO,0.0,False,,,
122,20,RSNA_60823,R-MLO,NO,0.0,False,,,
122,21,RSNA_60828,L-CC,NO,1365.0,True,YES,0.0,False
122,21,RSNA_60828,R-CC,NO,1317.0,True,YES,0.0,False
122,21,RSNA_60828,L-MLO,NO,1249.0,True,YES,0.0,False
122,21,RSNA_60828,R-MLO,NO,1241.0,True,YES,0.0,False
122,22,RSNA_60880,L-CC,NO,0.0,False,,,
122,22,RSNA_60880,R-CC,NO,0.0,False,,,
122,22,RSNA_60880,L-MLO,NO,0.0,False,,,
122,22,RSNA_60880,R-MLO,NO,0.0,False,,,
122,23,RSNA_6090,L-CC,NO,1290.0,True,YES,0.0,False
122,23,RSNA_6090,R-CC,NO,1299.0,True,YES,0.0,False
122,23,RSNA_6090,L-MLO,NO,1172.0,True,YES,0.0,False
122,23,RSNA_6090,R-MLO,NO,1118.0,True,YES,0.0,False
122,24,RSNA_60902,L-CC,NO,0.0,False,,,
122,24,RSNA_60902,R-CC,NO,0.0,False,,,
122,24,RSNA_60902,L-MLO,NO,0.0,False,,,
122,24,RSNA_60902,R-MLO,NO,0.0,False,,,
123,0,RSNA_60985,L-CC,NO,0.0,False,,,
123,0,RSNA_60985,R-CC,NO,0.0,False,,,
123,0,RSNA_60985,L-MLO,NO,0.0,False,,,
123,0,RSNA_60985,R-MLO,NO,0.0,False,,,
123,1,RSNA_6099,L-CC,NO,0.0,False,,,
123,1,RSNA_6099,R-CC,NO,0.0,False,,,
123,1,RSNA_6099,L-MLO,NO,0.0,False,,,
123,1,RSNA_6099,R-MLO,NO,0.0,False,,,
123,2,RSNA_60996,L-CC,NO,0.0,False,,,
123,2,RSNA_60996,R-CC,NO,0.0,False,,,
123,2,RSNA_60996,L-MLO,NO,0.0,False,,,
123,2,RSNA_60996,R-MLO,NO,0.0,False,,,
123,3,RSNA_6101,L-CC,NO,0.0,False,,,
123,3,RSNA_6101,R-CC,NO,0.0,False,,,
123,3,RSNA_6101,L-MLO,NO,0.0,False,,,
123,3,RSNA_6101,R-MLO,NO,0.0,False,,,
123,4,RSNA_61011,L-CC,NO,0.0,False,,,
123,4,RSNA_61011,R-CC,NO,0.0,False,,,
123,4,RSNA_61011,L-MLO,NO,0.0,False,,,
123,4,RSNA_61011,R-MLO,NO,0.0,False,,,
123,5,RSNA_61024,L-CC,NO,0.0,False,,,
123,5,RSNA_61024,R-CC,NO,0.0,False,,,
123,5,RSNA_61024,L-MLO,NO,0.0,False,,,
123,5,RSNA_61024,R-MLO,NO,0.0,False,,,
123,6,RSNA_61054,L-CC,NO,0.0,False,,,
123,6,RSNA_61054,R-CC,NO,0.0,False,,,
123,6,RSNA_61054,L-MLO,NO,0.0,False,,,
123,6,RSNA_61054,R-MLO,NO,0.0,False,,,
123,7,RSNA_6107,L-CC,NO,1501.0,True,YES,0.0,False
123,7,RSNA_6107,R-CC,NO,1652.0,True,YES,0.0,False
123,7,RSNA_6107,L-MLO,NO,1274.0,True,YES,0.0,False
123,7,RSNA_6107,R-MLO,NO,1414.0,True,YES,0.0,False
123,8,RSNA_61125,L-CC,NO,0.0,False,,,
123,8,RSNA_61125,R-CC,NO,0.0,False,,,
123,8,RSNA_61125,L-MLO,NO,0.0,False,,,
123,8,RSNA_61125,R-MLO,NO,0.0,False,,,
123,9,RSNA_61139,L-CC,NO,0.0,False,,,
123,9,RSNA_61139,R-CC,NO,0.0,False,,,
123,9,RSNA_61139,L-MLO,NO,0.0,False,,,
123,9,RSNA_61139,R-MLO,NO,0.0,False,,,
123,10,RSNA_61149,L-CC,NO,0.0,False,,,
123,10,RSNA_61149,R-CC,NO,0.0,False,,,
123,10,RSNA_61149,L-MLO,NO,0.0,False,,,
123,10,RSNA_61149,R-MLO,NO,0.0,False,,,
123,11,RSNA_61156,L-CC,NO,0.0,False,,,
123,11,RSNA_61156,R-CC,NO,0.0,False,,,
123,11,RSNA_61156,L-MLO,NO,0.0,False,,,
123,11,RSNA_61156,R-MLO,NO,0.0,False,,,
123,12,RSNA_61215,L-CC,NO,0.0,False,,,
123,12,RSNA_61215,R-CC,NO,0.0,False,,,
123,12,RSNA_61215,L-MLO,NO,0.0,False,,,
123,12,RSNA_61215,R-MLO,NO,0.0,False,,,
123,13,RSNA_61227,L-CC,NO,0.0,False,,,
123,13,RSNA_61227,R-CC,NO,0.0,False,,,
123,13,RSNA_61227,L-MLO,NO,0.0,False,,,
123,13,RSNA_61227,R-MLO,NO,0.0,False,,,
123,14,RSNA_61238,L-CC,NO,0.0,False,,,
123,14,RSNA_61238,R-CC,NO,0.0,False,,,
123,14,RSNA_61238,L-MLO,NO,0.0,False,,,
123,14,RSNA_61238,R-MLO,NO,0.0,False,,,
123,15,RSNA_61245,L-CC,NO,793.0,True,YES,0.0,False
123,15,RSNA_61245,R-CC,NO,745.0,True,YES,0.0,False
123,15,RSNA_61245,L-MLO,NO,742.0,True,YES,0.0,False
123,15,RSNA_61245,R-MLO,NO,503.0,True,YES,0.0,False
123,16,RSNA_61259,L-CC,NO,0.0,False,,,
123,16,RSNA_61259,R-CC,NO,0.0,False,,,
123,16,RSNA_61259,L-MLO,NO,0.0,False,,,
123,16,RSNA_61259,R-MLO,NO,0.0,False,,,
123,17,RSNA_61261,L-CC,NO,0.0,False,,,
123,17,RSNA_61261,R-CC,NO,0.0,False,,,
123,17,RSNA_61261,L-MLO,NO,0.0,False,,,
123,17,RSNA_61261,R-MLO,NO,0.0,False,,,
123,18,RSNA_6127,L-CC,NO,0.0,False,,,
123,18,RSNA_6127,R-CC,NO,0.0,False,,,
123,18,RSNA_6127,L-MLO,NO,0.0,False,,,
123,18,RSNA_6127,R-MLO,NO,0.0,False,,,
123,19,RSNA_61283,L-CC,NO,1401.0,True,YES,0.0,False
123,19,RSNA_61283,R-CC,NO,1322.0,True,YES,0.0,False
123,19,RSNA_61283,L-MLO,NO,1373.0,True,YES,0.0,False
123,19,RSNA_61283,R-MLO,NO,1194.0,True,YES,0.0,False
123,20,RSNA_61294,L-CC,NO,1391.0,True,YES,0.0,False
123,20,RSNA_61294,R-CC,NO,1451.0,True,YES,0.0,False
123,20,RSNA_61294,L-MLO,NO,1510.0,True,YES,0.0,False
123,20,RSNA_61294,R-MLO,NO,1428.0,True,YES,0.0,False
123,21,RSNA_613,L-CC,NO,0.0,False,,,
123,21,RSNA_613,R-CC,NO,0.0,False,,,
123,21,RSNA_613,L-MLO,NO,0.0,False,,,
123,21,RSNA_613,R-MLO,NO,0.0,False,,,
123,22,RSNA_61399,L-CC,NO,0.0,False,,,
123,22,RSNA_61399,R-CC,NO,0.0,False,,,
123,22,RSNA_61399,L-MLO,NO,0.0,False,,,
123,22,RSNA_61399,R-MLO,NO,0.0,False,,,
123,23,RSNA_61417,L-CC,NO,0.0,False,,,
123,23,RSNA_61417,R-CC,NO,0.0,False,,,
123,23,RSNA_61417,L-MLO,NO,0.0,False,,,
123,23,RSNA_61417,R-MLO,NO,0.0,False,,,
123,24,RSNA_61453,L-CC,NO,0.0,False,,,
123,24,RSNA_61453,R-CC,NO,0.0,False,,,
123,24,RSNA_61453,L-MLO,NO,0.0,False,,,
123,24,RSNA_61453,R-MLO,NO,0.0,False,,,
124,0,RSNA_61480,L-CC,NO,0.0,False,,,
124,0,RSNA_61480,R-CC,NO,0.0,False,,,
124,0,RSNA_61480,L-MLO,NO,0.0,False,,,
124,0,RSNA_61480,R-MLO,NO,0.0,False,,,
124,1,RSNA_61486,L-CC,NO,0.0,False,,,
124,1,RSNA_61486,R-CC,NO,0.0,False,,,
124,1,RSNA_61486,L-MLO,NO,0.0,False,,,
124,1,RSNA_61486,R-MLO,NO,0.0,False,,,
124,2,RSNA_61527,L-CC,NO,0.0,False,,,
124,2,RSNA_61527,R-CC,NO,0.0,False,,,
124,2,RSNA_61527,L-MLO,NO,0.0,False,,,
124,2,RSNA_61527,R-MLO,NO,0.0,False,,,
124,3,RSNA_61533,L-CC,NO,0.0,False,,,
124,3,RSNA_61533,R-CC,NO,0.0,False,,,
124,3,RSNA_61533,L-MLO,NO,0.0,False,,,
124,3,RSNA_61533,R-MLO,NO,0.0,False,,,
124,4,RSNA_61560,L-CC,NO,1801.0,True,YES,0.0,False
124,4,RSNA_61560,R-CC,NO,1509.0,True,YES,0.0,False
124,4,RSNA_61560,L-MLO,NO,1603.0,True,YES,0.0,False
124,4,RSNA_61560,R-MLO,NO,1429.0,True,YES,0.0,False
124,5,RSNA_61576,L-CC,NO,0.0,False,,,
124,5,RSNA_61576,R-CC,NO,0.0,False,,,
124,5,RSNA_61576,L-MLO,NO,0.0,False,,,
124,5,RSNA_61576,R-MLO,NO,0.0,False,,,
124,6,RSNA_61580,L-CC,NO,1029.0,True,YES,0.0,False
124,6,RSNA_61580,R-CC,NO,851.0,True,YES,0.0,False
124,6,RSNA_61580,L-MLO,NO,1215.0,True,YES,0.0,False
124,6,RSNA_61580,R-MLO,NO,1082.0,True,YES,0.0,False
124,7,RSNA_61588,L-CC,NO,0.0,False,,,
124,7,RSNA_61588,R-CC,NO,0.0,False,,,
124,7,RSNA_61588,L-MLO,NO,0.0,False,,,
124,7,RSNA_61588,R-MLO,NO,0.0,False,,,
124,8,RSNA_61600,L-CC,NO,0.0,False,,,
124,8,RSNA_61600,R-CC,NO,0.0,False,,,
124,8,RSNA_61600,L-MLO,NO,0.0,False,,,
124,8,RSNA_61600,R-MLO,NO,0.0,False,,,
124,9,RSNA_61625,L-CC,NO,0.0,False,,,
124,9,RSNA_61625,R-CC,NO,0.0,False,,,
124,9,RSNA_61625,L-MLO,NO,0.0,False,,,
124,9,RSNA_61625,R-MLO,NO,0.0,False,,,
124,10,RSNA_61662,L-CC,NO,981.0,True,YES,0.0,False
124,10,RSNA_61662,R-CC,NO,879.0,True,YES,0.0,False
124,10,RSNA_61662,L-MLO,NO,757.0,True,YES,0.0,False
124,10,RSNA_61662,R-MLO,NO,697.0,True,YES,0.0,False
124,11,RSNA_61675,L-CC,NO,0.0,False,,,
124,11,RSNA_61675,R-CC,NO,0.0,False,,,
124,11,RSNA_61675,L-MLO,NO,0.0,False,,,
124,11,RSNA_61675,R-MLO,NO,0.0,False,,,
124,12,RSNA_61702,L-CC,NO,0.0,False,,,
124,12,RSNA_61702,R-CC,NO,0.0,False,,,
124,12,RSNA_61702,L-MLO,NO,0.0,False,,,
124,12,RSNA_61702,R-MLO,NO,0.0,False,,,
124,13,RSNA_61707,L-CC,NO,335.0,True,YES,0.0,False
124,13,RSNA_61707,R-CC,NO,219.0,True,YES,0.0,False
124,13,RSNA_61707,L-MLO,NO,211.0,True,YES,0.0,False
124,13,RSNA_61707,R-MLO,NO,206.0,True,YES,0.0,False
124,14,RSNA_61720,L-CC,NO,0.0,False,,,
124,14,RSNA_61720,R-CC,NO,0.0,False,,,
124,14,RSNA_61720,L-MLO,NO,0.0,False,,,
124,14,RSNA_61720,R-MLO,NO,0.0,False,,,
124,15,RSNA_61724,L-CC,NO,0.0,False,,,
124,15,RSNA_61724,R-CC,NO,0.0,False,,,
124,15,RSNA_61724,L-MLO,NO,0.0,False,,,
124,15,RSNA_61724,R-MLO,NO,0.0,False,,,
124,16,RSNA_61744,L-CC,NO,1556.0,True,YES,0.0,False
124,16,RSNA_61744,R-CC,NO,1704.0,True,YES,0.0,False
124,16,RSNA_61744,L-MLO,NO,1457.0,True,YES,0.0,False
124,16,RSNA_61744,R-MLO,NO,1650.0,True,YES,0.0,False
124,17,RSNA_6178,L-CC,NO,0.0,False,,,
124,17,RSNA_6178,R-CC,NO,0.0,False,,,
124,17,RSNA_6178,L-MLO,NO,0.0,False,,,
124,17,RSNA_6178,R-MLO,NO,0.0,False,,,
124,18,RSNA_61791,L-CC,NO,0.0,False,,,
124,18,RSNA_61791,R-CC,NO,0.0,False,,,
124,18,RSNA_61791,L-MLO,NO,0.0,False,,,
124,18,RSNA_61791,R-MLO,NO,0.0,False,,,
124,19,RSNA_61794,L-CC,NO,0.0,False,,,
124,19,RSNA_61794,R-CC,NO,0.0,False,,,
124,19,RSNA_61794,L-MLO,NO,0.0,False,,,
124,19,RSNA_61794,R-MLO,NO,0.0,False,,,
124,20,RSNA_61795,L-CC,NO,0.0,False,,,
124,20,RSNA_61795,R-CC,NO,0.0,False,,,
124,20,RSNA_61795,L-MLO,NO,0.0,False,,,
124,20,RSNA_61795,R-MLO,NO,0.0,False,,,
124,21,RSNA_61808,L-CC,NO,0.0,False,,,
124,21,RSNA_61808,R-CC,NO,0.0,False,,,
124,21,RSNA_61808,L-MLO,NO,0.0,False,,,
124,21,RSNA_61808,R-MLO,NO,0.0,False,,,
124,22,RSNA_61829,L-CC,NO,0.0,False,,,
124,22,RSNA_61829,R-CC,NO,0.0,False,,,
124,22,RSNA_61829,L-MLO,NO,0.0,False,,,
124,22,RSNA_61829,R-MLO,NO,0.0,False,,,
124,23,RSNA_61874,L-CC,NO,0.0,False,,,
124,23,RSNA_61874,R-CC,NO,0.0,False,,,
124,23,RSNA_61874,L-MLO,NO,0.0,False,,,
124,23,RSNA_61874,R-MLO,NO,0.0,False,,,
124,24,RSNA_61877,L-CC,NO,0.0,False,,,
124,24,RSNA_61877,R-CC,NO,0.0,False,,,
124,24,RSNA_61877,L-MLO,NO,0.0,False,,,
124,24,RSNA_61877,R-MLO,NO,0.0,False,,,
125,0,RSNA_61898,L-CC,NO,0.0,False,,,
125,0,RSNA_61898,R-CC,NO,0.0,False,,,
125,0,RSNA_61898,L-MLO,NO,0.0,False,,,
125,0,RSNA_61898,R-MLO,NO,0.0,False,,,
125,1,RSNA_6191,L-CC,NO,0.0,False,,,
125,1,RSNA_6191,R-CC,NO,0.0,False,,,
125,1,RSNA_6191,L-MLO,NO,0.0,False,,,
125,1,RSNA_6191,R-MLO,NO,0.0,False,,,
125,2,RSNA_61915,L-CC,NO,0.0,False,,,
125,2,RSNA_61915,R-CC,NO,0.0,False,,,
125,2,RSNA_61915,L-MLO,NO,0.0,False,,,
125,2,RSNA_61915,R-MLO,NO,0.0,False,,,
125,3,RSNA_61934,L-CC,NO,0.0,False,,,
125,3,RSNA_61934,R-CC,NO,0.0,False,,,
125,3,RSNA_61934,L-MLO,NO,0.0,False,,,
125,3,RSNA_61934,R-MLO,NO,0.0,False,,,
125,4,RSNA_61942,L-CC,NO,1463.0,True,YES,0.0,False
125,4,RSNA_61942,R-CC,NO,1462.0,True,YES,0.0,False
125,4,RSNA_61942,L-MLO,NO,1418.0,True,YES,0.0,False
125,4,RSNA_61942,R-MLO,NO,1444.0,True,YES,0.0,False
125,5,RSNA_61947,L-CC,NO,0.0,False,,,
125,5,RSNA_61947,R-CC,NO,0.0,False,,,
125,5,RSNA_61947,L-MLO,NO,0.0,False,,,
125,5,RSNA_61947,R-MLO,NO,0.0,False,,,
125,6,RSNA_61959,L-CC,NO,866.0,True,YES,0.0,False
125,6,RSNA_61959,R-CC,NO,411.0,True,YES,0.0,False
125,6,RSNA_61959,L-MLO,NO,438.0,True,YES,0.0,False
125,6,RSNA_61959,R-MLO,NO,197.0,True,YES,0.0,False
125,7,RSNA_61976,L-CC,NO,1526.0,True,YES,0.0,False
125,7,RSNA_61976,R-CC,NO,1467.0,True,YES,0.0,False
125,7,RSNA_61976,L-MLO,NO,1578.0,True,YES,0.0,False
125,7,RSNA_61976,R-MLO,NO,1565.0,True,YES,0.0,False
125,8,RSNA_62100,L-CC,NO,1442.0,True,YES,0.0,False
125,8,RSNA_62100,R-CC,NO,1595.0,True,YES,0.0,False
125,8,RSNA_62100,L-MLO,NO,1355.0,True,YES,0.0,False
125,8,RSNA_62100,R-MLO,NO,1910.0,True,YES,0.0,False
125,9,RSNA_62105,L-CC,NO,0.0,False,,,
125,9,RSNA_62105,R-CC,NO,0.0,False,,,
125,9,RSNA_62105,L-MLO,NO,0.0,False,,,
125,9,RSNA_62105,R-MLO,NO,0.0,False,,,
125,10,RSNA_62210,L-CC,NO,0.0,False,,,
125,10,RSNA_62210,R-CC,NO,0.0,False,,,
125,10,RSNA_62210,L-MLO,NO,0.0,False,,,
125,10,RSNA_62210,R-MLO,NO,0.0,False,,,
125,11,RSNA_62242,L-CC,NO,0.0,False,,,
125,11,RSNA_62242,R-CC,NO,0.0,False,,,
125,11,RSNA_62242,L-MLO,NO,0.0,False,,,
125,11,RSNA_62242,R-MLO,NO,0.0,False,,,
125,12,RSNA_6226,L-CC,NO,0.0,False,,,
125,12,RSNA_6226,R-CC,NO,0.0,False,,,
125,12,RSNA_6226,L-MLO,NO,0.0,False,,,
125,12,RSNA_6226,R-MLO,NO,0.0,False,,,
125,13,RSNA_62262,L-CC,NO,0.0,False,,,
125,13,RSNA_62262,R-CC,NO,0.0,False,,,
125,13,RSNA_62262,L-MLO,NO,0.0,False,,,
125,13,RSNA_62262,R-MLO,NO,0.0,False,,,
125,14,RSNA_62269,L-CC,NO,0.0,False,,,
125,14,RSNA_62269,R-CC,NO,0.0,False,,,
125,14,RSNA_62269,L-MLO,NO,0.0,False,,,
125,14,RSNA_62269,R-MLO,NO,0.0,False,,,
125,15,RSNA_62316,L-CC,NO,0.0,False,,,
125,15,RSNA_62316,R-CC,NO,0.0,False,,,
125,15,RSNA_62316,L-MLO,NO,0.0,False,,,
125,15,RSNA_62316,R-MLO,NO,0.0,False,,,
125,16,RSNA_62322,L-CC,NO,1258.0,True,YES,0.0,False
125,16,RSNA_62322,R-CC,NO,1339.0,True,YES,0.0,False
125,16,RSNA_62322,L-MLO,NO,957.0,True,YES,0.0,False
125,16,RSNA_62322,R-MLO,NO,1121.0,True,YES,0.0,False
125,17,RSNA_62346,L-CC,NO,0.0,False,,,
125,17,RSNA_62346,R-CC,NO,0.0,False,,,
125,17,RSNA_62346,L-MLO,NO,0.0,False,,,
125,17,RSNA_62346,R-MLO,NO,0.0,False,,,
125,18,RSNA_62351,L-CC,NO,0.0,False,,,
125,18,RSNA_62351,R-CC,NO,0.0,False,,,
125,18,RSNA_62351,L-MLO,NO,0.0,False,,,
125,18,RSNA_62351,R-MLO,NO,0.0,False,,,
125,19,RSNA_6237,L-CC,NO,0.0,False,,,
125,19,RSNA_6237,R-CC,NO,0.0,False,,,
125,19,RSNA_6237,L-MLO,NO,0.0,False,,,
125,19,RSNA_6237,R-MLO,NO,0.0,False,,,
125,20,RSNA_62387,L-CC,NO,0.0,False,,,
125,20,RSNA_62387,R-CC,NO,0.0,False,,,
125,20,RSNA_62387,L-MLO,NO,0.0,False,,,
125,20,RSNA_62387,R-MLO,NO,0.0,False,,,
125,21,RSNA_62399,L-CC,NO,0.0,False,,,
125,21,RSNA_62399,R-CC,NO,0.0,False,,,
125,21,RSNA_62399,L-MLO,NO,0.0,False,,,
125,21,RSNA_62399,R-MLO,NO,0.0,False,,,
125,22,RSNA_62409,L-CC,NO,0.0,False,,,
125,22,RSNA_62409,R-CC,NO,0.0,False,,,
125,22,RSNA_62409,L-MLO,NO,0.0,False,,,
125,22,RSNA_62409,R-MLO,NO,0.0,False,,,
125,23,RSNA_62436,L-CC,NO,0.0,False,,,
125,23,RSNA_62436,R-CC,NO,0.0,False,,,
125,23,RSNA_62436,L-MLO,NO,0.0,False,,,
125,23,RSNA_62436,R-MLO,NO,0.0,False,,,
125,24,RSNA_62443,L-CC,NO,0.0,False,,,
125,24,RSNA_62443,R-CC,NO,0.0,False,,,
125,24,RSNA_62443,L-MLO,NO,0.0,False,,,
125,24,RSNA_62443,R-MLO,NO,0.0,False,,,
126,0,RSNA_62500,L-CC,NO,0.0,False,,,
126,0,RSNA_62500,R-CC,NO,0.0,False,,,
126,0,RSNA_62500,L-MLO,NO,0.0,False,,,
126,0,RSNA_62500,R-MLO,NO,0.0,False,,,
126,1,RSNA_62514,L-CC,NO,0.0,False,,,
126,1,RSNA_62514,R-CC,NO,0.0,False,,,
126,1,RSNA_62514,L-MLO,NO,0.0,False,,,
126,1,RSNA_62514,R-MLO,NO,0.0,False,,,
126,2,RSNA_62517,L-CC,NO,1334.0,True,YES,0.0,False
126,2,RSNA_62517,R-CC,NO,1229.0,True,YES,0.0,False
126,2,RSNA_62517,L-MLO,NO,1103.0,True,YES,0.0,False
126,2,RSNA_62517,R-MLO,NO,1218.0,True,YES,0.0,False
126,3,RSNA_62520,L-CC,NO,0.0,False,,,
126,3,RSNA_62520,R-CC,NO,0.0,False,,,
126,3,RSNA_62520,L-MLO,NO,0.0,False,,,
126,3,RSNA_62520,R-MLO,NO,0.0,False,,,
126,4,RSNA_62532,L-CC,NO,0.0,False,,,
126,4,RSNA_62532,R-CC,NO,0.0,False,,,
126,4,RSNA_62532,L-MLO,NO,0.0,False,,,
126,4,RSNA_62532,R-MLO,NO,0.0,False,,,
126,5,RSNA_62537,L-CC,NO,0.0,False,,,
126,5,RSNA_62537,R-CC,NO,0.0,False,,,
126,5,RSNA_62537,L-MLO,NO,0.0,False,,,
126,5,RSNA_62537,R-MLO,NO,0.0,False,,,
126,6,RSNA_62544,L-CC,NO,0.0,False,,,
126,6,RSNA_62544,R-CC,NO,0.0,False,,,
126,6,RSNA_62544,L-MLO,NO,0.0,False,,,
126,6,RSNA_62544,R-MLO,NO,0.0,False,,,
126,7,RSNA_62550,L-CC,NO,983.0,True,YES,0.0,False
126,7,RSNA_62550,R-CC,NO,1011.0,True,YES,0.0,False
126,7,RSNA_62550,L-MLO,NO,790.0,True,YES,0.0,False
126,7,RSNA_62550,R-MLO,NO,913.0,True,YES,0.0,False
126,8,RSNA_62552,L-CC,NO,0.0,False,,,
126,8,RSNA_62552,R-CC,NO,0.0,False,,,
126,8,RSNA_62552,L-MLO,NO,0.0,False,,,
126,8,RSNA_62552,R-MLO,NO,0.0,False,,,
126,9,RSNA_62583,L-CC,NO,1414.0,True,YES,0.0,False
126,9,RSNA_62583,R-CC,NO,1419.0,True,YES,0.0,False
126,9,RSNA_62583,L-MLO,NO,1256.0,True,YES,0.0,False
126,9,RSNA_62583,R-MLO,NO,1299.0,True,YES,0.0,False
126,10,RSNA_62599,L-CC,NO,0.0,False,,,
126,10,RSNA_62599,R-CC,NO,0.0,False,,,
126,10,RSNA_62599,L-MLO,NO,0.0,False,,,
126,10,RSNA_62599,R-MLO,NO,0.0,False,,,
126,11,RSNA_62611,L-CC,NO,0.0,False,,,
126,11,RSNA_62611,R-CC,NO,0.0,False,,,
126,11,RSNA_62611,L-MLO,NO,0.0,False,,,
126,11,RSNA_62611,R-MLO,NO,0.0,False,,,
126,12,RSNA_62627,L-CC,NO,1349.0,True,YES,0.0,False
126,12,RSNA_62627,R-CC,NO,1388.0,True,YES,0.0,False
126,12,RSNA_62627,L-MLO,NO,1358.0,True,YES,0.0,False
126,12,RSNA_62627,R-MLO,NO,1386.0,True,YES,0.0,False
126,13,RSNA_62636,L-CC,NO,0.0,False,,,
126,13,RSNA_62636,R-CC,NO,0.0,False,,,
126,13,RSNA_62636,L-MLO,NO,0.0,False,,,
126,13,RSNA_62636,R-MLO,NO,0.0,False,,,
126,14,RSNA_62650,L-CC,NO,0.0,False,,,
126,14,RSNA_62650,R-CC,NO,0.0,False,,,
126,14,RSNA_62650,L-MLO,NO,0.0,False,,,
126,14,RSNA_62650,R-MLO,NO,0.0,False,,,
126,15,RSNA_62707,L-CC,NO,1114.0,True,YES,0.0,False
126,15,RSNA_62707,R-CC,NO,1268.0,True,YES,0.0,False
126,15,RSNA_62707,L-MLO,NO,1153.0,True,YES,0.0,False
126,15,RSNA_62707,R-MLO,NO,1268.0,True,YES,0.0,False
126,16,RSNA_62727,L-CC,NO,0.0,False,,,
126,16,RSNA_62727,R-CC,NO,0.0,False,,,
126,16,RSNA_62727,L-MLO,NO,0.0,False,,,
126,16,RSNA_62727,R-MLO,NO,0.0,False,,,
126,17,RSNA_62730,L-CC,NO,0.0,False,,,
126,17,RSNA_62730,R-CC,NO,0.0,False,,,
126,17,RSNA_62730,L-MLO,NO,0.0,False,,,
126,17,RSNA_62730,R-MLO,NO,0.0,False,,,
126,18,RSNA_62746,L-CC,NO,0.0,False,,,
126,18,RSNA_62746,R-CC,NO,0.0,False,,,
126,18,RSNA_62746,L-MLO,NO,0.0,False,,,
126,18,RSNA_62746,R-MLO,NO,0.0,False,,,
126,19,RSNA_62783,L-CC,NO,0.0,False,,,
126,19,RSNA_62783,R-CC,NO,0.0,False,,,
126,19,RSNA_62783,L-MLO,NO,0.0,False,,,
126,19,RSNA_62783,R-MLO,NO,0.0,False,,,
126,20,RSNA_62807,L-CC,NO,0.0,False,,,
126,20,RSNA_62807,R-CC,NO,0.0,False,,,
126,20,RSNA_62807,L-MLO,NO,0.0,False,,,
126,20,RSNA_62807,R-MLO,NO,0.0,False,,,
126,21,RSNA_6283,L-CC,NO,0.0,False,,,
126,21,RSNA_6283,R-CC,NO,0.0,False,,,
126,21,RSNA_6283,L-MLO,NO,0.0,False,,,
126,21,RSNA_6283,R-MLO,NO,78.0,True,,,
126,22,RSNA_62851,L-CC,NO,0.0,False,,,
126,22,RSNA_62851,R-CC,NO,0.0,False,,,
126,22,RSNA_62851,L-MLO,NO,0.0,False,,,
126,22,RSNA_62851,R-MLO,NO,0.0,False,,,
126,23,RSNA_62865,L-CC,NO,0.0,False,,,
126,23,RSNA_62865,R-CC,NO,0.0,False,,,
126,23,RSNA_62865,L-MLO,NO,0.0,False,,,
126,23,RSNA_62865,R-MLO,NO,0.0,False,,,
126,24,RSNA_62875,L-CC,NO,0.0,False,,,
126,24,RSNA_62875,R-CC,NO,0.0,False,,,
126,24,RSNA_62875,L-MLO,NO,0.0,False,,,
126,24,RSNA_62875,R-MLO,NO,0.0,False,,,
127,0,RSNA_629,L-CC,NO,0.0,False,,,
127,0,RSNA_629,R-CC,NO,0.0,False,,,
127,0,RSNA_629,L-MLO,NO,0.0,False,,,
127,0,RSNA_629,R-MLO,NO,0.0,False,,,
127,1,RSNA_62926,L-CC,NO,0.0,False,,,
127,1,RSNA_62926,R-CC,NO,0.0,False,,,
127,1,RSNA_62926,L-MLO,NO,0.0,False,,,
127,1,RSNA_62926,R-MLO,NO,0.0,False,,,
127,2,RSNA_62945,L-CC,NO,0.0,False,,,
127,2,RSNA_62945,R-CC,NO,0.0,False,,,
127,2,RSNA_62945,L-MLO,NO,0.0,False,,,
127,2,RSNA_62945,R-MLO,NO,0.0,False,,,
127,3,RSNA_62950,L-CC,NO,0.0,False,,,
127,3,RSNA_62950,R-CC,NO,0.0,False,,,
127,3,RSNA_62950,L-MLO,NO,0.0,False,,,
127,3,RSNA_62950,R-MLO,NO,0.0,False,,,
127,4,RSNA_63022,L-CC,NO,0.0,False,,,
127,4,RSNA_63022,R-CC,NO,0.0,False,,,
127,4,RSNA_63022,L-MLO,NO,0.0,False,,,
127,4,RSNA_63022,R-MLO,NO,0.0,False,,,
127,5,RSNA_63027,L-CC,NO,493.0,True,YES,0.0,False
127,5,RSNA_63027,R-CC,NO,532.0,True,YES,0.0,False
127,5,RSNA_63027,L-MLO,NO,372.0,True,YES,0.0,False
127,5,RSNA_63027,R-MLO,NO,501.0,True,YES,0.0,False
127,6,RSNA_63031,L-CC,NO,0.0,False,,,
127,6,RSNA_63031,R-CC,NO,0.0,False,,,
127,6,RSNA_63031,L-MLO,NO,0.0,False,,,
127,6,RSNA_63031,R-MLO,NO,0.0,False,,,
127,7,RSNA_63051,L-CC,NO,0.0,False,,,
127,7,RSNA_63051,R-CC,NO,0.0,False,,,
127,7,RSNA_63051,L-MLO,NO,0.0,False,,,
127,7,RSNA_63051,R-MLO,NO,0.0,False,,,
127,8,RSNA_63053,L-CC,NO,0.0,False,,,
127,8,RSNA_63053,R-CC,NO,0.0,False,,,
127,8,RSNA_63053,L-MLO,NO,0.0,False,,,
127,8,RSNA_63053,R-MLO,NO,0.0,False,,,
127,9,RSNA_63056,L-CC,NO,1140.0,True,YES,0.0,False
127,9,RSNA_63056,R-CC,NO,1262.0,True,YES,0.0,False
127,9,RSNA_63056,L-MLO,NO,1265.0,True,YES,0.0,False
127,9,RSNA_63056,R-MLO,NO,1300.0,True,YES,0.0,False
127,10,RSNA_63062,L-CC,NO,0.0,False,,,
127,10,RSNA_63062,R-CC,NO,0.0,False,,,
127,10,RSNA_63062,L-MLO,NO,0.0,False,,,
127,10,RSNA_63062,R-MLO,NO,0.0,False,,,
127,11,RSNA_63103,L-CC,NO,0.0,False,,,
127,11,RSNA_63103,R-CC,NO,0.0,False,,,
127,11,RSNA_63103,L-MLO,NO,0.0,False,,,
127,11,RSNA_63103,R-MLO,NO,0.0,False,,,
127,12,RSNA_63106,L-CC,NO,0.0,False,,,
127,12,RSNA_63106,R-CC,NO,0.0,False,,,
127,12,RSNA_63106,L-MLO,NO,0.0,False,,,
127,12,RSNA_63106,R-MLO,NO,0.0,False,,,
127,13,RSNA_63112,L-CC,NO,0.0,False,,,
127,13,RSNA_63112,R-CC,NO,0.0,False,,,
127,13,RSNA_63112,L-MLO,NO,0.0,False,,,
127,13,RSNA_63112,R-MLO,NO,0.0,False,,,
127,14,RSNA_63113,L-CC,NO,827.0,True,YES,0.0,False
127,14,RSNA_63113,R-CC,NO,846.0,True,YES,0.0,False
127,14,RSNA_63113,L-MLO,NO,747.0,True,YES,0.0,False
127,14,RSNA_63113,R-MLO,NO,708.0,True,YES,0.0,False
127,15,RSNA_63114,L-CC,NO,0.0,False,,,
127,15,RSNA_63114,R-CC,NO,0.0,False,,,
127,15,RSNA_63114,L-MLO,NO,0.0,False,,,
127,15,RSNA_63114,R-MLO,NO,0.0,False,,,
127,16,RSNA_63133,L-CC,NO,0.0,False,,,
127,16,RSNA_63133,R-CC,NO,0.0,False,,,
127,16,RSNA_63133,L-MLO,NO,0.0,False,,,
127,16,RSNA_63133,R-MLO,NO,0.0,False,,,
127,17,RSNA_63146,L-CC,NO,0.0,False,,,
127,17,RSNA_63146,R-CC,NO,0.0,False,,,
127,17,RSNA_63146,L-MLO,NO,0.0,False,,,
127,17,RSNA_63146,R-MLO,NO,0.0,False,,,
127,18,RSNA_63160,L-CC,NO,0.0,False,,,
127,18,RSNA_63160,R-CC,NO,0.0,False,,,
127,18,RSNA_63160,L-MLO,NO,0.0,False,,,
127,18,RSNA_63160,R-MLO,NO,0.0,False,,,
127,19,RSNA_6317,L-CC,NO,0.0,False,,,
127,19,RSNA_6317,R-CC,NO,0.0,False,,,
127,19,RSNA_6317,L-MLO,NO,0.0,False,,,
127,19,RSNA_6317,R-MLO,NO,0.0,False,,,
127,20,RSNA_63175,L-CC,NO,0.0,False,,,
127,20,RSNA_63175,R-CC,NO,0.0,False,,,
127,20,RSNA_63175,L-MLO,NO,0.0,False,,,
127,20,RSNA_63175,R-MLO,NO,0.0,False,,,
127,21,RSNA_63181,L-CC,NO,0.0,False,,,
127,21,RSNA_63181,R-CC,NO,0.0,False,,,
127,21,RSNA_63181,L-MLO,NO,0.0,False,,,
127,21,RSNA_63181,R-MLO,NO,0.0,False,,,
127,22,RSNA_63195,L-CC,NO,1250.0,True,YES,0.0,False
127,22,RSNA_63195,R-CC,NO,1286.0,True,YES,0.0,False
127,22,RSNA_63195,L-MLO,NO,1285.0,True,YES,0.0,False
127,22,RSNA_63195,R-MLO,NO,1369.0,True,YES,0.0,False
127,23,RSNA_63225,L-CC,NO,0.0,False,,,
127,23,RSNA_63225,R-CC,NO,0.0,False,,,
127,23,RSNA_63225,L-MLO,NO,0.0,False,,,
127,23,RSNA_63225,R-MLO,NO,0.0,False,,,
127,24,RSNA_63236,L-CC,NO,0.0,False,,,
127,24,RSNA_63236,R-CC,NO,0.0,False,,,
127,24,RSNA_63236,L-MLO,NO,0.0,False,,,
127,24,RSNA_63236,R-MLO,NO,0.0,False,,,
128,0,RSNA_6326,L-CC,NO,0.0,False,,,
128,0,RSNA_6326,R-CC,NO,0.0,False,,,
128,0,RSNA_6326,L-MLO,NO,0.0,False,,,
128,0,RSNA_6326,R-MLO,NO,0.0,False,,,
128,1,RSNA_63273,L-CC,NO,1706.0,True,YES,0.0,False
128,1,RSNA_63273,R-CC,NO,1823.0,True,YES,0.0,False
128,1,RSNA_63273,L-MLO,NO,1788.0,True,YES,0.0,False
128,1,RSNA_63273,R-MLO,NO,1842.0,True,YES,0.0,False
128,2,RSNA_63286,L-CC,NO,1093.0,True,YES,0.0,False
128,2,RSNA_63286,R-CC,NO,1217.0,True,YES,0.0,False
128,2,RSNA_63286,L-MLO,NO,1085.0,True,YES,0.0,False
128,2,RSNA_63286,R-MLO,NO,1189.0,True,YES,0.0,False
128,3,RSNA_63300,L-CC,NO,0.0,False,,,
128,3,RSNA_63300,R-CC,NO,0.0,False,,,
128,3,RSNA_63300,L-MLO,NO,0.0,False,,,
128,3,RSNA_63300,R-MLO,NO,0.0,False,,,
128,4,RSNA_63324,L-CC,NO,0.0,False,,,
128,4,RSNA_63324,R-CC,NO,0.0,False,,,
128,4,RSNA_63324,L-MLO,NO,0.0,False,,,
128,4,RSNA_63324,R-MLO,NO,0.0,False,,,
128,5,RSNA_63351,L-CC,NO,1287.0,True,YES,0.0,False
128,5,RSNA_63351,R-CC,NO,972.0,True,YES,0.0,False
128,5,RSNA_63351,L-MLO,NO,1437.0,True,YES,0.0,False
128,5,RSNA_63351,R-MLO,NO,1450.0,True,YES,0.0,False
128,6,RSNA_63359,L-CC,NO,0.0,False,,,
128,6,RSNA_63359,R-CC,NO,0.0,False,,,
128,6,RSNA_63359,L-MLO,NO,0.0,False,,,
128,6,RSNA_63359,R-MLO,NO,0.0,False,,,
128,7,RSNA_63375,L-CC,NO,0.0,False,,,
128,7,RSNA_63375,R-CC,NO,0.0,False,,,
128,7,RSNA_63375,L-MLO,NO,0.0,False,,,
128,7,RSNA_63375,R-MLO,NO,0.0,False,,,
128,8,RSNA_634,L-CC,NO,0.0,False,,,
128,8,RSNA_634,R-CC,NO,0.0,False,,,
128,8,RSNA_634,L-MLO,NO,0.0,False,,,
128,8,RSNA_634,R-MLO,NO,0.0,False,,,
128,9,RSNA_6340,L-CC,NO,0.0,False,,,
128,9,RSNA_6340,R-CC,NO,0.0,False,,,
128,9,RSNA_6340,L-MLO,NO,0.0,False,,,
128,9,RSNA_6340,R-MLO,NO,0.0,False,,,
128,10,RSNA_63402,L-CC,NO,0.0,False,,,
128,10,RSNA_63402,R-CC,NO,0.0,False,,,
128,10,RSNA_63402,L-MLO,NO,0.0,False,,,
128,10,RSNA_63402,R-MLO,NO,0.0,False,,,
128,11,RSNA_63425,L-CC,NO,0.0,False,,,
128,11,RSNA_63425,R-CC,NO,0.0,False,,,
128,11,RSNA_63425,L-MLO,NO,0.0,False,,,
128,11,RSNA_63425,R-MLO,NO,0.0,False,,,
128,12,RSNA_63453,L-CC,NO,0.0,False,,,
128,12,RSNA_63453,R-CC,NO,0.0,False,,,
128,12,RSNA_63453,L-MLO,NO,0.0,False,,,
128,12,RSNA_63453,R-MLO,NO,0.0,False,,,
128,13,RSNA_63459,L-CC,NO,0.0,False,,,
128,13,RSNA_63459,R-CC,NO,0.0,False,,,
128,13,RSNA_63459,L-MLO,NO,0.0,False,,,
128,13,RSNA_63459,R-MLO,NO,0.0,False,,,
128,14,RSNA_63484,L-CC,NO,0.0,False,,,
128,14,RSNA_63484,R-CC,NO,0.0,False,,,
128,14,RSNA_63484,L-MLO,NO,0.0,False,,,
128,14,RSNA_63484,R-MLO,NO,0.0,False,,,
128,15,RSNA_63520,L-CC,NO,0.0,False,,,
128,15,RSNA_63520,R-CC,NO,0.0,False,,,
128,15,RSNA_63520,L-MLO,NO,0.0,False,,,
128,15,RSNA_63520,R-MLO,NO,0.0,False,,,
128,16,RSNA_63521,L-CC,NO,0.0,False,,,
128,16,RSNA_63521,R-CC,NO,0.0,False,,,
128,16,RSNA_63521,L-MLO,NO,0.0,False,,,
128,16,RSNA_63521,R-MLO,NO,0.0,False,,,
128,17,RSNA_63563,L-CC,NO,0.0,False,,,
128,17,RSNA_63563,R-CC,NO,0.0,False,,,
128,17,RSNA_63563,L-MLO,NO,0.0,False,,,
128,17,RSNA_63563,R-MLO,NO,0.0,False,,,
128,18,RSNA_63569,L-CC,NO,0.0,False,,,
128,18,RSNA_63569,R-CC,NO,0.0,False,,,
128,18,RSNA_63569,L-MLO,NO,0.0,False,,,
128,18,RSNA_63569,R-MLO,NO,0.0,False,,,
128,19,RSNA_63585,L-CC,NO,0.0,False,,,
128,19,RSNA_63585,R-CC,NO,0.0,False,,,
128,19,RSNA_63585,L-MLO,NO,0.0,False,,,
128,19,RSNA_63585,R-MLO,NO,0.0,False,,,
128,20,RSNA_63595,L-CC,NO,0.0,False,,,
128,20,RSNA_63595,R-CC,NO,0.0,False,,,
128,20,RSNA_63595,L-MLO,NO,0.0,False,,,
128,20,RSNA_63595,R-MLO,NO,0.0,False,,,
128,21,RSNA_63606,L-CC,NO,0.0,False,,,
128,21,RSNA_63606,R-CC,NO,0.0,False,,,
128,21,RSNA_63606,L-MLO,NO,0.0,False,,,
128,21,RSNA_63606,R-MLO,NO,0.0,False,,,
128,22,RSNA_63608,L-CC,NO,1967.0,True,YES,0.0,False
128,22,RSNA_63608,R-CC,NO,1967.0,True,YES,0.0,False
128,22,RSNA_63608,L-MLO,NO,1858.0,True,YES,0.0,False
128,22,RSNA_63608,R-MLO,NO,1818.0,True,YES,0.0,False
128,23,RSNA_63609,L-CC,NO,0.0,False,,,
128,23,RSNA_63609,R-CC,NO,0.0,False,,,
128,23,RSNA_63609,L-MLO,NO,0.0,False,,,
128,23,RSNA_63609,R-MLO,NO,0.0,False,,,
128,24,RSNA_63615,L-CC,NO,0.0,False,,,
128,24,RSNA_63615,R-CC,NO,0.0,False,,,
128,24,RSNA_63615,L-MLO,NO,0.0,False,,,
128,24,RSNA_63615,R-MLO,NO,0.0,False,,,
129,0,RSNA_63630,L-CC,NO,0.0,False,,,
129,0,RSNA_63630,R-CC,NO,0.0,False,,,
129,0,RSNA_63630,L-MLO,NO,0.0,False,,,
129,0,RSNA_63630,R-MLO,NO,0.0,False,,,
129,1,RSNA_63639,L-CC,NO,0.0,False,,,
129,1,RSNA_63639,R-CC,NO,0.0,False,,,
129,1,RSNA_63639,L-MLO,NO,0.0,False,,,
129,1,RSNA_63639,R-MLO,NO,0.0,False,,,
129,2,RSNA_63650,L-CC,NO,0.0,False,,,
129,2,RSNA_63650,R-CC,NO,0.0,False,,,
129,2,RSNA_63650,L-MLO,NO,0.0,False,,,
129,2,RSNA_63650,R-MLO,NO,0.0,False,,,
129,3,RSNA_63679,L-CC,NO,0.0,False,,,
129,3,RSNA_63679,R-CC,NO,0.0,False,,,
129,3,RSNA_63679,L-MLO,NO,0.0,False,,,
129,3,RSNA_63679,R-MLO,NO,0.0,False,,,
129,4,RSNA_63694,L-CC,NO,0.0,False,,,
129,4,RSNA_63694,R-CC,NO,0.0,False,,,
129,4,RSNA_63694,L-MLO,NO,0.0,False,,,
129,4,RSNA_63694,R-MLO,NO,0.0,False,,,
129,5,RSNA_63749,L-CC,NO,0.0,False,,,
129,5,RSNA_63749,R-CC,NO,0.0,False,,,
129,5,RSNA_63749,L-MLO,NO,0.0,False,,,
129,5,RSNA_63749,R-MLO,NO,0.0,False,,,
129,6,RSNA_63762,L-CC,NO,0.0,False,,,
129,6,RSNA_63762,R-CC,NO,0.0,False,,,
129,6,RSNA_63762,L-MLO,NO,0.0,False,,,
129,6,RSNA_63762,R-MLO,NO,0.0,False,,,
129,7,RSNA_63770,L-CC,NO,0.0,False,,,
129,7,RSNA_63770,R-CC,NO,0.0,False,,,
129,7,RSNA_63770,L-MLO,NO,0.0,False,,,
129,7,RSNA_63770,R-MLO,NO,0.0,False,,,
129,8,RSNA_63776,L-CC,NO,0.0,False,,,
129,8,RSNA_63776,R-CC,NO,0.0,False,,,
129,8,RSNA_63776,L-MLO,NO,0.0,False,,,
129,8,RSNA_63776,R-MLO,NO,0.0,False,,,
129,9,RSNA_63785,L-CC,NO,0.0,False,,,
129,9,RSNA_63785,R-CC,NO,0.0,False,,,
129,9,RSNA_63785,L-MLO,NO,0.0,False,,,
129,9,RSNA_63785,R-MLO,NO,0.0,False,,,
129,10,RSNA_63816,L-CC,NO,1695.0,True,YES,0.0,False
129,10,RSNA_63816,R-CC,NO,1547.0,True,YES,0.0,False
129,10,RSNA_63816,L-MLO,NO,1643.0,True,YES,0.0,False
129,10,RSNA_63816,R-MLO,NO,1492.0,True,YES,0.0,False
129,11,RSNA_63851,L-CC,NO,0.0,False,,,
129,11,RSNA_63851,R-CC,NO,0.0,False,,,
129,11,RSNA_63851,L-MLO,NO,1029.0,True,,,
129,11,RSNA_63851,R-MLO,NO,211.0,True,,,
129,12,RSNA_63858,L-CC,NO,0.0,False,,,
129,12,RSNA_63858,R-CC,NO,0.0,False,,,
129,12,RSNA_63858,L-MLO,NO,0.0,False,,,
129,12,RSNA_63858,R-MLO,NO,0.0,False,,,
129,13,RSNA_63884,L-CC,NO,0.0,False,,,
129,13,RSNA_63884,R-CC,NO,0.0,False,,,
129,13,RSNA_63884,L-MLO,NO,0.0,False,,,
129,13,RSNA_63884,R-MLO,NO,0.0,False,,,
129,14,RSNA_63890,L-CC,NO,0.0,False,,,
129,14,RSNA_63890,R-CC,NO,0.0,False,,,
129,14,RSNA_63890,L-MLO,NO,0.0,False,,,
129,14,RSNA_63890,R-MLO,NO,0.0,False,,,
129,15,RSNA_63905,L-CC,NO,0.0,False,,,
129,15,RSNA_63905,R-CC,NO,0.0,False,,,
129,15,RSNA_63905,L-MLO,NO,0.0,False,,,
129,15,RSNA_63905,R-MLO,NO,0.0,False,,,
129,16,RSNA_6391,L-CC,NO,0.0,False,,,
129,16,RSNA_6391,R-CC,NO,0.0,False,,,
129,16,RSNA_6391,L-MLO,NO,0.0,False,,,
129,16,RSNA_6391,R-MLO,NO,0.0,False,,,
129,17,RSNA_63945,L-CC,NO,0.0,False,,,
129,17,RSNA_63945,R-CC,NO,0.0,False,,,
129,17,RSNA_63945,L-MLO,NO,0.0,False,,,
129,17,RSNA_63945,R-MLO,NO,0.0,False,,,
129,18,RSNA_63948,L-CC,NO,1795.0,True,YES,0.0,False
129,18,RSNA_63948,R-CC,NO,1871.0,True,YES,0.0,False
129,18,RSNA_63948,L-MLO,NO,1742.0,True,YES,0.0,False
129,18,RSNA_63948,R-MLO,NO,1809.0,True,YES,0.0,False
129,19,RSNA_63981,L-CC,NO,0.0,False,,,
129,19,RSNA_63981,R-CC,NO,0.0,False,,,
129,19,RSNA_63981,L-MLO,NO,0.0,False,,,
129,19,RSNA_63981,R-MLO,NO,0.0,False,,,
129,20,RSNA_63982,L-CC,NO,0.0,False,,,
129,20,RSNA_63982,R-CC,NO,0.0,False,,,
129,20,RSNA_63982,L-MLO,NO,0.0,False,,,
129,20,RSNA_63982,R-MLO,NO,0.0,False,,,
129,21,RSNA_63998,L-CC,NO,0.0,False,,,
129,21,RSNA_63998,R-CC,NO,0.0,False,,,
129,21,RSNA_63998,L-MLO,NO,0.0,False,,,
129,21,RSNA_63998,R-MLO,NO,0.0,False,,,
129,22,RSNA_64022,L-CC,NO,1764.0,True,YES,0.0,False
129,22,RSNA_64022,R-CC,NO,1831.0,True,YES,0.0,False
129,22,RSNA_64022,L-MLO,NO,1691.0,True,YES,0.0,False
129,22,RSNA_64022,R-MLO,NO,1679.0,True,YES,0.0,False
129,23,RSNA_64035,L-CC,NO,0.0,False,,,
129,23,RSNA_64035,R-CC,NO,0.0,False,,,
129,23,RSNA_64035,L-MLO,NO,0.0,False,,,
129,23,RSNA_64035,R-MLO,NO,0.0,False,,,
129,24,RSNA_64084,L-CC,NO,0.0,False,,,
129,24,RSNA_64084,R-CC,NO,0.0,False,,,
129,24,RSNA_64084,L-MLO,NO,0.0,False,,,
129,24,RSNA_64084,R-MLO,NO,0.0,False,,,
130,0,RSNA_64085,L-CC,NO,0.0,False,,,
130,0,RSNA_64085,R-CC,NO,0.0,False,,,
130,0,RSNA_64085,L-MLO,NO,0.0,False,,,
130,0,RSNA_64085,R-MLO,NO,0.0,False,,,
130,1,RSNA_64108,L-CC,NO,0.0,False,,,
130,1,RSNA_64108,R-CC,NO,0.0,False,,,
130,1,RSNA_64108,L-MLO,NO,0.0,False,,,
130,1,RSNA_64108,R-MLO,NO,0.0,False,,,
130,2,RSNA_6411,L-CC,NO,0.0,False,,,
130,2,RSNA_6411,R-CC,NO,0.0,False,,,
130,2,RSNA_6411,L-MLO,NO,0.0,False,,,
130,2,RSNA_6411,R-MLO,NO,0.0,False,,,
130,3,RSNA_64110,L-CC,NO,0.0,False,,,
130,3,RSNA_64110,R-CC,NO,0.0,False,,,
130,3,RSNA_64110,L-MLO,NO,0.0,False,,,
130,3,RSNA_64110,R-MLO,NO,0.0,False,,,
130,4,RSNA_64121,L-CC,NO,964.0,True,YES,0.0,False
130,4,RSNA_64121,R-CC,NO,1144.0,True,YES,0.0,False
130,4,RSNA_64121,L-MLO,NO,1067.0,True,YES,0.0,False
130,4,RSNA_64121,R-MLO,NO,972.0,True,YES,0.0,False
130,5,RSNA_64133,L-CC,NO,0.0,False,,,
130,5,RSNA_64133,R-CC,NO,0.0,False,,,
130,5,RSNA_64133,L-MLO,NO,0.0,False,,,
130,5,RSNA_64133,R-MLO,NO,0.0,False,,,
130,6,RSNA_64136,L-CC,NO,0.0,False,,,
130,6,RSNA_64136,R-CC,NO,0.0,False,,,
130,6,RSNA_64136,L-MLO,NO,0.0,False,,,
130,6,RSNA_64136,R-MLO,NO,0.0,False,,,
130,7,RSNA_64139,L-CC,NO,0.0,False,,,
130,7,RSNA_64139,R-CC,NO,0.0,False,,,
130,7,RSNA_64139,L-MLO,NO,0.0,False,,,
130,7,RSNA_64139,R-MLO,NO,0.0,False,,,
130,8,RSNA_64152,L-CC,NO,0.0,False,,,
130,8,RSNA_64152,R-CC,NO,0.0,False,,,
130,8,RSNA_64152,L-MLO,NO,0.0,False,,,
130,8,RSNA_64152,R-MLO,NO,0.0,False,,,
130,9,RSNA_64227,L-CC,NO,1580.0,True,YES,0.0,False
130,9,RSNA_64227,R-CC,NO,1655.0,True,YES,0.0,False
130,9,RSNA_64227,L-MLO,NO,1225.0,True,YES,0.0,False
130,9,RSNA_64227,R-MLO,NO,1659.0,True,YES,0.0,False
130,10,RSNA_64239,L-CC,NO,0.0,False,,,
130,10,RSNA_64239,R-CC,NO,0.0,False,,,
130,10,RSNA_64239,L-MLO,NO,0.0,False,,,
130,10,RSNA_64239,R-MLO,NO,0.0,False,,,
130,11,RSNA_64262,L-CC,NO,0.0,False,,,
130,11,RSNA_64262,R-CC,NO,0.0,False,,,
130,11,RSNA_64262,L-MLO,NO,0.0,False,,,
130,11,RSNA_64262,R-MLO,NO,0.0,False,,,
130,12,RSNA_64300,L-CC,NO,0.0,False,,,
130,12,RSNA_64300,R-CC,NO,0.0,False,,,
130,12,RSNA_64300,L-MLO,NO,0.0,False,,,
130,12,RSNA_64300,R-MLO,NO,0.0,False,,,
130,13,RSNA_64319,L-CC,NO,0.0,False,,,
130,13,RSNA_64319,R-CC,NO,0.0,False,,,
130,13,RSNA_64319,L-MLO,NO,0.0,False,,,
130,13,RSNA_64319,R-MLO,NO,0.0,False,,,
130,14,RSNA_64325,L-CC,NO,0.0,False,,,
130,14,RSNA_64325,R-CC,NO,0.0,False,,,
130,14,RSNA_64325,L-MLO,NO,0.0,False,,,
130,14,RSNA_64325,R-MLO,NO,0.0,False,,,
130,15,RSNA_64335,L-CC,NO,0.0,False,,,
130,15,RSNA_64335,R-CC,NO,0.0,False,,,
130,15,RSNA_64335,L-MLO,NO,0.0,False,,,
130,15,RSNA_64335,R-MLO,NO,0.0,False,,,
130,16,RSNA_64345,L-CC,NO,0.0,False,,,
130,16,RSNA_64345,R-CC,NO,0.0,False,,,
130,16,RSNA_64345,L-MLO,NO,0.0,False,,,
130,16,RSNA_64345,R-MLO,NO,0.0,False,,,
130,17,RSNA_64365,L-CC,NO,0.0,False,,,
130,17,RSNA_64365,R-CC,NO,0.0,False,,,
130,17,RSNA_64365,L-MLO,NO,96.0,True,,,
130,17,RSNA_64365,R-MLO,NO,246.0,True,,,
130,18,RSNA_64389,L-CC,NO,0.0,False,,,
130,18,RSNA_64389,R-CC,NO,0.0,False,,,
130,18,RSNA_64389,L-MLO,NO,0.0,False,,,
130,18,RSNA_64389,R-MLO,NO,0.0,False,,,
130,19,RSNA_64395,L-CC,NO,0.0,False,,,
130,19,RSNA_64395,R-CC,NO,0.0,False,,,
130,19,RSNA_64395,L-MLO,NO,0.0,False,,,
130,19,RSNA_64395,R-MLO,NO,0.0,False,,,
130,20,RSNA_64397,L-CC,NO,0.0,False,,,
130,20,RSNA_64397,R-CC,NO,0.0,False,,,
130,20,RSNA_64397,L-MLO,NO,0.0,False,,,
130,20,RSNA_64397,R-MLO,NO,0.0,False,,,
130,21,RSNA_64398,L-CC,NO,1878.0,True,YES,0.0,False
130,21,RSNA_64398,R-CC,NO,1819.0,True,YES,0.0,False
130,21,RSNA_64398,L-MLO,NO,1648.0,True,YES,0.0,False
130,21,RSNA_64398,R-MLO,NO,1743.0,True,YES,0.0,False
130,22,RSNA_6441,L-CC,NO,0.0,False,,,
130,22,RSNA_6441,R-CC,NO,0.0,False,,,
130,22,RSNA_6441,L-MLO,NO,0.0,False,,,
130,22,RSNA_6441,R-MLO,NO,0.0,False,,,
130,23,RSNA_6442,L-CC,NO,837.0,True,YES,0.0,False
130,23,RSNA_6442,R-CC,NO,823.0,True,YES,0.0,False
130,23,RSNA_6442,L-MLO,NO,826.0,True,YES,0.0,False
130,23,RSNA_6442,R-MLO,NO,876.0,True,YES,0.0,False
130,24,RSNA_64424,L-CC,NO,0.0,False,,,
130,24,RSNA_64424,R-CC,NO,0.0,False,,,
130,24,RSNA_64424,L-MLO,NO,0.0,False,,,
130,24,RSNA_64424,R-MLO,NO,0.0,False,,,
131,0,RSNA_64433,L-CC,NO,0.0,False,,,
131,0,RSNA_64433,R-CC,NO,0.0,False,,,
131,0,RSNA_64433,L-MLO,NO,0.0,False,,,
131,0,RSNA_64433,R-MLO,NO,0.0,False,,,
131,1,RSNA_64449,L-CC,NO,0.0,False,,,
131,1,RSNA_64449,R-CC,NO,0.0,False,,,
131,1,RSNA_64449,L-MLO,NO,0.0,False,,,
131,1,RSNA_64449,R-MLO,NO,0.0,False,,,
131,2,RSNA_6445,L-CC,NO,0.0,False,,,
131,2,RSNA_6445,R-CC,NO,0.0,False,,,
131,2,RSNA_6445,L-MLO,NO,0.0,False,,,
131,2,RSNA_6445,R-MLO,NO,0.0,False,,,
131,3,RSNA_64480,L-CC,NO,1847.0,True,YES,0.0,False
131,3,RSNA_64480,R-CC,NO,1840.0,True,YES,0.0,False
131,3,RSNA_64480,L-MLO,NO,2031.0,True,YES,0.0,False
131,3,RSNA_64480,R-MLO,NO,1721.0,True,YES,0.0,False
131,4,RSNA_6450,L-CC,NO,0.0,False,,,
131,4,RSNA_6450,R-CC,NO,0.0,False,,,
131,4,RSNA_6450,L-MLO,NO,0.0,False,,,
131,4,RSNA_6450,R-MLO,NO,0.0,False,,,
131,5,RSNA_64501,L-CC,NO,0.0,False,,,
131,5,RSNA_64501,R-CC,NO,0.0,False,,,
131,5,RSNA_64501,L-MLO,NO,0.0,False,,,
131,5,RSNA_64501,R-MLO,NO,0.0,False,,,
131,6,RSNA_6451,L-CC,NO,0.0,False,,,
131,6,RSNA_6451,R-CC,NO,0.0,False,,,
131,6,RSNA_6451,L-MLO,NO,0.0,False,,,
131,6,RSNA_6451,R-MLO,NO,0.0,False,,,
131,7,RSNA_64519,L-CC,NO,0.0,False,,,
131,7,RSNA_64519,R-CC,NO,0.0,False,,,
131,7,RSNA_64519,L-MLO,NO,137.0,True,,,
131,7,RSNA_64519,R-MLO,NO,0.0,False,,,
131,8,RSNA_64522,L-CC,NO,0.0,False,,,
131,8,RSNA_64522,R-CC,NO,0.0,False,,,
131,8,RSNA_64522,L-MLO,NO,0.0,False,,,
131,8,RSNA_64522,R-MLO,NO,0.0,False,,,
131,9,RSNA_6454,L-CC,NO,0.0,False,,,
131,9,RSNA_6454,R-CC,NO,0.0,False,,,
131,9,RSNA_6454,L-MLO,NO,0.0,False,,,
131,9,RSNA_6454,R-MLO,NO,0.0,False,,,
131,10,RSNA_64553,L-CC,NO,1258.0,True,YES,0.0,False
131,10,RSNA_64553,R-CC,NO,1282.0,True,YES,0.0,False
131,10,RSNA_64553,L-MLO,NO,1254.0,True,YES,0.0,False
131,10,RSNA_64553,R-MLO,NO,1231.0,True,YES,0.0,False
131,11,RSNA_64569,L-CC,NO,0.0,False,,,
131,11,RSNA_64569,R-CC,NO,0.0,False,,,
131,11,RSNA_64569,L-MLO,NO,0.0,False,,,
131,11,RSNA_64569,R-MLO,NO,0.0,False,,,
131,12,RSNA_64583,L-CC,NO,0.0,False,,,
131,12,RSNA_64583,R-CC,NO,0.0,False,,,
131,12,RSNA_64583,L-MLO,NO,0.0,False,,,
131,12,RSNA_64583,R-MLO,NO,0.0,False,,,
131,13,RSNA_64594,L-CC,NO,1107.0,True,YES,0.0,False
131,13,RSNA_64594,R-CC,NO,1218.0,True,YES,0.0,False
131,13,RSNA_64594,L-MLO,NO,1067.0,True,YES,0.0,False
131,13,RSNA_64594,R-MLO,NO,1165.0,True,YES,0.0,False
131,14,RSNA_64595,L-CC,NO,0.0,False,,,
131,14,RSNA_64595,R-CC,NO,0.0,False,,,
131,14,RSNA_64595,L-MLO,NO,0.0,False,,,
131,14,RSNA_64595,R-MLO,NO,0.0,False,,,
131,15,RSNA_646,L-CC,NO,0.0,False,,,
131,15,RSNA_646,R-CC,NO,0.0,False,,,
131,15,RSNA_646,L-MLO,NO,0.0,False,,,
131,15,RSNA_646,R-MLO,NO,0.0,False,,,
131,16,RSNA_64603,L-CC,NO,0.0,False,,,
131,16,RSNA_64603,R-CC,NO,0.0,False,,,
131,16,RSNA_64603,L-MLO,NO,0.0,False,,,
131,16,RSNA_64603,R-MLO,NO,0.0,False,,,
131,17,RSNA_64613,L-CC,NO,1666.0,True,YES,0.0,False
131,17,RSNA_64613,R-CC,NO,1692.0,True,YES,0.0,False
131,17,RSNA_64613,L-MLO,NO,1503.0,True,YES,0.0,False
131,17,RSNA_64613,R-MLO,NO,1647.0,True,YES,0.0,False
131,18,RSNA_6466,L-CC,NO,0.0,False,,,
131,18,RSNA_6466,R-CC,NO,0.0,False,,,
131,18,RSNA_6466,L-MLO,NO,0.0,False,,,
131,18,RSNA_6466,R-MLO,NO,0.0,False,,,
131,19,RSNA_64711,L-CC,NO,0.0,False,,,
131,19,RSNA_64711,R-CC,NO,0.0,False,,,
131,19,RSNA_64711,L-MLO,NO,0.0,False,,,
131,19,RSNA_64711,R-MLO,NO,0.0,False,,,
131,20,RSNA_64716,L-CC,NO,1627.0,True,YES,0.0,False
131,20,RSNA_64716,R-CC,NO,1874.0,True,YES,0.0,False
131,20,RSNA_64716,L-MLO,NO,1455.0,True,YES,0.0,False
131,20,RSNA_64716,R-MLO,NO,1739.0,True,YES,0.0,False
131,21,RSNA_64725,L-CC,NO,0.0,False,,,
131,21,RSNA_64725,R-CC,NO,0.0,False,,,
131,21,RSNA_64725,L-MLO,NO,0.0,False,,,
131,21,RSNA_64725,R-MLO,NO,0.0,False,,,
131,22,RSNA_64726,L-CC,NO,0.0,False,,,
131,22,RSNA_64726,R-CC,NO,0.0,False,,,
131,22,RSNA_64726,L-MLO,NO,0.0,False,,,
131,22,RSNA_64726,R-MLO,NO,0.0,False,,,
131,23,RSNA_64729,L-CC,NO,1249.0,True,YES,0.0,False
131,23,RSNA_64729,R-CC,NO,1265.0,True,YES,0.0,False
131,23,RSNA_64729,L-MLO,NO,1137.0,True,YES,0.0,False
131,23,RSNA_64729,R-MLO,NO,1106.0,True,YES,0.0,False
131,24,RSNA_64731,L-CC,NO,1923.0,True,YES,0.0,False
131,24,RSNA_64731,R-CC,NO,2190.0,True,YES,0.0,False
131,24,RSNA_64731,L-MLO,NO,1814.0,True,YES,0.0,False
131,24,RSNA_64731,R-MLO,NO,1945.0,True,YES,0.0,False
132,0,RSNA_64749,L-CC,NO,2128.0,True,YES,0.0,False
132,0,RSNA_64749,R-CC,NO,2239.0,True,YES,0.0,False
132,0,RSNA_64749,L-MLO,NO,1540.0,True,YES,0.0,False
132,0,RSNA_64749,R-MLO,NO,1673.0,True,YES,0.0,False
132,1,RSNA_64752,L-CC,NO,0.0,False,,,
132,1,RSNA_64752,R-CC,NO,0.0,False,,,
132,1,RSNA_64752,L-MLO,NO,0.0,False,,,
132,1,RSNA_64752,R-MLO,NO,0.0,False,,,
132,2,RSNA_64835,L-CC,NO,0.0,False,,,
132,2,RSNA_64835,R-CC,NO,0.0,False,,,
132,2,RSNA_64835,L-MLO,NO,0.0,False,,,
132,2,RSNA_64835,R-MLO,NO,0.0,False,,,
132,3,RSNA_64848,L-CC,NO,0.0,False,,,
132,3,RSNA_64848,R-CC,NO,0.0,False,,,
132,3,RSNA_64848,L-MLO,NO,0.0,False,,,
132,3,RSNA_64848,R-MLO,NO,0.0,False,,,
132,4,RSNA_64851,L-CC,NO,0.0,False,,,
132,4,RSNA_64851,R-CC,NO,0.0,False,,,
132,4,RSNA_64851,L-MLO,NO,0.0,False,,,
132,4,RSNA_64851,R-MLO,NO,0.0,False,,,
132,5,RSNA_64859,L-CC,NO,0.0,False,,,
132,5,RSNA_64859,R-CC,NO,0.0,False,,,
132,5,RSNA_64859,L-MLO,NO,0.0,False,,,
132,5,RSNA_64859,R-MLO,NO,0.0,False,,,
132,6,RSNA_64862,L-CC,NO,0.0,False,,,
132,6,RSNA_64862,R-CC,NO,0.0,False,,,
132,6,RSNA_64862,L-MLO,NO,0.0,False,,,
132,6,RSNA_64862,R-MLO,NO,0.0,False,,,
132,7,RSNA_64878,L-CC,NO,0.0,False,,,
132,7,RSNA_64878,R-CC,NO,0.0,False,,,
132,7,RSNA_64878,L-MLO,NO,0.0,False,,,
132,7,RSNA_64878,R-MLO,NO,0.0,False,,,
132,8,RSNA_64881,L-CC,NO,0.0,False,,,
132,8,RSNA_64881,R-CC,NO,0.0,False,,,
132,8,RSNA_64881,L-MLO,NO,0.0,False,,,
132,8,RSNA_64881,R-MLO,NO,0.0,False,,,
132,9,RSNA_64897,L-CC,NO,0.0,False,,,
132,9,RSNA_64897,R-CC,NO,0.0,False,,,
132,9,RSNA_64897,L-MLO,NO,0.0,False,,,
132,9,RSNA_64897,R-MLO,NO,0.0,False,,,
132,10,RSNA_64898,L-CC,NO,0.0,False,,,
132,10,RSNA_64898,R-CC,NO,0.0,False,,,
132,10,RSNA_64898,L-MLO,NO,0.0,False,,,
132,10,RSNA_64898,R-MLO,NO,0.0,False,,,
132,11,RSNA_64915,L-CC,NO,0.0,False,,,
132,11,RSNA_64915,R-CC,NO,0.0,False,,,
132,11,RSNA_64915,L-MLO,NO,0.0,False,,,
132,11,RSNA_64915,R-MLO,NO,0.0,False,,,
132,12,RSNA_64917,L-CC,NO,1354.0,True,YES,0.0,False
132,12,RSNA_64917,R-CC,NO,1234.0,True,YES,0.0,False
132,12,RSNA_64917,L-MLO,NO,1171.0,True,YES,0.0,False
132,12,RSNA_64917,R-MLO,NO,1254.0,True,YES,0.0,False
132,13,RSNA_64930,L-CC,NO,0.0,False,,,
132,13,RSNA_64930,R-CC,NO,0.0,False,,,
132,13,RSNA_64930,L-MLO,NO,0.0,False,,,
132,13,RSNA_64930,R-MLO,NO,0.0,False,,,
132,14,RSNA_64944,L-CC,NO,1348.0,True,YES,0.0,False
132,14,RSNA_64944,R-CC,NO,1225.0,True,YES,0.0,False
132,14,RSNA_64944,L-MLO,NO,985.0,True,YES,0.0,False
132,14,RSNA_64944,R-MLO,NO,1174.0,True,YES,0.0,False
132,15,RSNA_64973,L-CC,NO,0.0,False,,,
132,15,RSNA_64973,R-CC,NO,0.0,False,,,
132,15,RSNA_64973,L-MLO,NO,0.0,False,,,
132,15,RSNA_64973,R-MLO,NO,0.0,False,,,
132,16,RSNA_64985,L-CC,NO,1332.0,True,YES,0.0,False
132,16,RSNA_64985,R-CC,NO,1464.0,True,YES,0.0,False
132,16,RSNA_64985,L-MLO,NO,1312.0,True,YES,0.0,False
132,16,RSNA_64985,R-MLO,NO,1364.0,True,YES,0.0,False
132,17,RSNA_6499,L-CC,NO,0.0,False,,,
132,17,RSNA_6499,R-CC,NO,0.0,False,,,
132,17,RSNA_6499,L-MLO,NO,0.0,False,,,
132,17,RSNA_6499,R-MLO,NO,0.0,False,,,
132,18,RSNA_64994,L-CC,NO,0.0,False,,,
132,18,RSNA_64994,R-CC,NO,0.0,False,,,
132,18,RSNA_64994,L-MLO,NO,0.0,False,,,
132,18,RSNA_64994,R-MLO,NO,0.0,False,,,
132,19,RSNA_65,L-CC,NO,920.0,True,YES,0.0,False
132,19,RSNA_65,R-CC,NO,873.0,True,YES,0.0,False
132,19,RSNA_65,L-MLO,NO,759.0,True,YES,0.0,False
132,19,RSNA_65,R-MLO,NO,807.0,True,YES,0.0,False
132,20,RSNA_65009,L-CC,NO,1321.0,True,YES,0.0,False
132,20,RSNA_65009,R-CC,NO,1142.0,True,YES,0.0,False
132,20,RSNA_65009,L-MLO,NO,997.0,True,YES,0.0,False
132,20,RSNA_65009,R-MLO,NO,930.0,True,YES,0.0,False
132,21,RSNA_65029,L-CC,NO,0.0,False,,,
132,21,RSNA_65029,R-CC,NO,0.0,False,,,
132,21,RSNA_65029,L-MLO,NO,0.0,False,,,
132,21,RSNA_65029,R-MLO,NO,0.0,False,,,
132,22,RSNA_65032,L-CC,NO,0.0,False,,,
132,22,RSNA_65032,R-CC,NO,0.0,False,,,
132,22,RSNA_65032,L-MLO,NO,0.0,False,,,
132,22,RSNA_65032,R-MLO,NO,0.0,False,,,
132,23,RSNA_65042,L-CC,NO,0.0,False,,,
132,23,RSNA_65042,R-CC,NO,0.0,False,,,
132,23,RSNA_65042,L-MLO,NO,0.0,False,,,
132,23,RSNA_65042,R-MLO,NO,0.0,False,,,
132,24,RSNA_65074,L-CC,NO,0.0,False,,,
132,24,RSNA_65074,R-CC,NO,0.0,False,,,
132,24,RSNA_65074,L-MLO,NO,0.0,False,,,
132,24,RSNA_65074,R-MLO,NO,0.0,False,,,
133,0,RSNA_65077,L-CC,NO,0.0,False,,,
133,0,RSNA_65077,R-CC,NO,0.0,False,,,
133,0,RSNA_65077,L-MLO,NO,0.0,False,,,
133,0,RSNA_65077,R-MLO,NO,0.0,False,,,
133,1,RSNA_65083,L-CC,NO,0.0,False,,,
133,1,RSNA_65083,R-CC,NO,0.0,False,,,
133,1,RSNA_65083,L-MLO,NO,0.0,False,,,
133,1,RSNA_65083,R-MLO,NO,0.0,False,,,
133,2,RSNA_65084,L-CC,NO,0.0,False,,,
133,2,RSNA_65084,R-CC,NO,0.0,False,,,
133,2,RSNA_65084,L-MLO,NO,0.0,False,,,
133,2,RSNA_65084,R-MLO,NO,0.0,False,,,
133,3,RSNA_65086,L-CC,NO,0.0,False,,,
133,3,RSNA_65086,R-CC,NO,0.0,False,,,
133,3,RSNA_65086,L-MLO,NO,0.0,False,,,
133,3,RSNA_65086,R-MLO,NO,0.0,False,,,
133,4,RSNA_65088,L-CC,NO,0.0,False,,,
133,4,RSNA_65088,R-CC,NO,0.0,False,,,
133,4,RSNA_65088,L-MLO,NO,0.0,False,,,
133,4,RSNA_65088,R-MLO,NO,0.0,False,,,
133,5,RSNA_65095,L-CC,NO,0.0,False,,,
133,5,RSNA_65095,R-CC,NO,0.0,False,,,
133,5,RSNA_65095,L-MLO,NO,0.0,False,,,
133,5,RSNA_65095,R-MLO,NO,0.0,False,,,
133,6,RSNA_65096,L-CC,NO,0.0,False,,,
133,6,RSNA_65096,R-CC,NO,0.0,False,,,
133,6,RSNA_65096,L-MLO,NO,0.0,False,,,
133,6,RSNA_65096,R-MLO,NO,0.0,False,,,
133,7,RSNA_65099,L-CC,NO,0.0,False,,,
133,7,RSNA_65099,R-CC,NO,0.0,False,,,
133,7,RSNA_65099,L-MLO,NO,0.0,False,,,
133,7,RSNA_65099,R-MLO,NO,0.0,False,,,
133,8,RSNA_65105,L-CC,NO,0.0,False,,,
133,8,RSNA_65105,R-CC,NO,0.0,False,,,
133,8,RSNA_65105,L-MLO,NO,0.0,False,,,
133,8,RSNA_65105,R-MLO,NO,0.0,False,,,
133,9,RSNA_65109,L-CC,NO,1426.0,True,YES,0.0,False
133,9,RSNA_65109,R-CC,NO,1303.0,True,YES,0.0,False
133,9,RSNA_65109,L-MLO,NO,1156.0,True,YES,0.0,False
133,9,RSNA_65109,R-MLO,NO,1046.0,True,YES,0.0,False
133,10,RSNA_65180,L-CC,NO,0.0,False,,,
133,10,RSNA_65180,R-CC,NO,0.0,False,,,
133,10,RSNA_65180,L-MLO,NO,0.0,False,,,
133,10,RSNA_65180,R-MLO,NO,0.0,False,,,
133,11,RSNA_65206,L-CC,NO,0.0,False,,,
133,11,RSNA_65206,R-CC,NO,0.0,False,,,
133,11,RSNA_65206,L-MLO,NO,0.0,False,,,
133,11,RSNA_65206,R-MLO,NO,0.0,False,,,
133,12,RSNA_65246,L-CC,NO,1092.0,True,YES,0.0,False
133,12,RSNA_65246,R-CC,NO,912.0,True,YES,0.0,False
133,12,RSNA_65246,L-MLO,NO,1105.0,True,YES,0.0,False
133,12,RSNA_65246,R-MLO,NO,679.0,True,YES,0.0,False
133,13,RSNA_6525,L-CC,NO,0.0,False,,,
133,13,RSNA_6525,R-CC,NO,0.0,False,,,
133,13,RSNA_6525,L-MLO,NO,0.0,False,,,
133,13,RSNA_6525,R-MLO,NO,0.0,False,,,
133,14,RSNA_65273,L-CC,NO,0.0,False,,,
133,14,RSNA_65273,R-CC,NO,0.0,False,,,
133,14,RSNA_65273,L-MLO,NO,0.0,False,,,
133,14,RSNA_65273,R-MLO,NO,0.0,False,,,
133,15,RSNA_65283,L-CC,NO,0.0,False,,,
133,15,RSNA_65283,R-CC,NO,0.0,False,,,
133,15,RSNA_65283,L-MLO,NO,0.0,False,,,
133,15,RSNA_65283,R-MLO,NO,0.0,False,,,
133,16,RSNA_6529,L-CC,NO,0.0,False,,,
133,16,RSNA_6529,R-CC,NO,0.0,False,,,
133,16,RSNA_6529,L-MLO,NO,0.0,False,,,
133,16,RSNA_6529,R-MLO,NO,0.0,False,,,
133,17,RSNA_65292,L-CC,NO,0.0,False,,,
133,17,RSNA_65292,R-CC,NO,0.0,False,,,
133,17,RSNA_65292,L-MLO,NO,0.0,False,,,
133,17,RSNA_65292,R-MLO,NO,0.0,False,,,
133,18,RSNA_65301,L-CC,NO,1405.0,True,YES,0.0,False
133,18,RSNA_65301,R-CC,NO,1385.0,True,YES,0.0,False
133,18,RSNA_65301,L-MLO,NO,1487.0,True,YES,0.0,False
133,18,RSNA_65301,R-MLO,NO,1481.0,True,YES,0.0,False
133,19,RSNA_65312,L-CC,NO,0.0,False,,,
133,19,RSNA_65312,R-CC,NO,0.0,False,,,
133,19,RSNA_65312,L-MLO,NO,0.0,False,,,
133,19,RSNA_65312,R-MLO,NO,0.0,False,,,
133,20,RSNA_65337,L-CC,NO,0.0,False,,,
133,20,RSNA_65337,R-CC,NO,0.0,False,,,
133,20,RSNA_65337,L-MLO,NO,0.0,False,,,
133,20,RSNA_65337,R-MLO,NO,0.0,False,,,
133,21,RSNA_65346,L-CC,NO,0.0,False,,,
133,21,RSNA_65346,R-CC,NO,0.0,False,,,
133,21,RSNA_65346,L-MLO,NO,0.0,False,,,
133,21,RSNA_65346,R-MLO,NO,0.0,False,,,
133,22,RSNA_65431,L-CC,NO,0.0,False,,,
133,22,RSNA_65431,R-CC,NO,0.0,False,,,
133,22,RSNA_65431,L-MLO,NO,0.0,False,,,
133,22,RSNA_65431,R-MLO,NO,0.0,False,,,
133,23,RSNA_65456,L-CC,NO,0.0,False,,,
133,23,RSNA_65456,R-CC,NO,0.0,False,,,
133,23,RSNA_65456,L-MLO,NO,0.0,False,,,
133,23,RSNA_65456,R-MLO,NO,0.0,False,,,
133,24,RSNA_65467,L-CC,NO,0.0,False,,,
133,24,RSNA_65467,R-CC,NO,0.0,False,,,
133,24,RSNA_65467,L-MLO,NO,0.0,False,,,
133,24,RSNA_65467,R-MLO,NO,0.0,False,,,
134,0,RSNA_65491,L-CC,NO,0.0,False,,,
134,0,RSNA_65491,R-CC,NO,0.0,False,,,
134,0,RSNA_65491,L-MLO,NO,0.0,False,,,
134,0,RSNA_65491,R-MLO,NO,0.0,False,,,
134,1,RSNA_65492,L-CC,NO,0.0,False,,,
134,1,RSNA_65492,R-CC,NO,0.0,False,,,
134,1,RSNA_65492,L-MLO,NO,0.0,False,,,
134,1,RSNA_65492,R-MLO,NO,0.0,False,,,
134,2,RSNA_65493,L-CC,NO,0.0,False,,,
134,2,RSNA_65493,R-CC,NO,0.0,False,,,
134,2,RSNA_65493,L-MLO,NO,0.0,False,,,
134,2,RSNA_65493,R-MLO,NO,0.0,False,,,
134,3,RSNA_65530,L-CC,NO,0.0,False,,,
134,3,RSNA_65530,R-CC,NO,0.0,False,,,
134,3,RSNA_65530,L-MLO,NO,0.0,False,,,
134,3,RSNA_65530,R-MLO,NO,0.0,False,,,
134,4,RSNA_6571,L-CC,NO,0.0,False,,,
134,4,RSNA_6571,R-CC,NO,0.0,False,,,
134,4,RSNA_6571,L-MLO,NO,0.0,False,,,
134,4,RSNA_6571,R-MLO,NO,0.0,False,,,
134,5,RSNA_6644,L-CC,NO,0.0,False,,,
134,5,RSNA_6644,R-CC,NO,0.0,False,,,
134,5,RSNA_6644,L-MLO,NO,3.0,True,,,
134,5,RSNA_6644,R-MLO,NO,0.0,False,,,
134,6,RSNA_6658,L-CC,NO,0.0,False,,,
134,6,RSNA_6658,R-CC,NO,0.0,False,,,
134,6,RSNA_6658,L-MLO,NO,0.0,False,,,
134,6,RSNA_6658,R-MLO,NO,0.0,False,,,
134,7,RSNA_6673,L-CC,NO,0.0,False,,,
134,7,RSNA_6673,R-CC,NO,0.0,False,,,
134,7,RSNA_6673,L-MLO,NO,0.0,False,,,
134,7,RSNA_6673,R-MLO,NO,0.0,False,,,
134,8,RSNA_6685,L-CC,NO,0.0,False,,,
134,8,RSNA_6685,R-CC,NO,0.0,False,,,
134,8,RSNA_6685,L-MLO,NO,0.0,False,,,
134,8,RSNA_6685,R-MLO,NO,0.0,False,,,
134,9,RSNA_6687,L-CC,NO,0.0,False,,,
134,9,RSNA_6687,R-CC,NO,0.0,False,,,
134,9,RSNA_6687,L-MLO,NO,0.0,False,,,
134,9,RSNA_6687,R-MLO,NO,0.0,False,,,
134,10,RSNA_6691,L-CC,NO,0.0,False,,,
134,10,RSNA_6691,R-CC,NO,0.0,False,,,
134,10,RSNA_6691,L-MLO,NO,0.0,False,,,
134,10,RSNA_6691,R-MLO,NO,0.0,False,,,
134,11,RSNA_6706,L-CC,NO,0.0,False,,,
134,11,RSNA_6706,R-CC,NO,0.0,False,,,
134,11,RSNA_6706,L-MLO,NO,0.0,False,,,
134,11,RSNA_6706,R-MLO,NO,0.0,False,,,
134,12,RSNA_6728,L-CC,NO,0.0,False,,,
134,12,RSNA_6728,R-CC,NO,0.0,False,,,
134,12,RSNA_6728,L-MLO,NO,0.0,False,,,
134,12,RSNA_6728,R-MLO,NO,0.0,False,,,
134,13,RSNA_6757,L-CC,NO,0.0,False,,,
134,13,RSNA_6757,R-CC,NO,0.0,False,,,
134,13,RSNA_6757,L-MLO,NO,0.0,False,,,
134,13,RSNA_6757,R-MLO,NO,0.0,False,,,
134,14,RSNA_6763,L-CC,NO,0.0,False,,,
134,14,RSNA_6763,R-CC,NO,0.0,False,,,
134,14,RSNA_6763,L-MLO,NO,0.0,False,,,
134,14,RSNA_6763,R-MLO,NO,0.0,False,,,
134,15,RSNA_6775,L-CC,NO,1328.0,True,YES,0.0,False
134,15,RSNA_6775,R-CC,NO,1317.0,True,YES,0.0,False
134,15,RSNA_6775,L-MLO,NO,1410.0,True,YES,0.0,False
134,15,RSNA_6775,R-MLO,NO,1274.0,True,YES,0.0,False
134,16,RSNA_6794,L-CC,NO,0.0,False,,,
134,16,RSNA_6794,R-CC,NO,0.0,False,,,
134,16,RSNA_6794,L-MLO,NO,0.0,False,,,
134,16,RSNA_6794,R-MLO,NO,0.0,False,,,
134,17,RSNA_6805,L-CC,NO,0.0,False,,,
134,17,RSNA_6805,R-CC,NO,0.0,False,,,
134,17,RSNA_6805,L-MLO,NO,0.0,False,,,
134,17,RSNA_6805,R-MLO,NO,0.0,False,,,
134,18,RSNA_6856,L-CC,NO,0.0,False,,,
134,18,RSNA_6856,R-CC,NO,0.0,False,,,
134,18,RSNA_6856,L-MLO,NO,0.0,False,,,
134,18,RSNA_6856,R-MLO,NO,0.0,False,,,
134,19,RSNA_6896,L-CC,NO,0.0,False,,,
134,19,RSNA_6896,R-CC,NO,0.0,False,,,
134,19,RSNA_6896,L-MLO,NO,0.0,False,,,
134,19,RSNA_6896,R-MLO,NO,0.0,False,,,
134,20,RSNA_6908,L-CC,NO,2006.0,True,YES,0.0,False
134,20,RSNA_6908,R-CC,NO,1975.0,True,YES,0.0,False
134,20,RSNA_6908,L-MLO,NO,1909.0,True,YES,0.0,False
134,20,RSNA_6908,R-MLO,NO,1874.0,True,YES,0.0,False
134,21,RSNA_6915,L-CC,NO,0.0,False,,,
134,21,RSNA_6915,R-CC,NO,0.0,False,,,
134,21,RSNA_6915,L-MLO,NO,0.0,False,,,
134,21,RSNA_6915,R-MLO,NO,0.0,False,,,
134,22,RSNA_6928,L-CC,NO,0.0,False,,,
134,22,RSNA_6928,R-CC,NO,0.0,False,,,
134,22,RSNA_6928,L-MLO,NO,0.0,False,,,
134,22,RSNA_6928,R-MLO,NO,0.0,False,,,
134,23,RSNA_6947,L-CC,NO,0.0,False,,,
134,23,RSNA_6947,R-CC,NO,0.0,False,,,
134,23,RSNA_6947,L-MLO,NO,0.0,False,,,
134,23,RSNA_6947,R-MLO,NO,0.0,False,,,
134,24,RSNA_6952,L-CC,NO,1499.0,True,YES,0.0,False
134,24,RSNA_6952,R-CC,NO,1612.0,True,YES,0.0,False
134,24,RSNA_6952,L-MLO,NO,1677.0,True,YES,0.0,False
134,24,RSNA_6952,R-MLO,NO,1641.0,True,YES,0.0,False
135,0,RSNA_6966,L-CC,NO,0.0,False,,,
135,0,RSNA_6966,R-CC,NO,0.0,False,,,
135,0,RSNA_6966,L-MLO,NO,0.0,False,,,
135,0,RSNA_6966,R-MLO,NO,0.0,False,,,
135,1,RSNA_6972,L-CC,NO,0.0,False,,,
135,1,RSNA_6972,R-CC,NO,0.0,False,,,
135,1,RSNA_6972,L-MLO,NO,0.0,False,,,
135,1,RSNA_6972,R-MLO,NO,0.0,False,,,
135,2,RSNA_6977,L-CC,NO,0.0,False,,,
135,2,RSNA_6977,R-CC,NO,0.0,False,,,
135,2,RSNA_6977,L-MLO,NO,0.0,False,,,
135,2,RSNA_6977,R-MLO,NO,0.0,False,,,
135,3,RSNA_6986,L-CC,NO,0.0,False,,,
135,3,RSNA_6986,R-CC,NO,0.0,False,,,
135,3,RSNA_6986,L-MLO,NO,0.0,False,,,
135,3,RSNA_6986,R-MLO,NO,0.0,False,,,
135,4,RSNA_6993,L-CC,NO,0.0,False,,,
135,4,RSNA_6993,R-CC,NO,0.0,False,,,
135,4,RSNA_6993,L-MLO,NO,0.0,False,,,
135,4,RSNA_6993,R-MLO,NO,0.0,False,,,
135,5,RSNA_6995,L-CC,NO,0.0,False,,,
135,5,RSNA_6995,R-CC,NO,0.0,False,,,
135,5,RSNA_6995,L-MLO,NO,0.0,False,,,
135,5,RSNA_6995,R-MLO,NO,0.0,False,,,
135,6,RSNA_7021,L-CC,NO,0.0,False,,,
135,6,RSNA_7021,R-CC,NO,0.0,False,,,
135,6,RSNA_7021,L-MLO,NO,0.0,False,,,
135,6,RSNA_7021,R-MLO,NO,0.0,False,,,
135,7,RSNA_7024,L-CC,NO,0.0,False,,,
135,7,RSNA_7024,R-CC,NO,0.0,False,,,
135,7,RSNA_7024,L-MLO,NO,0.0,False,,,
135,7,RSNA_7024,R-MLO,NO,0.0,False,,,
135,8,RSNA_7028,L-CC,NO,0.0,False,,,
135,8,RSNA_7028,R-CC,NO,0.0,False,,,
135,8,RSNA_7028,L-MLO,NO,0.0,False,,,
135,8,RSNA_7028,R-MLO,NO,0.0,False,,,
135,9,RSNA_7034,L-CC,NO,0.0,False,,,
135,9,RSNA_7034,R-CC,NO,0.0,False,,,
135,9,RSNA_7034,L-MLO,NO,0.0,False,,,
135,9,RSNA_7034,R-MLO,NO,0.0,False,,,
135,10,RSNA_7042,L-CC,NO,0.0,False,,,
135,10,RSNA_7042,R-CC,NO,0.0,False,,,
135,10,RSNA_7042,L-MLO,NO,0.0,False,,,
135,10,RSNA_7042,R-MLO,NO,0.0,False,,,
135,11,RSNA_7054,L-CC,NO,0.0,False,,,
135,11,RSNA_7054,R-CC,NO,0.0,False,,,
135,11,RSNA_7054,L-MLO,NO,0.0,False,,,
135,11,RSNA_7054,R-MLO,NO,0.0,False,,,
135,12,RSNA_7055,L-CC,NO,1487.0,True,YES,0.0,False
135,12,RSNA_7055,R-CC,NO,1557.0,True,YES,0.0,False
135,12,RSNA_7055,L-MLO,NO,1381.0,True,YES,0.0,False
135,12,RSNA_7055,R-MLO,NO,1326.0,True,YES,0.0,False
135,13,RSNA_7058,L-CC,NO,0.0,False,,,
135,13,RSNA_7058,R-CC,NO,0.0,False,,,
135,13,RSNA_7058,L-MLO,NO,0.0,False,,,
135,13,RSNA_7058,R-MLO,NO,0.0,False,,,
135,14,RSNA_7065,L-CC,NO,0.0,False,,,
135,14,RSNA_7065,R-CC,NO,0.0,False,,,
135,14,RSNA_7065,L-MLO,NO,0.0,False,,,
135,14,RSNA_7065,R-MLO,NO,0.0,False,,,
135,15,RSNA_7096,L-CC,NO,1466.0,True,YES,0.0,False
135,15,RSNA_7096,R-CC,NO,1468.0,True,YES,0.0,False
135,15,RSNA_7096,L-MLO,NO,1181.0,True,YES,0.0,False
135,15,RSNA_7096,R-MLO,NO,1130.0,True,YES,0.0,False
135,16,RSNA_7135,L-CC,NO,0.0,False,,,
135,16,RSNA_7135,R-CC,NO,0.0,False,,,
135,16,RSNA_7135,L-MLO,NO,0.0,False,,,
135,16,RSNA_7135,R-MLO,NO,0.0,False,,,
135,17,RSNA_7151,L-CC,NO,795.0,True,YES,0.0,False
135,17,RSNA_7151,R-CC,NO,775.0,True,YES,0.0,False
135,17,RSNA_7151,L-MLO,NO,629.0,True,YES,0.0,False
135,17,RSNA_7151,R-MLO,NO,564.0,True,YES,0.0,False
135,18,RSNA_7157,L-CC,NO,0.0,False,,,
135,18,RSNA_7157,R-CC,NO,0.0,False,,,
135,18,RSNA_7157,L-MLO,NO,0.0,False,,,
135,18,RSNA_7157,R-MLO,NO,0.0,False,,,
135,19,RSNA_7173,L-CC,NO,1727.0,True,YES,0.0,False
135,19,RSNA_7173,R-CC,NO,915.0,True,YES,0.0,False
135,19,RSNA_7173,L-MLO,NO,710.0,True,YES,0.0,False
135,19,RSNA_7173,R-MLO,NO,632.0,True,YES,0.0,False
135,20,RSNA_7175,L-CC,NO,1424.0,True,YES,0.0,False
135,20,RSNA_7175,R-CC,NO,1589.0,True,YES,0.0,False
135,20,RSNA_7175,L-MLO,NO,1240.0,True,YES,0.0,False
135,20,RSNA_7175,R-MLO,NO,1427.0,True,YES,0.0,False
135,21,RSNA_72,L-CC,NO,548.0,True,YES,0.0,False
135,21,RSNA_72,R-CC,NO,300.0,True,YES,0.0,False
135,21,RSNA_72,L-MLO,NO,414.0,True,YES,0.0,False
135,21,RSNA_72,R-MLO,NO,562.0,True,YES,0.0,False
135,22,RSNA_720,L-CC,NO,0.0,False,,,
135,22,RSNA_720,R-CC,NO,0.0,False,,,
135,22,RSNA_720,L-MLO,NO,0.0,False,,,
135,22,RSNA_720,R-MLO,NO,0.0,False,,,
135,23,RSNA_7212,L-CC,NO,1187.0,True,YES,0.0,False
135,23,RSNA_7212,R-CC,NO,1234.0,True,YES,0.0,False
135,23,RSNA_7212,L-MLO,NO,1149.0,True,YES,0.0,False
135,23,RSNA_7212,R-MLO,NO,1229.0,True,YES,0.0,False
135,24,RSNA_7220,L-CC,NO,0.0,False,,,
135,24,RSNA_7220,R-CC,NO,0.0,False,,,
135,24,RSNA_7220,L-MLO,NO,0.0,False,,,
135,24,RSNA_7220,R-MLO,NO,0.0,False,,,
136,0,RSNA_7232,L-CC,NO,0.0,False,,,
136,0,RSNA_7232,R-CC,NO,0.0,False,,,
136,0,RSNA_7232,L-MLO,NO,0.0,False,,,
136,0,RSNA_7232,R-MLO,NO,0.0,False,,,
136,1,RSNA_7266,L-CC,NO,0.0,False,,,
136,1,RSNA_7266,R-CC,NO,0.0,False,,,
136,1,RSNA_7266,L-MLO,NO,0.0,False,,,
136,1,RSNA_7266,R-MLO,NO,0.0,False,,,
136,2,RSNA_7269,L-CC,NO,0.0,False,,,
136,2,RSNA_7269,R-CC,NO,0.0,False,,,
136,2,RSNA_7269,L-MLO,NO,0.0,False,,,
136,2,RSNA_7269,R-MLO,NO,0.0,False,,,
136,3,RSNA_7288,L-CC,NO,0.0,False,,,
136,3,RSNA_7288,R-CC,NO,0.0,False,,,
136,3,RSNA_7288,L-MLO,NO,0.0,False,,,
136,3,RSNA_7288,R-MLO,NO,0.0,False,,,
136,4,RSNA_7351,L-CC,NO,0.0,False,,,
136,4,RSNA_7351,R-CC,NO,0.0,False,,,
136,4,RSNA_7351,L-MLO,NO,0.0,False,,,
136,4,RSNA_7351,R-MLO,NO,0.0,False,,,
136,5,RSNA_7382,L-CC,NO,0.0,False,,,
136,5,RSNA_7382,R-CC,NO,0.0,False,,,
136,5,RSNA_7382,L-MLO,NO,0.0,False,,,
136,5,RSNA_7382,R-MLO,NO,0.0,False,,,
136,6,RSNA_7396,L-CC,NO,1607.0,True,YES,0.0,False
136,6,RSNA_7396,R-CC,NO,1556.0,True,YES,0.0,False
136,6,RSNA_7396,L-MLO,NO,1446.0,True,YES,0.0,False
136,6,RSNA_7396,R-MLO,NO,1441.0,True,YES,0.0,False
136,7,RSNA_7399,L-CC,NO,1415.0,True,YES,0.0,False
136,7,RSNA_7399,R-CC,NO,1472.0,True,YES,0.0,False
136,7,RSNA_7399,L-MLO,NO,1277.0,True,YES,0.0,False
136,7,RSNA_7399,R-MLO,NO,1361.0,True,YES,0.0,False
136,8,RSNA_7400,L-CC,NO,0.0,False,,,
136,8,RSNA_7400,R-CC,NO,0.0,False,,,
136,8,RSNA_7400,L-MLO,NO,0.0,False,,,
136,8,RSNA_7400,R-MLO,NO,0.0,False,,,
136,9,RSNA_7469,L-CC,NO,0.0,False,,,
136,9,RSNA_7469,R-CC,NO,0.0,False,,,
136,9,RSNA_7469,L-MLO,NO,0.0,False,,,
136,9,RSNA_7469,R-MLO,NO,0.0,False,,,
136,10,RSNA_7485,L-CC,NO,1496.0,True,YES,0.0,False
136,10,RSNA_7485,R-CC,NO,1580.0,True,YES,0.0,False
136,10,RSNA_7485,L-MLO,NO,1455.0,True,YES,0.0,False
136,10,RSNA_7485,R-MLO,NO,1376.0,True,YES,0.0,False
136,11,RSNA_7512,L-CC,NO,1136.0,True,YES,0.0,False
136,11,RSNA_7512,R-CC,NO,767.0,True,YES,0.0,False
136,11,RSNA_7512,L-MLO,NO,1300.0,True,YES,0.0,False
136,11,RSNA_7512,R-MLO,NO,766.0,True,YES,0.0,False
136,12,RSNA_7541,L-CC,NO,1151.0,True,YES,0.0,False
136,12,RSNA_7541,R-CC,NO,1336.0,True,YES,0.0,False
136,12,RSNA_7541,L-MLO,NO,909.0,True,YES,0.0,False
136,12,RSNA_7541,R-MLO,NO,1014.0,True,YES,0.0,False
136,13,RSNA_7543,L-CC,NO,0.0,False,,,
136,13,RSNA_7543,R-CC,NO,0.0,False,,,
136,13,RSNA_7543,L-MLO,NO,0.0,False,,,
136,13,RSNA_7543,R-MLO,NO,0.0,False,,,
136,14,RSNA_7552,L-CC,NO,865.0,True,YES,0.0,False
136,14,RSNA_7552,R-CC,NO,728.0,True,YES,0.0,False
136,14,RSNA_7552,L-MLO,NO,791.0,True,YES,0.0,False
136,14,RSNA_7552,R-MLO,NO,713.0,True,YES,0.0,False
136,15,RSNA_7554,L-CC,NO,0.0,False,,,
136,15,RSNA_7554,R-CC,NO,0.0,False,,,
136,15,RSNA_7554,L-MLO,NO,0.0,False,,,
136,15,RSNA_7554,R-MLO,NO,0.0,False,,,
136,16,RSNA_757,L-CC,NO,0.0,False,,,
136,16,RSNA_757,R-CC,NO,0.0,False,,,
136,16,RSNA_757,L-MLO,NO,0.0,False,,,
136,16,RSNA_757,R-MLO,NO,0.0,False,,,
136,17,RSNA_7572,L-CC,NO,0.0,False,,,
136,17,RSNA_7572,R-CC,NO,0.0,False,,,
136,17,RSNA_7572,L-MLO,NO,0.0,False,,,
136,17,RSNA_7572,R-MLO,NO,0.0,False,,,
136,18,RSNA_7591,L-CC,NO,0.0,False,,,
136,18,RSNA_7591,R-CC,NO,0.0,False,,,
136,18,RSNA_7591,L-MLO,NO,0.0,False,,,
136,18,RSNA_7591,R-MLO,NO,0.0,False,,,
136,19,RSNA_7601,L-CC,NO,0.0,False,,,
136,19,RSNA_7601,R-CC,NO,0.0,False,,,
136,19,RSNA_7601,L-MLO,NO,0.0,False,,,
136,19,RSNA_7601,R-MLO,NO,0.0,False,,,
136,20,RSNA_7633,L-CC,NO,0.0,False,,,
136,20,RSNA_7633,R-CC,NO,0.0,False,,,
136,20,RSNA_7633,L-MLO,NO,0.0,False,,,
136,20,RSNA_7633,R-MLO,NO,0.0,False,,,
136,21,RSNA_7638,L-CC,NO,0.0,False,,,
136,21,RSNA_7638,R-CC,NO,0.0,False,,,
136,21,RSNA_7638,L-MLO,NO,0.0,False,,,
136,21,RSNA_7638,R-MLO,NO,0.0,False,,,
136,22,RSNA_7658,L-CC,NO,0.0,False,,,
136,22,RSNA_7658,R-CC,NO,0.0,False,,,
136,22,RSNA_7658,L-MLO,NO,0.0,False,,,
136,22,RSNA_7658,R-MLO,NO,0.0,False,,,
136,23,RSNA_7670,L-CC,NO,0.0,False,,,
136,23,RSNA_7670,R-CC,NO,0.0,False,,,
136,23,RSNA_7670,L-MLO,NO,0.0,False,,,
136,23,RSNA_7670,R-MLO,NO,0.0,False,,,
136,24,RSNA_7732,L-CC,NO,0.0,False,,,
136,24,RSNA_7732,R-CC,NO,0.0,False,,,
136,24,RSNA_7732,L-MLO,NO,0.0,False,,,
136,24,RSNA_7732,R-MLO,NO,0.0,False,,,
137,0,RSNA_7733,L-CC,NO,0.0,False,,,
137,0,RSNA_7733,R-CC,NO,0.0,False,,,
137,0,RSNA_7733,L-MLO,NO,0.0,False,,,
137,0,RSNA_7733,R-MLO,NO,0.0,False,,,
137,1,RSNA_7736,L-CC,NO,0.0,False,,,
137,1,RSNA_7736,R-CC,NO,0.0,False,,,
137,1,RSNA_7736,L-MLO,NO,0.0,False,,,
137,1,RSNA_7736,R-MLO,NO,0.0,False,,,
137,2,RSNA_7747,L-CC,NO,0.0,False,,,
137,2,RSNA_7747,R-CC,NO,0.0,False,,,
137,2,RSNA_7747,L-MLO,NO,0.0,False,,,
137,2,RSNA_7747,R-MLO,NO,0.0,False,,,
137,3,RSNA_7750,L-CC,NO,0.0,False,,,
137,3,RSNA_7750,R-CC,NO,0.0,False,,,
137,3,RSNA_7750,L-MLO,NO,0.0,False,,,
137,3,RSNA_7750,R-MLO,NO,0.0,False,,,
137,4,RSNA_7755,L-CC,NO,1615.0,True,YES,0.0,False
137,4,RSNA_7755,R-CC,NO,1688.0,True,YES,0.0,False
137,4,RSNA_7755,L-MLO,NO,1623.0,True,YES,0.0,False
137,4,RSNA_7755,R-MLO,NO,1722.0,True,YES,0.0,False
137,5,RSNA_7776,L-CC,NO,1400.0,True,YES,0.0,False
137,5,RSNA_7776,R-CC,NO,1427.0,True,YES,0.0,False
137,5,RSNA_7776,L-MLO,NO,1062.0,True,YES,0.0,False
137,5,RSNA_7776,R-MLO,NO,1184.0,True,YES,0.0,False
137,6,RSNA_7833,L-CC,NO,0.0,False,,,
137,6,RSNA_7833,R-CC,NO,0.0,False,,,
137,6,RSNA_7833,L-MLO,NO,0.0,False,,,
137,6,RSNA_7833,R-MLO,NO,0.0,False,,,
137,7,RSNA_7837,L-CC,NO,0.0,False,,,
137,7,RSNA_7837,R-CC,NO,0.0,False,,,
137,7,RSNA_7837,L-MLO,NO,0.0,False,,,
137,7,RSNA_7837,R-MLO,NO,0.0,False,,,
137,8,RSNA_7891,L-CC,NO,0.0,False,,,
137,8,RSNA_7891,R-CC,NO,0.0,False,,,
137,8,RSNA_7891,L-MLO,NO,0.0,False,,,
137,8,RSNA_7891,R-MLO,NO,0.0,False,,,
137,9,RSNA_7900,L-CC,NO,475.0,True,YES,0.0,False
137,9,RSNA_7900,R-CC,NO,488.0,True,YES,0.0,False
137,9,RSNA_7900,L-MLO,NO,252.0,True,YES,0.0,False
137,9,RSNA_7900,R-MLO,NO,366.0,True,YES,0.0,False
137,10,RSNA_7921,L-CC,NO,0.0,False,,,
137,10,RSNA_7921,R-CC,NO,0.0,False,,,
137,10,RSNA_7921,L-MLO,NO,0.0,False,,,
137,10,RSNA_7921,R-MLO,NO,0.0,False,,,
137,11,RSNA_7925,L-CC,NO,0.0,False,,,
137,11,RSNA_7925,R-CC,NO,0.0,False,,,
137,11,RSNA_7925,L-MLO,NO,0.0,False,,,
137,11,RSNA_7925,R-MLO,NO,0.0,False,,,
137,12,RSNA_7927,L-CC,NO,0.0,False,,,
137,12,RSNA_7927,R-CC,NO,0.0,False,,,
137,12,RSNA_7927,L-MLO,NO,0.0,False,,,
137,12,RSNA_7927,R-MLO,NO,0.0,False,,,
137,13,RSNA_7974,L-CC,NO,0.0,False,,,
137,13,RSNA_7974,R-CC,NO,0.0,False,,,
137,13,RSNA_7974,L-MLO,NO,0.0,False,,,
137,13,RSNA_7974,R-MLO,NO,0.0,False,,,
137,14,RSNA_7984,L-CC,NO,0.0,False,,,
137,14,RSNA_7984,R-CC,NO,0.0,False,,,
137,14,RSNA_7984,L-MLO,NO,0.0,False,,,
137,14,RSNA_7984,R-MLO,NO,0.0,False,,,
137,15,RSNA_8018,L-CC,NO,0.0,False,,,
137,15,RSNA_8018,R-CC,NO,0.0,False,,,
137,15,RSNA_8018,L-MLO,NO,0.0,False,,,
137,15,RSNA_8018,R-MLO,NO,0.0,False,,,
137,16,RSNA_8041,L-CC,NO,0.0,False,,,
137,16,RSNA_8041,R-CC,NO,0.0,False,,,
137,16,RSNA_8041,L-MLO,NO,0.0,False,,,
137,16,RSNA_8041,R-MLO,NO,0.0,False,,,
137,17,RSNA_8053,L-CC,NO,0.0,False,,,
137,17,RSNA_8053,R-CC,NO,0.0,False,,,
137,17,RSNA_8053,L-MLO,NO,0.0,False,,,
137,17,RSNA_8053,R-MLO,NO,0.0,False,,,
137,18,RSNA_806,L-CC,NO,0.0,False,,,
137,18,RSNA_806,R-CC,NO,0.0,False,,,
137,18,RSNA_806,L-MLO,NO,0.0,False,,,
137,18,RSNA_806,R-MLO,NO,0.0,False,,,
137,19,RSNA_8066,L-CC,NO,0.0,False,,,
137,19,RSNA_8066,R-CC,NO,0.0,False,,,
137,19,RSNA_8066,L-MLO,NO,0.0,False,,,
137,19,RSNA_8066,R-MLO,NO,0.0,False,,,
137,20,RSNA_8077,L-CC,NO,0.0,False,,,
137,20,RSNA_8077,R-CC,NO,0.0,False,,,
137,20,RSNA_8077,L-MLO,NO,0.0,False,,,
137,20,RSNA_8077,R-MLO,NO,0.0,False,,,
137,21,RSNA_8093,L-CC,NO,0.0,False,,,
137,21,RSNA_8093,R-CC,NO,0.0,False,,,
137,21,RSNA_8093,L-MLO,NO,0.0,False,,,
137,21,RSNA_8093,R-MLO,NO,0.0,False,,,
137,22,RSNA_8094,L-CC,NO,0.0,False,,,
137,22,RSNA_8094,R-CC,NO,0.0,False,,,
137,22,RSNA_8094,L-MLO,NO,0.0,False,,,
137,22,RSNA_8094,R-MLO,NO,0.0,False,,,
137,23,RSNA_8098,L-CC,NO,0.0,False,,,
137,23,RSNA_8098,R-CC,NO,0.0,False,,,
137,23,RSNA_8098,L-MLO,NO,0.0,False,,,
137,23,RSNA_8098,R-MLO,NO,0.0,False,,,
137,24,RSNA_8142,L-CC,NO,0.0,False,,,
137,24,RSNA_8142,R-CC,NO,0.0,False,,,
137,24,RSNA_8142,L-MLO,NO,0.0,False,,,
137,24,RSNA_8142,R-MLO,NO,0.0,False,,,
138,0,RSNA_8207,L-CC,NO,1089.0,True,YES,0.0,False
138,0,RSNA_8207,R-CC,NO,1261.0,True,YES,0.0,False
138,0,RSNA_8207,L-MLO,NO,1133.0,True,YES,0.0,False
138,0,RSNA_8207,R-MLO,NO,1173.0,True,YES,0.0,False
138,1,RSNA_8214,L-CC,NO,0.0,False,,,
138,1,RSNA_8214,R-CC,NO,0.0,False,,,
138,1,RSNA_8214,L-MLO,NO,0.0,False,,,
138,1,RSNA_8214,R-MLO,NO,0.0,False,,,
138,2,RSNA_8218,L-CC,NO,1995.0,True,YES,0.0,False
138,2,RSNA_8218,R-CC,NO,2060.0,True,YES,0.0,False
138,2,RSNA_8218,L-MLO,NO,1828.0,True,YES,0.0,False
138,2,RSNA_8218,R-MLO,NO,1965.0,True,YES,0.0,False
138,3,RSNA_822,L-CC,NO,0.0,False,,,
138,3,RSNA_822,R-CC,NO,0.0,False,,,
138,3,RSNA_822,L-MLO,NO,0.0,False,,,
138,3,RSNA_822,R-MLO,NO,0.0,False,,,
138,4,RSNA_826,L-CC,NO,0.0,False,,,
138,4,RSNA_826,R-CC,NO,0.0,False,,,
138,4,RSNA_826,L-MLO,NO,0.0,False,,,
138,4,RSNA_826,R-MLO,NO,0.0,False,,,
138,5,RSNA_8260,L-CC,NO,0.0,False,,,
138,5,RSNA_8260,R-CC,NO,0.0,False,,,
138,5,RSNA_8260,L-MLO,NO,0.0,False,,,
138,5,RSNA_8260,R-MLO,NO,0.0,False,,,
138,6,RSNA_8269,L-CC,NO,0.0,False,,,
138,6,RSNA_8269,R-CC,NO,0.0,False,,,
138,6,RSNA_8269,L-MLO,NO,0.0,False,,,
138,6,RSNA_8269,R-MLO,NO,0.0,False,,,
138,7,RSNA_8289,L-CC,NO,0.0,False,,,
138,7,RSNA_8289,R-CC,NO,0.0,False,,,
138,7,RSNA_8289,L-MLO,NO,0.0,False,,,
138,7,RSNA_8289,R-MLO,NO,0.0,False,,,
138,8,RSNA_8294,L-CC,NO,0.0,False,,,
138,8,RSNA_8294,R-CC,NO,0.0,False,,,
138,8,RSNA_8294,L-MLO,NO,0.0,False,,,
138,8,RSNA_8294,R-MLO,NO,0.0,False,,,
138,9,RSNA_8297,L-CC,NO,0.0,False,,,
138,9,RSNA_8297,R-CC,NO,0.0,False,,,
138,9,RSNA_8297,L-MLO,NO,0.0,False,,,
138,9,RSNA_8297,R-MLO,NO,0.0,False,,,
138,10,RSNA_8299,L-CC,NO,0.0,False,,,
138,10,RSNA_8299,R-CC,NO,0.0,False,,,
138,10,RSNA_8299,L-MLO,NO,0.0,False,,,
138,10,RSNA_8299,R-MLO,NO,0.0,False,,,
138,11,RSNA_8325,L-CC,NO,544.0,True,YES,0.0,False
138,11,RSNA_8325,R-CC,NO,1279.0,True,YES,0.0,False
138,11,RSNA_8325,L-MLO,NO,446.0,True,YES,0.0,False
138,11,RSNA_8325,R-MLO,NO,849.0,True,YES,0.0,False
138,12,RSNA_8331,L-CC,NO,0.0,False,,,
138,12,RSNA_8331,R-CC,NO,0.0,False,,,
138,12,RSNA_8331,L-MLO,NO,0.0,False,,,
138,12,RSNA_8331,R-MLO,NO,0.0,False,,,
138,13,RSNA_8350,L-CC,NO,0.0,False,,,
138,13,RSNA_8350,R-CC,NO,0.0,False,,,
138,13,RSNA_8350,L-MLO,NO,0.0,False,,,
138,13,RSNA_8350,R-MLO,NO,0.0,False,,,
138,14,RSNA_8376,L-CC,NO,1336.0,True,YES,0.0,False
138,14,RSNA_8376,R-CC,NO,1911.0,True,YES,0.0,False
138,14,RSNA_8376,L-MLO,NO,1667.0,True,YES,0.0,False
138,14,RSNA_8376,R-MLO,NO,1239.0,True,YES,0.0,False
138,15,RSNA_8403,L-CC,NO,0.0,False,,,
138,15,RSNA_8403,R-CC,NO,0.0,False,,,
138,15,RSNA_8403,L-MLO,NO,0.0,False,,,
138,15,RSNA_8403,R-MLO,NO,0.0,False,,,
138,16,RSNA_8415,L-CC,NO,0.0,False,,,
138,16,RSNA_8415,R-CC,NO,0.0,False,,,
138,16,RSNA_8415,L-MLO,NO,0.0,False,,,
138,16,RSNA_8415,R-MLO,NO,0.0,False,,,
138,17,RSNA_8421,L-CC,NO,0.0,False,,,
138,17,RSNA_8421,R-CC,NO,0.0,False,,,
138,17,RSNA_8421,L-MLO,NO,0.0,False,,,
138,17,RSNA_8421,R-MLO,NO,250.0,True,,,
138,18,RSNA_8439,L-CC,NO,0.0,False,,,
138,18,RSNA_8439,R-CC,NO,0.0,False,,,
138,18,RSNA_8439,L-MLO,NO,0.0,False,,,
138,18,RSNA_8439,R-MLO,NO,0.0,False,,,
138,19,RSNA_8445,L-CC,NO,0.0,False,,,
138,19,RSNA_8445,R-CC,NO,0.0,False,,,
138,19,RSNA_8445,L-MLO,NO,0.0,False,,,
138,19,RSNA_8445,R-MLO,NO,0.0,False,,,
138,20,RSNA_8449,L-CC,NO,0.0,False,,,
138,20,RSNA_8449,R-CC,NO,0.0,False,,,
138,20,RSNA_8449,L-MLO,NO,0.0,False,,,
138,20,RSNA_8449,R-MLO,NO,0.0,False,,,
138,21,RSNA_8469,L-CC,NO,0.0,False,,,
138,21,RSNA_8469,R-CC,NO,0.0,False,,,
138,21,RSNA_8469,L-MLO,NO,0.0,False,,,
138,21,RSNA_8469,R-MLO,NO,0.0,False,,,
138,22,RSNA_8516,L-CC,NO,0.0,False,,,
138,22,RSNA_8516,R-CC,NO,0.0,False,,,
138,22,RSNA_8516,L-MLO,NO,0.0,False,,,
138,22,RSNA_8516,R-MLO,NO,0.0,False,,,
138,23,RSNA_8518,L-CC,NO,0.0,False,,,
138,23,RSNA_8518,R-CC,NO,0.0,False,,,
138,23,RSNA_8518,L-MLO,NO,0.0,False,,,
138,23,RSNA_8518,R-MLO,NO,0.0,False,,,
138,24,RSNA_8570,L-CC,NO,0.0,False,,,
138,24,RSNA_8570,R-CC,NO,0.0,False,,,
138,24,RSNA_8570,L-MLO,NO,0.0,False,,,
138,24,RSNA_8570,R-MLO,NO,0.0,False,,,
139,0,RSNA_8582,L-CC,NO,0.0,False,,,
139,0,RSNA_8582,R-CC,NO,0.0,False,,,
139,0,RSNA_8582,L-MLO,NO,0.0,False,,,
139,0,RSNA_8582,R-MLO,NO,0.0,False,,,
139,1,RSNA_8583,L-CC,NO,0.0,False,,,
139,1,RSNA_8583,R-CC,NO,0.0,False,,,
139,1,RSNA_8583,L-MLO,NO,0.0,False,,,
139,1,RSNA_8583,R-MLO,NO,0.0,False,,,
139,2,RSNA_8606,L-CC,NO,0.0,False,,,
139,2,RSNA_8606,R-CC,NO,0.0,False,,,
139,2,RSNA_8606,L-MLO,NO,0.0,False,,,
139,2,RSNA_8606,R-MLO,NO,0.0,False,,,
139,3,RSNA_8610,L-CC,NO,0.0,False,,,
139,3,RSNA_8610,R-CC,NO,0.0,False,,,
139,3,RSNA_8610,L-MLO,NO,0.0,False,,,
139,3,RSNA_8610,R-MLO,NO,0.0,False,,,
139,4,RSNA_8612,L-CC,NO,0.0,False,,,
139,4,RSNA_8612,R-CC,NO,0.0,False,,,
139,4,RSNA_8612,L-MLO,NO,0.0,False,,,
139,4,RSNA_8612,R-MLO,NO,0.0,False,,,
139,5,RSNA_8618,L-CC,NO,0.0,False,,,
139,5,RSNA_8618,R-CC,NO,0.0,False,,,
139,5,RSNA_8618,L-MLO,NO,0.0,False,,,
139,5,RSNA_8618,R-MLO,NO,0.0,False,,,
139,6,RSNA_862,L-CC,NO,1627.0,True,YES,0.0,False
139,6,RSNA_862,R-CC,NO,1596.0,True,YES,0.0,False
139,6,RSNA_862,L-MLO,NO,1673.0,True,YES,0.0,False
139,6,RSNA_862,R-MLO,NO,1541.0,True,YES,0.0,False
139,7,RSNA_8631,L-CC,NO,0.0,False,,,
139,7,RSNA_8631,R-CC,NO,0.0,False,,,
139,7,RSNA_8631,L-MLO,NO,0.0,False,,,
139,7,RSNA_8631,R-MLO,NO,0.0,False,,,
139,8,RSNA_8633,L-CC,NO,0.0,False,,,
139,8,RSNA_8633,R-CC,NO,0.0,False,,,
139,8,RSNA_8633,L-MLO,NO,0.0,False,,,
139,8,RSNA_8633,R-MLO,NO,0.0,False,,,
139,9,RSNA_8642,L-CC,NO,0.0,False,,,
139,9,RSNA_8642,R-CC,NO,0.0,False,,,
139,9,RSNA_8642,L-MLO,NO,0.0,False,,,
139,9,RSNA_8642,R-MLO,NO,0.0,False,,,
139,10,RSNA_8669,L-CC,NO,0.0,False,,,
139,10,RSNA_8669,R-CC,NO,0.0,False,,,
139,10,RSNA_8669,L-MLO,NO,0.0,False,,,
139,10,RSNA_8669,R-MLO,NO,0.0,False,,,
139,11,RSNA_8687,L-CC,NO,0.0,False,,,
139,11,RSNA_8687,R-CC,NO,0.0,False,,,
139,11,RSNA_8687,L-MLO,NO,0.0,False,,,
139,11,RSNA_8687,R-MLO,NO,0.0,False,,,
139,12,RSNA_87,L-CC,NO,0.0,False,,,
139,12,RSNA_87,R-CC,NO,0.0,False,,,
139,12,RSNA_87,L-MLO,NO,0.0,False,,,
139,12,RSNA_87,R-MLO,NO,0.0,False,,,
139,13,RSNA_8717,L-CC,NO,0.0,False,,,
139,13,RSNA_8717,R-CC,NO,0.0,False,,,
139,13,RSNA_8717,L-MLO,NO,0.0,False,,,
139,13,RSNA_8717,R-MLO,NO,0.0,False,,,
139,14,RSNA_8726,L-CC,NO,0.0,False,,,
139,14,RSNA_8726,R-CC,NO,0.0,False,,,
139,14,RSNA_8726,L-MLO,NO,0.0,False,,,
139,14,RSNA_8726,R-MLO,NO,0.0,False,,,
139,15,RSNA_8728,L-CC,NO,0.0,False,,,
139,15,RSNA_8728,R-CC,NO,0.0,False,,,
139,15,RSNA_8728,L-MLO,NO,0.0,False,,,
139,15,RSNA_8728,R-MLO,NO,0.0,False,,,
139,16,RSNA_8732,L-CC,NO,0.0,False,,,
139,16,RSNA_8732,R-CC,NO,0.0,False,,,
139,16,RSNA_8732,L-MLO,NO,0.0,False,,,
139,16,RSNA_8732,R-MLO,NO,0.0,False,,,
139,17,RSNA_8734,L-CC,NO,0.0,False,,,
139,17,RSNA_8734,R-CC,NO,0.0,False,,,
139,17,RSNA_8734,L-MLO,NO,0.0,False,,,
139,17,RSNA_8734,R-MLO,NO,0.0,False,,,
139,18,RSNA_8739,L-CC,NO,0.0,False,,,
139,18,RSNA_8739,R-CC,NO,0.0,False,,,
139,18,RSNA_8739,L-MLO,NO,0.0,False,,,
139,18,RSNA_8739,R-MLO,NO,0.0,False,,,
139,19,RSNA_8742,L-CC,NO,0.0,False,,,
139,19,RSNA_8742,R-CC,NO,0.0,False,,,
139,19,RSNA_8742,L-MLO,NO,0.0,False,,,
139,19,RSNA_8742,R-MLO,NO,0.0,False,,,
139,20,RSNA_8790,L-CC,NO,0.0,False,,,
139,20,RSNA_8790,R-CC,NO,0.0,False,,,
139,20,RSNA_8790,L-MLO,NO,0.0,False,,,
139,20,RSNA_8790,R-MLO,NO,0.0,False,,,
139,21,RSNA_882,L-CC,NO,0.0,False,,,
139,21,RSNA_882,R-CC,NO,0.0,False,,,
139,21,RSNA_882,L-MLO,NO,0.0,False,,,
139,21,RSNA_882,R-MLO,NO,0.0,False,,,
139,22,RSNA_8823,L-CC,NO,0.0,False,,,
139,22,RSNA_8823,R-CC,NO,0.0,False,,,
139,22,RSNA_8823,L-MLO,NO,0.0,False,,,
139,22,RSNA_8823,R-MLO,NO,0.0,False,,,
139,23,RSNA_8842,L-CC,NO,0.0,False,,,
139,23,RSNA_8842,R-CC,NO,0.0,False,,,
139,23,RSNA_8842,L-MLO,NO,0.0,False,,,
139,23,RSNA_8842,R-MLO,NO,0.0,False,,,
139,24,RSNA_8858,L-CC,NO,0.0,False,,,
139,24,RSNA_8858,R-CC,NO,0.0,False,,,
139,24,RSNA_8858,L-MLO,NO,0.0,False,,,
139,24,RSNA_8858,R-MLO,NO,0.0,False,,,
140,0,RSNA_8863,L-CC,NO,0.0,False,,,
140,0,RSNA_8863,R-CC,NO,0.0,False,,,
140,0,RSNA_8863,L-MLO,NO,0.0,False,,,
140,0,RSNA_8863,R-MLO,NO,0.0,False,,,
140,1,RSNA_8872,L-CC,NO,0.0,False,,,
140,1,RSNA_8872,R-CC,NO,0.0,False,,,
140,1,RSNA_8872,L-MLO,NO,0.0,False,,,
140,1,RSNA_8872,R-MLO,NO,0.0,False,,,
140,2,RSNA_8935,L-CC,NO,0.0,False,,,
140,2,RSNA_8935,R-CC,NO,0.0,False,,,
140,2,RSNA_8935,L-MLO,NO,0.0,False,,,
140,2,RSNA_8935,R-MLO,NO,0.0,False,,,
140,3,RSNA_8939,L-CC,NO,0.0,False,,,
140,3,RSNA_8939,R-CC,NO,0.0,False,,,
140,3,RSNA_8939,L-MLO,NO,0.0,False,,,
140,3,RSNA_8939,R-MLO,NO,0.0,False,,,
140,4,RSNA_8987,L-CC,NO,0.0,False,,,
140,4,RSNA_8987,R-CC,NO,0.0,False,,,
140,4,RSNA_8987,L-MLO,NO,0.0,False,,,
140,4,RSNA_8987,R-MLO,NO,0.0,False,,,
140,5,RSNA_9005,L-CC,NO,0.0,False,,,
140,5,RSNA_9005,R-CC,NO,0.0,False,,,
140,5,RSNA_9005,L-MLO,NO,0.0,False,,,
140,5,RSNA_9005,R-MLO,NO,0.0,False,,,
140,6,RSNA_9010,L-CC,NO,0.0,False,,,
140,6,RSNA_9010,R-CC,NO,0.0,False,,,
140,6,RSNA_9010,L-MLO,NO,0.0,False,,,
140,6,RSNA_9010,R-MLO,NO,0.0,False,,,
140,7,RSNA_9026,L-CC,NO,1557.0,True,YES,0.0,False
140,7,RSNA_9026,R-CC,NO,1509.0,True,YES,0.0,False
140,7,RSNA_9026,L-MLO,NO,1534.0,True,YES,0.0,False
140,7,RSNA_9026,R-MLO,NO,1502.0,True,YES,0.0,False
140,8,RSNA_9039,L-CC,NO,0.0,False,,,
140,8,RSNA_9039,R-CC,NO,0.0,False,,,
140,8,RSNA_9039,L-MLO,NO,0.0,False,,,
140,8,RSNA_9039,R-MLO,NO,0.0,False,,,
140,9,RSNA_9046,L-CC,NO,0.0,False,,,
140,9,RSNA_9046,R-CC,NO,0.0,False,,,
140,9,RSNA_9046,L-MLO,NO,0.0,False,,,
140,9,RSNA_9046,R-MLO,NO,0.0,False,,,
140,10,RSNA_9063,L-CC,NO,0.0,False,,,
140,10,RSNA_9063,R-CC,NO,0.0,False,,,
140,10,RSNA_9063,L-MLO,NO,0.0,False,,,
140,10,RSNA_9063,R-MLO,NO,0.0,False,,,
140,11,RSNA_9070,L-CC,NO,0.0,False,,,
140,11,RSNA_9070,R-CC,NO,0.0,False,,,
140,11,RSNA_9070,L-MLO,NO,0.0,False,,,
140,11,RSNA_9070,R-MLO,NO,0.0,False,,,
140,12,RSNA_9074,L-CC,NO,0.0,False,,,
140,12,RSNA_9074,R-CC,NO,0.0,False,,,
140,12,RSNA_9074,L-MLO,NO,0.0,False,,,
140,12,RSNA_9074,R-MLO,NO,0.0,False,,,
140,13,RSNA_9078,L-CC,NO,0.0,False,,,
140,13,RSNA_9078,R-CC,NO,0.0,False,,,
140,13,RSNA_9078,L-MLO,NO,0.0,False,,,
140,13,RSNA_9078,R-MLO,NO,0.0,False,,,
140,14,RSNA_9088,L-CC,NO,0.0,False,,,
140,14,RSNA_9088,R-CC,NO,0.0,False,,,
140,14,RSNA_9088,L-MLO,NO,0.0,False,,,
140,14,RSNA_9088,R-MLO,NO,0.0,False,,,
140,15,RSNA_9098,L-CC,NO,0.0,False,,,
140,15,RSNA_9098,R-CC,NO,0.0,False,,,
140,15,RSNA_9098,L-MLO,NO,0.0,False,,,
140,15,RSNA_9098,R-MLO,NO,0.0,False,,,
140,16,RSNA_9099,L-CC,NO,0.0,False,,,
140,16,RSNA_9099,R-CC,NO,0.0,False,,,
140,16,RSNA_9099,L-MLO,NO,0.0,False,,,
140,16,RSNA_9099,R-MLO,NO,0.0,False,,,
140,17,RSNA_9113,L-CC,NO,0.0,False,,,
140,17,RSNA_9113,R-CC,NO,0.0,False,,,
140,17,RSNA_9113,L-MLO,NO,0.0,False,,,
140,17,RSNA_9113,R-MLO,NO,0.0,False,,,
140,18,RSNA_9114,L-CC,NO,0.0,False,,,
140,18,RSNA_9114,R-CC,NO,0.0,False,,,
140,18,RSNA_9114,L-MLO,NO,0.0,False,,,
140,18,RSNA_9114,R-MLO,NO,0.0,False,,,
140,19,RSNA_9132,L-CC,NO,0.0,False,,,
140,19,RSNA_9132,R-CC,NO,0.0,False,,,
140,19,RSNA_9132,L-MLO,NO,0.0,False,,,
140,19,RSNA_9132,R-MLO,NO,0.0,False,,,
140,20,RSNA_9193,L-CC,NO,0.0,False,,,
140,20,RSNA_9193,R-CC,NO,0.0,False,,,
140,20,RSNA_9193,L-MLO,NO,0.0,False,,,
140,20,RSNA_9193,R-MLO,NO,0.0,False,,,
140,21,RSNA_9209,L-CC,NO,1382.0,True,YES,0.0,False
140,21,RSNA_9209,R-CC,NO,1242.0,True,YES,0.0,False
140,21,RSNA_9209,L-MLO,NO,1120.0,True,YES,0.0,False
140,21,RSNA_9209,R-MLO,NO,955.0,True,YES,0.0,False
140,22,RSNA_9215,L-CC,NO,0.0,False,,,
140,22,RSNA_9215,R-CC,NO,0.0,False,,,
140,22,RSNA_9215,L-MLO,NO,0.0,False,,,
140,22,RSNA_9215,R-MLO,NO,0.0,False,,,
140,23,RSNA_9227,L-CC,NO,1490.0,True,YES,0.0,False
140,23,RSNA_9227,R-CC,NO,1449.0,True,YES,0.0,False
140,23,RSNA_9227,L-MLO,NO,1633.0,True,YES,0.0,False
140,23,RSNA_9227,R-MLO,NO,1840.0,True,YES,0.0,False
140,24,RSNA_9228,L-CC,NO,0.0,False,,,
140,24,RSNA_9228,R-CC,NO,0.0,False,,,
140,24,RSNA_9228,L-MLO,NO,0.0,False,,,
140,24,RSNA_9228,R-MLO,NO,0.0,False,,,
141,0,RSNA_9229,L-CC,NO,0.0,False,,,
141,0,RSNA_9229,R-CC,NO,0.0,False,,,
141,0,RSNA_9229,L-MLO,NO,0.0,False,,,
141,0,RSNA_9229,R-MLO,NO,0.0,False,,,
141,1,RSNA_924,L-CC,NO,0.0,False,,,
141,1,RSNA_924,R-CC,NO,0.0,False,,,
141,1,RSNA_924,L-MLO,NO,0.0,False,,,
141,1,RSNA_924,R-MLO,NO,0.0,False,,,
141,2,RSNA_9270,L-CC,NO,0.0,False,,,
141,2,RSNA_9270,R-CC,NO,0.0,False,,,
141,2,RSNA_9270,L-MLO,NO,0.0,False,,,
141,2,RSNA_9270,R-MLO,NO,0.0,False,,,
141,3,RSNA_9280,L-CC,NO,1661.0,True,YES,0.0,False
141,3,RSNA_9280,R-CC,NO,1730.0,True,YES,0.0,False
141,3,RSNA_9280,L-MLO,NO,1657.0,True,YES,0.0,False
141,3,RSNA_9280,R-MLO,NO,1755.0,True,YES,0.0,False
141,4,RSNA_9286,L-CC,NO,1360.0,True,YES,0.0,False
141,4,RSNA_9286,R-CC,NO,1322.0,True,YES,0.0,False
141,4,RSNA_9286,L-MLO,NO,1175.0,True,YES,0.0,False
141,4,RSNA_9286,R-MLO,NO,1133.0,True,YES,0.0,False
141,5,RSNA_9298,L-CC,NO,0.0,False,,,
141,5,RSNA_9298,R-CC,NO,0.0,False,,,
141,5,RSNA_9298,L-MLO,NO,0.0,False,,,
141,5,RSNA_9298,R-MLO,NO,0.0,False,,,
141,6,RSNA_9304,L-CC,NO,0.0,False,,,
141,6,RSNA_9304,R-CC,NO,0.0,False,,,
141,6,RSNA_9304,L-MLO,NO,0.0,False,,,
141,6,RSNA_9304,R-MLO,NO,0.0,False,,,
141,7,RSNA_9305,L-CC,NO,0.0,False,,,
141,7,RSNA_9305,R-CC,NO,0.0,False,,,
141,7,RSNA_9305,L-MLO,NO,0.0,False,,,
141,7,RSNA_9305,R-MLO,NO,0.0,False,,,
141,8,RSNA_9312,L-CC,NO,0.0,False,,,
141,8,RSNA_9312,R-CC,NO,0.0,False,,,
141,8,RSNA_9312,L-MLO,NO,0.0,False,,,
141,8,RSNA_9312,R-MLO,NO,0.0,False,,,
141,9,RSNA_9330,L-CC,NO,0.0,False,,,
141,9,RSNA_9330,R-CC,NO,0.0,False,,,
141,9,RSNA_9330,L-MLO,NO,0.0,False,,,
141,9,RSNA_9330,R-MLO,NO,0.0,False,,,
141,10,RSNA_9340,L-CC,NO,0.0,False,,,
141,10,RSNA_9340,R-CC,NO,0.0,False,,,
141,10,RSNA_9340,L-MLO,NO,0.0,False,,,
141,10,RSNA_9340,R-MLO,NO,0.0,False,,,
141,11,RSNA_9387,L-CC,NO,1185.0,True,YES,0.0,False
141,11,RSNA_9387,R-CC,NO,1191.0,True,YES,0.0,False
141,11,RSNA_9387,L-MLO,NO,1006.0,True,YES,0.0,False
141,11,RSNA_9387,R-MLO,NO,1092.0,True,YES,0.0,False
141,12,RSNA_9390,L-CC,NO,1420.0,True,YES,0.0,False
141,12,RSNA_9390,R-CC,NO,1417.0,True,YES,0.0,False
141,12,RSNA_9390,L-MLO,NO,1276.0,True,YES,0.0,False
141,12,RSNA_9390,R-MLO,NO,1456.0,True,YES,0.0,False
141,13,RSNA_9394,L-CC,NO,0.0,False,,,
141,13,RSNA_9394,R-CC,NO,0.0,False,,,
141,13,RSNA_9394,L-MLO,NO,0.0,False,,,
141,13,RSNA_9394,R-MLO,NO,0.0,False,,,
141,14,RSNA_9412,L-CC,NO,0.0,False,,,
141,14,RSNA_9412,R-CC,NO,0.0,False,,,
141,14,RSNA_9412,L-MLO,NO,0.0,False,,,
141,14,RSNA_9412,R-MLO,NO,0.0,False,,,
141,15,RSNA_9444,L-CC,NO,658.0,True,YES,0.0,False
141,15,RSNA_9444,R-CC,NO,898.0,True,YES,0.0,False
141,15,RSNA_9444,L-MLO,NO,737.0,True,YES,0.0,False
141,15,RSNA_9444,R-MLO,NO,961.0,True,YES,0.0,False
141,16,RSNA_9497,L-CC,NO,0.0,False,,,
141,16,RSNA_9497,R-CC,NO,0.0,False,,,
141,16,RSNA_9497,L-MLO,NO,0.0,False,,,
141,16,RSNA_9497,R-MLO,NO,0.0,False,,,
141,17,RSNA_9540,L-CC,NO,0.0,False,,,
141,17,RSNA_9540,R-CC,NO,0.0,False,,,
141,17,RSNA_9540,L-MLO,NO,0.0,False,,,
141,17,RSNA_9540,R-MLO,NO,0.0,False,,,
141,18,RSNA_9549,L-CC,NO,0.0,False,,,
141,18,RSNA_9549,R-CC,NO,0.0,False,,,
141,18,RSNA_9549,L-MLO,NO,0.0,False,,,
141,18,RSNA_9549,R-MLO,NO,0.0,False,,,
141,19,RSNA_9559,L-CC,NO,1471.0,True,YES,0.0,False
141,19,RSNA_9559,R-CC,NO,1558.0,True,YES,0.0,False
141,19,RSNA_9559,L-MLO,NO,1376.0,True,YES,0.0,False
141,19,RSNA_9559,R-MLO,NO,1490.0,True,YES,0.0,False
141,20,RSNA_9577,L-CC,NO,0.0,False,,,
141,20,RSNA_9577,R-CC,NO,0.0,False,,,
141,20,RSNA_9577,L-MLO,NO,0.0,False,,,
141,20,RSNA_9577,R-MLO,NO,0.0,False,,,
141,21,RSNA_9583,L-CC,NO,0.0,False,,,
141,21,RSNA_9583,R-CC,NO,0.0,False,,,
141,21,RSNA_9583,L-MLO,NO,0.0,False,,,
141,21,RSNA_9583,R-MLO,NO,0.0,False,,,
141,22,RSNA_9599,L-CC,NO,0.0,False,,,
141,22,RSNA_9599,R-CC,NO,0.0,False,,,
141,22,RSNA_9599,L-MLO,NO,0.0,False,,,
141,22,RSNA_9599,R-MLO,NO,0.0,False,,,
141,23,RSNA_9600,L-CC,NO,0.0,False,,,
141,23,RSNA_9600,R-CC,NO,0.0,False,,,
141,23,RSNA_9600,L-MLO,NO,0.0,False,,,
141,23,RSNA_9600,R-MLO,NO,0.0,False,,,
141,24,RSNA_9607,L-CC,NO,1696.0,True,YES,0.0,False
141,24,RSNA_9607,R-CC,NO,1741.0,True,YES,0.0,False
141,24,RSNA_9607,L-MLO,NO,1632.0,True,YES,0.0,False
141,24,RSNA_9607,R-MLO,NO,1611.0,True,YES,0.0,False
142,0,RSNA_9622,L-CC,NO,0.0,False,,,
142,0,RSNA_9622,R-CC,NO,0.0,False,,,
142,0,RSNA_9622,L-MLO,NO,0.0,False,,,
142,0,RSNA_9622,R-MLO,NO,0.0,False,,,
142,1,RSNA_9646,L-CC,NO,308.0,True,YES,0.0,False
142,1,RSNA_9646,R-CC,NO,45.0,True,YES,0.0,False
142,1,RSNA_9646,L-MLO,NO,290.0,True,YES,0.0,False
142,1,RSNA_9646,R-MLO,NO,109.0,True,YES,0.0,False
142,2,RSNA_9658,L-CC,NO,1440.0,True,YES,0.0,False
142,2,RSNA_9658,R-CC,NO,1567.0,True,YES,0.0,False
142,2,RSNA_9658,L-MLO,NO,1359.0,True,YES,0.0,False
142,2,RSNA_9658,R-MLO,NO,1492.0,True,YES,0.0,False
142,3,RSNA_9664,L-CC,NO,1922.0,True,YES,0.0,False
142,3,RSNA_9664,R-CC,NO,1753.0,True,YES,0.0,False
142,3,RSNA_9664,L-MLO,NO,1835.0,True,YES,0.0,False
142,3,RSNA_9664,R-MLO,NO,1792.0,True,YES,0.0,False
142,4,RSNA_9669,L-CC,NO,0.0,False,,,
142,4,RSNA_9669,R-CC,NO,0.0,False,,,
142,4,RSNA_9669,L-MLO,NO,0.0,False,,,
142,4,RSNA_9669,R-MLO,NO,0.0,False,,,
142,5,RSNA_9707,L-CC,NO,0.0,False,,,
142,5,RSNA_9707,R-CC,NO,0.0,False,,,
142,5,RSNA_9707,L-MLO,NO,0.0,False,,,
142,5,RSNA_9707,R-MLO,NO,0.0,False,,,
142,6,RSNA_972,L-CC,NO,0.0,False,,,
142,6,RSNA_972,R-CC,NO,0.0,False,,,
142,6,RSNA_972,L-MLO,NO,0.0,False,,,
142,6,RSNA_972,R-MLO,NO,0.0,False,,,
142,7,RSNA_9750,L-CC,NO,0.0,False,,,
142,7,RSNA_9750,R-CC,NO,0.0,False,,,
142,7,RSNA_9750,L-MLO,NO,0.0,False,,,
142,7,RSNA_9750,R-MLO,NO,0.0,False,,,
142,8,RSNA_9762,L-CC,NO,0.0,False,,,
142,8,RSNA_9762,R-CC,NO,0.0,False,,,
142,8,RSNA_9762,L-MLO,NO,0.0,False,,,
142,8,RSNA_9762,R-MLO,NO,0.0,False,,,
142,9,RSNA_9783,L-CC,NO,0.0,False,,,
142,9,RSNA_9783,R-CC,NO,0.0,False,,,
142,9,RSNA_9783,L-MLO,NO,0.0,False,,,
142,9,RSNA_9783,R-MLO,NO,0.0,False,,,
142,10,RSNA_9808,L-CC,NO,2198.0,True,YES,0.0,False
142,10,RSNA_9808,R-CC,NO,2327.0,True,YES,0.0,False
142,10,RSNA_9808,L-MLO,NO,2025.0,True,YES,0.0,False
142,10,RSNA_9808,R-MLO,NO,2151.0,True,YES,0.0,False
142,11,RSNA_9814,L-CC,NO,774.0,True,YES,0.0,False
142,11,RSNA_9814,R-CC,NO,800.0,True,YES,0.0,False
142,11,RSNA_9814,L-MLO,NO,804.0,True,YES,0.0,False
142,11,RSNA_9814,R-MLO,NO,842.0,True,YES,0.0,False
142,12,RSNA_9851,L-CC,NO,0.0,False,,,
142,12,RSNA_9851,R-CC,NO,0.0,False,,,
142,12,RSNA_9851,L-MLO,NO,0.0,False,,,
142,12,RSNA_9851,R-MLO,NO,0.0,False,,,
142,13,RSNA_9862,L-CC,NO,0.0,False,,,
142,13,RSNA_9862,R-CC,NO,0.0,False,,,
142,13,RSNA_9862,L-MLO,NO,0.0,False,,,
142,13,RSNA_9862,R-MLO,NO,0.0,False,,,
142,14,RSNA_9894,L-CC,NO,0.0,False,,,
142,14,RSNA_9894,R-CC,NO,0.0,False,,,
142,14,RSNA_9894,L-MLO,NO,0.0,False,,,
142,14,RSNA_9894,R-MLO,NO,0.0,False,,,
142,15,RSNA_9896,L-CC,NO,0.0,False,,,
142,15,RSNA_9896,R-CC,NO,0.0,False,,,
142,15,RSNA_9896,L-MLO,NO,0.0,False,,,
142,15,RSNA_9896,R-MLO,NO,0.0,False,,,
142,16,RSNA_990,L-CC,NO,0.0,False,,,
142,16,RSNA_990,R-CC,NO,0.0,False,,,
142,16,RSNA_990,L-MLO,NO,0.0,False,,,
142,16,RSNA_990,R-MLO,NO,0.0,False,,,
142,17,RSNA_9909,L-CC,NO,0.0,False,,,
142,17,RSNA_9909,R-CC,NO,0.0,False,,,
142,17,RSNA_9909,L-MLO,NO,0.0,False,,,
142,17,RSNA_9909,R-MLO,NO,0.0,False,,,
142,18,RSNA_9954,L-CC,NO,0.0,False,,,
142,18,RSNA_9954,R-CC,NO,0.0,False,,,
142,18,RSNA_9954,L-MLO,NO,0.0,False,,,
142,18,RSNA_9954,R-MLO,NO,0.0,False,,,
142,19,RSNA_9967,L-CC,NO,0.0,False,,,
142,19,RSNA_9967,R-CC,NO,0.0,False,,,
142,19,RSNA_9967,L-MLO,NO,0.0,False,,,
142,19,RSNA_9967,R-MLO,NO,0.0,False,,,
