model,point,precision,recall,threshold
gmic,0,0.040336134453781515,1.0,0.001
gmic,1,0.040347436256654524,1.0,0.0023
gmic,2,0.04035874439461883,1.0,0.0047
gmic,3,0.040370058873002525,1.0,0.0056
gmic,4,0.040381379697139654,1.0,0.0062
gmic,5,0.04039270687237027,1.0,0.0066
gmic,6,0.04040404040404041,1.0,0.0068
gmic,7,0.04041538029750211,1.0,0.0069
gmic,8,0.04042672655811342,1.0,0.007
gmic,9,0.04047217537942664,1.0,0.0071
gmic,10,0.04048355355636773,1.0,0.0072
gmic,11,0.040529130312412044,1.0,0.0073
gmic,12,0.04054054054054054,1.0,0.0074
gmic,13,0.04057480980557904,1.0,0.0075
gmic,14,0.04060913705583756,1.0,0.0076
gmic,15,0.040632054176072234,1.0,0.0077
gmic,16,0.040666478395933355,1.0,0.0078
gmic,17,0.04071246819338423,1.0,0.0079
gmic,18,0.04072398190045249,1.0,0.008
gmic,19,0.04074702886247878,1.0,0.0081
gmic,20,0.04077010192525481,1.0,0.0082
gmic,21,0.04081632653061224,1.0,0.0083
gmic,22,0.04086265607264472,1.0,0.0084
gmic,23,0.04094398635200455,1.0,0.0085
gmic,24,0.04101395613785246,1.0,0.0086
gmic,25,0.04079885877318117,0.9930555555555556,0.0087
gmic,26,0.04083380925185608,0.9930555555555556,0.0088
gmic,27,0.04086881966276079,0.9930555555555556,0.0089
gmic,28,0.04093902089894074,0.9930555555555556,0.009
gmic,29,0.040997706422018346,0.9930555555555556,0.0091
gmic,30,0.04111558366877516,0.9930555555555556,0.0092
gmic,31,0.04123414071510957,0.9930555555555556,0.0093
gmic,32,0.04136534567544113,0.9930555555555556,0.0094
gmic,33,0.041135573580533026,0.9861111111111112,0.0095
gmic,34,0.041195242239628664,0.9861111111111112,0.0096
gmic,35,0.04127906976744186,0.9861111111111112,0.0097
gmic,36,0.041375291375291376,0.9861111111111112,0.0098
gmic,37,0.04144775248102744,0.9861111111111112,0.0099
gmic,38,0.041556921275973074,0.9861111111111112,0.01
gmic,39,0.04164222873900293,0.9861111111111112,0.0101
gmic,40,0.04171562867215041,0.9861111111111112,0.0102
gmic,41,0.04181389870435807,0.9861111111111112,0.0103
gmic,42,0.04185086943707633,0.9861111111111112,0.0104
gmic,43,0.04193738924985233,0.9861111111111112,0.0105
gmic,44,0.04203670811130847,0.9861111111111112,0.0106
gmic,45,0.04212399881340848,0.9861111111111112,0.0107
gmic,46,0.04191438763376932,0.9791666666666666,0.0108
gmic,47,0.041976778803215244,0.9791666666666666,0.0109
gmic,48,0.04146778042959427,0.9652777777777778,0.011
gmic,49,0.04164170161773517,0.9652777777777778,0.0111
gmic,50,0.04169166166766647,0.9652777777777778,0.0112
gmic,51,0.04174174174174174,0.9652777777777778,0.0113
gmic,52,0.0417919422730006,0.9652777777777778,0.0114
gmic,53,0.04185486299307437,0.9652777777777778,0.0115
gmic,54,0.04189270644966848,0.9652777777777778,0.0116
gmic,55,0.041981274539414075,0.9652777777777778,0.0117
gmic,56,0.0420829548894944,0.9652777777777778,0.0118
gmic,57,0.04219793564055859,0.9652777777777778,0.0119
gmic,58,0.04230066950699939,0.9652777777777778,0.012
gmic,59,0.04236513258153002,0.9652777777777778,0.0121
gmic,60,0.04216315307057745,0.9583333333333334,0.0122
gmic,61,0.04222766217870257,0.9583333333333334,0.0123
gmic,62,0.04231830726770929,0.9583333333333334,0.0124
gmic,63,0.04242237934214571,0.9583333333333334,0.0125
gmic,64,0.0425794507867942,0.9583333333333334,0.0126
gmic,65,0.04264524103831891,0.9583333333333334,0.0127
gmic,66,0.04279069767441861,0.9583333333333334,0.0128
gmic,67,0.04285714285714286,0.9583333333333334,0.0129
gmic,68,0.04296388542963885,0.9583333333333334,0.013
gmic,69,0.04311152764761012,0.9583333333333334,0.0131
gmic,70,0.042593172564985904,0.9444444444444444,0.0132
gmic,71,0.04267336052714151,0.9444444444444444,0.0133
gmic,72,0.04275385099025464,0.9444444444444444,0.0134
gmic,73,0.0428481411468179,0.9444444444444444,0.0135
gmic,74,0.04292929292929293,0.9444444444444444,0.0136
gmic,75,0.04296998420221169,0.9444444444444444,0.0137
gmic,76,0.04307887234716503,0.9444444444444444,0.0138
gmic,77,0.04317460317460318,0.9444444444444444,0.0139
gmic,78,0.04327076041998091,0.9444444444444444,0.014
gmic,79,0.04331210191082802,0.9444444444444444,0.0141
gmic,80,0.04335352247370099,0.9444444444444444,0.0142
gmic,81,0.04339502233567326,0.9444444444444444,0.0143
gmic,82,0.0434366017246886,0.9444444444444444,0.0144
gmic,83,0.043492165014390786,0.9444444444444444,0.0145
gmic,84,0.043603719140750244,0.9444444444444444,0.0146
gmic,85,0.04372990353697749,0.9444444444444444,0.0147
gmic,86,0.04387096774193548,0.9444444444444444,0.0148
gmic,87,0.0439134646432031,0.9444444444444444,0.0149
gmic,88,0.043970255415454254,0.9444444444444444,0.015
gmic,89,0.043745949449125084,0.9375,0.0151
gmic,90,0.04380272550292018,0.9375,0.0152
gmic,91,0.04387390315242119,0.9375,0.0153
gmic,92,0.04388816644993498,0.9375,0.0154
gmic,93,0.04395962227287528,0.9375,0.0155
gmic,94,0.04407443682664055,0.9375,0.0156
gmic,95,0.04414650098103336,0.9375,0.0157
gmic,96,0.04420432220039293,0.9375,0.0158
gmic,97,0.04423328964613368,0.9375,0.0159
gmic,98,0.04427681206953099,0.9375,0.016
gmic,99,0.044349540078843626,0.9375,0.0161
gmic,100,0.044422507403751234,0.9375,0.0162
gmic,101,0.044166117336849046,0.9305555555555556,0.0163
gmic,102,0.04425363276089828,0.9305555555555556,0.0164
gmic,103,0.04437086092715232,0.9305555555555556,0.0165
gmic,104,0.04445919044459191,0.9305555555555556,0.0166
gmic,105,0.044533067464273844,0.9305555555555556,0.0167
gmic,106,0.044577511643379905,0.9305555555555556,0.0168
gmic,107,0.04463690872751499,0.9305555555555556,0.0169
gmic,108,0.04469646430953969,0.9305555555555556,0.017
gmic,109,0.04437771104437771,0.9236111111111112,0.0171
gmic,110,0.044422177688710755,0.9236111111111112,0.0172
gmic,111,0.044541192230408574,0.9236111111111112,0.0173
gmic,112,0.04461590070446159,0.9236111111111112,0.0174
gmic,113,0.04467584816929795,0.9236111111111112,0.0175
gmic,114,0.044735956945845944,0.9236111111111112,0.0176
gmic,115,0.044796227686089596,0.9236111111111112,0.0177
gmic,116,0.04491725768321513,0.9236111111111112,0.0178
gmic,117,0.04499323410013532,0.9236111111111112,0.0179
gmic,118,0.04503894344734169,0.9236111111111112,0.018
gmic,119,0.04506946797695696,0.9236111111111112,0.0181
gmic,120,0.04516129032258064,0.9236111111111112,0.0182
gmic,121,0.04519198097179748,0.9236111111111112,0.0183
gmic,122,0.04523809523809524,0.9236111111111112,0.0184
gmic,123,0.044989775051124746,0.9166666666666666,0.0186
gmic,124,0.04505119453924915,0.9166666666666666,0.0187
gmic,125,0.045112781954887216,0.9166666666666666,0.0188
gmic,126,0.04515908313376668,0.9166666666666666,0.0189
gmic,127,0.045220966084275435,0.9166666666666666,0.019
gmic,128,0.045283018867924525,0.9166666666666666,0.0191
gmic,129,0.04531410916580844,0.9166666666666666,0.0192
gmic,130,0.0453920220082531,0.9166666666666666,0.0193
gmic,131,0.04540763673890609,0.9166666666666666,0.0194
gmic,132,0.045454545454545456,0.9166666666666666,0.0195
gmic,133,0.04553294239392894,0.9166666666666666,0.0196
gmic,134,0.04559585492227979,0.9166666666666666,0.0197
gmic,135,0.045627376425855515,0.9166666666666666,0.0198
gmic,136,0.04565894154271878,0.9166666666666666,0.0199
gmic,137,0.045706371191135735,0.9166666666666666,0.02
gmic,138,0.04576976421636616,0.9166666666666666,0.0201
gmic,139,0.045817424505380074,0.9166666666666666,0.0202
gmic,140,0.0458970792767733,0.9166666666666666,0.0203
gmic,141,0.04592901878914405,0.9166666666666666,0.0204
gmic,142,0.04600906239107703,0.9166666666666666,0.0205
gmic,143,0.046041158004883155,0.9166666666666666,0.0206
gmic,144,0.046089385474860335,0.9166666666666666,0.0207
gmic,145,0.046137714085983925,0.9166666666666666,0.0208
gmic,146,0.04618614415675298,0.9166666666666666,0.0209
gmic,147,0.04623467600700525,0.9166666666666666,0.021
gmic,148,0.04631578947368421,0.9166666666666666,0.0211
gmic,149,0.046397188049209136,0.9166666666666666,0.0212
gmic,150,0.04644616467276566,0.9166666666666666,0.0213
gmic,151,0.046593716907871514,0.9166666666666666,0.0214
gmic,152,0.04670912951167728,0.9166666666666666,0.0215
gmic,153,0.0467919177596597,0.9166666666666666,0.0216
gmic,154,0.0468417317246274,0.9166666666666666,0.0217
gmic,155,0.046858359957401494,0.9166666666666666,0.0218
gmic,156,0.046908315565031986,0.9166666666666666,0.0219
gmic,157,0.04694167852062589,0.9166666666666666,0.022
gmic,158,0.04700854700854701,0.9166666666666666,0.0221
gmic,159,0.047042052744119746,0.9166666666666666,0.0222
gmic,160,0.047109207708779445,0.9166666666666666,0.0223
gmic,161,0.04715969989281887,0.9166666666666666,0.0224
gmic,162,0.04721030042918455,0.9166666666666666,0.0225
gmic,163,0.04727793696275072,0.9166666666666666,0.0226
gmic,164,0.04732879168160631,0.9166666666666666,0.0227
gmic,165,0.04737975592246949,0.9166666666666666,0.0228
gmic,166,0.04741379310344827,0.9166666666666666,0.0229
gmic,167,0.04749910039582584,0.9166666666666666,0.023
gmic,168,0.047584715212689255,0.9166666666666666,0.0231
gmic,169,0.047619047619047616,0.9166666666666666,0.0232
gmic,170,0.04772234273318872,0.9166666666666666,0.0233
gmic,171,0.04777415852334419,0.9166666666666666,0.0234
gmic,172,0.04782608695652174,0.9166666666666666,0.0235
gmic,173,0.04801746089487086,0.9166666666666666,0.0236
gmic,174,0.04806991988346686,0.9166666666666666,0.0237
gmic,175,0.048087431693989074,0.9166666666666666,0.0238
gmic,176,0.04814004376367615,0.9166666666666666,0.0239
gmic,177,0.04824561403508772,0.9166666666666666,0.024
gmic,178,0.048316251830161056,0.9166666666666666,0.0241
gmic,179,0.04836936606815683,0.9166666666666666,0.0242
gmic,180,0.0484048404840484,0.9166666666666666,0.0243
gmic,181,0.048458149779735685,0.9166666666666666,0.0244
gmic,182,0.04856512141280353,0.9166666666666666,0.0245
gmic,183,0.048600883652430045,0.9166666666666666,0.0246
gmic,184,0.04865462587541467,0.9166666666666666,0.0248
gmic,185,0.04869052010328292,0.9166666666666666,0.0249
gmic,186,0.04878048780487805,0.9166666666666666,0.025
gmic,187,0.04888888888888889,0.9166666666666666,0.0251
gmic,188,0.04890700259355317,0.9166666666666666,0.0252
gmic,189,0.04892512972572276,0.9166666666666666,0.0253
gmic,190,0.04899777282850779,0.9166666666666666,0.0254
gmic,191,0.04912541868254559,0.9166666666666666,0.0255
gmic,192,0.049198658218412225,0.9166666666666666,0.0256
gmic,193,0.04923535994032078,0.9166666666666666,0.0257
gmic,194,0.04929051530993279,0.9166666666666666,0.0258
gmic,195,0.04941969299887682,0.9166666666666666,0.0259
gmic,196,0.049493813273340834,0.9166666666666666,0.026
gmic,197,0.04956815621479534,0.9166666666666666,0.0261
gmic,198,0.04924812030075188,0.9097222222222222,0.0262
gmic,199,0.0493594574227581,0.9097222222222222,0.0263
gmic,200,0.049396681749622924,0.9097222222222222,0.0264
gmic,201,0.04947129909365559,0.9097222222222222,0.0265
gmic,202,0.04952741020793951,0.9097222222222222,0.0266
gmic,203,0.04958364875094625,0.9097222222222222,0.0267
gmic,204,0.04962121212121212,0.9097222222222222,0.0268
gmic,205,0.049677664012135005,0.9097222222222222,0.027
gmic,206,0.04971537001897533,0.9097222222222222,0.0271
gmic,207,0.04977203647416414,0.9097222222222222,0.0272
gmic,208,0.04980988593155893,0.9097222222222222,0.0273
gmic,209,0.0498288322556105,0.9097222222222222,0.0274
gmic,210,0.049885757806549885,0.9097222222222222,0.0275
gmic,211,0.0499047619047619,0.9097222222222222,0.0276
gmic,212,0.04992378048780488,0.9097222222222222,0.0277
gmic,213,0.04994281357224552,0.9097222222222222,0.0278
gmic,214,0.05,0.9097222222222222,0.0279
gmic,215,0.050019091256204656,0.9097222222222222,0.028
gmic,216,0.050057317539166986,0.9097222222222222,0.0281
gmic,217,0.0501531393568147,0.9097222222222222,0.0282
gmic,218,0.05021080873898045,0.9097222222222222,0.0283
gmic,219,0.05024932873034139,0.9097222222222222,0.0284
gmic,220,0.050287907869481764,0.9097222222222222,0.0285
gmic,221,0.050307219662058374,0.9097222222222222,0.0286
gmic,222,0.050345887778631825,0.9097222222222222,0.0287
gmic,223,0.050423402617398,0.9097222222222222,0.0288
gmic,224,0.05048169556840077,0.9097222222222222,0.0289
gmic,225,0.050540123456790126,0.9097222222222222,0.029
gmic,226,0.05057915057915058,0.9097222222222222,0.0291
gmic,227,0.05059868675164156,0.9097222222222222,0.0292
gmic,228,0.050637804406648626,0.9097222222222222,0.0293
gmic,229,0.050696594427244585,0.9097222222222222,0.0294
gmic,230,0.05073586367157242,0.9097222222222222,0.0295
gmic,231,0.050775193798449615,0.9097222222222222,0.0297
gmic,232,0.05081458494957331,0.9097222222222222,0.0298
gmic,233,0.05087378640776699,0.9097222222222222,0.0299
gmic,234,0.05091333074232413,0.9097222222222222,0.03
gmic,235,0.0510323334631866,0.9097222222222222,0.0301
gmic,236,0.05111197815060476,0.9097222222222222,0.0302
gmic,237,0.05113192818110851,0.9097222222222222,0.0303
gmic,238,0.051211884284597345,0.9097222222222222,0.0304
gmic,239,0.05131218174696436,0.9097222222222222,0.0305
gmic,240,0.051352410819286556,0.9097222222222222,0.0306
gmic,241,0.05137254901960785,0.9097222222222222,0.0307
gmic,242,0.05145326001571092,0.9097222222222222,0.0308
gmic,243,0.051534225019669554,0.9097222222222222,0.0309
gmic,244,0.05161544523246651,0.9097222222222222,0.031
gmic,245,0.05169692186266772,0.9097222222222222,0.0311
gmic,246,0.05171733122779313,0.9097222222222222,0.0312
gmic,247,0.051424050632911396,0.9027777777777778,0.0313
gmic,248,0.05150554675118859,0.9027777777777778,0.0314
gmic,249,0.05156683855612852,0.9027777777777778,0.0315
gmic,250,0.051669316375198726,0.9027777777777778,0.0316
gmic,251,0.05171042163882259,0.9027777777777778,0.0318
gmic,252,0.051772202309836715,0.9027777777777778,0.0319
gmic,253,0.051854806541683285,0.9027777777777778,0.032
gmic,254,0.05187549880287311,0.9027777777777778,0.0321
gmic,255,0.0519376747902517,0.9027777777777778,0.0322
gmic,256,0.05204163330664532,0.9027777777777778,0.0323
gmic,257,0.052062474969963954,0.9027777777777778,0.0324
gmic,258,0.052104208416833664,0.9027777777777778,0.0325
gmic,259,0.0521669341894061,0.9027777777777778,0.0327
gmic,260,0.052229811169144234,0.9027777777777778,0.0328
gmic,261,0.05235602094240838,0.9027777777777778,0.033
gmic,262,0.05244050020169423,0.9027777777777778,0.0331
gmic,263,0.052461662631154156,0.9027777777777778,0.0332
gmic,264,0.052525252525252523,0.9027777777777778,0.0333
gmic,265,0.05263157894736842,0.9027777777777778,0.0334
gmic,266,0.0526742301458671,0.9027777777777778,0.0335
gmic,267,0.05278116118554608,0.9027777777777778,0.0336
gmic,268,0.05282405526208858,0.9027777777777778,0.0337
gmic,269,0.05291005291005291,0.9027777777777778,0.0338
gmic,270,0.05297473512632437,0.9027777777777778,0.0339
gmic,271,0.05301794453507341,0.9027777777777778,0.034
gmic,272,0.053169734151329244,0.9027777777777778,0.0341
gmic,273,0.05321326238231682,0.9027777777777778,0.0342
gmic,274,0.05330053300533005,0.9027777777777778,0.0343
gmic,275,0.053344275748871565,0.9027777777777778,0.0344
gmic,276,0.053366174055829226,0.9027777777777778,0.0345
gmic,277,0.053388090349075976,0.9027777777777778,0.0346
gmic,278,0.05345394736842105,0.9027777777777778,0.0347
gmic,279,0.05351996706463565,0.9027777777777778,0.0348
gmic,280,0.053564070869386075,0.9027777777777778,0.0349
gmic,281,0.05360824742268041,0.9027777777777778,0.035
gmic,282,0.053652496904663644,0.9027777777777778,0.0352
gmic,283,0.05371900826446281,0.9027777777777778,0.0353
gmic,284,0.053830227743271224,0.9027777777777778,0.0354
gmic,285,0.053964300539643004,0.9027777777777778,0.0355
gmic,286,0.05403158769742311,0.9027777777777778,0.0356
gmic,287,0.05405405405405406,0.9027777777777778,0.0357
gmic,288,0.05412156536219817,0.9027777777777778,0.0358
gmic,289,0.054144106622240736,0.9027777777777778,0.0359
gmic,290,0.05423445974134335,0.9027777777777778,0.036
gmic,291,0.05430242272347535,0.9027777777777778,0.0361
gmic,292,0.05434782608695652,0.9027777777777778,0.0362
gmic,293,0.05441607367099205,0.9027777777777778,0.0363
gmic,294,0.05446166736489317,0.9027777777777778,0.0364
gmic,295,0.05453020134228188,0.9027777777777778,0.0365
gmic,296,0.054553084347461187,0.9027777777777778,0.0366
gmic,297,0.0546448087431694,0.9027777777777778,0.0367
gmic,298,0.054667788057190914,0.9027777777777778,0.0368
gmic,299,0.05475989890480202,0.9027777777777778,0.0369
gmic,300,0.05480607082630692,0.9027777777777778,0.037
gmic,301,0.054875474883917266,0.9027777777777778,0.0371
gmic,302,0.05499153976311337,0.9027777777777778,0.0372
gmic,303,0.0550381033022862,0.9027777777777778,0.0373
gmic,304,0.05510809665112336,0.9027777777777778,0.0374
gmic,305,0.0551314673452078,0.9027777777777778,0.0375
gmic,306,0.055225148683092605,0.9027777777777778,0.0376
gmic,307,0.055272108843537414,0.9027777777777778,0.0377
gmic,308,0.05531914893617021,0.9027777777777778,0.0378
gmic,309,0.05543710021321962,0.9027777777777778,0.0379
gmic,310,0.05550811272416738,0.9027777777777778,0.038
gmic,311,0.055531824006834686,0.9027777777777778,0.0382
gmic,312,0.05555555555555555,0.9027777777777778,0.0383
gmic,313,0.05562687205819426,0.9027777777777778,0.0384
gmic,314,0.055674518201284794,0.9027777777777778,0.0385
gmic,315,0.055793991416309016,0.9027777777777778,0.0386
gmic,316,0.055865921787709494,0.9027777777777778,0.0387
gmic,317,0.05588993981083405,0.9027777777777778,0.0388
gmic,318,0.055962117950925525,0.9027777777777778,0.0389
gmic,319,0.05598621877691645,0.9027777777777778,0.039
gmic,320,0.05603448275862069,0.9027777777777778,0.0391
gmic,321,0.056058645968089696,0.9027777777777778,0.0392
gmic,322,0.05613126079447323,0.9027777777777778,0.0393
gmic,323,0.056179775280898875,0.9027777777777778,0.0394
gmic,324,0.056252704456945045,0.9027777777777778,0.0395
gmic,325,0.05627705627705628,0.9027777777777778,0.0396
gmic,326,0.05637467476149176,0.9027777777777778,0.0397
gmic,327,0.05652173913043478,0.9027777777777778,0.0398
gmic,328,0.05666957279860506,0.9027777777777778,0.0399
gmic,329,0.056719022687609075,0.9027777777777778,0.04
gmic,330,0.056818181818181816,0.9027777777777778,0.0401
gmic,331,0.05684302579798863,0.9027777777777778,0.0402
gmic,332,0.0568678915135608,0.9027777777777778,0.0403
gmic,333,0.05694261936049058,0.9027777777777778,0.0405
gmic,334,0.05701754385964912,0.9027777777777778,0.0406
gmic,335,0.05706760316066725,0.9027777777777778,0.0407
gmic,336,0.05716798592788039,0.9027777777777778,0.0408
gmic,337,0.05729396209784046,0.9027777777777778,0.0409
gmic,338,0.05731922398589065,0.9027777777777778,0.041
gmic,339,0.05736981465136805,0.9027777777777778,0.0411
gmic,340,0.05739514348785872,0.9027777777777778,0.0412
gmic,341,0.05742049469964664,0.9027777777777778,0.0413
gmic,342,0.057104913678618856,0.8958333333333334,0.0414
gmic,343,0.057180851063829786,0.8958333333333334,0.0415
gmic,344,0.05720620842572062,0.8958333333333334,0.0416
gmic,345,0.05728241563055062,0.8958333333333334,0.0417
gmic,346,0.05730786317192359,0.8958333333333334,0.0418
gmic,347,0.057358826144953315,0.8958333333333334,0.0419
gmic,348,0.05738434163701068,0.8958333333333334,0.042
gmic,349,0.05746102449888642,0.8958333333333334,0.0421
gmic,350,0.05748663101604278,0.8958333333333334,0.0422
gmic,351,0.05756358768406961,0.8958333333333334,0.0423
gmic,352,0.05761500669941939,0.8958333333333334,0.0424
gmic,353,0.05766651765757711,0.8958333333333334,0.0425
gmic,354,0.05771812080536913,0.8958333333333334,0.0426
gmic,355,0.057769816390506046,0.8958333333333334,0.0427
gmic,356,0.057821604661586735,0.8958333333333334,0.0428
gmic,357,0.057899461400359065,0.8958333333333334,0.0429
gmic,358,0.057951482479784364,0.8958333333333334,0.043
gmic,359,0.05797752808988764,0.8958333333333334,0.0431
gmic,360,0.058055805580558055,0.8958333333333334,0.0432
gmic,361,0.058134294727354666,0.8958333333333334,0.0433
gmic,362,0.058239277652370205,0.8958333333333334,0.0435
gmic,363,0.05831826401446655,0.8958333333333334,0.0436
gmic,364,0.0583710407239819,0.8958333333333334,0.0437
gmic,365,0.05852994555353902,0.8958333333333334,0.0438
gmic,366,0.05860972285324852,0.8958333333333334,0.0439
gmic,367,0.058716431497496585,0.8958333333333334,0.044
gmic,368,0.05874316939890711,0.8958333333333334,0.0441
gmic,369,0.058823529411764705,0.8958333333333334,0.0442
gmic,370,0.058877225011410315,0.8958333333333334,0.0443
gmic,371,0.058931018730013704,0.8958333333333334,0.0444
gmic,372,0.05901189387008234,0.8958333333333334,0.0445
gmic,373,0.059065934065934064,0.8958333333333334,0.0446
gmic,374,0.059092991296381125,0.8958333333333334,0.0447
gmic,375,0.05917431192660551,0.8958333333333334,0.0448
gmic,376,0.05922865013774105,0.8958333333333334,0.0449
gmic,377,0.05925585668350942,0.8958333333333334,0.045
gmic,378,0.059283088235294115,0.8958333333333334,0.0451
gmic,379,0.05931034482758621,0.8958333333333334,0.0453
gmic,380,0.05936493327197423,0.8958333333333334,0.0454
gmic,381,0.05944700460829493,0.8958333333333334,0.0455
gmic,382,0.05904059040590406,0.8888888888888888,0.0457
gmic,383,0.05912240184757506,0.8888888888888888,0.0458
gmic,384,0.059149722735674676,0.8888888888888888,0.0461
gmic,385,0.05917706888580675,0.8888888888888888,0.0462
gmic,386,0.05920444033302498,0.8888888888888888,0.0463
gmic,387,0.05923183711244794,0.8888888888888888,0.0464
gmic,388,0.05931417979610751,0.8888888888888888,0.0465
gmic,389,0.0593416782568382,0.8888888888888888,0.0466
gmic,390,0.05950720595072059,0.8888888888888888,0.0467
gmic,391,0.059534883720930236,0.8888888888888888,0.0468
gmic,392,0.05956258724988367,0.8888888888888888,0.0469
gmic,393,0.05961807172799255,0.8888888888888888,0.047
gmic,394,0.059673659673659674,0.8888888888888888,0.0471
gmic,395,0.059757236227824466,0.8888888888888888,0.0472
gmic,396,0.059841047218326324,0.8888888888888888,0.0473
gmic,397,0.05986903648269411,0.8888888888888888,0.0474
gmic,398,0.05998125585754452,0.8888888888888888,0.0476
gmic,399,0.06017865538316878,0.8888888888888888,0.0477
gmic,400,0.060206961429915336,0.8888888888888888,0.0478
gmic,401,0.060263653483992465,0.8888888888888888,0.0479
gmic,402,0.060320452403393024,0.8888888888888888,0.048
gmic,403,0.06037735849056604,0.8888888888888888,0.0481
gmic,404,0.06043437204910293,0.8888888888888888,0.0482
gmic,405,0.06049149338374291,0.8888888888888888,0.0483
gmic,406,0.06057737813535258,0.8888888888888888,0.0484
gmic,407,0.060634770251065846,0.8888888888888888,0.0485
gmic,408,0.06069227121858701,0.8888888888888888,0.0486
gmic,409,0.060749881347887995,0.8888888888888888,0.0487
gmic,410,0.060865430337612936,0.8888888888888888,0.0488
gmic,411,0.06092336982389338,0.8888888888888888,0.0489
gmic,412,0.06098141972367794,0.8888888888888888,0.049
gmic,413,0.061068702290076333,0.8888888888888888,0.0491
gmic,414,0.061127029608404965,0.8888888888888888,0.0492
gmic,415,0.06124401913875598,0.8888888888888888,0.0495
gmic,416,0.061273336524652944,0.8888888888888888,0.0496
gmic,417,0.06130268199233716,0.8888888888888888,0.0498
gmic,418,0.060969755160825735,0.8819444444444444,0.0499
gmic,419,0.061057692307692306,0.8819444444444444,0.05
gmic,420,0.061087061087061086,0.8819444444444444,0.0502
gmic,421,0.061145883485796824,0.8819444444444444,0.0503
gmic,422,0.06075216972034716,0.875,0.0504
gmic,423,0.060810810810810814,0.875,0.0505
gmic,424,0.06086956521739131,0.875,0.0507
gmic,425,0.06095791001451379,0.875,0.0508
gmic,426,0.061016949152542375,0.875,0.0509
gmic,427,0.061046511627906974,0.875,0.051
gmic,428,0.0611353711790393,0.875,0.0511
gmic,429,0.0611947547353084,0.875,0.0512
gmic,430,0.06137359961032635,0.875,0.0513
gmic,431,0.06149341142020498,0.875,0.0515
gmic,432,0.0615234375,0.875,0.0516
gmic,433,0.06161369193154034,0.875,0.0517
gmic,434,0.06167400881057269,0.875,0.0518
gmic,435,0.061764705882352944,0.875,0.0519
gmic,436,0.06179499754781756,0.875,0.052
gmic,437,0.06182531894013739,0.875,0.0523
gmic,438,0.061855670103092786,0.875,0.0524
gmic,439,0.0618860510805501,0.875,0.0525
gmic,440,0.061946902654867256,0.875,0.0526
gmic,441,0.061977373339891784,0.875,0.0527
gmic,442,0.06206896551724138,0.875,0.0528
gmic,443,0.061667488899852,0.8680555555555556,0.0529
gmic,444,0.061697926949654494,0.8680555555555556,0.0531
gmic,445,0.06172839506172839,0.8680555555555556,0.0532
gmic,446,0.06175889328063241,0.8680555555555556,0.0533
gmic,447,0.06129510627780524,0.8611111111111112,0.0534
gmic,448,0.061355764473033154,0.8611111111111112,0.0535
gmic,449,0.061446977205153616,0.8611111111111112,0.0537
gmic,450,0.061630218687872766,0.8611111111111112,0.0538
gmic,451,0.06172224987555998,0.8611111111111112,0.0541
gmic,452,0.06178375685102142,0.8611111111111112,0.0542
gmic,453,0.06187624750499002,0.8611111111111112,0.0543
gmic,454,0.061938061938061936,0.8611111111111112,0.0544
gmic,455,0.062,0.8611111111111112,0.0545
gmic,456,0.062031015507753876,0.8611111111111112,0.0546
gmic,457,0.06209313970956434,0.8611111111111112,0.0547
gmic,458,0.062186559679037114,0.8611111111111112,0.0549
gmic,459,0.06221776216758655,0.8611111111111112,0.0551
gmic,460,0.062311557788944726,0.8611111111111112,0.0552
gmic,461,0.06237424547283702,0.8611111111111112,0.0553
gmic,462,0.06240563663814796,0.8611111111111112,0.0554
gmic,463,0.062468513853904284,0.8611111111111112,0.0555
gmic,464,0.06256306760847628,0.8611111111111112,0.0556
gmic,465,0.06259464916708733,0.8611111111111112,0.0557
gmic,466,0.06265790803436079,0.8611111111111112,0.0558
gmic,467,0.06272129489124936,0.8611111111111112,0.056
gmic,468,0.06278481012658228,0.8611111111111112,0.0561
gmic,469,0.06281661600810537,0.8611111111111112,0.0562
gmic,470,0.06297613001523616,0.8611111111111112,0.0563
gmic,471,0.06253177427554651,0.8541666666666666,0.0564
gmic,472,0.06256358087487283,0.8541666666666666,0.0565
gmic,473,0.06259541984732825,0.8541666666666666,0.0567
gmic,474,0.06265919510952624,0.8541666666666666,0.0568
gmic,475,0.06275510204081633,0.8541666666666666,0.0569
gmic,476,0.06281920326864147,0.8541666666666666,0.057
gmic,477,0.06288343558282208,0.8541666666666666,0.0571
gmic,478,0.06246799795186892,0.8472222222222222,0.0572
gmic,479,0.0625,0.8472222222222222,0.0574
gmic,480,0.06256410256410257,0.8472222222222222,0.0575
gmic,481,0.06259620318111853,0.8472222222222222,0.0576
gmic,482,0.06262833675564682,0.8472222222222222,0.0577
gmic,483,0.06266050333846944,0.8472222222222222,0.0578
gmic,484,0.06272493573264781,0.8472222222222222,0.0579
gmic,485,0.06275720164609054,0.8472222222222222,0.0581
gmic,486,0.06282183316168898,0.8472222222222222,0.0582
gmic,487,0.0629190304280557,0.8472222222222222,0.0583
gmic,488,0.06298399586990192,0.8472222222222222,0.0584
gmic,489,0.06304909560723514,0.8472222222222222,0.0585
gmic,490,0.06308169596690796,0.8472222222222222,0.0587
gmic,491,0.06314699792960662,0.8472222222222222,0.0588
gmic,492,0.06317969963749352,0.8472222222222222,0.0589
gmic,493,0.06324520476931052,0.8472222222222222,0.0591
gmic,494,0.06327800829875518,0.8472222222222222,0.0592
gmic,495,0.06334371754932502,0.8472222222222222,0.0593
gmic,496,0.06340956340956341,0.8472222222222222,0.0595
gmic,497,0.06344253770150807,0.8472222222222222,0.0596
gmic,498,0.06350858927641853,0.8472222222222222,0.0597
gmic,499,0.06364110589462701,0.8472222222222222,0.0598
gmic,500,0.06370757180156658,0.8472222222222222,0.0599
gmic,501,0.06377417668583377,0.8472222222222222,0.0601
gmic,502,0.06380753138075314,0.8472222222222222,0.0602
gmic,503,0.06384092098377812,0.8472222222222222,0.0603
gmic,504,0.0639412997903564,0.8472222222222222,0.0604
gmic,505,0.06400839454354669,0.8472222222222222,0.0605
gmic,506,0.06404199475065617,0.8472222222222222,0.0606
gmic,507,0.06407563025210083,0.8472222222222222,0.0607
gmic,508,0.06414300736067298,0.8472222222222222,0.0608
gmic,509,0.06368421052631579,0.8402777777777778,0.0609
gmic,510,0.06375131717597471,0.8402777777777778,0.0612
gmic,511,0.06378492356352135,0.8402777777777778,0.0613
gmic,512,0.06385224274406333,0.8402777777777778,0.0614
gmic,513,0.06395348837209303,0.8402777777777778,0.0615
gmic,514,0.06408898305084745,0.8402777777777778,0.0617
gmic,515,0.06412294647588765,0.8402777777777778,0.0618
gmic,516,0.06415694591728525,0.8402777777777778,0.0619
gmic,517,0.06422505307855626,0.8402777777777778,0.0621
gmic,518,0.06436170212765957,0.8402777777777778,0.0622
gmic,519,0.06439595529536987,0.8402777777777778,0.0624
gmic,520,0.06449893390191898,0.8402777777777778,0.0625
gmic,521,0.06453333333333333,0.8402777777777778,0.0627
gmic,522,0.06456776947705443,0.8402777777777778,0.0629
gmic,523,0.06470588235294118,0.8402777777777778,0.063
gmic,524,0.06474050294275013,0.8402777777777778,0.0631
gmic,525,0.06477516059957174,0.8402777777777778,0.0632
gmic,526,0.06484458735262594,0.8402777777777778,0.0633
gmic,527,0.06494900697799248,0.8402777777777778,0.0634
gmic,528,0.06498388829215897,0.8402777777777778,0.0635
gmic,529,0.06505376344086021,0.8402777777777778,0.0637
gmic,530,0.06515885837372105,0.8402777777777778,0.0638
gmic,531,0.0652995143011333,0.8402777777777778,0.0639
gmic,532,0.06537007023230686,0.8402777777777778,0.064
gmic,533,0.0654054054054054,0.8402777777777778,0.0641
gmic,534,0.06544077879935101,0.8402777777777778,0.0642
gmic,535,0.06547619047619048,0.8402777777777778,0.0643
gmic,536,0.06554712892741062,0.8402777777777778,0.0646
gmic,537,0.06558265582655827,0.8402777777777778,0.0648
gmic,538,0.06561822125813449,0.8402777777777778,0.0649
gmic,539,0.06565382528486163,0.8402777777777778,0.0651
gmic,540,0.06568946796959826,0.8402777777777778,0.0652
gmic,541,0.06576086956521739,0.8402777777777778,0.0654
gmic,542,0.0659041394335512,0.8402777777777778,0.0655
gmic,543,0.06597600872410032,0.8402777777777778,0.0656
gmic,544,0.06604803493449782,0.8402777777777778,0.0658
gmic,545,0.06612021857923497,0.8402777777777778,0.0659
gmic,546,0.0662287903667214,0.8402777777777778,0.066
gmic,547,0.06626506024096386,0.8402777777777778,0.0661
gmic,548,0.0663013698630137,0.8402777777777778,0.0662
gmic,549,0.06637410861217773,0.8402777777777778,0.0663
gmic,550,0.06644700713893466,0.8402777777777778,0.0664
gmic,551,0.06648351648351648,0.8402777777777778,0.0665
gmic,552,0.06652006597031336,0.8402777777777778,0.0667
gmic,553,0.06655665566556655,0.8402777777777778,0.0669
gmic,554,0.06659328563566318,0.8402777777777778,0.067
gmic,555,0.06662995594713657,0.8402777777777778,0.0672
gmic,556,0.06666666666666667,0.8402777777777778,0.0674
gmic,557,0.06674020959735245,0.8402777777777778,0.0676
gmic,558,0.06685082872928177,0.8402777777777778,0.0677
gmic,559,0.06699889258028793,0.8402777777777778,0.0678
gmic,560,0.06703601108033241,0.8402777777777778,0.0679
gmic,561,0.06707317073170732,0.8402777777777778,0.0682
gmic,562,0.06714761376248612,0.8402777777777778,0.0684
gmic,563,0.06722222222222222,0.8402777777777778,0.0685
gmic,564,0.06737193763919821,0.8402777777777778,0.0686
gmic,565,0.06748466257668712,0.8402777777777778,0.0688
gmic,566,0.06756002233389168,0.8402777777777778,0.0689
gmic,567,0.06759776536312849,0.8402777777777778,0.069
gmic,568,0.06767337807606263,0.8402777777777778,0.0691
gmic,569,0.06782511210762332,0.8402777777777778,0.0694
gmic,570,0.06786315199102635,0.8402777777777778,0.0695
gmic,571,0.06797752808988763,0.8402777777777778,0.0696
gmic,572,0.06801573917931422,0.8402777777777778,0.0697
gmic,573,0.06805399325084364,0.8402777777777778,0.0698
gmic,574,0.06816901408450704,0.8402777777777778,0.0699
gmic,575,0.06820744081172492,0.8402777777777778,0.07
gmic,576,0.0682844243792325,0.8402777777777778,0.0701
gmic,577,0.06832298136645963,0.8402777777777778,0.0702
gmic,578,0.06787330316742081,0.8333333333333334,0.0703
gmic,579,0.06795016987542468,0.8333333333333334,0.0704
gmic,580,0.06802721088435375,0.8333333333333334,0.0705
gmic,581,0.06806579693703914,0.8333333333333334,0.0707
gmic,582,0.0681044267877412,0.8333333333333334,0.0708
gmic,583,0.06757524134014764,0.8263888888888888,0.071
gmic,584,0.06765207504263786,0.8263888888888888,0.0711
gmic,585,0.0676905574516496,0.8263888888888888,0.0712
gmic,586,0.06772908366533864,0.8263888888888888,0.0713
gmic,587,0.0678062678062678,0.8263888888888888,0.0714
gmic,588,0.06784492588369441,0.8263888888888888,0.0715
gmic,589,0.06792237442922375,0.8263888888888888,0.0718
gmic,590,0.068,0.8263888888888888,0.0719
gmic,591,0.06803887935963408,0.8263888888888888,0.072
gmic,592,0.06811677160847167,0.8263888888888888,0.0721
gmic,593,0.06815578465063,0.8263888888888888,0.0724
gmic,594,0.06819484240687679,0.8263888888888888,0.0726
gmic,595,0.06823394495412843,0.8263888888888888,0.0727
gmic,596,0.06827309236947791,0.8263888888888888,0.073
gmic,597,0.06835152211372775,0.8263888888888888,0.0731
gmic,598,0.06846950517836593,0.8263888888888888,0.0732
gmic,599,0.06850892343120323,0.8263888888888888,0.0735
gmic,600,0.06854838709677419,0.8263888888888888,0.0736
gmic,601,0.06862745098039216,0.8263888888888888,0.0738
gmic,602,0.06866705135603,0.8263888888888888,0.0739
gmic,603,0.0687066974595843,0.8263888888888888,0.0741
gmic,604,0.06878612716763005,0.8263888888888888,0.0742
gmic,605,0.06890561667631731,0.8263888888888888,0.0743
gmic,606,0.06894553881807648,0.8263888888888888,0.0744
gmic,607,0.06906558328496808,0.8263888888888888,0.0746
gmic,608,0.06910569105691057,0.8263888888888888,0.0747
gmic,609,0.06922629435718441,0.8263888888888888,0.0748
gmic,610,0.06930693069306931,0.8263888888888888,0.075
gmic,611,0.06934731934731934,0.8263888888888888,0.0752
gmic,612,0.06954997077732321,0.8263888888888888,0.0754
gmic,613,0.0695906432748538,0.8263888888888888,0.0755
gmic,614,0.06963136337039204,0.8263888888888888,0.0756
gmic,615,0.06971294669009959,0.8263888888888888,0.0757
gmic,616,0.0698356807511737,0.8263888888888888,0.0758
gmic,617,0.06987668819729888,0.8263888888888888,0.0762
gmic,618,0.06995884773662552,0.8263888888888888,0.0763
gmic,619,0.07012374779021803,0.8263888888888888,0.0764
gmic,620,0.07016509433962265,0.8263888888888888,0.0765
gmic,621,0.07024793388429752,0.8263888888888888,0.0766
gmic,622,0.06969875959834614,0.8194444444444444,0.0767
gmic,623,0.06973995271867613,0.8194444444444444,0.077
gmic,624,0.06986382474837181,0.8194444444444444,0.0771
gmic,625,0.06998813760379596,0.8194444444444444,0.0774
gmic,626,0.07002967359050445,0.8194444444444444,0.0775
gmic,627,0.06951871657754011,0.8125,0.0776
gmic,628,0.06960142772159429,0.8125,0.0779
gmic,629,0.06964285714285715,0.8125,0.0781
gmic,630,0.0691711389385808,0.8055555555555556,0.0782
gmic,631,0.06929510155316607,0.8055555555555556,0.0783
gmic,632,0.06941950927588271,0.8055555555555556,0.0784
gmic,633,0.06946107784431138,0.8055555555555556,0.0785
gmic,634,0.06954436450839328,0.8055555555555556,0.0786
gmic,635,0.06962785114045618,0.8055555555555556,0.0788
gmic,636,0.06966966966966967,0.8055555555555556,0.0789
gmic,637,0.06975345760673482,0.8055555555555556,0.0791
gmic,638,0.06979542719614922,0.8055555555555556,0.0792
gmic,639,0.06983744732089103,0.8055555555555556,0.0793
gmic,640,0.06996381182147166,0.8055555555555556,0.0797
gmic,641,0.0700060350030175,0.8055555555555556,0.0798
gmic,642,0.07004830917874397,0.8055555555555556,0.08
gmic,643,0.07009063444108761,0.8055555555555556,0.0801
gmic,644,0.07017543859649122,0.8055555555555556,0.0802
gmic,645,0.07021791767554479,0.8055555555555556,0.0803
gmic,646,0.0703030303030303,0.8055555555555556,0.0804
gmic,647,0.07043108682452945,0.8055555555555556,0.0807
gmic,648,0.07047387606318348,0.8055555555555556,0.0808
gmic,649,0.06995133819951338,0.7986111111111112,0.081
gmic,650,0.06942752740560293,0.7916666666666666,0.0812
gmic,651,0.06946983546617916,0.7916666666666666,0.0814
gmic,652,0.06951219512195123,0.7916666666666666,0.0815
gmic,653,0.06907090464547677,0.7847222222222222,0.0816
gmic,654,0.06915544675642595,0.7847222222222222,0.0817
gmic,655,0.06928264868179031,0.7847222222222222,0.0818
gmic,656,0.06932515337423313,0.7847222222222222,0.0819
gmic,657,0.06941031941031942,0.7847222222222222,0.0821
gmic,658,0.06949569495694957,0.7847222222222222,0.0823
gmic,659,0.06966707768187423,0.7847222222222222,0.0824
gmic,660,0.06971005552128316,0.7847222222222222,0.0825
gmic,661,0.06975308641975309,0.7847222222222222,0.0827
gmic,662,0.06979617047560223,0.7847222222222222,0.0829
gmic,663,0.06988249845392702,0.7847222222222222,0.0831
gmic,664,0.06992574257425743,0.7847222222222222,0.0835
gmic,665,0.069435833849969,0.7777777777777778,0.0837
gmic,666,0.06956521739130435,0.7777777777777778,0.0838
gmic,667,0.06960845245494096,0.7777777777777778,0.0839
gmic,668,0.06965174129353234,0.7777777777777778,0.084
gmic,669,0.06969508400746734,0.7777777777777778,0.0841
gmic,670,0.06982543640897755,0.7777777777777778,0.0842
gmic,671,0.06991260923845194,0.7777777777777778,0.0843
gmic,672,0.07,0.7777777777777778,0.0844
gmic,673,0.07008760951188986,0.7777777777777778,0.0845
gmic,674,0.07013149655604257,0.7777777777777778,0.0846
gmic,675,0.07017543859649122,0.7777777777777778,0.0849
gmic,676,0.07026348808030113,0.7777777777777778,0.085
gmic,677,0.07030759573132454,0.7777777777777778,0.0853
gmic,678,0.07035175879396985,0.7777777777777778,0.0855
gmic,679,0.07039597737272156,0.7777777777777778,0.0856
gmic,680,0.07048458149779736,0.7777777777777778,0.0857
gmic,681,0.0698992443324937,0.7708333333333334,0.0861
gmic,682,0.07003154574132492,0.7708333333333334,0.0863
gmic,683,0.07007575757575757,0.7708333333333334,0.0865
gmic,684,0.07012002526847758,0.7708333333333334,0.0866
gmic,685,0.07016434892541087,0.7708333333333334,0.0871
gmic,686,0.07029765674477517,0.7708333333333334,0.0874
gmic,687,0.07034220532319392,0.7708333333333334,0.0877
gmic,688,0.07038681039949271,0.7708333333333334,0.0879
gmic,689,0.07056579783852511,0.7708333333333334,0.0882
gmic,690,0.07061068702290077,0.7708333333333334,0.0883
gmic,691,0.07074569789674952,0.7708333333333334,0.0884
gmic,692,0.07079081632653061,0.7708333333333334,0.0885
gmic,693,0.07088122605363985,0.7708333333333334,0.0886
gmic,694,0.07092651757188498,0.7708333333333334,0.0891
gmic,695,0.07037747920665387,0.7638888888888888,0.0892
gmic,696,0.07046764894298527,0.7638888888888888,0.0893
gmic,697,0.07060333761232349,0.7638888888888888,0.0896
gmic,698,0.07069408740359898,0.7638888888888888,0.0897
gmic,699,0.0707395498392283,0.7638888888888888,0.0898
gmic,700,0.07078507078507079,0.7638888888888888,0.09
gmic,701,0.07083065035415326,0.7638888888888888,0.0901
gmic,702,0.07096774193548387,0.7638888888888888,0.0903
gmic,703,0.07101355713363461,0.7638888888888888,0.0904
gmic,704,0.07110536522301228,0.7638888888888888,0.0905
gmic,705,0.07119741100323625,0.7638888888888888,0.0906
gmic,706,0.07133592736705577,0.7638888888888888,0.0908
gmic,707,0.07138221933809215,0.7638888888888888,0.0909
gmic,708,0.07142857142857142,0.7638888888888888,0.0911
gmic,709,0.0714749837556855,0.7638888888888888,0.0912
gmic,710,0.07152145643693109,0.7638888888888888,0.0913
gmic,711,0.07096354166666667,0.7569444444444444,0.0917
gmic,712,0.07100977198697069,0.7569444444444444,0.0918
gmic,713,0.07110241356816699,0.7569444444444444,0.092
gmic,714,0.07124183006535947,0.7569444444444444,0.0921
gmic,715,0.07138179436804191,0.7569444444444444,0.0924
gmic,716,0.07147540983606557,0.7569444444444444,0.0925
gmic,717,0.07152230971128609,0.7569444444444444,0.0926
gmic,718,0.07156927117531188,0.7569444444444444,0.0928
gmic,719,0.07161629434954007,0.7569444444444444,0.093
gmic,720,0.07166337935568705,0.7569444444444444,0.0931
gmic,721,0.07171052631578947,0.7569444444444444,0.0934
gmic,722,0.07175773535220539,0.7569444444444444,0.0936
gmic,723,0.07185234014502308,0.7569444444444444,0.0937
gmic,724,0.07189973614775726,0.7569444444444444,0.0939
gmic,725,0.07194719471947195,0.7569444444444444,0.094
gmic,726,0.07208994708994709,0.7569444444444444,0.0941
gmic,727,0.07213765718067505,0.7569444444444444,0.0942
gmic,728,0.07218543046357616,0.7569444444444444,0.0943
gmic,729,0.07223326706428099,0.7569444444444444,0.0944
gmic,730,0.07228116710875332,0.7569444444444444,0.0947
gmic,731,0.07176079734219269,0.75,0.0948
gmic,732,0.07180851063829788,0.75,0.0951
gmic,733,0.0718562874251497,0.75,0.0952
gmic,734,0.07190412782956059,0.75,0.0953
gmic,735,0.07195203197868089,0.75,0.0954
gmic,736,0.072,0.75,0.0955
gmic,737,0.0713809206137425,0.7430555555555556,0.0956
gmic,738,0.07142857142857142,0.7430555555555556,0.0957
gmic,739,0.07147628590514363,0.7430555555555556,0.0962
gmic,740,0.07157190635451505,0.7430555555555556,0.0965
gmic,741,0.07161981258366801,0.7430555555555556,0.0966
gmic,742,0.07171581769436998,0.7430555555555556,0.0968
gmic,743,0.07176391683433937,0.7430555555555556,0.0969
gmic,744,0.07181208053691275,0.7430555555555556,0.097
gmic,745,0.07186030893216924,0.7430555555555556,0.0971
gmic,746,0.07128446536650974,0.7361111111111112,0.0973
gmic,747,0.07133243606998654,0.7361111111111112,0.0976
gmic,748,0.07138047138047138,0.7361111111111112,0.0977
gmic,749,0.07142857142857142,0.7361111111111112,0.0978
gmic,750,0.07147673634524612,0.7361111111111112,0.0979
gmic,751,0.07152496626180836,0.7361111111111112,0.098
gmic,752,0.07157326130992572,0.7361111111111112,0.0984
gmic,753,0.07162162162162163,0.7361111111111112,0.0985
gmic,754,0.07181571815718157,0.7361111111111112,0.0988
gmic,755,0.07123473541383989,0.7291666666666666,0.099
gmic,756,0.07128309572301425,0.7291666666666666,0.0991
gmic,757,0.07138001359619306,0.7291666666666666,0.0992
gmic,758,0.07147719537100068,0.7291666666666666,0.0994
gmic,759,0.07152588555858311,0.7291666666666666,0.0997
gmic,760,0.07157464212678936,0.7291666666666666,0.0998
gmic,761,0.07162346521145975,0.7291666666666666,0.1
gmic,762,0.07167235494880546,0.7291666666666666,0.1001
gmic,763,0.07172131147540983,0.7291666666666666,0.1003
gmic,764,0.07177033492822966,0.7291666666666666,0.1005
gmic,765,0.07113543091655267,0.7222222222222222,0.1006
gmic,766,0.07118412046543464,0.7222222222222222,0.101
gmic,767,0.07123287671232877,0.7222222222222222,0.1013
gmic,768,0.07128169979437972,0.7222222222222222,0.1018
gmic,769,0.07133058984910837,0.7222222222222222,0.1019
gmic,770,0.07137954701441318,0.7222222222222222,0.102
gmic,771,0.07142857142857142,0.7222222222222222,0.1022
gmic,772,0.07147766323024055,0.7222222222222222,0.1024
gmic,773,0.07152682255845942,0.7222222222222222,0.1025
gmic,774,0.07157604955264969,0.7222222222222222,0.103
gmic,775,0.07162534435261708,0.7222222222222222,0.1031
gmic,776,0.07172413793103448,0.7222222222222222,0.1032
gmic,777,0.07177363699102829,0.7222222222222222,0.1037
gmic,778,0.07192254495159059,0.7222222222222222,0.1038
gmic,779,0.07197231833910035,0.7222222222222222,0.1041
gmic,780,0.07202216066481995,0.7222222222222222,0.1042
gmic,781,0.07207207207207207,0.7222222222222222,0.1043
gmic,782,0.07222222222222222,0.7222222222222222,0.1044
gmic,783,0.07227241139680333,0.7222222222222222,0.1047
gmic,784,0.07232267037552156,0.7222222222222222,0.1048
gmic,785,0.07242339832869081,0.7222222222222222,0.105
gmic,786,0.07247386759581882,0.7222222222222222,0.1052
gmic,787,0.07252440725244072,0.7222222222222222,0.1053
gmic,788,0.07192737430167598,0.7152777777777778,0.1054
gmic,789,0.07202797202797202,0.7152777777777778,0.1058
gmic,790,0.07207837648705388,0.7152777777777778,0.106
gmic,791,0.07217939733707078,0.7152777777777778,0.1062
gmic,792,0.07223001402524544,0.7152777777777778,0.1063
gmic,793,0.07228070175438596,0.7152777777777778,0.1064
gmic,794,0.0723314606741573,0.7152777777777778,0.1065
gmic,795,0.07243319268635724,0.7152777777777778,0.1067
gmic,796,0.07248416608022519,0.7152777777777778,0.1068
gmic,797,0.07253521126760563,0.7152777777777778,0.107
gmic,798,0.07258632840028188,0.7152777777777778,0.1072
gmic,799,0.07263751763046544,0.7152777777777778,0.1073
gmic,800,0.07274011299435028,0.7152777777777778,0.1076
gmic,801,0.07279151943462897,0.7152777777777778,0.1078
gmic,802,0.07294617563739376,0.7152777777777778,0.1079
gmic,803,0.07299787384833452,0.7152777777777778,0.1082
gmic,804,0.07304964539007092,0.7152777777777778,0.1086
gmic,805,0.07310149041873669,0.7152777777777778,0.109
gmic,806,0.07315340909090909,0.7152777777777778,0.1091
gmic,807,0.07320540156361052,0.7152777777777778,0.1094
gmic,808,0.07336182336182336,0.7152777777777778,0.1096
gmic,809,0.07341411261582323,0.7152777777777778,0.1097
gmic,810,0.07346647646219687,0.7152777777777778,0.11
gmic,811,0.07351891506067094,0.7152777777777778,0.1102
gmic,812,0.0736240171551108,0.7152777777777778,0.1103
gmic,813,0.0736766809728183,0.7152777777777778,0.1104
gmic,814,0.0737294201861131,0.7152777777777778,0.1107
gmic,815,0.07378223495702006,0.7152777777777778,0.1109
gmic,816,0.07383512544802867,0.7152777777777778,0.1112
gmic,817,0.07388809182209469,0.7152777777777778,0.1114
gmic,818,0.07394113424264179,0.7152777777777778,0.1115
gmic,819,0.07399425287356322,0.7152777777777778,0.1116
gmic,820,0.07404744787922359,0.7152777777777778,0.1117
gmic,821,0.07410071942446043,0.7152777777777778,0.1118
gmic,822,0.07415406767458603,0.7152777777777778,0.1119
gmic,823,0.07420749279538905,0.7152777777777778,0.1121
gmic,824,0.07431457431457432,0.7152777777777778,0.1124
gmic,825,0.07436823104693141,0.7152777777777778,0.1126
gmic,826,0.0737527114967462,0.7083333333333334,0.1127
gmic,827,0.07391304347826087,0.7083333333333334,0.1128
gmic,828,0.07396664249456128,0.7083333333333334,0.1131
gmic,829,0.07402031930333818,0.7083333333333334,0.1132
gmic,830,0.07407407407407407,0.7083333333333334,0.1133
gmic,831,0.07423580786026202,0.7083333333333334,0.1134
gmic,832,0.07434402332361516,0.7083333333333334,0.1136
gmic,833,0.07445255474452554,0.7083333333333334,0.1137
gmic,834,0.07456140350877193,0.7083333333333334,0.1138
gmic,835,0.07461594732991954,0.7083333333333334,0.1141
gmic,836,0.0746705710102489,0.7083333333333334,0.1144
gmic,837,0.07472527472527472,0.7083333333333334,0.1145
gmic,838,0.0747800586510264,0.7083333333333334,0.1146
gmic,839,0.07494489346069066,0.7083333333333334,0.1147
gmic,840,0.07505518763796909,0.7083333333333334,0.1149
gmic,841,0.07511045655375552,0.7083333333333334,0.1151
gmic,842,0.07516580692704496,0.7083333333333334,0.1155
gmic,843,0.0752212389380531,0.7083333333333334,0.1156
gmic,844,0.07527675276752767,0.7083333333333334,0.1157
gmic,845,0.07533234859675036,0.7083333333333334,0.1158
gmic,846,0.07538802660753881,0.7083333333333334,0.1159
gmic,847,0.07544378698224852,0.7083333333333334,0.116
gmic,848,0.07566765578635015,0.7083333333333334,0.1161
gmic,849,0.07589285714285714,0.7083333333333334,0.1162
gmic,850,0.0759493670886076,0.7083333333333334,0.1163
gmic,851,0.07531692766592095,0.7013888888888888,0.1164
gmic,852,0.07542942494398805,0.7013888888888888,0.1167
gmic,853,0.07554225878833208,0.7013888888888888,0.1168
gmic,854,0.0748502994011976,0.6944444444444444,0.1169
gmic,855,0.07496251874062969,0.6944444444444444,0.1173
gmic,856,0.07501875468867217,0.6944444444444444,0.1174
gmic,857,0.07507507507507508,0.6944444444444444,0.1176
gmic,858,0.07513148009015777,0.6944444444444444,0.1182
gmic,859,0.07524454477050414,0.6944444444444444,0.1183
gmic,860,0.07535795026375283,0.6944444444444444,0.1185
gmic,861,0.07541478129713423,0.6944444444444444,0.1186
gmic,862,0.07471698113207548,0.6875,0.1192
gmic,863,0.07477341389728097,0.6875,0.1196
gmic,864,0.07482993197278912,0.6875,0.1199
gmic,865,0.07488653555219364,0.6875,0.12
gmic,866,0.07494322482967448,0.6875,0.1202
gmic,867,0.075,0.6875,0.1211
gmic,868,0.07505686125852919,0.6875,0.1213
gmic,869,0.07511380880121396,0.6875,0.1216
gmic,870,0.07517084282460136,0.6875,0.1217
gmic,871,0.07522796352583587,0.6875,0.1218
gmic,872,0.0752851711026616,0.6875,0.1222
gmic,873,0.0753998476770754,0.6875,0.1223
gmic,874,0.07551487414187644,0.6875,0.1225
gmic,875,0.07557251908396946,0.6875,0.1227
gmic,876,0.07563025210084033,0.6875,0.123
gmic,877,0.0757459831675593,0.6875,0.1238
gmic,878,0.07580398162327719,0.6875,0.1241
gmic,879,0.07586206896551724,0.6875,0.1242
gmic,880,0.07592024539877301,0.6875,0.1243
gmic,881,0.07597851112816577,0.6875,0.1244
gmic,882,0.07603686635944701,0.6875,0.1246
gmic,883,0.07609531129900077,0.6875,0.1247
gmic,884,0.07615384615384616,0.6875,0.1249
gmic,885,0.07621247113163972,0.6875,0.125
gmic,886,0.07627118644067797,0.6875,0.1253
gmic,887,0.07632999228989977,0.6875,0.1254
gmic,888,0.07644787644787644,0.6875,0.1255
gmic,889,0.07650695517774343,0.6875,0.1257
gmic,890,0.0765661252900232,0.6875,0.1258
gmic,891,0.07662538699690402,0.6875,0.1263
gmic,892,0.0766847405112316,0.6875,0.1265
gmic,893,0.07674418604651163,0.6875,0.1268
gmic,894,0.07680372381691233,0.6875,0.1269
gmic,895,0.07686335403726709,0.6875,0.1275
gmic,896,0.07698289269051321,0.6875,0.1279
gmic,897,0.07704280155642024,0.6875,0.128
gmic,898,0.07716289945440374,0.6875,0.1284
gmic,899,0.07722308892355695,0.6875,0.1288
gmic,900,0.07734375,0.6875,0.129
gmic,901,0.07740422204847537,0.6875,0.1291
gmic,902,0.07758620689655173,0.6875,0.1292
gmic,903,0.07764705882352942,0.6875,0.1295
gmic,904,0.07770800627943485,0.6875,0.1296
gmic,905,0.07776904948939513,0.6875,0.1297
gmic,906,0.07783018867924528,0.6875,0.1303
gmic,907,0.07789142407553108,0.6875,0.1308
gmic,908,0.07795275590551182,0.6875,0.1309
gmic,909,0.07801418439716312,0.6875,0.132
gmic,910,0.07807570977917981,0.6875,0.1325
gmic,911,0.07813733228097869,0.6875,0.1326
gmic,912,0.07819905213270142,0.6875,0.1327
gmic,913,0.0782608695652174,0.6875,0.1331
gmic,914,0.07832278481012658,0.6875,0.1333
gmic,915,0.07838479809976247,0.6875,0.1334
gmic,916,0.07844690966719493,0.6875,0.1337
gmic,917,0.07857142857142857,0.6875,0.1338
gmic,918,0.07863383637807785,0.6875,0.134
gmic,919,0.07869634340222575,0.6875,0.1342
gmic,920,0.07875894988066826,0.6875,0.1346
gmic,921,0.07882165605095541,0.6875,0.1347
gmic,922,0.07888446215139443,0.6875,0.135
gmic,923,0.07894736842105263,0.6875,0.1352
gmic,924,0.07901037509976057,0.6875,0.1354
gmic,925,0.07907348242811502,0.6875,0.1359
gmic,926,0.07913669064748201,0.6875,0.1362
gmic,927,0.0792,0.6875,0.1363
gmic,928,0.07926341072858287,0.6875,0.1366
gmic,929,0.07932692307692307,0.6875,0.137
gmic,930,0.07939053728949479,0.6875,0.1371
gmic,931,0.07945425361155699,0.6875,0.1374
gmic,932,0.07951807228915662,0.6875,0.1375
gmic,933,0.07958199356913183,0.6875,0.1377
gmic,934,0.07884151246983105,0.6805555555555556,0.1385
gmic,935,0.07890499194847021,0.6805555555555556,0.1386
gmic,936,0.0789685737308622,0.6805555555555556,0.139
gmic,937,0.07903225806451612,0.6805555555555556,0.1393
gmic,938,0.07909604519774012,0.6805555555555556,0.1394
gmic,939,0.0791599353796446,0.6805555555555556,0.1395
gmic,940,0.07922392886014551,0.6805555555555556,0.1397
gmic,941,0.07928802588996764,0.6805555555555556,0.1398
gmic,942,0.07935222672064778,0.6805555555555556,0.1401
gmic,943,0.07941653160453808,0.6805555555555556,0.1402
gmic,944,0.07948094079480941,0.6805555555555556,0.1404
gmic,945,0.07961007311129163,0.6805555555555556,0.1408
gmic,946,0.07967479674796749,0.6805555555555556,0.1409
gmic,947,0.07973962571196094,0.6805555555555556,0.141
gmic,948,0.07980456026058631,0.6805555555555556,0.1412
gmic,949,0.07986960065199673,0.6805555555555556,0.1413
gmic,950,0.0799347471451876,0.6805555555555556,0.1414
gmic,951,0.08,0.6805555555555556,0.1416
gmic,952,0.08013082583810302,0.6805555555555556,0.142
gmic,953,0.08019639934533551,0.6805555555555556,0.1423
gmic,954,0.08026208026208026,0.6805555555555556,0.1432
gmic,955,0.08039376538146022,0.6805555555555556,0.1433
gmic,956,0.08045977011494253,0.6805555555555556,0.1435
gmic,957,0.0805921052631579,0.6805555555555556,0.1441
gmic,958,0.08065843621399177,0.6805555555555556,0.1442
gmic,959,0.08072487644151564,0.6805555555555556,0.1447
gmic,960,0.0807914262159934,0.6805555555555556,0.1448
gmic,961,0.08092485549132948,0.6805555555555556,0.1449
gmic,962,0.08099173553719008,0.6805555555555556,0.1451
gmic,963,0.08112582781456953,0.6805555555555556,0.1454
gmic,964,0.0812603648424544,0.6805555555555556,0.1459
gmic,965,0.08132780082987552,0.6805555555555556,0.1464
gmic,966,0.08139534883720931,0.6805555555555556,0.1465
gmic,967,0.08146300914380715,0.6805555555555556,0.1466
gmic,968,0.08153078202995008,0.6805555555555556,0.1467
gmic,969,0.08083333333333333,0.6736111111111112,0.147
gmic,970,0.08090075062552127,0.6736111111111112,0.1473
gmic,971,0.08096828046744574,0.6736111111111112,0.1475
gmic,972,0.0810359231411863,0.6736111111111112,0.1476
gmic,973,0.08110367892976589,0.6736111111111112,0.1477
gmic,974,0.08117154811715481,0.6736111111111112,0.148
gmic,975,0.0812395309882747,0.6736111111111112,0.1481
gmic,976,0.08130762782900251,0.6736111111111112,0.1484
gmic,977,0.08137583892617449,0.6736111111111112,0.1488
gmic,978,0.08151260504201681,0.6736111111111112,0.149
gmic,979,0.0815811606391926,0.6736111111111112,0.1496
gmic,980,0.08164983164983165,0.6736111111111112,0.1498
gmic,981,0.08171861836562763,0.6736111111111112,0.1504
gmic,982,0.081787521079258,0.6736111111111112,0.1506
gmic,983,0.08185654008438818,0.6736111111111112,0.1507
gmic,984,0.08192567567567567,0.6736111111111112,0.1508
gmic,985,0.08199492814877431,0.6736111111111112,0.151
gmic,986,0.08206429780033841,0.6736111111111112,0.1512
gmic,987,0.08227311280746395,0.6736111111111112,0.1516
gmic,988,0.08234295415959253,0.6736111111111112,0.1519
gmic,989,0.0824829931972789,0.6736111111111112,0.152
gmic,990,0.0825531914893617,0.6736111111111112,0.1522
gmic,991,0.08262350936967632,0.6736111111111112,0.1524
gmic,992,0.08269394714407502,0.6736111111111112,0.1525
gmic,993,0.08276450511945392,0.6736111111111112,0.1526
gmic,994,0.08283518360375747,0.6736111111111112,0.1529
gmic,995,0.0829059829059829,0.6736111111111112,0.1533
gmic,996,0.08297690333618478,0.6736111111111112,0.1536
gmic,997,0.08304794520547945,0.6736111111111112,0.1539
gmic,998,0.0831191088260497,0.6736111111111112,0.154
gmic,999,0.08319039451114923,0.6736111111111112,0.1543
gmic,1000,0.08326180257510729,0.6736111111111112,0.1545
gmic,1001,0.08333333333333333,0.6736111111111112,0.1551
gmic,1002,0.08340498710232158,0.6736111111111112,0.1553
gmic,1003,0.08347676419965576,0.6736111111111112,0.1559
gmic,1004,0.08354866494401378,0.6736111111111112,0.156
gmic,1005,0.08362068965517241,0.6736111111111112,0.1565
gmic,1006,0.08369283865401209,0.6736111111111112,0.1568
gmic,1007,0.08376511226252159,0.6736111111111112,0.157
gmic,1008,0.08383751080380294,0.6736111111111112,0.1571
gmic,1009,0.08391003460207612,0.6736111111111112,0.1574
gmic,1010,0.08398268398268398,0.6736111111111112,0.1576
gmic,1011,0.08405545927209705,0.6736111111111112,0.1581
gmic,1012,0.08412836079791847,0.6736111111111112,0.1588
gmic,1013,0.0842013888888889,0.6736111111111112,0.159
gmic,1014,0.0842745438748914,0.6736111111111112,0.1592
gmic,1015,0.08434782608695653,0.6736111111111112,0.1596
gmic,1016,0.08442123585726719,0.6736111111111112,0.1599
gmic,1017,0.08449477351916376,0.6736111111111112,0.1601
gmic,1018,0.08456843940714909,0.6736111111111112,0.1604
gmic,1019,0.08464223385689354,0.6736111111111112,0.1607
gmic,1020,0.08471615720524017,0.6736111111111112,0.1608
gmic,1021,0.08479020979020979,0.6736111111111112,0.1612
gmic,1022,0.08486439195100612,0.6736111111111112,0.1614
gmic,1023,0.08501314636283962,0.6736111111111112,0.1623
gmic,1024,0.08508771929824561,0.6736111111111112,0.1624
gmic,1025,0.08516242317822652,0.6736111111111112,0.1625
gmic,1026,0.0852372583479789,0.6736111111111112,0.1626
gmic,1027,0.0853122251539138,0.6736111111111112,0.1627
gmic,1028,0.08450704225352113,0.6666666666666666,0.1628
gmic,1029,0.08370044052863436,0.6597222222222222,0.1632
gmic,1030,0.0837742504409171,0.6597222222222222,0.1635
gmic,1031,0.08384819064430715,0.6597222222222222,0.1638
gmic,1032,0.08392226148409894,0.6597222222222222,0.1641
gmic,1033,0.08399646330680813,0.6597222222222222,0.1642
gmic,1034,0.084070796460177,0.6597222222222222,0.1643
gmic,1035,0.08421985815602837,0.6597222222222222,0.1645
gmic,1036,0.08429458740017746,0.6597222222222222,0.1646
gmic,1037,0.08348134991119005,0.6527777777777778,0.1653
gmic,1038,0.08355555555555555,0.6527777777777778,0.1655
gmic,1039,0.08370436331255565,0.6527777777777778,0.1658
gmic,1040,0.08377896613190731,0.6527777777777778,0.1666
gmic,1041,0.08385370205173952,0.6527777777777778,0.1671
gmic,1042,0.08392857142857142,0.6527777777777778,0.1672
gmic,1043,0.0840035746201966,0.6527777777777778,0.1674
gmic,1044,0.08407871198568873,0.6527777777777778,0.1682
gmic,1045,0.08415398388540735,0.6527777777777778,0.1684
gmic,1046,0.08422939068100359,0.6527777777777778,0.1685
gmic,1047,0.08430493273542601,0.6527777777777778,0.1688
gmic,1048,0.0843806104129264,0.6527777777777778,0.1692
gmic,1049,0.08445642407906559,0.6527777777777778,0.1694
gmic,1050,0.0846084608460846,0.6527777777777778,0.1699
gmic,1051,0.08468468468468468,0.6527777777777778,0.1704
gmic,1052,0.08476104598737602,0.6527777777777778,0.1707
gmic,1053,0.08408679927667269,0.6458333333333334,0.171
gmic,1054,0.08416289592760182,0.6458333333333334,0.1715
gmic,1055,0.08423913043478261,0.6458333333333334,0.172
gmic,1056,0.0843155031731641,0.6458333333333334,0.1721
gmic,1057,0.08439201451905626,0.6458333333333334,0.1724
gmic,1058,0.08446866485013624,0.6458333333333334,0.1726
gmic,1059,0.08454545454545455,0.6458333333333334,0.1731
gmic,1060,0.08462238398544131,0.6458333333333334,0.1735
gmic,1061,0.08469945355191257,0.6458333333333334,0.174
gmic,1062,0.08477666362807658,0.6458333333333334,0.1742
gmic,1063,0.08485401459854014,0.6458333333333334,0.1745
gmic,1064,0.08493150684931507,0.6458333333333334,0.1746
gmic,1065,0.0850091407678245,0.6458333333333334,0.1749
gmic,1066,0.08508691674290943,0.6458333333333334,0.175
gmic,1067,0.08516483516483517,0.6458333333333334,0.1755
gmic,1068,0.08524289642529789,0.6458333333333334,0.1756
gmic,1069,0.0853211009174312,0.6458333333333334,0.1759
gmic,1070,0.08547794117647059,0.6458333333333334,0.1762
gmic,1071,0.08555657773689053,0.6458333333333334,0.177
gmic,1072,0.0856353591160221,0.6458333333333334,0.1776
gmic,1073,0.08571428571428572,0.6458333333333334,0.1786
gmic,1074,0.08587257617728532,0.6458333333333334,0.1791
gmic,1075,0.08595194085027727,0.6458333333333334,0.1792
gmic,1076,0.08603145235892692,0.6458333333333334,0.1793
gmic,1077,0.08611111111111111,0.6458333333333334,0.1796
gmic,1078,0.08619091751621873,0.6458333333333334,0.1799
gmic,1079,0.0862708719851577,0.6458333333333334,0.1802
gmic,1080,0.08635097493036212,0.6458333333333334,0.1807
gmic,1081,0.08643122676579926,0.6458333333333334,0.1808
gmic,1082,0.08651162790697674,0.6458333333333334,0.1814
gmic,1083,0.08667287977632805,0.6458333333333334,0.1816
gmic,1084,0.08582089552238806,0.6388888888888888,0.1819
gmic,1085,0.08590102707749767,0.6388888888888888,0.1826
gmic,1086,0.08598130841121496,0.6388888888888888,0.1829
gmic,1087,0.08528584817244611,0.6319444444444444,0.1831
gmic,1088,0.08536585365853659,0.6319444444444444,0.1833
gmic,1089,0.08544600938967137,0.6319444444444444,0.1834
gmic,1090,0.08560677328316087,0.6319444444444444,0.1835
gmic,1091,0.0856873822975518,0.6319444444444444,0.184
gmic,1092,0.08584905660377358,0.6319444444444444,0.1848
gmic,1093,0.08593012275731822,0.6319444444444444,0.185
gmic,1094,0.08601134215500945,0.6319444444444444,0.1856
gmic,1095,0.08609271523178808,0.6319444444444444,0.1858
gmic,1096,0.08617424242424243,0.6319444444444444,0.1859
gmic,1097,0.08633776091081594,0.6319444444444444,0.1868
gmic,1098,0.08641975308641975,0.6319444444444444,0.1879
gmic,1099,0.08658420551855375,0.6319444444444444,0.1884
gmic,1100,0.08666666666666667,0.6319444444444444,0.1888
gmic,1101,0.08674928503336511,0.6319444444444444,0.1892
gmic,1102,0.0868320610687023,0.6319444444444444,0.1893
gmic,1103,0.08691499522445081,0.6319444444444444,0.1894
gmic,1104,0.0869980879541109,0.6319444444444444,0.1895
gmic,1105,0.0871647509578544,0.6319444444444444,0.1897
gmic,1106,0.087248322147651,0.6319444444444444,0.1906
gmic,1107,0.0873320537428023,0.6319444444444444,0.1911
gmic,1108,0.08741594620557157,0.6319444444444444,0.1916
gmic,1109,0.0875,0.6319444444444444,0.192
gmic,1110,0.0875842155919153,0.6319444444444444,0.1926
gmic,1111,0.08678881388621022,0.625,0.1928
gmic,1112,0.08687258687258688,0.625,0.1932
gmic,1113,0.08695652173913043,0.625,0.1936
gmic,1114,0.08704061895551257,0.625,0.194
gmic,1115,0.08712487899322362,0.625,0.1941
gmic,1116,0.0872093023255814,0.625,0.1948
gmic,1117,0.08729388942774007,0.625,0.1964
gmic,1118,0.08737864077669903,0.625,0.1966
gmic,1119,0.08746355685131195,0.625,0.1968
gmic,1120,0.08754863813229571,0.625,0.1978
gmic,1121,0.08771929824561403,0.625,0.1979
gmic,1122,0.08780487804878048,0.625,0.1983
gmic,1123,0.087890625,0.625,0.1986
gmic,1124,0.08797653958944282,0.625,0.1993
gmic,1125,0.08806262230919765,0.625,0.1994
gmic,1126,0.0881488736532811,0.625,0.1995
gmic,1127,0.08823529411764706,0.625,0.1998
gmic,1128,0.08832188420019627,0.625,0.2001
gmic,1129,0.08840864440078586,0.625,0.2004
gmic,1130,0.08849557522123894,0.625,0.2014
gmic,1131,0.08858267716535433,0.625,0.2015
gmic,1132,0.08866995073891626,0.625,0.2016
gmic,1133,0.08875739644970414,0.625,0.2027
gmic,1134,0.08884501480750247,0.625,0.203
gmic,1135,0.08893280632411067,0.625,0.2041
gmic,1136,0.08902077151335312,0.625,0.205
gmic,1137,0.08811881188118811,0.6180555555555556,0.2055
gmic,1138,0.08820614469772052,0.6180555555555556,0.2056
gmic,1139,0.0882936507936508,0.6180555555555556,0.2063
gmic,1140,0.08838133068520357,0.6180555555555556,0.2064
gmic,1141,0.08846918489065607,0.6180555555555556,0.2067
gmic,1142,0.08855721393034825,0.6180555555555556,0.2071
gmic,1143,0.08864541832669323,0.6180555555555556,0.2072
gmic,1144,0.08873379860418744,0.6180555555555556,0.2077
gmic,1145,0.08882235528942116,0.6180555555555556,0.2078
gmic,1146,0.08791208791208792,0.6111111111111112,0.2079
gmic,1147,0.088,0.6111111111111112,0.2083
gmic,1148,0.08808808808808809,0.6111111111111112,0.2085
gmic,1149,0.08817635270541083,0.6111111111111112,0.2088
gmic,1150,0.08826479438314945,0.6111111111111112,0.209
gmic,1151,0.08835341365461848,0.6111111111111112,0.2102
gmic,1152,0.08844221105527639,0.6111111111111112,0.2103
gmic,1153,0.08853118712273642,0.6111111111111112,0.2108
gmic,1154,0.08862034239677745,0.6111111111111112,0.2115
gmic,1155,0.08870967741935484,0.6111111111111112,0.2125
gmic,1156,0.08879919273461151,0.6111111111111112,0.2126
gmic,1157,0.08897876643073811,0.6111111111111112,0.2129
gmic,1158,0.08906882591093117,0.6111111111111112,0.2137
gmic,1159,0.08915906788247213,0.6111111111111112,0.214
gmic,1160,0.08924949290060852,0.6111111111111112,0.2151
gmic,1161,0.08934010152284264,0.6111111111111112,0.2161
gmic,1162,0.08841463414634146,0.6041666666666666,0.2165
gmic,1163,0.08850457782299084,0.6041666666666666,0.2175
gmic,1164,0.08859470468431772,0.6041666666666666,0.2182
gmic,1165,0.08868501529051988,0.6041666666666666,0.2184
gmic,1166,0.08877551020408163,0.6041666666666666,0.2185
gmic,1167,0.0888661899897855,0.6041666666666666,0.2194
gmic,1168,0.08895705521472393,0.6041666666666666,0.2198
gmic,1169,0.08904810644831115,0.6041666666666666,0.2206
gmic,1170,0.08913934426229508,0.6041666666666666,0.221
gmic,1171,0.08923076923076922,0.6041666666666666,0.2213
gmic,1172,0.08932238193018481,0.6041666666666666,0.222
gmic,1173,0.08941418293936279,0.6041666666666666,0.2223
gmic,1174,0.08950617283950617,0.6041666666666666,0.2227
gmic,1175,0.08959835221421215,0.6041666666666666,0.2229
gmic,1176,0.08969072164948454,0.6041666666666666,0.2231
gmic,1177,0.08978328173374613,0.6041666666666666,0.2234
gmic,1178,0.08987603305785125,0.6041666666666666,0.2237
gmic,1179,0.08996897621509824,0.6041666666666666,0.2238
gmic,1180,0.09006211180124224,0.6041666666666666,0.2246
gmic,1181,0.09015544041450778,0.6041666666666666,0.225
gmic,1182,0.09024896265560166,0.6041666666666666,0.2253
gmic,1183,0.09043659043659044,0.6041666666666666,0.2255
gmic,1184,0.09053069719042664,0.6041666666666666,0.2259
gmic,1185,0.090625,0.6041666666666666,0.2264
gmic,1186,0.09071949947862357,0.6041666666666666,0.2266
gmic,1187,0.09081419624217119,0.6041666666666666,0.2273
gmic,1188,0.09100418410041841,0.6041666666666666,0.2275
gmic,1189,0.09109947643979058,0.6041666666666666,0.228
gmic,1190,0.09119496855345911,0.6041666666666666,0.2283
gmic,1191,0.0912906610703043,0.6041666666666666,0.2293
gmic,1192,0.09138655462184873,0.6041666666666666,0.23
gmic,1193,0.0914826498422713,0.6041666666666666,0.2302
gmic,1194,0.0916754478398314,0.6041666666666666,0.2308
gmic,1195,0.09177215189873418,0.6041666666666666,0.231
gmic,1196,0.09186906019007392,0.6041666666666666,0.2315
gmic,1197,0.0919661733615222,0.6041666666666666,0.2325
gmic,1198,0.09206349206349207,0.6041666666666666,0.2337
gmic,1199,0.09216101694915255,0.6041666666666666,0.2343
gmic,1200,0.09225874867444327,0.6041666666666666,0.2354
gmic,1201,0.0925531914893617,0.6041666666666666,0.2357
gmic,1202,0.0926517571884984,0.6041666666666666,0.236
gmic,1203,0.09275053304904052,0.6041666666666666,0.2367
gmic,1204,0.09284951974386339,0.6041666666666666,0.2369
gmic,1205,0.09294871794871795,0.6041666666666666,0.2372
gmic,1206,0.09197860962566845,0.5972222222222222,0.2379
gmic,1207,0.09217577706323687,0.5972222222222222,0.2381
gmic,1208,0.09227467811158799,0.5972222222222222,0.2388
gmic,1209,0.09237379162191192,0.5972222222222222,0.2395
gmic,1210,0.09247311827956989,0.5972222222222222,0.2397
gmic,1211,0.09257265877287406,0.5972222222222222,0.2401
gmic,1212,0.09267241379310345,0.5972222222222222,0.2412
gmic,1213,0.09169363538295577,0.5902777777777778,0.2421
gmic,1214,0.091792656587473,0.5902777777777778,0.2422
gmic,1215,0.0918918918918919,0.5902777777777778,0.2425
gmic,1216,0.09199134199134198,0.5902777777777778,0.2431
gmic,1217,0.09209100758396534,0.5902777777777778,0.2449
gmic,1218,0.09219088937093275,0.5902777777777778,0.2456
gmic,1219,0.09229098805646037,0.5902777777777778,0.2457
gmic,1220,0.09239130434782608,0.5902777777777778,0.2461
gmic,1221,0.09249183895538629,0.5902777777777778,0.2467
gmic,1222,0.09259259259259259,0.5902777777777778,0.2473
gmic,1223,0.09170305676855896,0.5833333333333334,0.2475
gmic,1224,0.09180327868852459,0.5833333333333334,0.2487
gmic,1225,0.09200438116100766,0.5833333333333334,0.2499
gmic,1226,0.09210526315789473,0.5833333333333334,0.2509
gmic,1227,0.09130913091309131,0.5763888888888888,0.2513
gmic,1228,0.09140969162995595,0.5763888888888888,0.2526
gmic,1229,0.09151047409040794,0.5763888888888888,0.2537
gmic,1230,0.09161147902869757,0.5763888888888888,0.2539
gmic,1231,0.09171270718232044,0.5763888888888888,0.254
gmic,1232,0.0918141592920354,0.5763888888888888,0.2544
gmic,1233,0.09191583610188261,0.5763888888888888,0.2548
gmic,1234,0.09201773835920177,0.5763888888888888,0.2552
gmic,1235,0.09211986681465038,0.5763888888888888,0.2557
gmic,1236,0.09222222222222222,0.5763888888888888,0.2558
gmic,1237,0.09232480533926585,0.5763888888888888,0.2562
gmic,1238,0.09242761692650334,0.5763888888888888,0.2568
gmic,1239,0.09253065774804906,0.5763888888888888,0.2569
gmic,1240,0.09263392857142858,0.5763888888888888,0.2589
gmic,1241,0.09273743016759776,0.5763888888888888,0.259
gmic,1242,0.09284116331096197,0.5763888888888888,0.26
gmic,1243,0.0929451287793953,0.5763888888888888,0.2606
gmic,1244,0.09192825112107623,0.5694444444444444,0.2609
gmic,1245,0.0920314253647587,0.5694444444444444,0.2619
gmic,1246,0.09213483146067415,0.5694444444444444,0.2625
gmic,1247,0.0922384701912261,0.5694444444444444,0.2643
gmic,1248,0.09234234234234234,0.5694444444444444,0.2644
gmic,1249,0.09244644870349493,0.5694444444444444,0.2658
gmic,1250,0.09255079006772009,0.5694444444444444,0.266
gmic,1251,0.09265536723163842,0.5694444444444444,0.2665
gmic,1252,0.09276018099547512,0.5694444444444444,0.2668
gmic,1253,0.09297052154195011,0.5694444444444444,0.269
gmic,1254,0.09307604994324631,0.5694444444444444,0.2698
gmic,1255,0.09318181818181819,0.5694444444444444,0.2717
gmic,1256,0.09328782707622298,0.5694444444444444,0.2718
gmic,1257,0.09339407744874716,0.5694444444444444,0.2719
gmic,1258,0.09350057012542759,0.5694444444444444,0.2725
gmic,1259,0.09360730593607305,0.5694444444444444,0.2726
gmic,1260,0.09371428571428571,0.5694444444444444,0.2727
gmic,1261,0.09382151029748284,0.5694444444444444,0.2731
gmic,1262,0.09392898052691867,0.5694444444444444,0.2732
gmic,1263,0.09414466130884042,0.5694444444444444,0.2747
gmic,1264,0.09425287356321839,0.5694444444444444,0.2758
gmic,1265,0.09321058688147296,0.5625,0.276
gmic,1266,0.09331797235023041,0.5625,0.2763
gmic,1267,0.0922722029988466,0.5555555555555556,0.2765
gmic,1268,0.09122401847575058,0.5486111111111112,0.2774
gmic,1269,0.09132947976878612,0.5486111111111112,0.2775
gmic,1270,0.09143518518518519,0.5486111111111112,0.2778
gmic,1271,0.09154113557358054,0.5486111111111112,0.2792
gmic,1272,0.09164733178654293,0.5486111111111112,0.2799
gmic,1273,0.09175377468060394,0.5486111111111112,0.2802
gmic,1274,0.0919674039580908,0.5486111111111112,0.2803
gmic,1275,0.09207459207459208,0.5486111111111112,0.2812
gmic,1276,0.09239766081871345,0.5486111111111112,0.2813
gmic,1277,0.09250585480093677,0.5486111111111112,0.2826
gmic,1278,0.09261430246189918,0.5486111111111112,0.2841
gmic,1279,0.09272300469483569,0.5486111111111112,0.2843
gmic,1280,0.09283196239717979,0.5486111111111112,0.2844
gmic,1281,0.09294117647058824,0.5486111111111112,0.2848
gmic,1282,0.09305064782096584,0.5486111111111112,0.2851
gmic,1283,0.09316037735849056,0.5486111111111112,0.2861
gmic,1284,0.09327036599763873,0.5486111111111112,0.288
gmic,1285,0.0933806146572104,0.5486111111111112,0.2896
gmic,1286,0.09349112426035502,0.5486111111111112,0.2899
gmic,1287,0.09360189573459715,0.5486111111111112,0.2902
gmic,1288,0.0937129300118624,0.5486111111111112,0.2915
gmic,1289,0.09382422802850356,0.5486111111111112,0.2927
gmic,1290,0.09274673008323424,0.5416666666666666,0.2929
gmic,1291,0.09285714285714286,0.5416666666666666,0.293
gmic,1292,0.09177592371871275,0.5347222222222222,0.2932
gmic,1293,0.09188544152744631,0.5347222222222222,0.2934
gmic,1294,0.09199522102747909,0.5347222222222222,0.2951
gmic,1295,0.09210526315789473,0.5347222222222222,0.296
gmic,1296,0.09221556886227544,0.5347222222222222,0.2963
gmic,1297,0.09232613908872901,0.5347222222222222,0.297
gmic,1298,0.09243697478991597,0.5347222222222222,0.2988
gmic,1299,0.09254807692307693,0.5347222222222222,0.3018
gmic,1300,0.09265944645006016,0.5347222222222222,0.302
gmic,1301,0.0927710843373494,0.5347222222222222,0.3024
gmic,1302,0.09288299155609167,0.5347222222222222,0.3029
gmic,1303,0.0929951690821256,0.5347222222222222,0.3038
gmic,1304,0.09310761789600967,0.5347222222222222,0.3051
gmic,1305,0.09322033898305085,0.5347222222222222,0.3056
gmic,1306,0.09333333333333334,0.5347222222222222,0.3076
gmic,1307,0.09356014580801944,0.5347222222222222,0.3079
gmic,1308,0.09367396593673966,0.5347222222222222,0.3086
gmic,1309,0.09378806333739342,0.5347222222222222,0.309
gmic,1310,0.09390243902439024,0.5347222222222222,0.3112
gmic,1311,0.09401709401709402,0.5347222222222222,0.3114
gmic,1312,0.09424724602203183,0.5347222222222222,0.3116
gmic,1313,0.09436274509803921,0.5347222222222222,0.3117
gmic,1314,0.09447852760736196,0.5347222222222222,0.3128
gmic,1315,0.09471094710947109,0.5347222222222222,0.3133
gmic,1316,0.09482758620689655,0.5347222222222222,0.3137
gmic,1317,0.09506172839506173,0.5347222222222222,0.314
gmic,1318,0.0952970297029703,0.5347222222222222,0.3154
gmic,1319,0.09541511771995044,0.5347222222222222,0.3159
gmic,1320,0.09553349875930521,0.5347222222222222,0.3161
gmic,1321,0.09565217391304348,0.5347222222222222,0.3169
gmic,1322,0.09577114427860696,0.5347222222222222,0.3185
gmic,1323,0.0958904109589041,0.5347222222222222,0.3191
gmic,1324,0.09600997506234414,0.5347222222222222,0.32
gmic,1325,0.09612983770287141,0.5347222222222222,0.3219
gmic,1326,0.09625,0.5347222222222222,0.3226
gmic,1327,0.09637046307884856,0.5347222222222222,0.3251
gmic,1328,0.09649122807017543,0.5347222222222222,0.3261
gmic,1329,0.09535759096612297,0.5277777777777778,0.3263
gmic,1330,0.09547738693467336,0.5277777777777778,0.327
gmic,1331,0.09559748427672957,0.5277777777777778,0.3274
gmic,1332,0.09571788413098237,0.5277777777777778,0.3279
gmic,1333,0.09583858764186633,0.5277777777777778,0.3293
gmic,1334,0.09595959595959595,0.5277777777777778,0.3297
gmic,1335,0.09608091024020228,0.5277777777777778,0.3314
gmic,1336,0.09620253164556962,0.5277777777777778,0.3315
gmic,1337,0.09632446134347275,0.5277777777777778,0.3322
gmic,1338,0.09644670050761421,0.5277777777777778,0.3323
gmic,1339,0.096569250317662,0.5277777777777778,0.3327
gmic,1340,0.09669211195928754,0.5277777777777778,0.3346
gmic,1341,0.09681528662420383,0.5277777777777778,0.3355
gmic,1342,0.09693877551020408,0.5277777777777778,0.3368
gmic,1343,0.0970625798212005,0.5277777777777778,0.3374
gmic,1344,0.09718670076726342,0.5277777777777778,0.339
gmic,1345,0.0973111395646607,0.5277777777777778,0.3398
gmic,1346,0.09743589743589744,0.5277777777777778,0.3412
gmic,1347,0.0975609756097561,0.5277777777777778,0.3415
gmic,1348,0.0978120978120978,0.5277777777777778,0.3421
gmic,1349,0.0979381443298969,0.5277777777777778,0.3422
gmic,1350,0.09806451612903226,0.5277777777777778,0.3431
gmic,1351,0.09689922480620156,0.5208333333333334,0.3442
gmic,1352,0.09702457956015524,0.5208333333333334,0.346
gmic,1353,0.09715025906735751,0.5208333333333334,0.3472
gmic,1354,0.09727626459143969,0.5208333333333334,0.3476
gmic,1355,0.09740259740259741,0.5208333333333334,0.3497
gmic,1356,0.09765625,0.5208333333333334,0.3511
gmic,1357,0.09778357235984354,0.5208333333333334,0.3531
gmic,1358,0.097911227154047,0.5208333333333334,0.3537
gmic,1359,0.09803921568627451,0.5208333333333334,0.354
gmic,1360,0.09816753926701571,0.5208333333333334,0.3544
gmic,1361,0.0982961992136304,0.5208333333333334,0.3551
gmic,1362,0.09711286089238845,0.5138888888888888,0.3553
gmic,1363,0.09724047306176084,0.5138888888888888,0.3557
gmic,1364,0.09736842105263158,0.5138888888888888,0.3564
gmic,1365,0.09749670619235837,0.5138888888888888,0.3624
gmic,1366,0.09762532981530343,0.5138888888888888,0.3625
gmic,1367,0.0977542932628798,0.5138888888888888,0.3637
gmic,1368,0.09788359788359788,0.5138888888888888,0.3645
gmic,1369,0.09801324503311258,0.5138888888888888,0.3647
gmic,1370,0.09814323607427056,0.5138888888888888,0.3669
gmic,1371,0.09707446808510638,0.5069444444444444,0.3684
gmic,1372,0.09720372836218376,0.5069444444444444,0.3723
gmic,1373,0.09733333333333333,0.5069444444444444,0.3731
gmic,1374,0.09759358288770054,0.5069444444444444,0.3739
gmic,1375,0.09772423025435073,0.5069444444444444,0.3776
gmic,1376,0.09785522788203753,0.5069444444444444,0.3789
gmic,1377,0.09798657718120805,0.5069444444444444,0.3823
gmic,1378,0.0967741935483871,0.5,0.3833
gmic,1379,0.09690444145356662,0.5,0.3842
gmic,1380,0.09703504043126684,0.5,0.3854
gmic,1381,0.09716599190283401,0.5,0.3861
gmic,1382,0.0972972972972973,0.5,0.3863
gmic,1383,0.09742895805142084,0.5,0.3876
gmic,1384,0.09620596205962059,0.4930555555555556,0.3891
gmic,1385,0.09497964721845319,0.4861111111111111,0.3893
gmic,1386,0.09510869565217392,0.4861111111111111,0.3907
gmic,1387,0.09523809523809523,0.4861111111111111,0.3909
gmic,1388,0.09536784741144415,0.4861111111111111,0.3913
gmic,1389,0.09549795361527967,0.4861111111111111,0.3914
gmic,1390,0.09562841530054644,0.4861111111111111,0.392
gmic,1391,0.09575923392612859,0.4861111111111111,0.3931
gmic,1392,0.0958904109589041,0.4861111111111111,0.3933
gmic,1393,0.09465020576131687,0.4791666666666667,0.3935
gmic,1394,0.09478021978021978,0.4791666666666667,0.3939
gmic,1395,0.09491059147180192,0.4791666666666667,0.3955
gmic,1396,0.09366391184573003,0.4722222222222222,0.397
gmic,1397,0.09379310344827586,0.4722222222222222,0.3972
gmic,1398,0.09392265193370165,0.4722222222222222,0.3977
gmic,1399,0.09405255878284924,0.4722222222222222,0.3985
gmic,1400,0.09418282548476455,0.4722222222222222,0.3994
gmic,1401,0.09431345353675451,0.4722222222222222,0.4007
gmic,1402,0.09444444444444444,0.4722222222222222,0.4056
gmic,1403,0.09457579972183588,0.4722222222222222,0.4075
gmic,1404,0.0947075208913649,0.4722222222222222,0.4079
gmic,1405,0.09483960948396095,0.4722222222222222,0.4112
gmic,1406,0.0935754189944134,0.4652777777777778,0.4114
gmic,1407,0.0937062937062937,0.4652777777777778,0.4121
gmic,1408,0.0938375350140056,0.4652777777777778,0.4149
gmic,1409,0.09396914446002805,0.4652777777777778,0.4157
gmic,1410,0.09410112359550561,0.4652777777777778,0.4185
gmic,1411,0.09423347398030943,0.4652777777777778,0.4189
gmic,1412,0.09436619718309859,0.4652777777777778,0.4196
gmic,1413,0.09449929478138223,0.4652777777777778,0.4224
gmic,1414,0.09463276836158192,0.4652777777777778,0.4235
gmic,1415,0.09476661951909476,0.4652777777777778,0.4251
gmic,1416,0.09490084985835694,0.4652777777777778,0.4294
gmic,1417,0.0950354609929078,0.4652777777777778,0.4299
gmic,1418,0.09246088193456614,0.4513888888888889,0.4307
gmic,1419,0.09259259259259259,0.4513888888888889,0.431
gmic,1420,0.09272467902995721,0.4513888888888889,0.4322
gmic,1421,0.09285714285714286,0.4513888888888889,0.4338
gmic,1422,0.09155937052932761,0.4444444444444444,0.435
gmic,1423,0.09025787965616046,0.4375,0.4384
gmic,1424,0.08895265423242468,0.4305555555555556,0.44
gmic,1425,0.08908045977011494,0.4305555555555556,0.4401
gmic,1426,0.08920863309352518,0.4305555555555556,0.4411
gmic,1427,0.0893371757925072,0.4305555555555556,0.4413
gmic,1428,0.08802308802308802,0.4236111111111111,0.4422
gmic,1429,0.08670520231213873,0.4166666666666667,0.4435
gmic,1430,0.08683068017366136,0.4166666666666667,0.4449
gmic,1431,0.08695652173913043,0.4166666666666667,0.4463
gmic,1432,0.08708272859216255,0.4166666666666667,0.4473
gmic,1433,0.0872093023255814,0.4166666666666667,0.448
gmic,1434,0.08733624454148471,0.4166666666666667,0.4515
gmic,1435,0.08746355685131195,0.4166666666666667,0.4524
gmic,1436,0.08613138686131387,0.4097222222222222,0.4545
gmic,1437,0.08625730994152046,0.4097222222222222,0.4558
gmic,1438,0.08638360175695461,0.4097222222222222,0.4589
gmic,1439,0.08663729809104258,0.4097222222222222,0.462
gmic,1440,0.08676470588235294,0.4097222222222222,0.4651
gmic,1441,0.08689248895434462,0.4097222222222222,0.4654
gmic,1442,0.08702064896755163,0.4097222222222222,0.4709
gmic,1443,0.08714918759231906,0.4097222222222222,0.472
gmic,1444,0.08579881656804733,0.4027777777777778,0.4724
gmic,1445,0.08444444444444445,0.3958333333333333,0.475
gmic,1446,0.08456973293768547,0.3958333333333333,0.4764
gmic,1447,0.08469539375928678,0.3958333333333333,0.4783
gmic,1448,0.08482142857142858,0.3958333333333333,0.479
gmic,1449,0.08494783904619971,0.3958333333333333,0.4795
gmic,1450,0.08358208955223881,0.3888888888888889,0.4813
gmic,1451,0.08370702541106129,0.3888888888888889,0.4829
gmic,1452,0.08383233532934131,0.3888888888888889,0.4845
gmic,1453,0.08395802098950525,0.3888888888888889,0.4857
gmic,1454,0.08408408408408409,0.3888888888888889,0.4869
gmic,1455,0.08421052631578947,0.3888888888888889,0.4875
gmic,1456,0.08433734939759036,0.3888888888888889,0.4929
gmic,1457,0.08446455505279035,0.3888888888888889,0.4932
gmic,1458,0.08459214501510574,0.3888888888888889,0.4951
gmic,1459,0.08472012102874432,0.3888888888888889,0.4957
gmic,1460,0.08484848484848485,0.3888888888888889,0.4998
gmic,1461,0.08497723823975721,0.3888888888888889,0.502
gmic,1462,0.0851063829787234,0.3888888888888889,0.5024
gmic,1463,0.0852359208523592,0.3888888888888889,0.5039
gmic,1464,0.08536585365853659,0.3888888888888889,0.5043
gmic,1465,0.08549618320610687,0.3888888888888889,0.5156
gmic,1466,0.0856269113149847,0.3888888888888889,0.5171
gmic,1467,0.08588957055214724,0.3888888888888889,0.5178
gmic,1468,0.08602150537634409,0.3888888888888889,0.519
gmic,1469,0.08461538461538462,0.3819444444444444,0.5229
gmic,1470,0.0847457627118644,0.3819444444444444,0.5235
gmic,1471,0.08487654320987655,0.3819444444444444,0.5237
gmic,1472,0.08346213292117466,0.375,0.5244
gmic,1473,0.08359133126934984,0.375,0.5252
gmic,1474,0.08372093023255814,0.375,0.5256
gmic,1475,0.08385093167701864,0.375,0.5261
gmic,1476,0.08398133748055987,0.375,0.5276
gmic,1477,0.08411214953271028,0.375,0.5293
gmic,1478,0.0842433697347894,0.375,0.5379
gmic,1479,0.084375,0.375,0.5394
gmic,1480,0.08450704225352113,0.375,0.5399
gmic,1481,0.08463949843260188,0.375,0.5404
gmic,1482,0.0847723704866562,0.375,0.5409
gmic,1483,0.08333333333333333,0.3680555555555556,0.5437
gmic,1484,0.08346456692913386,0.3680555555555556,0.5448
gmic,1485,0.083596214511041,0.3680555555555556,0.5507
gmic,1486,0.08372827804107424,0.3680555555555556,0.5524
gmic,1487,0.08386075949367089,0.3680555555555556,0.5565
gmic,1488,0.08240887480190175,0.3611111111111111,0.5572
gmic,1489,0.08253968253968254,0.3611111111111111,0.5593
gmic,1490,0.08108108108108109,0.3541666666666667,0.5595
gmic,1491,0.08121019108280254,0.3541666666666667,0.5616
gmic,1492,0.08146964856230032,0.3541666666666667,0.5641
gmic,1493,0.0816,0.3541666666666667,0.5741
gmic,1494,0.08173076923076923,0.3541666666666667,0.5781
gmic,1495,0.08186195826645265,0.3541666666666667,0.5878
gmic,1496,0.0819935691318328,0.3541666666666667,0.5886
gmic,1497,0.08225806451612903,0.3541666666666667,0.5896
gmic,1498,0.08239095315024232,0.3541666666666667,0.5922
gmic,1499,0.08090614886731391,0.3472222222222222,0.5945
gmic,1500,0.08103727714748785,0.3472222222222222,0.5992
gmic,1501,0.08116883116883117,0.3472222222222222,0.6004
gmic,1502,0.08130081300813008,0.3472222222222222,0.6036
gmic,1503,0.08143322475570032,0.3472222222222222,0.6043
gmic,1504,0.08156606851549755,0.3472222222222222,0.607
gmic,1505,0.08019639934533551,0.3402777777777778,0.6168
gmic,1506,0.08032786885245902,0.3402777777777778,0.6292
gmic,1507,0.07881773399014778,0.3333333333333333,0.634
gmic,1508,0.07894736842105263,0.3333333333333333,0.6355
gmic,1509,0.07907742998352553,0.3333333333333333,0.6359
gmic,1510,0.07920792079207921,0.3333333333333333,0.6365
gmic,1511,0.07933884297520662,0.3333333333333333,0.6433
gmic,1512,0.07947019867549669,0.3333333333333333,0.6447
gmic,1513,0.0779436152570481,0.3263888888888889,0.645
gmic,1514,0.07807308970099668,0.3263888888888889,0.6601
gmic,1515,0.07653910149750416,0.3194444444444444,0.6603
gmic,1516,0.07666666666666666,0.3194444444444444,0.667
gmic,1517,0.07512520868113523,0.3125,0.6736
gmic,1518,0.07357859531772576,0.3055555555555556,0.6748
gmic,1519,0.07370184254606366,0.3055555555555556,0.676
gmic,1520,0.0738255033557047,0.3055555555555556,0.679
gmic,1521,0.07394957983193277,0.3055555555555556,0.681
gmic,1522,0.0723905723905724,0.2986111111111111,0.6872
gmic,1523,0.06925675675675676,0.2847222222222222,0.6925
gmic,1524,0.0676818950930626,0.2777777777777778,0.698
gmic,1525,0.06779661016949153,0.2777777777777778,0.6994
gmic,1526,0.06791171477079797,0.2777777777777778,0.7132
gmic,1527,0.0663265306122449,0.2708333333333333,0.7154
gmic,1528,0.06643952299829642,0.2708333333333333,0.726
gmic,1529,0.06484641638225255,0.2638888888888889,0.7264
gmic,1530,0.06324786324786325,0.2569444444444444,0.7271
gmic,1531,0.06164383561643835,0.25,0.7322
gmic,1532,0.06174957118353345,0.25,0.7329
gmic,1533,0.06013745704467354,0.24305555555555555,0.733
gmic,1534,0.060240963855421686,0.24305555555555555,0.7354
gmic,1535,0.0603448275862069,0.24305555555555555,0.7377
gmic,1536,0.06044905008635579,0.24305555555555555,0.7407
gmic,1537,0.06055363321799308,0.24305555555555555,0.748
gmic,1538,0.060658578856152515,0.24305555555555555,0.7569
gmic,1539,0.06076388888888889,0.24305555555555555,0.7622
gmic,1540,0.06086956521739131,0.24305555555555555,0.7623
gmic,1541,0.06097560975609756,0.24305555555555555,0.7637
gmic,1542,0.06108202443280977,0.24305555555555555,0.7822
gmic,1543,0.06118881118881119,0.24305555555555555,0.7864
gmic,1544,0.06129597197898424,0.24305555555555555,0.794
gmic,1545,0.06140350877192982,0.24305555555555555,0.7981
gmic,1546,0.061511423550087874,0.24305555555555555,0.8258
gmic,1547,0.05985915492957746,0.2361111111111111,0.826
gmic,1548,0.0582010582010582,0.22916666666666666,0.8293
gmic,1549,0.05653710247349823,0.2222222222222222,0.8333
gmic,1550,0.05486725663716814,0.2152777777777778,0.8334
gmic,1551,0.0549645390070922,0.2152777777777778,0.8348
gmic,1552,0.055062166962699825,0.2152777777777778,0.8541
gmic,1553,0.05516014234875445,0.2152777777777778,0.855
gmic,1554,0.05525846702317291,0.2152777777777778,0.8603
gmic,1555,0.055357142857142855,0.2152777777777778,0.8733
gmic,1556,0.05366726296958855,0.20833333333333334,0.8882
gmic,1557,0.05197132616487455,0.2013888888888889,0.8913
gmic,1558,0.05026929982046679,0.19444444444444445,0.9
gmic,1559,0.050359712230215826,0.19444444444444445,0.903
gmic,1560,0.04864864864864865,0.1875,0.9067
gmic,1561,0.04693140794223827,0.18055555555555555,0.913
gmic,1562,0.04701627486437613,0.18055555555555555,0.9136
gmic,1563,0.04528985507246377,0.1736111111111111,0.9163
gmic,1564,0.043557168784029036,0.16666666666666666,0.9253
gmic,1565,0.04363636363636364,0.16666666666666666,0.9264
gmic,1566,0.04371584699453552,0.16666666666666666,0.9341
gmic,1567,0.043795620437956206,0.16666666666666666,0.9372
gmic,1568,0.043875685557586835,0.16666666666666666,0.9468
gmic,1569,0.04212454212454213,0.1597222222222222,0.9482
gmic,1570,0.04220183486238532,0.1597222222222222,0.9494
gmic,1571,0.04044117647058824,0.1527777777777778,0.9499
gmic,1572,0.03867403314917127,0.14583333333333334,0.9977
gmic,1573,0.03690036900369004,0.1388888888888889,0.9991
gmic,1574,0.03512014787430684,0.13194444444444445,0.9998
gmic,1575,0.03333333333333333,0.125,1.0
gmic,1576,1.0,0.0,
nyu,0,0.040336134453781515,1.0,0.0
nyu,1,0.04111282843894899,0.9236111111111112,0.0031
nyu,2,0.04112554112554113,0.9236111111111112,0.0034
nyu,3,0.04113826167646149,0.9236111111111112,0.0035
nyu,4,0.0411509900990099,0.9236111111111112,0.0043
nyu,5,0.041176470588235294,0.9236111111111112,0.0044
nyu,6,0.041189222669557136,0.9236111111111112,0.0046
nyu,7,0.04120198265179678,0.9236111111111112,0.0047
nyu,8,0.04121475054229935,0.9236111111111112,0.0048
nyu,9,0.04126590133416072,0.9236111111111112,0.0049
nyu,10,0.04127870887647424,0.9236111111111112,0.0052
nyu,11,0.041291524371313254,0.9236111111111112,0.0053
nyu,12,0.041304347826086954,0.9236111111111112,0.0054
nyu,13,0.04131717924821373,0.9236111111111112,0.0055
nyu,14,0.041330018645121196,0.9236111111111112,0.0056
nyu,15,0.041342866024246194,0.9236111111111112,0.0057
nyu,16,0.041044776119402986,0.9166666666666666,0.0058
nyu,17,0.04105754276827372,0.9166666666666666,0.0059
nyu,18,0.04107031736154325,0.9166666666666666,0.0061
nyu,19,0.04108309990662932,0.9166666666666666,0.0067
nyu,20,0.04110868888196823,0.9166666666666666,0.0074
nyu,21,0.04113430975381739,0.9166666666666666,0.0088
nyu,22,0.04114713216957606,0.9166666666666666,0.009
nyu,23,0.0411599625818522,0.9166666666666666,0.0093
nyu,24,0.041172800998128506,0.9166666666666666,0.0101
nyu,25,0.040873634945397815,0.9097222222222222,0.0102
nyu,26,0.04088639200998752,0.9097222222222222,0.0103
nyu,27,0.04089915704027474,0.9097222222222222,0.0104
nyu,28,0.04091193004372267,0.9097222222222222,0.0116
nyu,29,0.04092471102780381,0.9097222222222222,0.0118
nyu,30,0.0409375,0.9097222222222222,0.0122
nyu,31,0.04095029696780244,0.9097222222222222,0.0132
nyu,32,0.040963101938711693,0.9097222222222222,0.0133
nyu,33,0.04097591492023772,0.9097222222222222,0.0134
nyu,34,0.04098873591989988,0.9097222222222222,0.0139
nyu,35,0.04101440200375704,0.9097222222222222,0.0143
nyu,36,0.041027247103037894,0.9097222222222222,0.0144
nyu,37,0.04106583072100314,0.9097222222222222,0.0146
nyu,38,0.04109159347553325,0.9097222222222222,0.0149
nyu,39,0.04110448697834954,0.9097222222222222,0.0151
nyu,40,0.04111738857501569,0.9097222222222222,0.0153
nyu,41,0.04114321608040201,0.9097222222222222,0.0154
nyu,42,0.04115614200439836,0.9097222222222222,0.0155
nyu,43,0.04118201823325998,0.9097222222222222,0.0157
nyu,44,0.04119496855345912,0.9097222222222222,0.0158
nyu,45,0.04120792702107581,0.9097222222222222,0.0159
nyu,46,0.041259842519685036,0.9097222222222222,0.0161
nyu,47,0.04128584935392373,0.9097222222222222,0.0162
nyu,48,0.04132492113564669,0.9097222222222222,0.0164
nyu,49,0.04133796150205112,0.9097222222222222,0.0166
nyu,50,0.04136406694032207,0.9097222222222222,0.0168
nyu,51,0.041390205371248025,0.9097222222222222,0.0169
nyu,52,0.041442581461562794,0.9097222222222222,0.017
nyu,53,0.041468819246597025,0.9097222222222222,0.0171
nyu,54,0.04150823827629911,0.9097222222222222,0.0172
nyu,55,0.041521394611727415,0.9097222222222222,0.0173
nyu,56,0.04153455928979074,0.9097222222222222,0.0174
nyu,57,0.041560913705583756,0.9097222222222222,0.0175
nyu,58,0.041574103459219296,0.9097222222222222,0.0176
nyu,59,0.041600508097808825,0.9097222222222222,0.0177
nyu,60,0.04162694629806164,0.9097222222222222,0.0178
nyu,61,0.04165341812400636,0.9097222222222222,0.0179
nyu,62,0.04169318905155952,0.9097222222222222,0.018
nyu,63,0.04170646290990131,0.9097222222222222,0.0181
nyu,64,0.04174633524537922,0.9097222222222222,0.0182
nyu,65,0.041799617102744095,0.9097222222222222,0.0183
nyu,66,0.04186641099392777,0.9097222222222222,0.0184
nyu,67,0.041893188359449954,0.9097222222222222,0.0185
nyu,68,0.041946845981428116,0.9097222222222222,0.0186
nyu,69,0.041987179487179484,0.9097222222222222,0.0187
nyu,70,0.04201411161000641,0.9097222222222222,0.0188
nyu,71,0.0420410783055199,0.9097222222222222,0.0189
nyu,72,0.042081593318342436,0.9097222222222222,0.019
nyu,73,0.04212218649517685,0.9097222222222222,0.0191
nyu,74,0.04185447520927238,0.9027777777777778,0.0192
nyu,75,0.04196255648805681,0.9027777777777778,0.0193
nyu,76,0.04201680672268908,0.9027777777777778,0.0194
nyu,77,0.04203039120594892,0.9027777777777778,0.0195
nyu,78,0.04211208292840946,0.9027777777777778,0.0196
nyu,79,0.04213938411669368,0.9027777777777778,0.0197
nyu,80,0.04219409282700422,0.9027777777777778,0.0198
nyu,81,0.041951219512195125,0.8958333333333334,0.0199
nyu,82,0.042005861282969716,0.8958333333333334,0.02
nyu,83,0.042060645582001954,0.8958333333333334,0.0201
nyu,84,0.042143090493302844,0.8958333333333334,0.0202
nyu,85,0.04187111547268564,0.8888888888888888,0.0203
nyu,86,0.041884816753926704,0.8888888888888888,0.0204
nyu,87,0.04195345788266142,0.8888888888888888,0.0205
nyu,88,0.04202232435981615,0.8888888888888888,0.0206
nyu,89,0.0420914172969418,0.8888888888888888,0.0207
nyu,90,0.042105263157894736,0.8888888888888888,0.0208
nyu,91,0.04220243982855259,0.8888888888888888,0.0209
nyu,92,0.042244224422442245,0.8888888888888888,0.021
nyu,93,0.042370076133730554,0.8888888888888888,0.0211
nyu,94,0.04241219350563287,0.8888888888888888,0.0212
nyu,95,0.04249667994687915,0.8888888888888888,0.0213
nyu,96,0.0425531914893617,0.8888888888888888,0.0214
nyu,97,0.042624042624042624,0.8888888888888888,0.0215
nyu,98,0.042652449183605466,0.8888888888888888,0.0216
nyu,99,0.04269513008672448,0.8888888888888888,0.0217
nyu,100,0.04276645506181089,0.8888888888888888,0.0218
nyu,101,0.042852360227653166,0.8888888888888888,0.0219
nyu,102,0.04296743873783149,0.8888888888888888,0.022
nyu,103,0.04305415405314497,0.8888888888888888,0.0221
nyu,104,0.04315576534052596,0.8888888888888888,0.0222
nyu,105,0.04322863897331983,0.8888888888888888,0.0223
nyu,106,0.043272481406355645,0.8888888888888888,0.0224
nyu,107,0.04336043360433604,0.8888888888888888,0.0225
nyu,108,0.043404543913190916,0.8888888888888888,0.0226
nyu,109,0.043182590955457324,0.8819444444444444,0.0227
nyu,110,0.04330037504261848,0.8819444444444444,0.0228
nyu,111,0.04335950836462957,0.8819444444444444,0.0229
nyu,112,0.04337431693989071,0.8819444444444444,0.023
nyu,113,0.04341880341880342,0.8819444444444444,0.0231
nyu,114,0.04349315068493151,0.8819444444444444,0.0232
nyu,115,0.04356775300171527,0.8819444444444444,0.0233
nyu,116,0.0436726272352132,0.8819444444444444,0.0234
nyu,117,0.04370268410185822,0.8819444444444444,0.0235
nyu,118,0.04343329886246122,0.875,0.0236
nyu,119,0.04349326889886089,0.875,0.0237
nyu,120,0.04322268326417704,0.8680555555555556,0.0238
nyu,121,0.0432825484764543,0.8680555555555556,0.0239
nyu,122,0.04299583911234397,0.8611111111111112,0.024
nyu,123,0.043010752688172046,0.8611111111111112,0.0241
nyu,124,0.043055555555555555,0.8611111111111112,0.0242
nyu,125,0.043085476025017375,0.8611111111111112,0.0243
nyu,126,0.04316045945005221,0.8611111111111112,0.0244
nyu,127,0.04329608938547486,0.8611111111111112,0.0245
nyu,128,0.04334148898986368,0.8611111111111112,0.0246
nyu,129,0.04341736694677871,0.8611111111111112,0.0247
nyu,130,0.04355461889708465,0.8611111111111112,0.0248
nyu,131,0.043646603308694125,0.8611111111111112,0.0249
nyu,132,0.04372355430183357,0.8611111111111112,0.025
nyu,133,0.043478260869565216,0.8541666666666666,0.0251
nyu,134,0.04360155973059199,0.8541666666666666,0.0252
nyu,135,0.04367897727272727,0.8541666666666666,0.0253
nyu,136,0.043787824848700606,0.8541666666666666,0.0254
nyu,137,0.04385026737967915,0.8541666666666666,0.0255
nyu,138,0.043991416309012876,0.8541666666666666,0.0256
nyu,139,0.04400715563506261,0.8541666666666666,0.0257
nyu,140,0.04410182861240588,0.8541666666666666,0.0258
nyu,141,0.04422869471413161,0.8541666666666666,0.0259
nyu,142,0.044292401872524305,0.8541666666666666,0.026
nyu,143,0.04434030281182408,0.8541666666666666,0.0261
nyu,144,0.04404332129963899,0.8472222222222222,0.0262
nyu,145,0.044186888808402755,0.8472222222222222,0.0263
nyu,146,0.04428312159709619,0.8472222222222222,0.0264
nyu,147,0.04433139534883721,0.8472222222222222,0.0265
nyu,148,0.04442825928623452,0.8472222222222222,0.0266
nyu,149,0.044476850164053956,0.8472222222222222,0.0267
nyu,150,0.044322344322344324,0.8402777777777778,0.0268
nyu,151,0.044419970631424374,0.8402777777777778,0.0269
nyu,152,0.04450165502022802,0.8402777777777778,0.027
nyu,153,0.044600073719130114,0.8402777777777778,0.0271
nyu,154,0.044682422451994094,0.8402777777777778,0.0272
nyu,155,0.044814814814814814,0.8402777777777778,0.0273
nyu,156,0.0448813056379822,0.8402777777777778,0.0274
nyu,157,0.04493130337913108,0.8402777777777778,0.0275
nyu,158,0.0446594715295869,0.8333333333333334,0.0276
nyu,159,0.04477611940298507,0.8333333333333334,0.0277
nyu,160,0.04491017964071856,0.8333333333333334,0.0278
nyu,161,0.0450112528132033,0.8333333333333334,0.0279
nyu,162,0.04509582863585118,0.8333333333333334,0.028
nyu,163,0.04519774011299435,0.8333333333333334,0.0281
nyu,164,0.045300113250283124,0.8333333333333334,0.0282
nyu,165,0.04533434076312807,0.8333333333333334,0.0283
nyu,166,0.045437334343051874,0.8333333333333334,0.0284
nyu,167,0.04550625711035267,0.8333333333333334,0.0285
nyu,168,0.04555808656036447,0.8333333333333334,0.0286
nyu,169,0.04557538928978352,0.8333333333333334,0.0287
nyu,170,0.04573170731707317,0.8333333333333334,0.0288
nyu,171,0.045819014891179836,0.8333333333333334,0.0289
nyu,172,0.04595940252776714,0.8333333333333334,0.029
nyu,173,0.04602991944764097,0.8333333333333334,0.0291
nyu,174,0.04611837048424289,0.8333333333333334,0.0292
nyu,175,0.0461716044632551,0.8333333333333334,0.0293
nyu,176,0.046296296296296294,0.8333333333333334,0.0294
nyu,177,0.04636785162287481,0.8333333333333334,0.0295
nyu,178,0.046106160402944595,0.8263888888888888,0.0296
nyu,179,0.04619565217391304,0.8263888888888888,0.0297
nyu,180,0.046267496111975115,0.8263888888888888,0.0298
nyu,181,0.04637568199532346,0.8263888888888888,0.0299
nyu,182,0.046466224131198754,0.8263888888888888,0.03
nyu,183,0.046147829487680876,0.8194444444444444,0.0301
nyu,184,0.04623824451410658,0.8194444444444444,0.0302
nyu,185,0.046347211311861744,0.8194444444444444,0.0303
nyu,186,0.04647499015360378,0.8194444444444444,0.0304
nyu,187,0.04660347551342812,0.8194444444444444,0.0305
nyu,188,0.04669568658488326,0.8194444444444444,0.0306
nyu,189,0.046788263283108644,0.8194444444444444,0.0307
nyu,190,0.046806822689408965,0.8194444444444444,0.0308
nyu,191,0.04691848906560636,0.8194444444444444,0.0309
nyu,192,0.04701195219123506,0.8194444444444444,0.031
nyu,193,0.047105788423153695,0.8194444444444444,0.0311
nyu,194,0.04716227018385292,0.8194444444444444,0.0312
nyu,195,0.04723779023218575,0.8194444444444444,0.0313
nyu,196,0.04735152487961477,0.8194444444444444,0.0314
nyu,197,0.04744672295938882,0.8194444444444444,0.0315
nyu,198,0.04750402576489533,0.8194444444444444,0.0316
nyu,199,0.04759983864461476,0.8194444444444444,0.0317
nyu,200,0.04765751211631664,0.8194444444444444,0.0318
nyu,201,0.04773462783171521,0.8194444444444444,0.0319
nyu,202,0.047831374138629916,0.8194444444444444,0.032
nyu,203,0.04798698657991053,0.8194444444444444,0.0321
nyu,204,0.04804560260586319,0.8194444444444444,0.0322
nyu,205,0.04808475957620212,0.8194444444444444,0.0323
nyu,206,0.04812398042414356,0.8194444444444444,0.0324
nyu,207,0.04816326530612245,0.8194444444444444,0.0325
nyu,208,0.0482420278004906,0.8194444444444444,0.0326
nyu,209,0.048380483804838045,0.8194444444444444,0.0327
nyu,210,0.04849979449239622,0.8194444444444444,0.0328
nyu,211,0.048639736191261336,0.8194444444444444,0.033
nyu,212,0.04869995872884853,0.8194444444444444,0.0331
nyu,213,0.048760330578512395,0.8194444444444444,0.0332
nyu,214,0.048820852296235,0.8194444444444444,0.0333
nyu,215,0.04892205638474295,0.8194444444444444,0.0334
nyu,216,0.048942347573620905,0.8194444444444444,0.0335
nyu,217,0.048982980489829804,0.8194444444444444,0.0336
nyu,218,0.049003322259136214,0.8194444444444444,0.0337
nyu,219,0.04906444906444907,0.8194444444444444,0.0338
nyu,220,0.04914618908788005,0.8194444444444444,0.0339
nyu,221,0.049248747913188645,0.8194444444444444,0.034
nyu,222,0.04931048892603427,0.8194444444444444,0.0341
nyu,223,0.049434436531210726,0.8194444444444444,0.0342
nyu,224,0.04945515507124895,0.8194444444444444,0.0343
nyu,225,0.049559008819823606,0.8194444444444444,0.0344
nyu,226,0.04968421052631579,0.8194444444444444,0.0345
nyu,227,0.04976803036693378,0.8194444444444444,0.0346
nyu,228,0.04995766299745978,0.8194444444444444,0.0347
nyu,229,0.05002119542178889,0.8194444444444444,0.0348
nyu,230,0.050170068027210885,0.8194444444444444,0.0349
nyu,231,0.05019140791152701,0.8194444444444444,0.035
nyu,232,0.05025553662691652,0.8194444444444444,0.0351
nyu,233,0.05031982942430704,0.8194444444444444,0.0352
nyu,234,0.05006418485237484,0.8125,0.0353
nyu,235,0.0502361528553027,0.8125,0.0354
nyu,236,0.050365906155832973,0.8125,0.0355
nyu,237,0.050452781371280724,0.8125,0.0356
nyu,238,0.05053995680345572,0.8125,0.0357
nyu,239,0.05078125,0.8125,0.0358
nyu,240,0.0508916920400174,0.8125,0.0359
nyu,241,0.0509581881533101,0.8125,0.036
nyu,242,0.050980392156862744,0.8125,0.0361
nyu,243,0.05100261551874455,0.8125,0.0362
nyu,244,0.05111402359108781,0.8125,0.0363
nyu,245,0.05115872321818977,0.8125,0.0364
nyu,246,0.05127081507449606,0.8125,0.0365
nyu,247,0.05140597539543058,0.8125,0.0366
nyu,248,0.051541850220264314,0.8125,0.0367
nyu,249,0.051587301587301584,0.8125,0.0368
nyu,250,0.05167844522968198,0.8125,0.0369
nyu,251,0.05179282868525897,0.8125,0.037
nyu,252,0.051953818827708706,0.8125,0.0371
nyu,253,0.0520694259012016,0.8125,0.0372
nyu,254,0.05223214285714286,0.8125,0.0373
nyu,255,0.05225547119249665,0.8125,0.0374
nyu,256,0.05232558139534884,0.8125,0.0375
nyu,257,0.052372426141450316,0.8125,0.0376
nyu,258,0.052395879982086876,0.8125,0.0377
nyu,259,0.05244285073957866,0.8125,0.0378
nyu,260,0.052489905787348586,0.8125,0.0379
nyu,261,0.052537045352492144,0.8125,0.038
nyu,262,0.052702702702702706,0.8125,0.0382
nyu,263,0.05279783393501805,0.8125,0.0383
nyu,264,0.05289330922242315,0.8125,0.0384
nyu,265,0.052941176470588235,0.8125,0.0385
nyu,266,0.05296514259846084,0.8125,0.0386
nyu,267,0.05298913043478261,0.8125,0.0387
nyu,268,0.053061224489795916,0.8125,0.0388
nyu,269,0.053109396277803,0.8125,0.0389
nyu,270,0.05320600272851296,0.8125,0.039
nyu,271,0.05332725615314494,0.8125,0.0391
nyu,272,0.05347349177330896,0.8125,0.0392
nyu,273,0.053595968850206135,0.8125,0.0393
nyu,274,0.05364511691884457,0.8125,0.0394
nyu,275,0.053669724770642205,0.8125,0.0395
nyu,276,0.05335786568537258,0.8055555555555556,0.0396
nyu,277,0.053382420616658995,0.8055555555555556,0.0397
nyu,278,0.05350553505535055,0.8055555555555556,0.0398
nyu,279,0.0535796766743649,0.8055555555555556,0.0399
nyu,280,0.05365402405180388,0.8055555555555556,0.04
nyu,281,0.05329008341056534,0.7986111111111112,0.0401
nyu,282,0.05343866171003717,0.7986111111111112,0.0403
nyu,283,0.053563111318118306,0.7986111111111112,0.0404
nyu,284,0.053663089127391504,0.7986111111111112,0.0405
nyu,285,0.05378858746492049,0.7986111111111112,0.0406
nyu,286,0.05347091932457786,0.7916666666666666,0.0407
nyu,287,0.05354626585251292,0.7916666666666666,0.0408
nyu,288,0.0535966149506347,0.7916666666666666,0.0409
nyu,289,0.05364705882352941,0.7916666666666666,0.041
nyu,290,0.05377358490566038,0.7916666666666666,0.0411
nyu,291,0.05392620624408704,0.7916666666666666,0.0412
nyu,292,0.05405405405405406,0.7916666666666666,0.0413
nyu,293,0.05413105413105413,0.7916666666666666,0.0414
nyu,294,0.05420827389443652,0.7916666666666666,0.0415
nyu,295,0.054259876249405044,0.7916666666666666,0.0416
nyu,296,0.05441527446300716,0.7916666666666666,0.0417
nyu,297,0.05449330783938815,0.7916666666666666,0.0418
nyu,298,0.05470249520153551,0.7916666666666666,0.0419
nyu,299,0.05472875660105617,0.7916666666666666,0.042
nyu,300,0.05480769230769231,0.7916666666666666,0.0421
nyu,301,0.054966248794599805,0.7916666666666666,0.0422
nyu,302,0.055152394775036286,0.7916666666666666,0.0423
nyu,303,0.05533980582524272,0.7916666666666666,0.0424
nyu,304,0.05555555555555555,0.7916666666666666,0.0425
nyu,305,0.05569125549584758,0.7916666666666666,0.0426
nyu,306,0.05585497305242528,0.7916666666666666,0.0427
nyu,307,0.05588235294117647,0.7916666666666666,0.0428
nyu,308,0.05601965601965602,0.7916666666666666,0.0429
nyu,309,0.056129985228951254,0.7916666666666666,0.043
nyu,310,0.0561576354679803,0.7916666666666666,0.0431
nyu,311,0.05621301775147929,0.7916666666666666,0.0432
nyu,312,0.056296296296296296,0.7916666666666666,0.0433
nyu,313,0.05643564356435644,0.7916666666666666,0.0434
nyu,314,0.05654761904761905,0.7916666666666666,0.0435
nyu,315,0.05663189269746647,0.7916666666666666,0.0436
nyu,316,0.05666003976143141,0.7916666666666666,0.0437
nyu,317,0.05668821481849826,0.7916666666666666,0.0438
nyu,318,0.05674464907914385,0.7916666666666666,0.0439
nyu,319,0.05682951146560319,0.7916666666666666,0.044
nyu,320,0.057,0.7916666666666666,0.0441
nyu,321,0.057057057057057055,0.7916666666666666,0.0442
nyu,322,0.057200200702458605,0.7916666666666666,0.0443
nyu,323,0.05734406438631791,0.7916666666666666,0.0444
nyu,324,0.05740181268882175,0.7916666666666666,0.0445
nyu,325,0.05757575757575758,0.7916666666666666,0.0446
nyu,326,0.057633973710819006,0.7916666666666666,0.0447
nyu,327,0.057663125948406675,0.7916666666666666,0.0448
nyu,328,0.057750759878419454,0.7916666666666666,0.0449
nyu,329,0.057897409852717116,0.7916666666666666,0.045
nyu,330,0.058074375955170655,0.7916666666666666,0.0451
nyu,331,0.05825242718446602,0.7916666666666666,0.0452
nyu,332,0.05837173579109063,0.7916666666666666,0.0453
nyu,333,0.05855161787365177,0.7916666666666666,0.0454
nyu,334,0.05861182519280206,0.7916666666666666,0.0455
nyu,335,0.058823529411764705,0.7916666666666666,0.0456
nyu,336,0.05891472868217054,0.7916666666666666,0.0457
nyu,337,0.05894519131334023,0.7916666666666666,0.0458
nyu,338,0.059006211180124224,0.7916666666666666,0.0459
nyu,339,0.059036768513723456,0.7916666666666666,0.046
nyu,340,0.05906735751295337,0.7916666666666666,0.0461
nyu,341,0.059190031152647975,0.7916666666666666,0.0462
nyu,342,0.059251559251559255,0.7916666666666666,0.0463
nyu,343,0.059375,0.7916666666666666,0.0464
nyu,344,0.0594679186228482,0.7916666666666666,0.0465
nyu,345,0.05956112852664577,0.7916666666666666,0.0466
nyu,346,0.059717129387113675,0.7916666666666666,0.0467
nyu,347,0.05981112277019937,0.7916666666666666,0.0468
nyu,348,0.059873949579831935,0.7916666666666666,0.0469
nyu,349,0.06,0.7916666666666666,0.047
nyu,350,0.06003159557661927,0.7916666666666666,0.0471
nyu,351,0.06015831134564644,0.7916666666666666,0.0472
nyu,352,0.060221870047543584,0.7916666666666666,0.0473
nyu,353,0.060285563194077206,0.7916666666666666,0.0474
nyu,354,0.06041335453100159,0.7916666666666666,0.0475
nyu,355,0.06060606060606061,0.7916666666666666,0.0476
nyu,356,0.06070287539936102,0.7916666666666666,0.0477
nyu,357,0.0608,0.7916666666666666,0.0478
nyu,358,0.060864922584089695,0.7916666666666666,0.0479
nyu,359,0.061027837259100645,0.7916666666666666,0.048
nyu,360,0.061126005361930295,0.7916666666666666,0.0481
nyu,361,0.06132329209252286,0.7916666666666666,0.0482
nyu,362,0.061455525606469004,0.7916666666666666,0.0483
nyu,363,0.061488673139158574,0.7916666666666666,0.0484
nyu,364,0.06101511879049676,0.7847222222222222,0.0486
nyu,365,0.06108108108108108,0.7847222222222222,0.0488
nyu,366,0.061114115738236885,0.7847222222222222,0.0489
nyu,367,0.061313076505697235,0.7847222222222222,0.049
nyu,368,0.06147986942328618,0.7847222222222222,0.0491
nyu,369,0.06168122270742358,0.7847222222222222,0.0492
nyu,370,0.06181619256017506,0.7847222222222222,0.0494
nyu,371,0.061883899233296825,0.7847222222222222,0.0495
nyu,372,0.06191780821917808,0.7847222222222222,0.0496
nyu,373,0.06198573779484366,0.7847222222222222,0.0497
nyu,374,0.06219042377545404,0.7847222222222222,0.0498
nyu,375,0.06229327453142227,0.7847222222222222,0.0499
nyu,376,0.062430939226519336,0.7847222222222222,0.05
nyu,377,0.0625,0.7847222222222222,0.0501
nyu,378,0.06253458771444383,0.7847222222222222,0.0502
nyu,379,0.06267332224070993,0.7847222222222222,0.0503
nyu,380,0.06274292059966685,0.7847222222222222,0.0504
nyu,381,0.06284760845383759,0.7847222222222222,0.0505
nyu,382,0.06295264623955432,0.7847222222222222,0.0506
nyu,383,0.0630228667038483,0.7847222222222222,0.0507
nyu,384,0.06309324399776661,0.7847222222222222,0.0509
nyu,385,0.06319910514541387,0.7847222222222222,0.051
nyu,386,0.06323447118074986,0.7847222222222222,0.0511
nyu,387,0.06344750140370578,0.7847222222222222,0.0512
nyu,388,0.06359032076533483,0.7847222222222222,0.0514
nyu,389,0.06366197183098592,0.7847222222222222,0.0515
nyu,390,0.06387789711701526,0.7847222222222222,0.0516
nyu,391,0.06405895691609978,0.7847222222222222,0.0517
nyu,392,0.06416808631459398,0.7847222222222222,0.0518
nyu,393,0.06420454545454546,0.7847222222222222,0.0519
nyu,394,0.06435079726651481,0.7847222222222222,0.052
nyu,395,0.06442417331812998,0.7847222222222222,0.0521
nyu,396,0.06446092413006276,0.7847222222222222,0.0522
nyu,397,0.06453455168475157,0.7847222222222222,0.0523
nyu,398,0.06460834762721555,0.7847222222222222,0.0524
nyu,399,0.06464530892448513,0.7847222222222222,0.0525
nyu,400,0.06471935853379153,0.7847222222222222,0.0526
nyu,401,0.06490522688110281,0.7847222222222222,0.0527
nyu,402,0.06440483036227718,0.7777777777777778,0.0528
nyu,403,0.06444188722669736,0.7777777777777778,0.0529
nyu,404,0.06451612903225806,0.7777777777777778,0.053
nyu,405,0.06459054209919261,0.7777777777777778,0.0531
nyu,406,0.06466512702078522,0.7777777777777778,0.0533
nyu,407,0.06481481481481481,0.7777777777777778,0.0535
nyu,408,0.06488991888760139,0.7777777777777778,0.0536
nyu,409,0.06496519721577726,0.7777777777777778,0.0537
nyu,410,0.06504065040650407,0.7777777777777778,0.0538
nyu,411,0.06507844276583381,0.7777777777777778,0.0539
nyu,412,0.0651541593949971,0.7777777777777778,0.054
nyu,413,0.06526806526806526,0.7777777777777778,0.0541
nyu,414,0.0653061224489796,0.7777777777777778,0.0542
nyu,415,0.06557377049180328,0.7777777777777778,0.0543
nyu,416,0.0656891495601173,0.7777777777777778,0.0544
nyu,417,0.0659211300765156,0.7777777777777778,0.0545
nyu,418,0.06599882144961697,0.7777777777777778,0.0546
nyu,419,0.06611570247933884,0.7777777777777778,0.0547
nyu,420,0.06619385342789598,0.7777777777777778,0.0548
nyu,421,0.06623299822590184,0.7777777777777778,0.055
nyu,422,0.06639004149377593,0.7777777777777778,0.0551
nyu,423,0.06654783125371361,0.7777777777777778,0.0553
nyu,424,0.06670637284097677,0.7777777777777778,0.0554
nyu,425,0.06682577565632458,0.7777777777777778,0.0555
nyu,426,0.06694560669456066,0.7777777777777778,0.0556
nyu,427,0.06706586826347305,0.7777777777777778,0.0557
nyu,428,0.06710605152786099,0.7777777777777778,0.0558
nyu,429,0.06722689075630252,0.7777777777777778,0.0559
nyu,430,0.06738868832731648,0.7777777777777778,0.056
nyu,431,0.06746987951807229,0.7777777777777778,0.0561
nyu,432,0.06767371601208459,0.7777777777777778,0.0562
nyu,433,0.0677555958862674,0.7777777777777778,0.0563
nyu,434,0.06779661016949153,0.7777777777777778,0.0564
nyu,435,0.06791995148574893,0.7777777777777778,0.0565
nyu,436,0.06800242865816636,0.7777777777777778,0.0566
nyu,437,0.0681265206812652,0.7777777777777778,0.0567
nyu,438,0.0682095006090134,0.7777777777777778,0.0568
nyu,439,0.06829268292682927,0.7777777777777778,0.0569
nyu,440,0.06850152905198777,0.7777777777777778,0.0571
nyu,441,0.06862745098039216,0.7777777777777778,0.0572
nyu,442,0.06875383670963782,0.7777777777777778,0.0573
nyu,443,0.0690505548705302,0.7777777777777778,0.0574
nyu,444,0.06930693069306931,0.7777777777777778,0.0575
nyu,445,0.06952203600248293,0.7777777777777778,0.0576
nyu,446,0.06965174129353234,0.7777777777777778,0.0577
nyu,447,0.0691588785046729,0.7708333333333334,0.0578
nyu,448,0.06920199501246883,0.7708333333333334,0.0579
nyu,449,0.06928838951310862,0.7708333333333334,0.058
nyu,450,0.06946182728410513,0.7708333333333334,0.0581
nyu,451,0.06959247648902821,0.7708333333333334,0.0582
nyu,452,0.0698992443324937,0.7708333333333334,0.0583
nyu,453,0.06994328922495274,0.7708333333333334,0.0584
nyu,454,0.06998738965952081,0.7708333333333334,0.0585
nyu,455,0.07012002526847758,0.7708333333333334,0.0586
nyu,456,0.07025316455696203,0.7708333333333334,0.0587
nyu,457,0.07038681039949271,0.7708333333333334,0.0588
nyu,458,0.07047619047619047,0.7708333333333334,0.0589
nyu,459,0.07056579783852511,0.7708333333333334,0.059
nyu,460,0.07061068702290077,0.7708333333333334,0.0591
nyu,461,0.07070063694267516,0.7708333333333334,0.0592
nyu,462,0.07088122605363985,0.7708333333333334,0.0593
nyu,463,0.07110826393337603,0.7708333333333334,0.0594
nyu,464,0.07119948685054522,0.7708333333333334,0.0595
nyu,465,0.07133676092544987,0.7708333333333334,0.0596
nyu,466,0.07152061855670103,0.7708333333333334,0.0597
nyu,467,0.07161290322580645,0.7708333333333334,0.0598
nyu,468,0.07179818887451488,0.7708333333333334,0.0599
nyu,469,0.07184466019417475,0.7708333333333334,0.06
nyu,470,0.07203114860480207,0.7708333333333334,0.0601
nyu,471,0.07207792207792207,0.7708333333333334,0.0602
nyu,472,0.072265625,0.7708333333333334,0.0603
nyu,473,0.07250163291966036,0.7708333333333334,0.0604
nyu,474,0.07269155206286837,0.7708333333333334,0.0605
nyu,475,0.07283464566929133,0.7708333333333334,0.0606
nyu,476,0.07302631578947369,0.7708333333333334,0.0607
nyu,477,0.07307439104674128,0.7708333333333334,0.0608
nyu,478,0.07321899736147758,0.7708333333333334,0.0609
nyu,479,0.07341269841269842,0.7708333333333334,0.061
nyu,480,0.07350993377483443,0.7708333333333334,0.0611
nyu,481,0.073558648111332,0.7708333333333334,0.0612
nyu,482,0.07360742705570292,0.7708333333333334,0.0613
nyu,483,0.07313829787234043,0.7638888888888888,0.0614
nyu,484,0.07328447701532312,0.7638888888888888,0.0617
nyu,485,0.0733822548365577,0.7638888888888888,0.0618
nyu,486,0.07348029392117568,0.7638888888888888,0.0619
nyu,487,0.07357859531772576,0.7638888888888888,0.062
nyu,488,0.07362784471218206,0.7638888888888888,0.0621
nyu,489,0.07367716008037509,0.7638888888888888,0.0622
nyu,490,0.07377598926894702,0.7638888888888888,0.0624
nyu,491,0.07387508394895903,0.7638888888888888,0.0625
nyu,492,0.0739247311827957,0.7638888888888888,0.0627
nyu,493,0.0734006734006734,0.7569444444444444,0.0629
nyu,494,0.07282535401213756,0.75,0.063
nyu,495,0.07292370020256583,0.75,0.0631
nyu,496,0.07297297297297298,0.75,0.0632
nyu,497,0.07302231237322515,0.75,0.0633
nyu,498,0.07312119160460392,0.75,0.0634
nyu,499,0.07356948228882834,0.75,0.0635
nyu,500,0.0736196319018405,0.75,0.0636
nyu,501,0.07377049180327869,0.75,0.0637
nyu,502,0.073187414500684,0.7430555555555556,0.0638
nyu,503,0.07333790267306374,0.7430555555555556,0.0639
nyu,504,0.07343857240905971,0.7430555555555556,0.064
nyu,505,0.07359009628610728,0.7430555555555556,0.0641
nyu,506,0.07364074328974536,0.7430555555555556,0.0642
nyu,507,0.07369146005509641,0.7430555555555556,0.0643
nyu,508,0.07310344827586207,0.7361111111111112,0.0644
nyu,509,0.07320441988950276,0.7361111111111112,0.0645
nyu,510,0.07330567081604426,0.7361111111111112,0.0646
nyu,511,0.07335640138408304,0.7361111111111112,0.0648
nyu,512,0.07361111111111111,0.7361111111111112,0.0649
nyu,513,0.07306889352818371,0.7291666666666666,0.065
nyu,514,0.07311977715877438,0.7291666666666666,0.0651
nyu,515,0.07317073170731707,0.7291666666666666,0.0652
nyu,516,0.07322175732217573,0.7291666666666666,0.0653
nyu,517,0.07272727272727272,0.7222222222222222,0.0654
nyu,518,0.0729312762973352,0.7222222222222222,0.0655
nyu,519,0.07298245614035087,0.7222222222222222,0.0656
nyu,520,0.07303370786516854,0.7222222222222222,0.0657
nyu,521,0.07308503162333099,0.7222222222222222,0.0658
nyu,522,0.07313642756680731,0.7222222222222222,0.0659
nyu,523,0.07329105003523609,0.7222222222222222,0.066
nyu,524,0.0734982332155477,0.7222222222222222,0.0661
nyu,525,0.07365439093484419,0.7222222222222222,0.0663
nyu,526,0.07310149041873669,0.7152777777777778,0.0664
nyu,527,0.07315340909090909,0.7152777777777778,0.0665
nyu,528,0.0732574679943101,0.7152777777777778,0.0666
nyu,529,0.07330960854092526,0.7152777777777778,0.0667
nyu,530,0.07351891506067094,0.7152777777777778,0.0668
nyu,531,0.07296137339055794,0.7083333333333334,0.0669
nyu,532,0.07306590257879657,0.7083333333333334,0.067
nyu,533,0.07311827956989247,0.7083333333333334,0.0671
nyu,534,0.0732232591529074,0.7083333333333334,0.0672
nyu,535,0.07332854061826025,0.7083333333333334,0.0673
nyu,536,0.07348703170028818,0.7083333333333334,0.0675
nyu,537,0.07354001441961067,0.7083333333333334,0.0677
nyu,538,0.0735930735930736,0.7083333333333334,0.0678
nyu,539,0.07369942196531792,0.7083333333333334,0.068
nyu,540,0.07380607814761216,0.7083333333333334,0.0682
nyu,541,0.07385952208544533,0.7083333333333334,0.0684
nyu,542,0.07391304347826087,0.7083333333333334,0.0685
nyu,543,0.07412790697674419,0.7083333333333334,0.0686
nyu,544,0.07423580786026202,0.7083333333333334,0.0687
nyu,545,0.07434402332361516,0.7083333333333334,0.0688
nyu,546,0.07456140350877193,0.7083333333333334,0.0689
nyu,547,0.0747800586510264,0.7083333333333334,0.069
nyu,548,0.0748349229640499,0.7083333333333334,0.0691
nyu,549,0.07488986784140969,0.7083333333333334,0.0693
nyu,550,0.075,0.7083333333333334,0.0694
nyu,551,0.07505518763796909,0.7083333333333334,0.0695
nyu,552,0.0752212389380531,0.7083333333333334,0.0696
nyu,553,0.07538802660753881,0.7083333333333334,0.0698
nyu,554,0.07549962990377498,0.7083333333333334,0.0699
nyu,555,0.07555555555555556,0.7083333333333334,0.0701
nyu,556,0.07561156412157154,0.7083333333333334,0.0702
nyu,557,0.07578008915304606,0.7083333333333334,0.0703
nyu,558,0.07526080476900149,0.7013888888888888,0.0704
nyu,559,0.07542942494398805,0.7013888888888888,0.0705
nyu,560,0.07554225878833208,0.7013888888888888,0.0706
nyu,561,0.07565543071161049,0.7013888888888888,0.0707
nyu,562,0.07571214392803598,0.7013888888888888,0.0708
nyu,563,0.07582582582582582,0.7013888888888888,0.071
nyu,564,0.07599699021820917,0.7013888888888888,0.0712
nyu,565,0.07611152976639035,0.7013888888888888,0.0713
nyu,566,0.07634164777021919,0.7013888888888888,0.0714
nyu,567,0.07639939485627836,0.7013888888888888,0.0715
nyu,568,0.07651515151515151,0.7013888888888888,0.0716
nyu,569,0.07663125948406677,0.7013888888888888,0.0717
nyu,570,0.07668944570994685,0.7013888888888888,0.0718
nyu,571,0.07680608365019011,0.7013888888888888,0.072
nyu,572,0.07704042715484363,0.7013888888888888,0.0722
nyu,573,0.07709923664122137,0.7013888888888888,0.0723
nyu,574,0.0772762050497322,0.7013888888888888,0.0724
nyu,575,0.0773353751914242,0.7013888888888888,0.0725
nyu,576,0.07751343054489639,0.7013888888888888,0.0726
nyu,577,0.07763259031514219,0.7013888888888888,0.0727
nyu,578,0.07775211701308699,0.7013888888888888,0.0728
nyu,579,0.07781201848998459,0.7013888888888888,0.0729
nyu,580,0.07787201233616037,0.7013888888888888,0.073
nyu,581,0.0779320987654321,0.7013888888888888,0.0732
nyu,582,0.077992277992278,0.7013888888888888,0.0733
nyu,583,0.0781733746130031,0.7013888888888888,0.0734
nyu,584,0.07829457364341086,0.7013888888888888,0.0735
nyu,585,0.07835531419705198,0.7013888888888888,0.0737
nyu,586,0.07841614906832298,0.7013888888888888,0.0738
nyu,587,0.07859922178988327,0.7013888888888888,0.0741
nyu,588,0.07866043613707165,0.7013888888888888,0.0742
nyu,589,0.07878315132605304,0.7013888888888888,0.0743
nyu,590,0.07890625,0.7013888888888888,0.0744
nyu,591,0.07902973395931143,0.7013888888888888,0.0745
nyu,592,0.07909162098668755,0.7013888888888888,0.0746
nyu,593,0.07915360501567398,0.7013888888888888,0.0748
nyu,594,0.0792156862745098,0.7013888888888888,0.0749
nyu,595,0.07927786499215071,0.7013888888888888,0.075
nyu,596,0.0793401413982718,0.7013888888888888,0.0752
nyu,597,0.07946498819826908,0.7013888888888888,0.0753
nyu,598,0.07965299684542587,0.7013888888888888,0.0754
nyu,599,0.07971586424625099,0.7013888888888888,0.0755
nyu,600,0.07977883096366509,0.7013888888888888,0.0757
nyu,601,0.08003169572107766,0.7013888888888888,0.0758
nyu,602,0.08028616852146264,0.7013888888888888,0.0759
nyu,603,0.08035003977724742,0.7013888888888888,0.076
nyu,604,0.08054226475279107,0.7013888888888888,0.0761
nyu,605,0.08060654429369513,0.7013888888888888,0.0762
nyu,606,0.08067092651757188,0.7013888888888888,0.0763
nyu,607,0.08086469175340272,0.7013888888888888,0.0764
nyu,608,0.08092948717948718,0.7013888888888888,0.0765
nyu,609,0.08105939004815409,0.7013888888888888,0.0766
nyu,610,0.08112449799196787,0.7013888888888888,0.0767
nyu,611,0.08125502815768303,0.7013888888888888,0.0768
nyu,612,0.08058017727639001,0.6944444444444444,0.0769
nyu,613,0.08071025020177562,0.6944444444444444,0.077
nyu,614,0.08103727714748785,0.6944444444444444,0.0771
nyu,615,0.08123476848090982,0.6944444444444444,0.0772
nyu,616,0.08143322475570032,0.6944444444444444,0.0773
nyu,617,0.08149959250203749,0.6944444444444444,0.0774
nyu,618,0.08156606851549755,0.6944444444444444,0.0775
nyu,619,0.08176614881439084,0.6944444444444444,0.0776
nyu,620,0.08183306055646482,0.6944444444444444,0.0777
nyu,621,0.08203445447087777,0.6944444444444444,0.0779
nyu,622,0.08223684210526316,0.6944444444444444,0.0782
nyu,623,0.08237232289950576,0.6944444444444444,0.0783
nyu,624,0.08250825082508251,0.6944444444444444,0.0784
nyu,625,0.08257638315441784,0.6944444444444444,0.0787
nyu,626,0.08264462809917356,0.6944444444444444,0.0788
nyu,627,0.08278145695364239,0.6944444444444444,0.0789
nyu,628,0.0831255195344971,0.6944444444444444,0.079
nyu,629,0.08333333333333333,0.6944444444444444,0.0791
nyu,630,0.08340283569641367,0.6944444444444444,0.0793
nyu,631,0.08347245409015025,0.6944444444444444,0.0794
nyu,632,0.0835421888053467,0.6944444444444444,0.0795
nyu,633,0.08361204013377926,0.6944444444444444,0.0796
nyu,634,0.08382229673093043,0.6944444444444444,0.0797
nyu,635,0.08389261744966443,0.6944444444444444,0.0798
nyu,636,0.08396305625524769,0.6944444444444444,0.08
nyu,637,0.08410428931875526,0.6944444444444444,0.0802
nyu,638,0.08417508417508418,0.6944444444444444,0.0803
nyu,639,0.08424599831508003,0.6944444444444444,0.0805
nyu,640,0.08431703204047218,0.6944444444444444,0.0808
nyu,641,0.08438818565400844,0.6944444444444444,0.0809
nyu,642,0.0838272650296359,0.6875,0.081
nyu,643,0.08389830508474576,0.6875,0.0811
nyu,644,0.08326253186066271,0.6805555555555556,0.0813
nyu,645,0.08340425531914894,0.6805555555555556,0.0814
nyu,646,0.08347529812606473,0.6805555555555556,0.0816
nyu,647,0.08354646206308611,0.6805555555555556,0.0817
nyu,648,0.08361774744027303,0.6805555555555556,0.0819
nyu,649,0.08368915456874466,0.6805555555555556,0.0821
nyu,650,0.08397600685518423,0.6805555555555556,0.0822
nyu,651,0.08347676419965576,0.6736111111111112,0.0823
nyu,652,0.08362068965517241,0.6736111111111112,0.0824
nyu,653,0.08369283865401209,0.6736111111111112,0.0825
nyu,654,0.08398268398268398,0.6736111111111112,0.0827
nyu,655,0.08405545927209705,0.6736111111111112,0.0828
nyu,656,0.08412836079791847,0.6736111111111112,0.0829
nyu,657,0.0842013888888889,0.6736111111111112,0.083
nyu,658,0.08340573414422242,0.6666666666666666,0.0831
nyu,659,0.0835509138381201,0.6666666666666666,0.0833
nyu,660,0.08384279475982533,0.6666666666666666,0.0834
nyu,661,0.08326029798422437,0.6597222222222222,0.0835
nyu,662,0.08333333333333333,0.6597222222222222,0.0838
nyu,663,0.08355321020228672,0.6597222222222222,0.0839
nyu,664,0.08362676056338028,0.6597222222222222,0.084
nyu,665,0.0837742504409171,0.6597222222222222,0.0841
nyu,666,0.08384819064430715,0.6597222222222222,0.0842
nyu,667,0.08392226148409894,0.6597222222222222,0.0845
nyu,668,0.08399646330680813,0.6597222222222222,0.0846
nyu,669,0.0841452612931798,0.6597222222222222,0.0847
nyu,670,0.08429458740017746,0.6597222222222222,0.0848
nyu,671,0.08436944937833037,0.6597222222222222,0.0849
nyu,672,0.08444444444444445,0.6597222222222222,0.085
nyu,673,0.08451957295373666,0.6597222222222222,0.0851
nyu,674,0.08467023172905526,0.6597222222222222,0.0853
nyu,675,0.0847457627118644,0.6597222222222222,0.0854
nyu,676,0.08482142857142858,0.6597222222222222,0.0855
nyu,677,0.08489722966934764,0.6597222222222222,0.0856
nyu,678,0.08497316636851521,0.6597222222222222,0.0857
nyu,679,0.08512544802867383,0.6597222222222222,0.0858
nyu,680,0.08445642407906559,0.6527777777777778,0.0859
nyu,681,0.08453237410071943,0.6527777777777778,0.086
nyu,682,0.0846084608460846,0.6527777777777778,0.0861
nyu,683,0.08468468468468468,0.6527777777777778,0.0862
nyu,684,0.08483754512635379,0.6527777777777778,0.0863
nyu,685,0.08491418247515808,0.6527777777777778,0.0864
nyu,686,0.08514492753623189,0.6527777777777778,0.0867
nyu,687,0.0852994555353902,0.6527777777777778,0.0868
nyu,688,0.08537693006357856,0.6527777777777778,0.0869
nyu,689,0.08545454545454545,0.6527777777777778,0.087
nyu,690,0.08553230209281165,0.6527777777777778,0.0871
nyu,691,0.08561020036429873,0.6527777777777778,0.0872
nyu,692,0.08568824065633546,0.6527777777777778,0.0874
nyu,693,0.08576642335766424,0.6527777777777778,0.0875
nyu,694,0.08584474885844749,0.6527777777777778,0.0877
nyu,695,0.08508691674290943,0.6458333333333334,0.0879
nyu,696,0.08516483516483517,0.6458333333333334,0.0881
nyu,697,0.0844811753902663,0.6388888888888888,0.0882
nyu,698,0.08455882352941177,0.6388888888888888,0.0883
nyu,699,0.08463661453541858,0.6388888888888888,0.0884
nyu,700,0.0847926267281106,0.6388888888888888,0.0885
nyu,701,0.0840258541089566,0.6319444444444444,0.0886
nyu,702,0.08410351201478743,0.6319444444444444,0.0891
nyu,703,0.08433734939759036,0.6319444444444444,0.0894
nyu,704,0.08441558441558442,0.6319444444444444,0.0895
nyu,705,0.08449396471680594,0.6319444444444444,0.0896
nyu,706,0.0845724907063197,0.6319444444444444,0.0897
nyu,707,0.08465116279069768,0.6319444444444444,0.0898
nyu,708,0.08496732026143791,0.6319444444444444,0.09
nyu,709,0.08504672897196262,0.6319444444444444,0.0901
nyu,710,0.08512628624883069,0.6319444444444444,0.0902
nyu,711,0.08536585365853659,0.6319444444444444,0.0903
nyu,712,0.08544600938967137,0.6319444444444444,0.0904
nyu,713,0.08560677328316087,0.6319444444444444,0.0906
nyu,714,0.0856873822975518,0.6319444444444444,0.0907
nyu,715,0.08593012275731822,0.6319444444444444,0.0909
nyu,716,0.08601134215500945,0.6319444444444444,0.091
nyu,717,0.08617424242424243,0.6319444444444444,0.0911
nyu,718,0.08625592417061612,0.6319444444444444,0.0912
nyu,719,0.08633776091081594,0.6319444444444444,0.0913
nyu,720,0.08641975308641975,0.6319444444444444,0.0914
nyu,721,0.08658420551855375,0.6319444444444444,0.0916
nyu,722,0.08674928503336511,0.6319444444444444,0.0919
nyu,723,0.0868320610687023,0.6319444444444444,0.092
nyu,724,0.0869980879541109,0.6319444444444444,0.0921
nyu,725,0.087248322147651,0.6319444444444444,0.0922
nyu,726,0.0873320537428023,0.6319444444444444,0.0923
nyu,727,0.08741594620557157,0.6319444444444444,0.0926
nyu,728,0.0875,0.6319444444444444,0.0928
nyu,729,0.08766859344894026,0.6319444444444444,0.093
nyu,730,0.08792270531400966,0.6319444444444444,0.0931
nyu,731,0.08800773694390715,0.6319444444444444,0.0933
nyu,732,0.08817829457364341,0.6319444444444444,0.0935
nyu,733,0.08737864077669903,0.625,0.0937
nyu,734,0.08746355685131195,0.625,0.0939
nyu,735,0.08754863813229571,0.625,0.094
nyu,736,0.08763388510223953,0.625,0.0941
nyu,737,0.08682926829268292,0.6180555555555556,0.0942
nyu,738,0.0869140625,0.6180555555555556,0.0943
nyu,739,0.08602150537634409,0.6111111111111112,0.0946
nyu,740,0.08610567514677103,0.6111111111111112,0.0947
nyu,741,0.08619000979431929,0.6111111111111112,0.095
nyu,742,0.08635917566241413,0.6111111111111112,0.0951
nyu,743,0.08644400785854617,0.6111111111111112,0.0952
nyu,744,0.08661417322834646,0.6111111111111112,0.0954
nyu,745,0.08669950738916256,0.6111111111111112,0.0955
nyu,746,0.08695652173913043,0.6111111111111112,0.0956
nyu,747,0.08704253214638971,0.6111111111111112,0.0957
nyu,748,0.08721506442021804,0.6111111111111112,0.0958
nyu,749,0.08738828202581926,0.6111111111111112,0.096
nyu,750,0.08665338645418327,0.6041666666666666,0.0962
nyu,751,0.08673978065802593,0.6041666666666666,0.0965
nyu,752,0.08682634730538923,0.6041666666666666,0.0966
nyu,753,0.08691308691308691,0.6041666666666666,0.0967
nyu,754,0.087,0.6041666666666666,0.097
nyu,755,0.08726178535606821,0.6041666666666666,0.0971
nyu,756,0.08734939759036145,0.6041666666666666,0.0972
nyu,757,0.08743718592964825,0.6041666666666666,0.0973
nyu,758,0.08761329305135952,0.6041666666666666,0.0975
nyu,759,0.08669354838709678,0.5972222222222222,0.0976
nyu,760,0.08686868686868687,0.5972222222222222,0.0977
nyu,761,0.08704453441295547,0.5972222222222222,0.0979
nyu,762,0.08713272543059777,0.5972222222222222,0.0981
nyu,763,0.0872210953346856,0.5972222222222222,0.0982
nyu,764,0.08730964467005076,0.5972222222222222,0.0983
nyu,765,0.08739837398373984,0.5972222222222222,0.0984
nyu,766,0.08766564729867482,0.5972222222222222,0.0985
nyu,767,0.08793456032719836,0.5972222222222222,0.0987
nyu,768,0.08811475409836066,0.5972222222222222,0.0988
nyu,769,0.0882051282051282,0.5972222222222222,0.0989
nyu,770,0.08735868448098665,0.5902777777777778,0.099
nyu,771,0.0874485596707819,0.5902777777777778,0.0991
nyu,772,0.08753861997940268,0.5902777777777778,0.0992
nyu,773,0.08762886597938144,0.5902777777777778,0.0994
nyu,774,0.08771929824561403,0.5902777777777778,0.0995
nyu,775,0.0878099173553719,0.5902777777777778,0.0997
nyu,776,0.08799171842650104,0.5902777777777778,0.0998
nyu,777,0.08817427385892117,0.5902777777777778,0.1
nyu,778,0.08731808731808732,0.5833333333333334,0.1002
nyu,779,0.08740894901144641,0.5833333333333334,0.1004
nyu,780,0.0875,0.5833333333333334,0.1005
nyu,781,0.0877742946708464,0.5833333333333334,0.1006
nyu,782,0.08786610878661087,0.5833333333333334,0.1007
nyu,783,0.08795811518324607,0.5833333333333334,0.1008
nyu,784,0.0880503144654088,0.5833333333333334,0.1009
nyu,785,0.08814270724029381,0.5833333333333334,0.101
nyu,786,0.08842105263157894,0.5833333333333334,0.1013
nyu,787,0.08764519535374868,0.5763888888888888,0.1014
nyu,788,0.08773784355179703,0.5763888888888888,0.1015
nyu,789,0.08783068783068783,0.5763888888888888,0.1016
nyu,790,0.08792372881355932,0.5763888888888888,0.1017
nyu,791,0.088016967126193,0.5763888888888888,0.1018
nyu,792,0.0881104033970276,0.5763888888888888,0.102
nyu,793,0.08820403825717323,0.5763888888888888,0.1021
nyu,794,0.08751334044823907,0.5694444444444444,0.1022
nyu,795,0.0876068376068376,0.5694444444444444,0.1023
nyu,796,0.08779443254817987,0.5694444444444444,0.1024
nyu,797,0.08788853161843516,0.5694444444444444,0.1025
nyu,798,0.08798283261802575,0.5694444444444444,0.1028
nyu,799,0.08807733619763695,0.5694444444444444,0.1032
nyu,800,0.08817204301075268,0.5694444444444444,0.1034
nyu,801,0.08728448275862069,0.5625,0.1039
nyu,802,0.08737864077669903,0.5625,0.104
nyu,803,0.08747300215982722,0.5625,0.1042
nyu,804,0.08756756756756756,0.5625,0.1044
nyu,805,0.08766233766233766,0.5625,0.1046
nyu,806,0.08775731310942579,0.5625,0.1047
nyu,807,0.0878524945770065,0.5625,0.105
nyu,808,0.08794788273615635,0.5625,0.1054
nyu,809,0.08804347826086957,0.5625,0.1055
nyu,810,0.088139281828074,0.5625,0.1056
nyu,811,0.08823529411764706,0.5625,0.1057
nyu,812,0.08842794759825327,0.5625,0.1058
nyu,813,0.08852459016393442,0.5625,0.1064
nyu,814,0.0886214442013129,0.5625,0.1065
nyu,815,0.08881578947368421,0.5625,0.1071
nyu,816,0.08901098901098901,0.5625,0.1073
nyu,817,0.08800880088008801,0.5555555555555556,0.1075
nyu,818,0.0881057268722467,0.5555555555555556,0.1076
nyu,819,0.08820286659316427,0.5555555555555556,0.1077
nyu,820,0.08830022075055188,0.5555555555555556,0.1078
nyu,821,0.08839779005524862,0.5555555555555556,0.1079
nyu,822,0.08748615725359911,0.5486111111111112,0.108
nyu,823,0.08777777777777777,0.5486111111111112,0.1082
nyu,824,0.0878754171301446,0.5486111111111112,0.1084
nyu,825,0.08807134894091416,0.5486111111111112,0.1085
nyu,826,0.0883668903803132,0.5486111111111112,0.1087
nyu,827,0.08846584546472565,0.5486111111111112,0.1088
nyu,828,0.08856502242152467,0.5486111111111112,0.109
nyu,829,0.08886389201349831,0.5486111111111112,0.1091
nyu,830,0.08896396396396396,0.5486111111111112,0.1096
nyu,831,0.08926553672316384,0.5486111111111112,0.1098
nyu,832,0.08936651583710407,0.5486111111111112,0.11
nyu,833,0.08946772366930918,0.5486111111111112,0.1102
nyu,834,0.08956916099773243,0.5486111111111112,0.1104
nyu,835,0.08967082860385925,0.5486111111111112,0.1105
nyu,836,0.08977272727272727,0.5486111111111112,0.1107
nyu,837,0.08997722095671981,0.5486111111111112,0.111
nyu,838,0.09007981755986318,0.5486111111111112,0.1112
nyu,839,0.09018264840182648,0.5486111111111112,0.1113
nyu,840,0.09038901601830664,0.5486111111111112,0.1115
nyu,841,0.08934707903780069,0.5416666666666666,0.1118
nyu,842,0.0896551724137931,0.5416666666666666,0.112
nyu,843,0.08975834292289989,0.5416666666666666,0.1122
nyu,844,0.08986175115207373,0.5416666666666666,0.1123
nyu,845,0.08881199538638986,0.5347222222222222,0.1124
nyu,846,0.08891454965357967,0.5347222222222222,0.1125
nyu,847,0.08912037037037036,0.5347222222222222,0.1126
nyu,848,0.08922363847045191,0.5347222222222222,0.1128
nyu,849,0.08932714617169374,0.5347222222222222,0.113
nyu,850,0.08943089430894309,0.5347222222222222,0.1131
nyu,851,0.08953488372093023,0.5347222222222222,0.1132
nyu,852,0.08857808857808858,0.5277777777777778,0.1134
nyu,853,0.08868144690781797,0.5277777777777778,0.1136
nyu,854,0.08888888888888889,0.5277777777777778,0.1137
nyu,855,0.08899297423887588,0.5277777777777778,0.1138
nyu,856,0.08930669800235018,0.5277777777777778,0.114
nyu,857,0.0895170789163722,0.5277777777777778,0.1141
nyu,858,0.08962264150943396,0.5277777777777778,0.1142
nyu,859,0.08983451536643026,0.5277777777777778,0.1144
nyu,860,0.08994082840236686,0.5277777777777778,0.1147
nyu,861,0.09004739336492891,0.5277777777777778,0.1148
nyu,862,0.09015421115065243,0.5277777777777778,0.1153
nyu,863,0.09026128266033254,0.5277777777777778,0.1155
nyu,864,0.09036860879904875,0.5277777777777778,0.1156
nyu,865,0.09047619047619047,0.5277777777777778,0.1158
nyu,866,0.09058402860548272,0.5277777777777778,0.1159
nyu,867,0.09090909090909091,0.5277777777777778,0.1161
nyu,868,0.09101796407185629,0.5277777777777778,0.1167
nyu,869,0.09112709832134293,0.5277777777777778,0.117
nyu,870,0.09134615384615384,0.5277777777777778,0.1174
nyu,871,0.09156626506024096,0.5277777777777778,0.1176
nyu,872,0.09178743961352658,0.5277777777777778,0.1178
nyu,873,0.09079903147699758,0.5208333333333334,0.1179
nyu,874,0.09090909090909091,0.5208333333333334,0.118
nyu,875,0.0911300121506683,0.5208333333333334,0.1182
nyu,876,0.09002433090024331,0.5138888888888888,0.1185
nyu,877,0.09013398294762484,0.5138888888888888,0.1186
nyu,878,0.09024390243902439,0.5138888888888888,0.1187
nyu,879,0.08924205378973105,0.5069444444444444,0.1189
nyu,880,0.08935128518971848,0.5069444444444444,0.1191
nyu,881,0.08946078431372549,0.5069444444444444,0.1196
nyu,882,0.08957055214723926,0.5069444444444444,0.1198
nyu,883,0.08968058968058969,0.5069444444444444,0.1199
nyu,884,0.0897908979089791,0.5069444444444444,0.12
nyu,885,0.08990147783251232,0.5069444444444444,0.1202
nyu,886,0.09001233045622688,0.5069444444444444,0.1203
nyu,887,0.09023485784919653,0.5069444444444444,0.1205
nyu,888,0.09034653465346534,0.5069444444444444,0.1206
nyu,889,0.09057071960297766,0.5069444444444444,0.1208
nyu,890,0.09079601990049752,0.5069444444444444,0.1209
nyu,891,0.09090909090909091,0.5069444444444444,0.121
nyu,892,0.09113607990012484,0.5069444444444444,0.1212
nyu,893,0.09,0.5,0.1214
nyu,894,0.08897243107769423,0.4930555555555556,0.1217
nyu,895,0.0890840652446675,0.4930555555555556,0.1222
nyu,896,0.08919597989949749,0.4930555555555556,0.1226
nyu,897,0.08816120906801007,0.4861111111111111,0.1229
nyu,898,0.08838383838383838,0.4861111111111111,0.1234
nyu,899,0.08849557522123894,0.4861111111111111,0.1236
nyu,900,0.08860759493670886,0.4861111111111111,0.1238
nyu,901,0.08871989860583017,0.4861111111111111,0.1242
nyu,902,0.08894536213468869,0.4861111111111111,0.1243
nyu,903,0.08789808917197452,0.4791666666666667,0.1244
nyu,904,0.08801020408163265,0.4791666666666667,0.1248
nyu,905,0.08812260536398467,0.4791666666666667,0.125
nyu,906,0.08823529411764706,0.4791666666666667,0.1252
nyu,907,0.088348271446863,0.4791666666666667,0.1253
nyu,908,0.08846153846153847,0.4791666666666667,0.1263
nyu,909,0.08868894601542417,0.4791666666666667,0.1268
nyu,910,0.0888030888030888,0.4791666666666667,0.1276
nyu,911,0.08891752577319588,0.4791666666666667,0.1277
nyu,912,0.08914728682170543,0.4791666666666667,0.1278
nyu,913,0.08926261319534282,0.4791666666666667,0.1279
nyu,914,0.08808290155440414,0.4722222222222222,0.1281
nyu,915,0.08819714656290532,0.4722222222222222,0.1289
nyu,916,0.08831168831168831,0.4722222222222222,0.129
nyu,917,0.08854166666666667,0.4722222222222222,0.1293
nyu,918,0.08865710560625815,0.4722222222222222,0.1295
nyu,919,0.08877284595300261,0.4722222222222222,0.1297
nyu,920,0.08888888888888889,0.4722222222222222,0.1299
nyu,921,0.0891218872870249,0.4722222222222222,0.13
nyu,922,0.08923884514435695,0.4722222222222222,0.1301
nyu,923,0.08935611038107753,0.4722222222222222,0.1304
nyu,924,0.08947368421052632,0.4722222222222222,0.1305
nyu,925,0.08959156785243742,0.4722222222222222,0.1308
nyu,926,0.08970976253298153,0.4722222222222222,0.1309
nyu,927,0.08982826948480846,0.4722222222222222,0.1314
nyu,928,0.09006622516556291,0.4722222222222222,0.1316
nyu,929,0.09018567639257294,0.4722222222222222,0.1318
nyu,930,0.0903054448871182,0.4722222222222222,0.132
nyu,931,0.08921438082556592,0.4652777777777778,0.1321
nyu,932,0.08945260347129506,0.4652777777777778,0.1328
nyu,933,0.08957219251336898,0.4652777777777778,0.1329
nyu,934,0.08969210174029452,0.4652777777777778,0.1332
nyu,935,0.08981233243967829,0.4652777777777778,0.1334
nyu,936,0.08993288590604027,0.4652777777777778,0.1335
nyu,937,0.09005376344086022,0.4652777777777778,0.1339
nyu,938,0.0901749663526245,0.4652777777777778,0.1342
nyu,939,0.09029649595687332,0.4652777777777778,0.1345
nyu,940,0.09041835357624832,0.4652777777777778,0.1346
nyu,941,0.09054054054054055,0.4652777777777778,0.135
nyu,942,0.09066305818673884,0.4652777777777778,0.1351
nyu,943,0.09078590785907859,0.4652777777777778,0.1352
nyu,944,0.09090909090909091,0.4652777777777778,0.1354
nyu,945,0.09103260869565218,0.4652777777777778,0.1355
nyu,946,0.09115646258503401,0.4652777777777778,0.1357
nyu,947,0.09128065395095368,0.4652777777777778,0.1359
nyu,948,0.09140518417462483,0.4652777777777778,0.136
nyu,949,0.09153005464480875,0.4652777777777778,0.1365
nyu,950,0.09165526675786594,0.4652777777777778,0.1369
nyu,951,0.09178082191780822,0.4652777777777778,0.1372
nyu,952,0.09190672153635117,0.4652777777777778,0.1373
nyu,953,0.0921595598349381,0.4652777777777778,0.1375
nyu,954,0.09228650137741047,0.4652777777777778,0.1379
nyu,955,0.09241379310344827,0.4652777777777778,0.138
nyu,956,0.0925414364640884,0.4652777777777778,0.1382
nyu,957,0.09279778393351801,0.4652777777777778,0.1384
nyu,958,0.09292649098474341,0.4652777777777778,0.1386
nyu,959,0.09318497913769123,0.4652777777777778,0.1388
nyu,960,0.09331476323119778,0.4652777777777778,0.1389
nyu,961,0.0935754189944134,0.4652777777777778,0.139
nyu,962,0.0937062937062937,0.4652777777777778,0.1398
nyu,963,0.0938375350140056,0.4652777777777778,0.1399
nyu,964,0.09396914446002805,0.4652777777777778,0.14
nyu,965,0.09410112359550561,0.4652777777777778,0.1401
nyu,966,0.09423347398030943,0.4652777777777778,0.1404
nyu,967,0.09295774647887324,0.4583333333333333,0.1411
nyu,968,0.09322033898305085,0.4583333333333333,0.1416
nyu,969,0.09335219236209336,0.4583333333333333,0.1418
nyu,970,0.09348441926345609,0.4583333333333333,0.142
nyu,971,0.09361702127659574,0.4583333333333333,0.1426
nyu,972,0.09232954545454546,0.4513888888888889,0.1427
nyu,973,0.09246088193456614,0.4513888888888889,0.1431
nyu,974,0.09259259259259259,0.4513888888888889,0.1433
nyu,975,0.09272467902995721,0.4513888888888889,0.1434
nyu,976,0.09285714285714286,0.4513888888888889,0.1435
nyu,977,0.09298998569384835,0.4513888888888889,0.1438
nyu,978,0.09325681492109039,0.4513888888888889,0.1439
nyu,979,0.09339080459770115,0.4513888888888889,0.1443
nyu,980,0.0936599423631124,0.4513888888888889,0.1445
nyu,981,0.09379509379509379,0.4513888888888889,0.1446
nyu,982,0.09393063583815028,0.4513888888888889,0.1449
nyu,983,0.09406657018813314,0.4513888888888889,0.1451
nyu,984,0.09420289855072464,0.4513888888888889,0.1452
nyu,985,0.09433962264150944,0.4513888888888889,0.1453
nyu,986,0.09447674418604651,0.4513888888888889,0.1459
nyu,987,0.09461426491994178,0.4513888888888889,0.146
nyu,988,0.09475218658892129,0.4513888888888889,0.1461
nyu,989,0.0948905109489051,0.4513888888888889,0.1465
nyu,990,0.09502923976608187,0.4513888888888889,0.1466
nyu,991,0.09530791788856305,0.4513888888888889,0.1471
nyu,992,0.09544787077826726,0.4513888888888889,0.1472
nyu,993,0.09572901325478646,0.4513888888888889,0.1474
nyu,994,0.09587020648967552,0.4513888888888889,0.1476
nyu,995,0.09601181683899557,0.4513888888888889,0.1484
nyu,996,0.09615384615384616,0.4513888888888889,0.1488
nyu,997,0.0962962962962963,0.4513888888888889,0.1491
nyu,998,0.09643916913946587,0.4513888888888889,0.1492
nyu,999,0.09658246656760773,0.4513888888888889,0.1493
nyu,1000,0.09672619047619048,0.4513888888888889,0.1495
nyu,1001,0.09538002980625931,0.4444444444444444,0.1501
nyu,1002,0.0955223880597015,0.4444444444444444,0.1505
nyu,1003,0.09566517189835576,0.4444444444444444,0.1506
nyu,1004,0.09580838323353294,0.4444444444444444,0.1515
nyu,1005,0.095952023988006,0.4444444444444444,0.1517
nyu,1006,0.0960960960960961,0.4444444444444444,0.1523
nyu,1007,0.0962406015037594,0.4444444444444444,0.1524
nyu,1008,0.0963855421686747,0.4444444444444444,0.1525
nyu,1009,0.09667673716012085,0.4444444444444444,0.1527
nyu,1010,0.09682299546142209,0.4444444444444444,0.1529
nyu,1011,0.09545454545454546,0.4375,0.1533
nyu,1012,0.09574468085106383,0.4375,0.1535
nyu,1013,0.0958904109589041,0.4375,0.1536
nyu,1014,0.09603658536585366,0.4375,0.1538
nyu,1015,0.0963302752293578,0.4375,0.1543
nyu,1016,0.09647779479326186,0.4375,0.1547
nyu,1017,0.09662576687116564,0.4375,0.155
nyu,1018,0.0967741935483871,0.4375,0.1551
nyu,1019,0.09692307692307692,0.4375,0.1559
nyu,1020,0.09722222222222222,0.4375,0.1561
nyu,1021,0.0973724884080371,0.4375,0.1562
nyu,1022,0.09752321981424149,0.4375,0.1566
nyu,1023,0.09767441860465116,0.4375,0.1567
nyu,1024,0.09782608695652174,0.4375,0.1572
nyu,1025,0.09797822706065319,0.4375,0.1573
nyu,1026,0.09813084112149532,0.4375,0.1574
nyu,1027,0.09828393135725429,0.4375,0.1576
nyu,1028,0.0984375,0.4375,0.158
nyu,1029,0.09859154929577464,0.4375,0.1582
nyu,1030,0.0987460815047022,0.4375,0.1587
nyu,1031,0.0989010989010989,0.4375,0.1588
nyu,1032,0.09921259842519685,0.4375,0.1589
nyu,1033,0.09936908517350158,0.4375,0.1591
nyu,1034,0.09968354430379747,0.4375,0.1592
nyu,1035,0.09984152139461172,0.4375,0.1596
nyu,1036,0.1,0.4375,0.1597
nyu,1037,0.10031847133757962,0.4375,0.16
nyu,1038,0.10047846889952153,0.4375,0.1605
nyu,1039,0.10063897763578275,0.4375,0.1606
nyu,1040,0.0992,0.4305555555555556,0.1608
nyu,1041,0.09775641025641026,0.4236111111111111,0.1609
nyu,1042,0.09630818619582665,0.4166666666666667,0.1613
nyu,1043,0.09646302250803858,0.4166666666666667,0.1614
nyu,1044,0.0966183574879227,0.4166666666666667,0.1616
nyu,1045,0.09693053311793215,0.4166666666666667,0.1617
nyu,1046,0.0970873786407767,0.4166666666666667,0.1618
nyu,1047,0.09724473257698542,0.4166666666666667,0.1621
nyu,1048,0.0975609756097561,0.4166666666666667,0.1626
nyu,1049,0.09771986970684039,0.4166666666666667,0.1629
nyu,1050,0.09787928221859707,0.4166666666666667,0.163
nyu,1051,0.09803921568627451,0.4166666666666667,0.1634
nyu,1052,0.09819967266775777,0.4166666666666667,0.1635
nyu,1053,0.09836065573770492,0.4166666666666667,0.1643
nyu,1054,0.09868421052631579,0.4166666666666667,0.1644
nyu,1055,0.09884678747940692,0.4166666666666667,0.1646
nyu,1056,0.09900990099009901,0.4166666666666667,0.1662
nyu,1057,0.09752066115702479,0.4097222222222222,0.1664
nyu,1058,0.09768211920529801,0.4097222222222222,0.1665
nyu,1059,0.0978441127694859,0.4097222222222222,0.1666
nyu,1060,0.09849749582637729,0.4097222222222222,0.1671
nyu,1061,0.09866220735785954,0.4097222222222222,0.1672
nyu,1062,0.09715242881072027,0.4027777777777778,0.1673
nyu,1063,0.09731543624161074,0.4027777777777778,0.1682
nyu,1064,0.09747899159663866,0.4027777777777778,0.1686
nyu,1065,0.09764309764309764,0.4027777777777778,0.169
nyu,1066,0.09780775716694773,0.4027777777777778,0.1695
nyu,1067,0.09797297297297297,0.4027777777777778,0.17
nyu,1068,0.09813874788494077,0.4027777777777778,0.1702
nyu,1069,0.09830508474576272,0.4027777777777778,0.1704
nyu,1070,0.0967741935483871,0.3958333333333333,0.1707
nyu,1071,0.09693877551020408,0.3958333333333333,0.171
nyu,1072,0.09710391822827939,0.3958333333333333,0.1713
nyu,1073,0.09726962457337884,0.3958333333333333,0.1714
nyu,1074,0.09743589743589744,0.3958333333333333,0.172
nyu,1075,0.0976027397260274,0.3958333333333333,0.1724
nyu,1076,0.09777015437392796,0.3958333333333333,0.1731
nyu,1077,0.0979381443298969,0.3958333333333333,0.1732
nyu,1078,0.09827586206896552,0.3958333333333333,0.1734
nyu,1079,0.09671848013816926,0.3888888888888889,0.1738
nyu,1080,0.09688581314878893,0.3888888888888889,0.174
nyu,1081,0.09705372616984402,0.3888888888888889,0.1743
nyu,1082,0.0954861111111111,0.3819444444444444,0.1744
nyu,1083,0.09581881533101046,0.3819444444444444,0.1745
nyu,1084,0.09598603839441536,0.3819444444444444,0.1746
nyu,1085,0.09615384615384616,0.3819444444444444,0.1753
nyu,1086,0.09632224168126094,0.3819444444444444,0.1755
nyu,1087,0.09666080843585237,0.3819444444444444,0.1759
nyu,1088,0.09700176366843033,0.3819444444444444,0.1767
nyu,1089,0.09717314487632508,0.3819444444444444,0.1768
nyu,1090,0.09734513274336283,0.3819444444444444,0.1769
nyu,1091,0.0975177304964539,0.3819444444444444,0.1772
nyu,1092,0.09769094138543517,0.3819444444444444,0.1775
nyu,1093,0.09803921568627451,0.3819444444444444,0.1776
nyu,1094,0.09821428571428571,0.3819444444444444,0.1777
nyu,1095,0.09838998211091235,0.3819444444444444,0.1786
nyu,1096,0.09892086330935251,0.3819444444444444,0.1793
nyu,1097,0.09927797833935018,0.3819444444444444,0.18
nyu,1098,0.09945750452079566,0.3819444444444444,0.1802
nyu,1099,0.09963768115942029,0.3819444444444444,0.1806
nyu,1100,0.0998185117967332,0.3819444444444444,0.1807
nyu,1101,0.1,0.3819444444444444,0.1821
nyu,1102,0.10018214936247723,0.3819444444444444,0.1822
nyu,1103,0.10036496350364964,0.3819444444444444,0.1824
nyu,1104,0.10054844606946983,0.3819444444444444,0.1825
nyu,1105,0.10073260073260074,0.3819444444444444,0.1829
nyu,1106,0.10091743119266056,0.3819444444444444,0.1844
nyu,1107,0.10110294117647059,0.3819444444444444,0.1845
nyu,1108,0.10128913443830571,0.3819444444444444,0.1847
nyu,1109,0.1014760147601476,0.3819444444444444,0.1859
nyu,1110,0.10166358595194085,0.3819444444444444,0.1861
nyu,1111,0.10185185185185185,0.3819444444444444,0.1866
nyu,1112,0.10204081632653061,0.3819444444444444,0.1868
nyu,1113,0.10223048327137546,0.3819444444444444,0.1869
nyu,1114,0.1005586592178771,0.375,0.1872
nyu,1115,0.10074626865671642,0.375,0.1877
nyu,1116,0.09906542056074766,0.3680555555555556,0.1879
nyu,1117,0.09737827715355805,0.3611111111111111,0.1887
nyu,1118,0.0975609756097561,0.3611111111111111,0.1888
nyu,1119,0.09774436090225563,0.3611111111111111,0.1889
nyu,1120,0.09811320754716982,0.3611111111111111,0.189
nyu,1121,0.09829867674858223,0.3611111111111111,0.1891
nyu,1122,0.09659090909090909,0.3541666666666667,0.1897
nyu,1123,0.09714285714285714,0.3541666666666667,0.1907
nyu,1124,0.09732824427480916,0.3541666666666667,0.1915
nyu,1125,0.09751434034416825,0.3541666666666667,0.1916
nyu,1126,0.09770114942528736,0.3541666666666667,0.1918
nyu,1127,0.09788867562380038,0.3541666666666667,0.1924
nyu,1128,0.09807692307692308,0.3541666666666667,0.1929
nyu,1129,0.09826589595375723,0.3541666666666667,0.1932
nyu,1130,0.09845559845559845,0.3541666666666667,0.1935
nyu,1131,0.09883720930232558,0.3541666666666667,0.1937
nyu,1132,0.09902912621359224,0.3541666666666667,0.194
nyu,1133,0.09941520467836257,0.3541666666666667,0.1944
nyu,1134,0.099609375,0.3541666666666667,0.1945
nyu,1135,0.09980430528375733,0.3541666666666667,0.1946
nyu,1136,0.09803921568627451,0.3472222222222222,0.1951
nyu,1137,0.09823182711198428,0.3472222222222222,0.1955
nyu,1138,0.0984251968503937,0.3472222222222222,0.1962
nyu,1139,0.09861932938856016,0.3472222222222222,0.1964
nyu,1140,0.09881422924901186,0.3472222222222222,0.1965
nyu,1141,0.09702970297029703,0.3402777777777778,0.1985
nyu,1142,0.09722222222222222,0.3402777777777778,0.1991
nyu,1143,0.09741550695825049,0.3402777777777778,0.2008
nyu,1144,0.09760956175298804,0.3402777777777778,0.2013
nyu,1145,0.09780439121756487,0.3402777777777778,0.2031
nyu,1146,0.098,0.3402777777777778,0.2036
nyu,1147,0.09819639278557114,0.3402777777777778,0.2041
nyu,1148,0.09839357429718876,0.3402777777777778,0.2049
nyu,1149,0.09859154929577464,0.3402777777777778,0.2059
nyu,1150,0.09879032258064516,0.3402777777777778,0.2061
nyu,1151,0.09898989898989899,0.3402777777777778,0.2062
nyu,1152,0.09919028340080972,0.3402777777777778,0.2063
nyu,1153,0.09939148073022312,0.3402777777777778,0.2066
nyu,1154,0.09979633401221996,0.3402777777777778,0.2074
nyu,1155,0.10020449897750511,0.3402777777777778,0.2075
nyu,1156,0.10040983606557377,0.3402777777777778,0.2078
nyu,1157,0.10061601642710473,0.3402777777777778,0.2083
nyu,1158,0.10082304526748971,0.3402777777777778,0.2086
nyu,1159,0.10103092783505155,0.3402777777777778,0.2089
nyu,1160,0.1012396694214876,0.3402777777777778,0.2093
nyu,1161,0.10144927536231885,0.3402777777777778,0.2096
nyu,1162,0.1016597510373444,0.3402777777777778,0.2097
nyu,1163,0.10187110187110188,0.3402777777777778,0.2099
nyu,1164,0.10208333333333333,0.3402777777777778,0.2108
nyu,1165,0.1022964509394572,0.3402777777777778,0.2118
nyu,1166,0.10251046025104603,0.3402777777777778,0.2119
nyu,1167,0.10272536687631027,0.3402777777777778,0.2121
nyu,1168,0.10294117647058823,0.3402777777777778,0.2124
nyu,1169,0.10105263157894737,0.3333333333333333,0.2127
nyu,1170,0.10126582278481013,0.3333333333333333,0.2129
nyu,1171,0.1014799154334038,0.3333333333333333,0.2134
nyu,1172,0.1016949152542373,0.3333333333333333,0.2136
nyu,1173,0.10191082802547771,0.3333333333333333,0.2137
nyu,1174,0.1023454157782516,0.3333333333333333,0.2141
nyu,1175,0.10256410256410256,0.3333333333333333,0.2144
nyu,1176,0.10278372591006424,0.3333333333333333,0.2146
nyu,1177,0.10300429184549356,0.3333333333333333,0.2147
nyu,1178,0.1032258064516129,0.3333333333333333,0.2148
nyu,1179,0.10344827586206896,0.3333333333333333,0.2149
nyu,1180,0.10367170626349892,0.3333333333333333,0.2155
nyu,1181,0.10173160173160173,0.3263888888888889,0.2166
nyu,1182,0.1019522776572668,0.3263888888888889,0.2172
nyu,1183,0.1,0.3194444444444444,0.2177
nyu,1184,0.10021786492374728,0.3194444444444444,0.2185
nyu,1185,0.10043668122270742,0.3194444444444444,0.2195
nyu,1186,0.10065645514223195,0.3194444444444444,0.2197
nyu,1187,0.10087719298245613,0.3194444444444444,0.2199
nyu,1188,0.1010989010989011,0.3194444444444444,0.22
nyu,1189,0.09911894273127753,0.3125,0.2205
nyu,1190,0.09933774834437085,0.3125,0.2207
nyu,1191,0.09955752212389381,0.3125,0.2227
nyu,1192,0.09977827050997783,0.3125,0.223
nyu,1193,0.10022271714922049,0.3125,0.2232
nyu,1194,0.10044642857142858,0.3125,0.2247
nyu,1195,0.10067114093959731,0.3125,0.2253
nyu,1196,0.10089686098654709,0.3125,0.2259
nyu,1197,0.10112359550561797,0.3125,0.2262
nyu,1198,0.10135135135135136,0.3125,0.2263
nyu,1199,0.10180995475113122,0.3125,0.2267
nyu,1200,0.10204081632653061,0.3125,0.2276
nyu,1201,0.10227272727272728,0.3125,0.2278
nyu,1202,0.10273972602739725,0.3125,0.2281
nyu,1203,0.10297482837528604,0.3125,0.2282
nyu,1204,0.10321100917431193,0.3125,0.2285
nyu,1205,0.10344827586206896,0.3125,0.2305
nyu,1206,0.10368663594470046,0.3125,0.2318
nyu,1207,0.10161662817551963,0.3055555555555556,0.2319
nyu,1208,0.10208816705336426,0.3055555555555556,0.2321
nyu,1209,0.10232558139534884,0.3055555555555556,0.2327
nyu,1210,0.10256410256410256,0.3055555555555556,0.2331
nyu,1211,0.102803738317757,0.3055555555555556,0.2356
nyu,1212,0.10304449648711944,0.3055555555555556,0.2363
nyu,1213,0.10093896713615023,0.2986111111111111,0.2366
nyu,1214,0.1011764705882353,0.2986111111111111,0.2367
nyu,1215,0.10141509433962265,0.2986111111111111,0.2375
nyu,1216,0.09929078014184398,0.2916666666666667,0.2386
nyu,1217,0.0995260663507109,0.2916666666666667,0.2394
nyu,1218,0.0997624703087886,0.2916666666666667,0.2398
nyu,1219,0.1,0.2916666666666667,0.2405
nyu,1220,0.10023866348448687,0.2916666666666667,0.2413
nyu,1221,0.10047846889952153,0.2916666666666667,0.2415
nyu,1222,0.10096153846153846,0.2916666666666667,0.2419
nyu,1223,0.10120481927710843,0.2916666666666667,0.2453
nyu,1224,0.10144927536231885,0.2916666666666667,0.2456
nyu,1225,0.1016949152542373,0.2916666666666667,0.2469
nyu,1226,0.10194174757281553,0.2916666666666667,0.2472
nyu,1227,0.10218978102189781,0.2916666666666667,0.2478
nyu,1228,0.1024390243902439,0.2916666666666667,0.2493
nyu,1229,0.10268948655256724,0.2916666666666667,0.2514
nyu,1230,0.10294117647058823,0.2916666666666667,0.2519
nyu,1231,0.10319410319410319,0.2916666666666667,0.252
nyu,1232,0.10344827586206896,0.2916666666666667,0.2531
nyu,1233,0.1037037037037037,0.2916666666666667,0.2543
nyu,1234,0.10396039603960396,0.2916666666666667,0.2556
nyu,1235,0.10421836228287841,0.2916666666666667,0.2558
nyu,1236,0.1044776119402985,0.2916666666666667,0.2582
nyu,1237,0.10473815461346633,0.2916666666666667,0.2596
nyu,1238,0.105,0.2916666666666667,0.2604
nyu,1239,0.10526315789473684,0.2916666666666667,0.2614
nyu,1240,0.10552763819095477,0.2916666666666667,0.2628
nyu,1241,0.10606060606060606,0.2916666666666667,0.2633
nyu,1242,0.10632911392405063,0.2916666666666667,0.2643
nyu,1243,0.1065989847715736,0.2916666666666667,0.2651
nyu,1244,0.10687022900763359,0.2916666666666667,0.2657
nyu,1245,0.10714285714285714,0.2916666666666667,0.2664
nyu,1246,0.10741687979539642,0.2916666666666667,0.2668
nyu,1247,0.1076923076923077,0.2916666666666667,0.2674
nyu,1248,0.10796915167095116,0.2916666666666667,0.2684
nyu,1249,0.10824742268041238,0.2916666666666667,0.2715
nyu,1250,0.10852713178294573,0.2916666666666667,0.2728
nyu,1251,0.10880829015544041,0.2916666666666667,0.2729
nyu,1252,0.10909090909090909,0.2916666666666667,0.2741
nyu,1253,0.109375,0.2916666666666667,0.2744
nyu,1254,0.10966057441253264,0.2916666666666667,0.2747
nyu,1255,0.1099476439790576,0.2916666666666667,0.275
nyu,1256,0.11023622047244094,0.2916666666666667,0.2757
nyu,1257,0.10817941952506596,0.2847222222222222,0.2768
nyu,1258,0.10582010582010581,0.2777777777777778,0.2775
nyu,1259,0.10610079575596817,0.2777777777777778,0.2779
nyu,1260,0.10372340425531915,0.2708333333333333,0.2795
nyu,1261,0.104,0.2708333333333333,0.2797
nyu,1262,0.10427807486631016,0.2708333333333333,0.2802
nyu,1263,0.10455764075067024,0.2708333333333333,0.2805
nyu,1264,0.10483870967741936,0.2708333333333333,0.282
nyu,1265,0.10512129380053908,0.2708333333333333,0.2865
nyu,1266,0.10540540540540541,0.2708333333333333,0.2868
nyu,1267,0.10569105691056911,0.2708333333333333,0.2876
nyu,1268,0.10326086956521739,0.2638888888888889,0.2896
nyu,1269,0.10354223433242507,0.2638888888888889,0.2905
nyu,1270,0.10382513661202186,0.2638888888888889,0.2906
nyu,1271,0.10410958904109589,0.2638888888888889,0.291
nyu,1272,0.1043956043956044,0.2638888888888889,0.2912
nyu,1273,0.1046831955922865,0.2638888888888889,0.2937
nyu,1274,0.10220994475138122,0.2569444444444444,0.295
nyu,1275,0.10249307479224377,0.2569444444444444,0.2965
nyu,1276,0.10277777777777777,0.2569444444444444,0.2969
nyu,1277,0.10306406685236769,0.2569444444444444,0.297
nyu,1278,0.1005586592178771,0.25,0.2984
nyu,1279,0.10084033613445378,0.25,0.3025
nyu,1280,0.10112359550561797,0.25,0.3034
nyu,1281,0.10140845070422536,0.25,0.3048
nyu,1282,0.1016949152542373,0.25,0.3079
nyu,1283,0.10198300283286119,0.25,0.3081
nyu,1284,0.10227272727272728,0.25,0.3089
nyu,1285,0.10256410256410256,0.25,0.3094
nyu,1286,0.10285714285714286,0.25,0.3099
nyu,1287,0.10315186246418338,0.25,0.3106
nyu,1288,0.10344827586206896,0.25,0.3111
nyu,1289,0.10086455331412104,0.24305555555555555,0.3115
nyu,1290,0.10115606936416185,0.24305555555555555,0.3117
nyu,1291,0.10144927536231885,0.24305555555555555,0.3148
nyu,1292,0.10174418604651163,0.24305555555555555,0.3156
nyu,1293,0.09912536443148688,0.2361111111111111,0.3168
nyu,1294,0.09649122807017543,0.22916666666666666,0.3172
nyu,1295,0.0967741935483871,0.22916666666666666,0.3183
nyu,1296,0.09705882352941177,0.22916666666666666,0.319
nyu,1297,0.09734513274336283,0.22916666666666666,0.3195
nyu,1298,0.09763313609467456,0.22916666666666666,0.3209
nyu,1299,0.09792284866468842,0.22916666666666666,0.3235
nyu,1300,0.09821428571428571,0.22916666666666666,0.3255
nyu,1301,0.09850746268656717,0.22916666666666666,0.3287
nyu,1302,0.09880239520958084,0.22916666666666666,0.33
nyu,1303,0.0990990990990991,0.22916666666666666,0.3321
nyu,1304,0.0963855421686747,0.2222222222222222,0.3336
nyu,1305,0.09667673716012085,0.2222222222222222,0.3343
nyu,1306,0.09696969696969697,0.2222222222222222,0.3345
nyu,1307,0.0972644376899696,0.2222222222222222,0.3365
nyu,1308,0.0975609756097561,0.2222222222222222,0.339
nyu,1309,0.09785932721712538,0.2222222222222222,0.3402
nyu,1310,0.09815950920245399,0.2222222222222222,0.3412
nyu,1311,0.09538461538461539,0.2152777777777778,0.3421
nyu,1312,0.09567901234567901,0.2152777777777778,0.3471
nyu,1313,0.09287925696594428,0.20833333333333334,0.3477
nyu,1314,0.09316770186335403,0.20833333333333334,0.3478
nyu,1315,0.09034267912772585,0.2013888888888889,0.3492
nyu,1316,0.090625,0.2013888888888889,0.3498
nyu,1317,0.09090909090909091,0.2013888888888889,0.354
nyu,1318,0.09119496855345911,0.2013888888888889,0.3598
nyu,1319,0.0914826498422713,0.2013888888888889,0.3638
nyu,1320,0.09177215189873418,0.2013888888888889,0.3659
nyu,1321,0.09206349206349207,0.2013888888888889,0.3669
nyu,1322,0.09235668789808917,0.2013888888888889,0.3689
nyu,1323,0.0926517571884984,0.2013888888888889,0.3695
nyu,1324,0.08974358974358974,0.19444444444444445,0.3698
nyu,1325,0.09003215434083602,0.19444444444444445,0.37
nyu,1326,0.09032258064516129,0.19444444444444445,0.3702
nyu,1327,0.09061488673139159,0.19444444444444445,0.372
nyu,1328,0.08766233766233766,0.1875,0.3729
nyu,1329,0.08794788273615635,0.1875,0.3743
nyu,1330,0.08823529411764706,0.1875,0.3787
nyu,1331,0.08852459016393442,0.1875,0.3823
nyu,1332,0.08552631578947369,0.18055555555555555,0.3833
nyu,1333,0.08250825082508251,0.1736111111111111,0.3836
nyu,1334,0.08278145695364239,0.1736111111111111,0.3848
nyu,1335,0.07973421926910298,0.16666666666666666,0.3858
nyu,1336,0.08,0.16666666666666666,0.3859
nyu,1337,0.0802675585284281,0.16666666666666666,0.3865
nyu,1338,0.08053691275167785,0.16666666666666666,0.3872
nyu,1339,0.08080808080808081,0.16666666666666666,0.3875
nyu,1340,0.08108108108108109,0.16666666666666666,0.3912
nyu,1341,0.08135593220338982,0.16666666666666666,0.3913
nyu,1342,0.08163265306122448,0.16666666666666666,0.3932
nyu,1343,0.08191126279863481,0.16666666666666666,0.3946
nyu,1344,0.0821917808219178,0.16666666666666666,0.3988
nyu,1345,0.07931034482758621,0.1597222222222222,0.399
nyu,1346,0.07958477508650519,0.1597222222222222,0.3995
nyu,1347,0.0798611111111111,0.1597222222222222,0.4002
nyu,1348,0.08013937282229965,0.1597222222222222,0.4034
nyu,1349,0.08041958041958042,0.1597222222222222,0.4056
nyu,1350,0.08070175438596491,0.1597222222222222,0.4061
nyu,1351,0.08098591549295775,0.1597222222222222,0.4076
nyu,1352,0.0812720848056537,0.1597222222222222,0.4088
nyu,1353,0.08156028368794327,0.1597222222222222,0.4185
nyu,1354,0.08185053380782918,0.1597222222222222,0.4215
nyu,1355,0.08214285714285714,0.1597222222222222,0.424
nyu,1356,0.08243727598566308,0.1597222222222222,0.4413
nyu,1357,0.08273381294964029,0.1597222222222222,0.4421
nyu,1358,0.08303249097472924,0.1597222222222222,0.4458
nyu,1359,0.08333333333333333,0.1597222222222222,0.4509
nyu,1360,0.08,0.1527777777777778,0.4533
nyu,1361,0.08029197080291971,0.1527777777777778,0.4586
nyu,1362,0.08058608058608059,0.1527777777777778,0.4595
nyu,1363,0.08088235294117647,0.1527777777777778,0.4598
nyu,1364,0.08118081180811808,0.1527777777777778,0.4635
nyu,1365,0.08148148148148149,0.1527777777777778,0.4654
nyu,1366,0.08178438661710037,0.1527777777777778,0.4664
nyu,1367,0.08208955223880597,0.1527777777777778,0.4665
nyu,1368,0.08239700374531835,0.1527777777777778,0.4688
nyu,1369,0.08270676691729323,0.1527777777777778,0.472
nyu,1370,0.0830188679245283,0.1527777777777778,0.4722
nyu,1371,0.08333333333333333,0.1527777777777778,0.4739
nyu,1372,0.08365019011406843,0.1527777777777778,0.4762
nyu,1373,0.08396946564885496,0.1527777777777778,0.4772
nyu,1374,0.0842911877394636,0.1527777777777778,0.4773
nyu,1375,0.08461538461538462,0.1527777777777778,0.4804
nyu,1376,0.08494208494208494,0.1527777777777778,0.4816
nyu,1377,0.08527131782945736,0.1527777777777778,0.4822
nyu,1378,0.08171206225680934,0.14583333333333334,0.4827
nyu,1379,0.078125,0.1388888888888889,0.4836
nyu,1380,0.0784313725490196,0.1388888888888889,0.4844
nyu,1381,0.07874015748031496,0.1388888888888889,0.488
nyu,1382,0.07905138339920949,0.1388888888888889,0.4892
nyu,1383,0.07936507936507936,0.1388888888888889,0.4921
nyu,1384,0.0796812749003984,0.1388888888888889,0.4955
nyu,1385,0.08,0.1388888888888889,0.4964
nyu,1386,0.08032128514056225,0.1388888888888889,0.4981
nyu,1387,0.08064516129032258,0.1388888888888889,0.4991
nyu,1388,0.08097165991902834,0.1388888888888889,0.4999
nyu,1389,0.08130081300813008,0.1388888888888889,0.5
nyu,1390,0.22413793103448276,0.09027777777777778,0.502
nyu,1391,0.22807017543859648,0.09027777777777778,0.5024
nyu,1392,0.23214285714285715,0.09027777777777778,0.5041
nyu,1393,0.23636363636363636,0.09027777777777778,0.5042
nyu,1394,0.24074074074074073,0.09027777777777778,0.5058
nyu,1395,0.24528301886792453,0.09027777777777778,0.5067
nyu,1396,0.25,0.09027777777777778,0.5076
nyu,1397,0.2549019607843137,0.09027777777777778,0.5083
nyu,1398,0.26,0.09027777777777778,0.5087
nyu,1399,0.2653061224489796,0.09027777777777778,0.5109
nyu,1400,0.2708333333333333,0.09027777777777778,0.5145
nyu,1401,0.2765957446808511,0.09027777777777778,0.5195
nyu,1402,0.2826086956521739,0.09027777777777778,0.5202
nyu,1403,0.28888888888888886,0.09027777777777778,0.5216
nyu,1404,0.2727272727272727,0.08333333333333333,0.5237
nyu,1405,0.27906976744186046,0.08333333333333333,0.5286
nyu,1406,0.2857142857142857,0.08333333333333333,0.54
nyu,1407,0.2682926829268293,0.0763888888888889,0.5479
nyu,1408,0.275,0.0763888888888889,0.5481
nyu,1409,0.28205128205128205,0.0763888888888889,0.5485
nyu,1410,0.2894736842105263,0.0763888888888889,0.5504
nyu,1411,0.2972972972972973,0.0763888888888889,0.5583
nyu,1412,0.3055555555555556,0.0763888888888889,0.5634
nyu,1413,0.3142857142857143,0.0763888888888889,0.5679
nyu,1414,0.3235294117647059,0.0763888888888889,0.5934
nyu,1415,0.3333333333333333,0.0763888888888889,0.5938
nyu,1416,0.3125,0.06944444444444445,0.5999
nyu,1417,0.3225806451612903,0.06944444444444445,0.6009
nyu,1418,0.3333333333333333,0.06944444444444445,0.6012
nyu,1419,0.3448275862068966,0.06944444444444445,0.6069
nyu,1420,0.32142857142857145,0.0625,0.6116
nyu,1421,0.3333333333333333,0.0625,0.6117
nyu,1422,0.34615384615384615,0.0625,0.6184
nyu,1423,0.36,0.0625,0.6215
nyu,1424,0.3333333333333333,0.05555555555555555,0.6289
nyu,1425,0.34782608695652173,0.05555555555555555,0.6398
nyu,1426,0.36363636363636365,0.05555555555555555,0.6519
nyu,1427,0.38095238095238093,0.05555555555555555,0.6523
nyu,1428,0.35,0.04861111111111111,0.6527
nyu,1429,0.3684210526315789,0.04861111111111111,0.656
nyu,1430,0.3888888888888889,0.04861111111111111,0.6631
nyu,1431,0.4117647058823529,0.04861111111111111,0.665
nyu,1432,0.4375,0.04861111111111111,0.6833
nyu,1433,0.4,0.041666666666666664,0.6845
nyu,1434,0.42857142857142855,0.041666666666666664,0.6969
nyu,1435,0.38461538461538464,0.034722222222222224,0.7541
nyu,1436,0.4166666666666667,0.034722222222222224,0.7711
nyu,1437,0.36363636363636365,0.027777777777777776,0.7777
nyu,1438,0.4,0.027777777777777776,0.7786
nyu,1439,0.4444444444444444,0.027777777777777776,0.7921
nyu,1440,0.5,0.027777777777777776,0.7962
nyu,1441,0.42857142857142855,0.020833333333333332,0.8396
nyu,1442,0.3333333333333333,0.013888888888888888,0.8481
nyu,1443,0.2,0.006944444444444444,0.8671
nyu,1444,0.25,0.006944444444444444,0.8727
nyu,1445,0.3333333333333333,0.006944444444444444,0.8944
nyu,1446,0.0,0.0,0.9126
nyu,1447,0.0,0.0,0.9225
nyu,1448,1.0,0.0,
glam,0,0.040336134453781515,1.0,0.0
glam,1,0.040757381258023105,0.8819444444444444,0.0013
glam,2,0.040783558124598586,0.8819444444444444,0.0033
glam,3,0.040809768637532134,0.8819444444444444,0.0034
glam,4,0.040875442549082715,0.8819444444444444,0.0035
glam,5,0.04094132817537073,0.8819444444444444,0.0036
glam,6,0.040710823909531506,0.875,0.0037
glam,7,0.040842787682333875,0.875,0.0038
glam,8,0.04083632799738648,0.8680555555555556,0.0039
glam,9,0.040460526315789475,0.8541666666666666,0.004
glam,10,0.04079601990049751,0.8541666666666666,0.0041
glam,11,0.04041416165664663,0.8402777777777778,0.0042
glam,12,0.040581670612106865,0.8333333333333334,0.0043
glam,13,0.04085801838610827,0.8333333333333334,0.0044
glam,14,0.0410958904109589,0.8333333333333334,0.0045
glam,15,0.041393583994480856,0.8333333333333334,0.0046
glam,16,0.04155124653739612,0.8333333333333334,0.0047
glam,17,0.04102920723226704,0.8194444444444444,0.0048
glam,18,0.04086622424030737,0.8125,0.0049
glam,19,0.04102384291725105,0.8125,0.005
glam,20,0.041124780316344464,0.8125,0.0051
glam,21,0.04129897635015884,0.8125,0.0052
glam,22,0.04148936170212766,0.8125,0.0053
glam,23,0.0416221985058698,0.8125,0.0054
glam,24,0.0417558886509636,0.8125,0.0055
glam,25,0.04189044038668099,0.8125,0.0056
glam,26,0.04201077199281867,0.8125,0.0057
glam,27,0.04216216216216216,0.8125,0.0058
glam,28,0.04220779220779221,0.8125,0.0059
glam,29,0.04225352112676056,0.8125,0.006
glam,30,0.04234527687296417,0.8125,0.0061
glam,31,0.04249909189974573,0.8125,0.0062
glam,32,0.04256093124772645,0.8125,0.0063
glam,33,0.0427007299270073,0.8125,0.0064
glam,34,0.042825768667642754,0.8125,0.0065
glam,35,0.04293577981651376,0.8125,0.0066
glam,36,0.04303052592865024,0.8125,0.0067
glam,37,0.04315750645518259,0.8125,0.0068
glam,38,0.04322127816771334,0.8125,0.0069
glam,39,0.04336545589325426,0.8125,0.007
glam,40,0.04351059873558944,0.8125,0.0071
glam,41,0.043640432674375236,0.8125,0.0072
glam,42,0.043721973094170405,0.8125,0.0073
glam,43,0.043754674644727,0.8125,0.0074
glam,44,0.043820224719101124,0.8125,0.0075
glam,45,0.04388597149287322,0.8125,0.0076
glam,46,0.04398496240601504,0.8125,0.0077
glam,47,0.04406779661016949,0.8125,0.0078
glam,48,0.04420098224404987,0.8125,0.0079
glam,49,0.04426787741203178,0.8125,0.008
glam,50,0.04441913439635535,0.8125,0.0081
glam,51,0.04452054794520548,0.8125,0.0082
glam,52,0.044571428571428574,0.8125,0.0083
glam,53,0.04463945059137734,0.8125,0.0084
glam,54,0.04472477064220184,0.8125,0.0085
glam,55,0.04501731435167372,0.8125,0.0086
glam,56,0.0449438202247191,0.8055555555555556,0.0087
glam,57,0.045224171539961014,0.8055555555555556,0.0088
glam,58,0.045436741088915,0.8055555555555556,0.0089
glam,59,0.04541864139020537,0.7986111111111112,0.009
glam,60,0.045563549160671464,0.7916666666666666,0.0091
glam,61,0.04567307692307692,0.7916666666666666,0.0092
glam,62,0.04576475311120032,0.7916666666666666,0.0093
glam,63,0.045491143317230275,0.7847222222222222,0.0094
glam,64,0.045582896329164985,0.7847222222222222,0.0095
glam,65,0.045307443365695796,0.7777777777777778,0.0096
glam,66,0.04510361641609102,0.7708333333333334,0.0097
glam,67,0.045213849287169046,0.7708333333333334,0.0098
glam,68,0.045306122448979594,0.7708333333333334,0.0099
glam,69,0.04543593941874744,0.7708333333333334,0.01
glam,70,0.04564144736842105,0.7708333333333334,0.0101
glam,71,0.045810978126289724,0.7708333333333334,0.0102
glam,72,0.04600082884376295,0.7708333333333334,0.0103
glam,73,0.04621149042464613,0.7708333333333334,0.0104
glam,74,0.046365914786967416,0.7708333333333334,0.0105
glam,75,0.04602510460251046,0.7638888888888888,0.0106
glam,76,0.04617968094038623,0.7638888888888888,0.0107
glam,77,0.046374367622259695,0.7638888888888888,0.0108
glam,78,0.04649196956889264,0.7638888888888888,0.0109
glam,79,0.04678860059549128,0.7638888888888888,0.011
glam,80,0.046868342564976566,0.7638888888888888,0.0111
glam,81,0.047068891741549,0.7638888888888888,0.0112
glam,82,0.04721030042918455,0.7638888888888888,0.0113
glam,83,0.047372954349698536,0.7638888888888888,0.0114
glam,84,0.04753673292999136,0.7638888888888888,0.0115
glam,85,0.047701647875108416,0.7638888888888888,0.0116
glam,86,0.047888550282977796,0.7638888888888888,0.0117
glam,87,0.048034934497816595,0.7638888888888888,0.0118
glam,88,0.04814004376367615,0.7638888888888888,0.0119
glam,89,0.04835164835164835,0.7638888888888888,0.012
glam,90,0.048651039363113664,0.7638888888888888,0.0121
glam,91,0.048802129547471165,0.7638888888888888,0.0122
glam,92,0.04906333630686887,0.7638888888888888,0.0123
glam,93,0.049239033124440466,0.7638888888888888,0.0124
glam,94,0.049349484073575596,0.7638888888888888,0.0125
glam,95,0.04954954954954955,0.7638888888888888,0.0126
glam,96,0.04972875226039783,0.7638888888888888,0.0127
glam,97,0.05002273760800364,0.7638888888888888,0.0128
glam,98,0.04965831435079727,0.7569444444444444,0.0129
glam,99,0.04983996342021033,0.7569444444444444,0.013
glam,100,0.04997707473635947,0.7569444444444444,0.0131
glam,101,0.05020727775218793,0.7569444444444444,0.0132
glam,102,0.05034642032332563,0.7569444444444444,0.0133
glam,103,0.0505097312326228,0.7569444444444444,0.0134
glam,104,0.05072126570497906,0.7569444444444444,0.0135
glam,105,0.05088702147525677,0.7569444444444444,0.0136
glam,106,0.05102996254681648,0.7569444444444444,0.0137
glam,107,0.05124588622472966,0.7569444444444444,0.0138
glam,108,0.05148795465281058,0.7569444444444444,0.0139
glam,109,0.051756885090218425,0.7569444444444444,0.014
glam,110,0.05200381679389313,0.7569444444444444,0.0141
glam,111,0.052178075634274776,0.7569444444444444,0.0142
glam,112,0.05230326295585413,0.7569444444444444,0.0143
glam,113,0.052580800771828265,0.7569444444444444,0.0144
glam,114,0.05270793036750483,0.7569444444444444,0.0145
glam,115,0.052912621359223304,0.7569444444444444,0.0146
glam,116,0.053093034583536286,0.7569444444444444,0.0147
glam,117,0.05330073349633252,0.7569444444444444,0.0148
glam,118,0.05351006381934217,0.7569444444444444,0.0149
glam,119,0.05374753451676528,0.7569444444444444,0.015
glam,120,0.05390702274975272,0.7569444444444444,0.0151
glam,121,0.054094292803970226,0.7569444444444444,0.0152
glam,122,0.054228855721393035,0.7569444444444444,0.0153
glam,123,0.0544727636181909,0.7569444444444444,0.0154
glam,124,0.054663991975927785,0.7569444444444444,0.0155
glam,125,0.05488418932527694,0.7569444444444444,0.0156
glam,126,0.05516194331983806,0.7569444444444444,0.0157
glam,127,0.05521783181357649,0.7569444444444444,0.0158
glam,128,0.05535804977145759,0.7569444444444444,0.0159
glam,129,0.055669050051072526,0.7569444444444444,0.016
glam,130,0.055754475703324806,0.7569444444444444,0.0161
glam,131,0.05595482546201232,0.7569444444444444,0.0162
glam,132,0.056041131105398455,0.7569444444444444,0.0163
glam,133,0.05624355005159959,0.7569444444444444,0.0164
glam,134,0.056447436561367165,0.7569444444444444,0.0165
glam,135,0.05653526970954357,0.7569444444444444,0.0166
glam,136,0.056682267290691625,0.7569444444444444,0.0167
glam,137,0.05674128058302967,0.7569444444444444,0.0168
glam,138,0.056859676577986434,0.7569444444444444,0.0169
glam,139,0.056948798328108674,0.7569444444444444,0.017
glam,140,0.05703819989534275,0.7569444444444444,0.0171
glam,141,0.05631578947368421,0.7430555555555556,0.0172
glam,142,0.055995773903856315,0.7361111111111112,0.0173
glam,143,0.056114346214928536,0.7361111111111112,0.0174
glam,144,0.056293149229952204,0.7361111111111112,0.0175
glam,145,0.05647309536494406,0.7361111111111112,0.0176
glam,146,0.056623931623931624,0.7361111111111112,0.0177
glam,147,0.056836461126005364,0.7361111111111112,0.0178
glam,148,0.057019903173749324,0.7361111111111112,0.0179
glam,149,0.05726634251755808,0.7361111111111112,0.018
glam,150,0.05751492132392838,0.7361111111111112,0.0181
glam,151,0.05779716466739367,0.7361111111111112,0.0182
glam,152,0.05789186237028946,0.7361111111111112,0.0183
glam,153,0.058145913329676356,0.7361111111111112,0.0184
glam,154,0.058337919647771054,0.7361111111111112,0.0185
glam,155,0.05846662989520132,0.7361111111111112,0.0186
glam,156,0.05856353591160221,0.7361111111111112,0.0187
glam,157,0.05892162312395775,0.7361111111111112,0.0188
glam,158,0.059085841694537344,0.7361111111111112,0.0189
glam,159,0.05951712521055587,0.7361111111111112,0.019
glam,160,0.05971830985915493,0.7361111111111112,0.0191
glam,161,0.059853190287972896,0.7361111111111112,0.0192
glam,162,0.060090702947845805,0.7361111111111112,0.0193
glam,163,0.060227272727272727,0.7361111111111112,0.0194
glam,164,0.059931506849315065,0.7291666666666666,0.0195
glam,165,0.060034305317324184,0.7291666666666666,0.0196
glam,166,0.060240963855421686,0.7291666666666666,0.0197
glam,167,0.06055363321799308,0.7291666666666666,0.0198
glam,168,0.06072874493927125,0.7291666666666666,0.0199
glam,169,0.06108202443280977,0.7291666666666666,0.02
glam,170,0.061224489795918366,0.7291666666666666,0.0201
glam,171,0.06140350877192982,0.7291666666666666,0.0202
glam,172,0.061619718309859156,0.7291666666666666,0.0203
glam,173,0.06187389510901591,0.7291666666666666,0.0204
glam,174,0.06205673758865248,0.7291666666666666,0.0205
glam,175,0.06224066390041494,0.7291666666666666,0.0206
glam,176,0.062388591800356503,0.7291666666666666,0.0207
glam,177,0.0626118067978533,0.7291666666666666,0.0208
glam,178,0.06279904306220095,0.7291666666666666,0.0209
glam,179,0.06302521008403361,0.7291666666666666,0.021
glam,180,0.06321493076459964,0.7291666666666666,0.0211
glam,181,0.0634441087613293,0.7291666666666666,0.0212
glam,182,0.06318347509113001,0.7222222222222222,0.0213
glam,183,0.06329884357881924,0.7222222222222222,0.0214
glam,184,0.06341463414634146,0.7222222222222222,0.0215
glam,185,0.06364749082007344,0.7222222222222222,0.0216
glam,186,0.06396063960639606,0.7222222222222222,0.0217
glam,187,0.06338461538461539,0.7152777777777778,0.0218
glam,188,0.06346272335181762,0.7152777777777778,0.0219
glam,189,0.06361951822112415,0.7152777777777778,0.022
glam,190,0.06393544382371198,0.7152777777777778,0.0221
glam,191,0.064214463840399,0.7152777777777778,0.0222
glam,192,0.06449592986850344,0.7152777777777778,0.0223
glam,193,0.06465787821720025,0.7152777777777778,0.0224
glam,194,0.06477987421383648,0.7152777777777778,0.0225
glam,195,0.06502525252525253,0.7152777777777778,0.0226
glam,196,0.06510745891276865,0.7152777777777778,0.0227
glam,197,0.06527249683143219,0.7152777777777778,0.0228
glam,198,0.06547997457088366,0.7152777777777778,0.0229
glam,199,0.06556333545512412,0.7152777777777778,0.023
glam,200,0.065814696485623,0.7152777777777778,0.0231
glam,201,0.06606799230275817,0.7152777777777778,0.0232
glam,202,0.06619537275064268,0.7152777777777778,0.0233
glam,203,0.0665374677002584,0.7152777777777778,0.0234
glam,204,0.06675307841866494,0.7152777777777778,0.0235
glam,205,0.06683971447112265,0.7152777777777778,0.0236
glam,206,0.06705729166666667,0.7152777777777778,0.0237
glam,207,0.06723237597911227,0.7152777777777778,0.0238
glam,208,0.06758530183727034,0.7152777777777778,0.0239
glam,209,0.06771860618014464,0.7152777777777778,0.024
glam,210,0.06780776826859776,0.7152777777777778,0.0241
glam,211,0.06803170409511229,0.7152777777777778,0.0242
glam,212,0.06821192052980132,0.7152777777777778,0.0243
glam,213,0.06852960745176315,0.7152777777777778,0.0244
glam,214,0.06875834445927904,0.7152777777777778,0.0245
glam,215,0.06885026737967914,0.7152777777777778,0.0246
glam,216,0.06898861352980576,0.7152777777777778,0.0247
glam,217,0.06908115358819585,0.7152777777777778,0.0248
glam,218,0.06922043010752688,0.7152777777777778,0.0249
glam,219,0.06945380984490897,0.7152777777777778,0.025
glam,220,0.06973595125253892,0.7152777777777778,0.0251
glam,221,0.06987788331071913,0.7152777777777778,0.0252
glam,222,0.07016348773841961,0.7152777777777778,0.0253
glam,223,0.07030716723549488,0.7152777777777778,0.0254
glam,224,0.07079037800687285,0.7152777777777778,0.0255
glam,225,0.07108350586611456,0.7152777777777778,0.0256
glam,226,0.07137907137907137,0.7152777777777778,0.0257
glam,227,0.07152777777777777,0.7152777777777778,0.0258
glam,228,0.07103064066852367,0.7083333333333334,0.0259
glam,229,0.07127882599580712,0.7083333333333334,0.0261
glam,230,0.07137858642407278,0.7083333333333334,0.0262
glam,231,0.07097680955727337,0.7013888888888888,0.0263
glam,232,0.07107670654468684,0.7013888888888888,0.0264
glam,233,0.07122708039492243,0.7013888888888888,0.0265
glam,234,0.07147912243453644,0.7013888888888888,0.0266
glam,235,0.07152974504249292,0.7013888888888888,0.0267
glam,236,0.07163120567375887,0.7013888888888888,0.0268
glam,237,0.0711743772241993,0.6944444444444444,0.0269
glam,238,0.07142857142857142,0.6944444444444444,0.027
glam,239,0.07168458781362007,0.6944444444444444,0.0271
glam,240,0.07183908045977011,0.6944444444444444,0.0272
glam,241,0.07209805335255948,0.6944444444444444,0.0273
glam,242,0.07246376811594203,0.6944444444444444,0.0274
glam,243,0.0725163161711385,0.6944444444444444,0.0275
glam,244,0.07278020378457059,0.6944444444444444,0.0276
glam,245,0.07304601899196493,0.6944444444444444,0.0277
glam,246,0.07331378299120235,0.6944444444444444,0.0278
glam,247,0.07342143906020558,0.6944444444444444,0.0279
glam,248,0.07363770250368189,0.6944444444444444,0.028
glam,249,0.07369196757553427,0.6944444444444444,0.0281
glam,250,0.07390983000739099,0.6944444444444444,0.0282
glam,251,0.07349665924276169,0.6875,0.0283
glam,252,0.07366071428571429,0.6875,0.0284
glam,253,0.0738255033557047,0.6875,0.0285
glam,254,0.07388059701492537,0.6875,0.0286
glam,255,0.07421289355322339,0.6875,0.0287
glam,256,0.0743801652892562,0.6875,0.0288
glam,257,0.07443609022556391,0.6875,0.0289
glam,258,0.0746606334841629,0.6875,0.029
glam,259,0.07488653555219364,0.6875,0.0291
glam,260,0.0753998476770754,0.6875,0.0292
glam,261,0.07492354740061162,0.6805555555555556,0.0293
glam,262,0.07526881720430108,0.6805555555555556,0.0294
glam,263,0.07538461538461538,0.6805555555555556,0.0295
glam,264,0.07484567901234568,0.6736111111111112,0.0296
glam,265,0.07507739938080496,0.6736111111111112,0.0297
glam,266,0.07525213343677269,0.6736111111111112,0.0298
glam,267,0.07536907536907538,0.6736111111111112,0.0299
glam,268,0.07542768273716952,0.6736111111111112,0.03
glam,269,0.07554517133956386,0.6736111111111112,0.0301
glam,270,0.07560405300077942,0.6736111111111112,0.0302
glam,271,0.07578125,0.6736111111111112,0.0303
glam,272,0.07589984350547731,0.6736111111111112,0.0304
glam,273,0.0759592795614722,0.6736111111111112,0.0305
glam,274,0.07619795758051846,0.6736111111111112,0.0306
glam,275,0.07625786163522012,0.6736111111111112,0.0307
glam,276,0.07655880031570639,0.6736111111111112,0.0308
glam,277,0.0766798418972332,0.6736111111111112,0.0309
glam,278,0.0761300555114988,0.6666666666666666,0.031
glam,279,0.07643312101910828,0.6666666666666666,0.0311
glam,280,0.07655502392344497,0.6666666666666666,0.0312
glam,281,0.07698476343223737,0.6666666666666666,0.0313
glam,282,0.07735697018533441,0.6666666666666666,0.0314
glam,283,0.07760711398544867,0.6666666666666666,0.0315
glam,284,0.07773279352226721,0.6666666666666666,0.0316
glam,285,0.07779578606158834,0.6666666666666666,0.0317
glam,286,0.07792207792207792,0.6666666666666666,0.0318
glam,287,0.07798537774167344,0.6666666666666666,0.0319
glam,288,0.07811228641171684,0.6666666666666666,0.032
glam,289,0.07823960880195599,0.6666666666666666,0.0321
glam,290,0.07849550286181521,0.6666666666666666,0.0322
glam,291,0.07868852459016394,0.6666666666666666,0.0323
glam,292,0.07920792079207921,0.6666666666666666,0.0324
glam,293,0.07933884297520662,0.6666666666666666,0.0325
glam,294,0.07947019867549669,0.6666666666666666,0.0326
glam,295,0.07966804979253111,0.6666666666666666,0.0327
glam,296,0.08,0.6666666666666666,0.0328
glam,297,0.08013355592654424,0.6666666666666666,0.0329
glam,298,0.0802675585284281,0.6666666666666666,0.033
glam,299,0.08060453400503778,0.6666666666666666,0.0331
glam,300,0.08080808080808081,0.6666666666666666,0.0332
glam,301,0.08094435075885328,0.6666666666666666,0.0333
glam,302,0.08135593220338982,0.6666666666666666,0.0334
glam,303,0.08142493638676845,0.6666666666666666,0.0335
glam,304,0.08156329651656755,0.6666666666666666,0.0336
glam,305,0.0817717206132879,0.6666666666666666,0.0337
glam,306,0.08191126279863481,0.6666666666666666,0.0338
glam,307,0.08147512864493997,0.6597222222222222,0.0339
glam,308,0.0815450643776824,0.6597222222222222,0.034
glam,309,0.08175559380378658,0.6597222222222222,0.0341
glam,310,0.08196721311475409,0.6597222222222222,0.0342
glam,311,0.08225108225108226,0.6597222222222222,0.0343
glam,312,0.08232235701906412,0.6597222222222222,0.0344
glam,313,0.08253692441355343,0.6597222222222222,0.0345
glam,314,0.08268059181897303,0.6597222222222222,0.0346
glam,315,0.08296943231441048,0.6597222222222222,0.0348
glam,316,0.08326029798422437,0.6597222222222222,0.0349
glam,317,0.08347978910369068,0.6597222222222222,0.035
glam,318,0.0837742504409171,0.6597222222222222,0.0351
glam,319,0.08303886925795052,0.6527777777777778,0.0352
glam,320,0.0831858407079646,0.6527777777777778,0.0353
glam,321,0.08333333333333333,0.6527777777777778,0.0354
glam,322,0.08370436331255565,0.6527777777777778,0.0355
glam,323,0.08377896613190731,0.6527777777777778,0.0356
glam,324,0.08385370205173952,0.6527777777777778,0.0357
glam,325,0.08392857142857142,0.6527777777777778,0.0358
glam,326,0.08318425760286226,0.6458333333333334,0.0359
glam,327,0.08333333333333333,0.6458333333333334,0.036
glam,328,0.08340807174887892,0.6458333333333334,0.0361
glam,329,0.08385933273219116,0.6458333333333334,0.0362
glam,330,0.08423913043478261,0.6458333333333334,0.0363
glam,331,0.08439201451905626,0.6458333333333334,0.0364
glam,332,0.08386508659981769,0.6388888888888888,0.0365
glam,333,0.08401826484018265,0.6388888888888888,0.0366
glam,334,0.0843263061411549,0.6388888888888888,0.0367
glam,335,0.08463661453541858,0.6388888888888888,0.0369
glam,336,0.08487084870848709,0.6388888888888888,0.0371
glam,337,0.0851063829787234,0.6388888888888888,0.0372
glam,338,0.08550185873605948,0.6388888888888888,0.0373
glam,339,0.0856610800744879,0.6388888888888888,0.0374
glam,340,0.08574091332712022,0.6388888888888888,0.0375
glam,341,0.08590102707749767,0.6388888888888888,0.0376
glam,342,0.08622305529522024,0.6388888888888888,0.0378
glam,343,0.08679245283018867,0.6388888888888888,0.0379
glam,344,0.08712121212121213,0.6388888888888888,0.038
glam,345,0.08720379146919431,0.6388888888888888,0.0381
glam,346,0.08753568030447194,0.6388888888888888,0.0382
glam,347,0.0877025738798856,0.6388888888888888,0.0383
glam,348,0.08787010506208214,0.6388888888888888,0.0384
glam,349,0.08795411089866156,0.6388888888888888,0.0385
glam,350,0.08829174664107485,0.6388888888888888,0.0387
glam,351,0.08846153846153847,0.6388888888888888,0.0388
glam,352,0.08888888888888889,0.6388888888888888,0.0389
glam,353,0.08906098741529525,0.6388888888888888,0.039
glam,354,0.08914728682170543,0.6388888888888888,0.0391
glam,355,0.08949416342412451,0.6388888888888888,0.0392
glam,356,0.08878048780487804,0.6319444444444444,0.0393
glam,357,0.0892156862745098,0.6319444444444444,0.0395
glam,358,0.08930323846908735,0.6319444444444444,0.0396
glam,359,0.08947885939036382,0.6319444444444444,0.0397
glam,360,0.08875739644970414,0.625,0.0398
glam,361,0.0891089108910891,0.625,0.0399
glam,362,0.08928571428571429,0.625,0.04
glam,363,0.08937437934458789,0.625,0.0401
glam,364,0.0897308075772682,0.625,0.0402
glam,365,0.08982035928143713,0.625,0.0403
glam,366,0.09009009009009009,0.625,0.0404
glam,367,0.09036144578313253,0.625,0.0405
glam,368,0.08962739174219536,0.6180555555555556,0.0406
glam,369,0.08971774193548387,0.6180555555555556,0.0407
glam,370,0.0898989898989899,0.6180555555555556,0.0408
glam,371,0.09017223910840932,0.6180555555555556,0.0409
glam,372,0.08924949290060852,0.6111111111111112,0.041
glam,373,0.08934010152284264,0.6111111111111112,0.0411
glam,374,0.08970438328236494,0.6111111111111112,0.0412
glam,375,0.08979591836734693,0.6111111111111112,0.0413
glam,376,0.09025641025641026,0.6111111111111112,0.0414
glam,377,0.09034907597535935,0.6111111111111112,0.0416
glam,378,0.09053497942386832,0.6111111111111112,0.0417
glam,379,0.09072164948453608,0.6111111111111112,0.0418
glam,380,0.09100310237849017,0.6111111111111112,0.0419
glam,381,0.09119170984455958,0.6111111111111112,0.042
glam,382,0.09147609147609148,0.6111111111111112,0.0422
glam,383,0.09166666666666666,0.6111111111111112,0.0423
glam,384,0.0918580375782881,0.6111111111111112,0.0424
glam,385,0.09205020920502092,0.6111111111111112,0.0425
glam,386,0.09214659685863874,0.6111111111111112,0.0426
glam,387,0.0912906610703043,0.6041666666666666,0.0427
glam,388,0.0914826498422713,0.6041666666666666,0.0428
glam,389,0.09071729957805907,0.5972222222222222,0.0429
glam,390,0.09110169491525423,0.5972222222222222,0.043
glam,391,0.09129511677282377,0.5972222222222222,0.0432
glam,392,0.09032943676939426,0.5902777777777778,0.0434
glam,393,0.09042553191489362,0.5902777777777778,0.0435
glam,394,0.0906183368869936,0.5902777777777778,0.0436
glam,395,0.09071504802561366,0.5902777777777778,0.0437
glam,396,0.09081196581196581,0.5902777777777778,0.0438
glam,397,0.09120171673819742,0.5902777777777778,0.044
glam,398,0.09129967776584318,0.5902777777777778,0.0441
glam,399,0.09149623250807319,0.5902777777777778,0.0442
glam,400,0.091792656587473,0.5902777777777778,0.0443
glam,401,0.09090909090909091,0.5833333333333334,0.0444
glam,402,0.09100758396533044,0.5833333333333334,0.0445
glam,403,0.09120521172638436,0.5833333333333334,0.0447
glam,404,0.09170305676855896,0.5833333333333334,0.0448
glam,405,0.09200438116100766,0.5833333333333334,0.0449
glam,406,0.09220636663007684,0.5833333333333334,0.045
glam,407,0.0924092409240924,0.5833333333333334,0.0451
glam,408,0.09271523178807947,0.5833333333333334,0.0452
glam,409,0.09292035398230089,0.5833333333333334,0.0453
glam,410,0.09312638580931264,0.5833333333333334,0.0454
glam,411,0.0932297447280799,0.5833333333333334,0.0456
glam,412,0.0935412026726058,0.5833333333333334,0.0457
glam,413,0.09364548494983277,0.5833333333333334,0.0458
glam,414,0.09375,0.5833333333333334,0.0459
glam,415,0.0940649496080627,0.5833333333333334,0.046
glam,416,0.09417040358744394,0.5833333333333334,0.0461
glam,417,0.09427609427609428,0.5833333333333334,0.0462
glam,418,0.0945945945945946,0.5833333333333334,0.0464
glam,419,0.09470124013528748,0.5833333333333334,0.0465
glam,420,0.09480812641083522,0.5833333333333334,0.0466
glam,421,0.09491525423728814,0.5833333333333334,0.0468
glam,422,0.09502262443438914,0.5833333333333334,0.0469
glam,423,0.09513023782559456,0.5833333333333334,0.0471
glam,424,0.09523809523809523,0.5833333333333334,0.0472
glam,425,0.09556313993174062,0.5833333333333334,0.0473
glam,426,0.09578107183580388,0.5833333333333334,0.0474
glam,427,0.09610983981693363,0.5833333333333334,0.0475
glam,428,0.09621993127147767,0.5833333333333334,0.0476
glam,429,0.09644087256027555,0.5833333333333334,0.0477
glam,430,0.0967741935483871,0.5833333333333334,0.0478
glam,431,0.09699769053117784,0.5833333333333334,0.0479
glam,432,0.09595375722543352,0.5763888888888888,0.048
glam,433,0.0962877030162413,0.5763888888888888,0.0481
glam,434,0.09639953542392567,0.5763888888888888,0.0482
glam,435,0.09651162790697675,0.5763888888888888,0.0483
glam,436,0.09662398137369034,0.5763888888888888,0.0485
glam,437,0.09673659673659674,0.5763888888888888,0.0486
glam,438,0.09684947491248541,0.5763888888888888,0.0488
glam,439,0.0969626168224299,0.5763888888888888,0.0489
glam,440,0.0963572267920094,0.5694444444444444,0.049
glam,441,0.09692671394799054,0.5694444444444444,0.0491
glam,442,0.09727164887307237,0.5694444444444444,0.0492
glam,443,0.09631391200951249,0.5625,0.0493
glam,444,0.09654350417163289,0.5625,0.0494
glam,445,0.09665871121718377,0.5625,0.0495
glam,446,0.09700598802395209,0.5625,0.0497
glam,447,0.09747292418772563,0.5625,0.0498
glam,448,0.097708082026538,0.5625,0.0499
glam,449,0.09782608695652174,0.5625,0.0503
glam,450,0.09806295399515738,0.5625,0.0504
glam,451,0.09818181818181818,0.5625,0.0505
glam,452,0.0983009708737864,0.5625,0.0506
glam,453,0.09744214372716199,0.5555555555555556,0.0507
glam,454,0.09791921664626684,0.5555555555555556,0.0508
glam,455,0.09803921568627451,0.5555555555555556,0.051
glam,456,0.09815950920245399,0.5555555555555556,0.0511
glam,457,0.09828009828009827,0.5555555555555556,0.0512
glam,458,0.09852216748768473,0.5555555555555556,0.0513
glam,459,0.09864364981504316,0.5555555555555556,0.0514
glam,460,0.09876543209876543,0.5555555555555556,0.0515
glam,461,0.09913258983890955,0.5555555555555556,0.0516
glam,462,0.09937888198757763,0.5555555555555556,0.0518
glam,463,0.09825870646766169,0.5486111111111112,0.0519
glam,464,0.09838107098381071,0.5486111111111112,0.052
glam,465,0.09850374064837905,0.5486111111111112,0.0521
glam,466,0.0975,0.5416666666666666,0.0523
glam,467,0.09774436090225563,0.5416666666666666,0.0524
glam,468,0.09786700125470514,0.5416666666666666,0.0525
glam,469,0.09798994974874371,0.5416666666666666,0.0528
glam,470,0.09811320754716982,0.5416666666666666,0.0529
glam,471,0.0982367758186398,0.5416666666666666,0.053
glam,472,0.09848484848484848,0.5416666666666666,0.0531
glam,473,0.09873417721518987,0.5416666666666666,0.0534
glam,474,0.09923664122137404,0.5416666666666666,0.0535
glam,475,0.09948979591836735,0.5416666666666666,0.0536
glam,476,0.09974424552429667,0.5416666666666666,0.0537
glam,477,0.1,0.5416666666666666,0.0538
glam,478,0.10012836970474968,0.5416666666666666,0.0539
glam,479,0.10051546391752578,0.5416666666666666,0.0542
glam,480,0.10077519379844961,0.5416666666666666,0.0543
glam,481,0.10116731517509728,0.5416666666666666,0.0544
glam,482,0.10143042912873862,0.5416666666666666,0.0545
glam,483,0.1015625,0.5416666666666666,0.0546
glam,484,0.10182767624020887,0.5416666666666666,0.0548
glam,485,0.10222804718217562,0.5416666666666666,0.055
glam,486,0.10249671484888305,0.5416666666666666,0.0552
glam,487,0.10276679841897234,0.5416666666666666,0.0553
glam,488,0.10290237467018469,0.5416666666666666,0.0554
glam,489,0.10171730515191546,0.5347222222222222,0.0558
glam,490,0.10198675496688742,0.5347222222222222,0.0563
glam,491,0.10212201591511937,0.5347222222222222,0.0564
glam,492,0.10225763612217796,0.5347222222222222,0.0566
glam,493,0.1023936170212766,0.5347222222222222,0.0567
glam,494,0.10252996005326231,0.5347222222222222,0.0568
glam,495,0.10266666666666667,0.5347222222222222,0.057
glam,496,0.10294117647058823,0.5347222222222222,0.0571
glam,497,0.1032171581769437,0.5347222222222222,0.0573
glam,498,0.10335570469798658,0.5347222222222222,0.0574
glam,499,0.10377358490566038,0.5347222222222222,0.0575
glam,500,0.1039136302294197,0.5347222222222222,0.0576
glam,501,0.10405405405405406,0.5347222222222222,0.058
glam,502,0.1043360433604336,0.5347222222222222,0.0581
glam,503,0.1044776119402985,0.5347222222222222,0.0583
glam,504,0.10461956521739131,0.5347222222222222,0.0584
glam,505,0.10490463215258855,0.5347222222222222,0.0585
glam,506,0.10504774897680765,0.5347222222222222,0.0588
glam,507,0.10382513661202186,0.5277777777777778,0.059
glam,508,0.10410958904109589,0.5277777777777778,0.0591
glam,509,0.10425240054869685,0.5277777777777778,0.0593
glam,510,0.1043956043956044,0.5277777777777778,0.0594
glam,511,0.10482758620689656,0.5277777777777778,0.0597
glam,512,0.10511756569847856,0.5277777777777778,0.0599
glam,513,0.10540915395284327,0.5277777777777778,0.06
glam,514,0.10555555555555556,0.5277777777777778,0.0605
glam,515,0.10570236439499305,0.5277777777777778,0.0608
glam,516,0.1062937062937063,0.5277777777777778,0.061
glam,517,0.10644257703081232,0.5277777777777778,0.0614
glam,518,0.10674157303370786,0.5277777777777778,0.0615
glam,519,0.10689170182841069,0.5277777777777778,0.0616
glam,520,0.10704225352112676,0.5277777777777778,0.0617
glam,521,0.1071932299012694,0.5277777777777778,0.0622
glam,522,0.1074964639321075,0.5277777777777778,0.0623
glam,523,0.10638297872340426,0.5208333333333334,0.0624
glam,524,0.10653409090909091,0.5208333333333334,0.0626
glam,525,0.10683760683760683,0.5208333333333334,0.0627
glam,526,0.10699001426533523,0.5208333333333334,0.0628
glam,527,0.10714285714285714,0.5208333333333334,0.0629
glam,528,0.1072961373390558,0.5208333333333334,0.0632
glam,529,0.10744985673352435,0.5208333333333334,0.0633
glam,530,0.10760401721664276,0.5208333333333334,0.0634
glam,531,0.10632183908045977,0.5138888888888888,0.0635
glam,532,0.10647482014388489,0.5138888888888888,0.0642
glam,533,0.10662824207492795,0.5138888888888888,0.0643
glam,534,0.10678210678210678,0.5138888888888888,0.0644
glam,535,0.1072463768115942,0.5138888888888888,0.0645
glam,536,0.10740203193033382,0.5138888888888888,0.0646
glam,537,0.10771470160116449,0.5138888888888888,0.0647
glam,538,0.10787172011661808,0.5138888888888888,0.0649
glam,539,0.10802919708029197,0.5138888888888888,0.0651
glam,540,0.10818713450292397,0.5138888888888888,0.0652
glam,541,0.10834553440702782,0.5138888888888888,0.0653
glam,542,0.10703812316715543,0.5069444444444444,0.0655
glam,543,0.10766961651917405,0.5069444444444444,0.0656
glam,544,0.10782865583456426,0.5069444444444444,0.0658
glam,545,0.10666666666666667,0.5,0.0662
glam,546,0.10714285714285714,0.5,0.0663
glam,547,0.10762331838565023,0.5,0.0664
glam,548,0.10778443113772455,0.5,0.0665
glam,549,0.10810810810810811,0.5,0.0667
glam,550,0.10843373493975904,0.5,0.0668
glam,551,0.10757575757575757,0.4930555555555556,0.0675
glam,552,0.10773899848254932,0.4930555555555556,0.0676
glam,553,0.10638297872340426,0.4861111111111111,0.0677
glam,554,0.10687022900763359,0.4861111111111111,0.0678
glam,555,0.10703363914373089,0.4861111111111111,0.0679
glam,556,0.10719754977029096,0.4861111111111111,0.0681
glam,557,0.10736196319018405,0.4861111111111111,0.0682
glam,558,0.10752688172043011,0.4861111111111111,0.0683
glam,559,0.1076923076923077,0.4861111111111111,0.0685
glam,560,0.10785824345146379,0.4861111111111111,0.0686
glam,561,0.10664605873261206,0.4791666666666667,0.0688
glam,562,0.10697674418604651,0.4791666666666667,0.0689
glam,563,0.10730948678071539,0.4791666666666667,0.069
glam,564,0.10747663551401869,0.4791666666666667,0.0691
glam,565,0.1078125,0.4791666666666667,0.0695
glam,566,0.107981220657277,0.4791666666666667,0.0697
glam,567,0.10815047021943573,0.4791666666666667,0.0701
glam,568,0.10725552050473186,0.4722222222222222,0.0702
glam,569,0.10776545166402536,0.4722222222222222,0.0703
glam,570,0.10793650793650794,0.4722222222222222,0.0704
glam,571,0.10651828298887123,0.4652777777777778,0.0705
glam,572,0.1072,0.4652777777777778,0.0706
glam,573,0.10754414125200643,0.4652777777777778,0.0707
glam,574,0.10789049919484701,0.4652777777777778,0.071
glam,575,0.10806451612903226,0.4652777777777778,0.0712
glam,576,0.10841423948220065,0.4652777777777778,0.0713
glam,577,0.1085899513776337,0.4652777777777778,0.0716
glam,578,0.10876623376623376,0.4652777777777778,0.0719
glam,579,0.10894308943089431,0.4652777777777778,0.0723
glam,580,0.10912052117263844,0.4652777777777778,0.0724
glam,581,0.10929853181076672,0.4652777777777778,0.0725
glam,582,0.10947712418300654,0.4652777777777778,0.0726
glam,583,0.10983606557377049,0.4652777777777778,0.0728
glam,584,0.11001642036124795,0.4652777777777778,0.0729
glam,585,0.11019736842105263,0.4652777777777778,0.0733
glam,586,0.11056105610561057,0.4652777777777778,0.0738
glam,587,0.10927152317880795,0.4583333333333333,0.074
glam,588,0.10945273631840796,0.4583333333333333,0.0742
glam,589,0.10981697171381032,0.4583333333333333,0.0743
glam,590,0.11,0.4583333333333333,0.0745
glam,591,0.11018363939899833,0.4583333333333333,0.075
glam,592,0.10869565217391304,0.4513888888888889,0.0753
glam,593,0.10720268006700168,0.4444444444444444,0.0758
glam,594,0.10738255033557047,0.4444444444444444,0.0763
glam,595,0.10756302521008404,0.4444444444444444,0.0765
glam,596,0.10792580101180438,0.4444444444444444,0.0766
glam,597,0.1065989847715736,0.4375,0.0768
glam,598,0.10714285714285714,0.4375,0.0769
glam,599,0.10732538330494037,0.4375,0.0773
glam,600,0.1076923076923077,0.4375,0.0776
glam,601,0.10787671232876712,0.4375,0.0778
glam,602,0.10824742268041238,0.4375,0.0779
glam,603,0.10843373493975904,0.4375,0.078
glam,604,0.10689655172413794,0.4305555555555556,0.0781
glam,605,0.1070811744386874,0.4305555555555556,0.0782
glam,606,0.10726643598615918,0.4305555555555556,0.0783
glam,607,0.10745233968804159,0.4305555555555556,0.0784
glam,608,0.1076388888888889,0.4305555555555556,0.0787
glam,609,0.10782608695652174,0.4305555555555556,0.0788
glam,610,0.10801393728222997,0.4305555555555556,0.0789
glam,611,0.1082024432809773,0.4305555555555556,0.079
glam,612,0.10839160839160839,0.4305555555555556,0.0791
glam,613,0.10701754385964912,0.4236111111111111,0.0793
glam,614,0.10720562390158173,0.4236111111111111,0.0794
glam,615,0.1073943661971831,0.4236111111111111,0.0795
glam,616,0.10758377425044091,0.4236111111111111,0.0796
glam,617,0.10777385159010601,0.4236111111111111,0.0798
glam,618,0.1079646017699115,0.4236111111111111,0.0799
glam,619,0.10815602836879433,0.4236111111111111,0.08
glam,620,0.10854092526690391,0.4236111111111111,0.0803
glam,621,0.10892857142857143,0.4236111111111111,0.0804
glam,622,0.10912343470483005,0.4236111111111111,0.0805
glam,623,0.10931899641577061,0.4236111111111111,0.0807
glam,624,0.10951526032315978,0.4236111111111111,0.0808
glam,625,0.10971223021582734,0.4236111111111111,0.0809
glam,626,0.10990990990990991,0.4236111111111111,0.081
glam,627,0.11010830324909747,0.4236111111111111,0.0811
glam,628,0.11030741410488246,0.4236111111111111,0.0813
glam,629,0.11070780399274047,0.4236111111111111,0.0814
glam,630,0.11090909090909092,0.4236111111111111,0.0815
glam,631,0.1111111111111111,0.4236111111111111,0.0822
glam,632,0.11131386861313869,0.4236111111111111,0.0824
glam,633,0.11172161172161173,0.4236111111111111,0.0831
glam,634,0.11192660550458716,0.4236111111111111,0.0833
glam,635,0.11213235294117647,0.4236111111111111,0.0834
glam,636,0.11233885819521179,0.4236111111111111,0.0835
glam,637,0.11254612546125461,0.4236111111111111,0.0837
glam,638,0.11275415896487985,0.4236111111111111,0.0839
glam,639,0.11296296296296296,0.4236111111111111,0.084
glam,640,0.11317254174397032,0.4236111111111111,0.0841
glam,641,0.11338289962825279,0.4236111111111111,0.0845
glam,642,0.11359404096834265,0.4236111111111111,0.0848
glam,643,0.11380597014925373,0.4236111111111111,0.0849
glam,644,0.11401869158878504,0.4236111111111111,0.085
glam,645,0.11423220973782772,0.4236111111111111,0.0851
glam,646,0.11444652908067542,0.4236111111111111,0.0852
glam,647,0.11466165413533834,0.4236111111111111,0.0854
glam,648,0.11487758945386065,0.4236111111111111,0.0857
glam,649,0.11363636363636363,0.4166666666666667,0.0863
glam,650,0.11385199240986717,0.4166666666666667,0.0869
glam,651,0.11406844106463879,0.4166666666666667,0.087
glam,652,0.11428571428571428,0.4166666666666667,0.0871
glam,653,0.1147227533460803,0.4166666666666667,0.0872
glam,654,0.11494252873563218,0.4166666666666667,0.0873
glam,655,0.11516314779270634,0.4166666666666667,0.0875
glam,656,0.11538461538461539,0.4166666666666667,0.0879
glam,657,0.11583011583011583,0.4166666666666667,0.0885
glam,658,0.11605415860735009,0.4166666666666667,0.0888
glam,659,0.11650485436893204,0.4166666666666667,0.0891
glam,660,0.11673151750972763,0.4166666666666667,0.0892
glam,661,0.11741682974559686,0.4166666666666667,0.0895
glam,662,0.11787819253438114,0.4166666666666667,0.0898
glam,663,0.11811023622047244,0.4166666666666667,0.0899
glam,664,0.11834319526627218,0.4166666666666667,0.09
glam,665,0.11857707509881422,0.4166666666666667,0.0904
glam,666,0.11952191235059761,0.4166666666666667,0.0907
glam,667,0.11776447105788423,0.4097222222222222,0.0908
glam,668,0.118,0.4097222222222222,0.0912
glam,669,0.11823647294589178,0.4097222222222222,0.0914
glam,670,0.11847389558232932,0.4097222222222222,0.0917
glam,671,0.11670020120724346,0.4027777777777778,0.0918
glam,672,0.11693548387096774,0.4027777777777778,0.092
glam,673,0.11717171717171718,0.4027777777777778,0.0921
glam,674,0.11740890688259109,0.4027777777777778,0.0922
glam,675,0.11764705882352941,0.4027777777777778,0.0925
glam,676,0.11788617886178862,0.4027777777777778,0.0926
glam,677,0.11812627291242363,0.4027777777777778,0.0927
glam,678,0.11836734693877551,0.4027777777777778,0.093
glam,679,0.11860940695296524,0.4027777777777778,0.0933
glam,680,0.11885245901639344,0.4027777777777778,0.0935
glam,681,0.11909650924024641,0.4027777777777778,0.0938
glam,682,0.11934156378600823,0.4027777777777778,0.0939
glam,683,0.11958762886597939,0.4027777777777778,0.0943
glam,684,0.12008281573498965,0.4027777777777778,0.0948
glam,685,0.12033195020746888,0.4027777777777778,0.0949
glam,686,0.12058212058212059,0.4027777777777778,0.0951
glam,687,0.12083333333333333,0.4027777777777778,0.0953
glam,688,0.12108559498956159,0.4027777777777778,0.0954
glam,689,0.1192468619246862,0.3958333333333333,0.0955
glam,690,0.11949685534591195,0.3958333333333333,0.0956
glam,691,0.11974789915966387,0.3958333333333333,0.0957
glam,692,0.11789473684210526,0.3888888888888889,0.0958
glam,693,0.11814345991561181,0.3888888888888889,0.0959
glam,694,0.11864406779661017,0.3888888888888889,0.096
glam,695,0.11889596602972399,0.3888888888888889,0.0961
glam,696,0.11914893617021277,0.3888888888888889,0.0962
glam,697,0.11940298507462686,0.3888888888888889,0.0964
glam,698,0.11965811965811966,0.3888888888888889,0.0967
glam,699,0.11991434689507495,0.3888888888888889,0.0969
glam,700,0.12043010752688173,0.3888888888888889,0.0971
glam,701,0.1206896551724138,0.3888888888888889,0.0973
glam,702,0.12095032397408208,0.3888888888888889,0.0977
glam,703,0.12121212121212122,0.3888888888888889,0.0979
glam,704,0.1193058568329718,0.3819444444444444,0.0981
glam,705,0.12008733624454149,0.3819444444444444,0.0983
glam,706,0.12035010940919037,0.3819444444444444,0.0986
glam,707,0.1206140350877193,0.3819444444444444,0.0989
glam,708,0.12087912087912088,0.3819444444444444,0.0995
glam,709,0.1211453744493392,0.3819444444444444,0.0997
glam,710,0.12141280353200883,0.3819444444444444,0.1001
glam,711,0.12168141592920353,0.3819444444444444,0.1005
glam,712,0.12222222222222222,0.3819444444444444,0.1006
glam,713,0.12249443207126949,0.3819444444444444,0.1013
glam,714,0.12276785714285714,0.3819444444444444,0.1015
glam,715,0.12304250559284116,0.3819444444444444,0.1017
glam,716,0.12331838565022421,0.3819444444444444,0.1018
glam,717,0.12162162162162163,0.375,0.1019
glam,718,0.12189616252821671,0.375,0.1022
glam,719,0.12244897959183673,0.375,0.1023
glam,720,0.12272727272727273,0.375,0.1025
glam,721,0.12300683371298406,0.375,0.1026
glam,722,0.12356979405034325,0.375,0.1027
glam,723,0.12385321100917432,0.375,0.1029
glam,724,0.12413793103448276,0.375,0.103
glam,725,0.12471131639722864,0.375,0.1033
glam,726,0.125,0.375,0.1034
glam,727,0.12529002320185614,0.375,0.1039
glam,728,0.12558139534883722,0.375,0.1047
glam,729,0.1261682242990654,0.375,0.1048
glam,730,0.12646370023419204,0.375,0.1049
glam,731,0.12705882352941175,0.375,0.1054
glam,732,0.12735849056603774,0.375,0.1055
glam,733,0.1276595744680851,0.375,0.1056
glam,734,0.12796208530805686,0.375,0.1057
glam,735,0.12826603325415678,0.375,0.1059
glam,736,0.12857142857142856,0.375,0.106
glam,737,0.1288782816229117,0.375,0.1062
glam,738,0.1291866028708134,0.375,0.1063
glam,739,0.12949640287769784,0.375,0.1064
glam,740,0.12980769230769232,0.375,0.1074
glam,741,0.13043478260869565,0.375,0.1076
glam,742,0.13075060532687652,0.375,0.1077
glam,743,0.13106796116504854,0.375,0.1079
glam,744,0.13138686131386862,0.375,0.1082
glam,745,0.12926829268292683,0.3680555555555556,0.1083
glam,746,0.1295843520782396,0.3680555555555556,0.1085
glam,747,0.12990196078431374,0.3680555555555556,0.1087
glam,748,0.13022113022113022,0.3680555555555556,0.109
glam,749,0.13054187192118227,0.3680555555555556,0.1092
glam,750,0.1308641975308642,0.3680555555555556,0.1094
glam,751,0.1311881188118812,0.3680555555555556,0.1096
glam,752,0.1315136476426799,0.3680555555555556,0.1103
glam,753,0.1318407960199005,0.3680555555555556,0.1105
glam,754,0.13216957605985039,0.3680555555555556,0.1114
glam,755,0.1325,0.3680555555555556,0.1125
glam,756,0.13032581453634084,0.3611111111111111,0.1126
glam,757,0.1306532663316583,0.3611111111111111,0.1127
glam,758,0.13131313131313133,0.3611111111111111,0.1136
glam,759,0.1319796954314721,0.3611111111111111,0.1137
glam,760,0.1297709923664122,0.3541666666666667,0.1138
glam,761,0.13010204081632654,0.3541666666666667,0.1142
glam,762,0.13043478260869565,0.3541666666666667,0.1145
glam,763,0.13076923076923078,0.3541666666666667,0.1149
glam,764,0.12853470437017994,0.3472222222222222,0.1154
glam,765,0.12886597938144329,0.3472222222222222,0.1156
glam,766,0.12919896640826872,0.3472222222222222,0.116
glam,767,0.12727272727272726,0.3402777777777778,0.1162
glam,768,0.12760416666666666,0.3402777777777778,0.1166
glam,769,0.12827225130890052,0.3402777777777778,0.1167
glam,770,0.12860892388451445,0.3402777777777778,0.117
glam,771,0.12894736842105264,0.3402777777777778,0.1173
glam,772,0.12928759894459102,0.3402777777777778,0.1176
glam,773,0.12962962962962962,0.3402777777777778,0.1177
glam,774,0.129973474801061,0.3402777777777778,0.1185
glam,775,0.13031914893617022,0.3402777777777778,0.1186
glam,776,0.13066666666666665,0.3402777777777778,0.1187
glam,777,0.13101604278074866,0.3402777777777778,0.1188
glam,778,0.13172043010752688,0.3402777777777778,0.1189
glam,779,0.1320754716981132,0.3402777777777778,0.119
glam,780,0.13279132791327913,0.3402777777777778,0.1195
glam,781,0.1331521739130435,0.3402777777777778,0.1203
glam,782,0.1335149863760218,0.3402777777777778,0.1208
glam,783,0.13387978142076504,0.3402777777777778,0.1215
glam,784,0.13424657534246576,0.3402777777777778,0.1218
glam,785,0.1346153846153846,0.3402777777777778,0.1223
glam,786,0.1349862258953168,0.3402777777777778,0.1225
glam,787,0.13573407202216067,0.3402777777777778,0.1227
glam,788,0.1361111111111111,0.3402777777777778,0.1228
glam,789,0.13649025069637882,0.3402777777777778,0.123
glam,790,0.13687150837988826,0.3402777777777778,0.1236
glam,791,0.13725490196078433,0.3402777777777778,0.124
glam,792,0.13764044943820225,0.3402777777777778,0.1243
glam,793,0.13802816901408452,0.3402777777777778,0.1244
glam,794,0.1388101983002833,0.3402777777777778,0.1249
glam,795,0.13920454545454544,0.3402777777777778,0.1253
glam,796,0.1396011396011396,0.3402777777777778,0.1254
glam,797,0.13714285714285715,0.3333333333333333,0.1272
glam,798,0.13753581661891118,0.3333333333333333,0.1274
glam,799,0.13793103448275862,0.3333333333333333,0.1277
glam,800,0.138328530259366,0.3333333333333333,0.1278
glam,801,0.1391304347826087,0.3333333333333333,0.1279
glam,802,0.13953488372093023,0.3333333333333333,0.1282
glam,803,0.13994169096209913,0.3333333333333333,0.1288
glam,804,0.14035087719298245,0.3333333333333333,0.1292
glam,805,0.14076246334310852,0.3333333333333333,0.1297
glam,806,0.1411764705882353,0.3333333333333333,0.1302
glam,807,0.1415929203539823,0.3333333333333333,0.1305
glam,808,0.14201183431952663,0.3333333333333333,0.1309
glam,809,0.142433234421365,0.3333333333333333,0.1318
glam,810,0.14285714285714285,0.3333333333333333,0.1328
glam,811,0.14328358208955225,0.3333333333333333,0.1333
glam,812,0.1437125748502994,0.3333333333333333,0.1336
glam,813,0.14414414414414414,0.3333333333333333,0.1339
glam,814,0.14457831325301204,0.3333333333333333,0.1343
glam,815,0.1419939577039275,0.3263888888888889,0.1346
glam,816,0.14242424242424243,0.3263888888888889,0.1351
glam,817,0.14285714285714285,0.3263888888888889,0.1352
glam,818,0.14329268292682926,0.3263888888888889,0.1355
glam,819,0.1437308868501529,0.3263888888888889,0.1365
glam,820,0.1441717791411043,0.3263888888888889,0.1366
glam,821,0.14461538461538462,0.3263888888888889,0.1369
glam,822,0.14506172839506173,0.3263888888888889,0.1373
glam,823,0.14551083591331268,0.3263888888888889,0.1375
glam,824,0.14596273291925466,0.3263888888888889,0.1377
glam,825,0.146875,0.3263888888888889,0.1381
glam,826,0.14733542319749215,0.3263888888888889,0.1383
glam,827,0.14511041009463724,0.3194444444444444,0.1387
glam,828,0.14556962025316456,0.3194444444444444,0.1388
glam,829,0.14603174603174604,0.3194444444444444,0.139
glam,830,0.1464968152866242,0.3194444444444444,0.1392
glam,831,0.14696485623003194,0.3194444444444444,0.1394
glam,832,0.14743589743589744,0.3194444444444444,0.1397
glam,833,0.14790996784565916,0.3194444444444444,0.1401
glam,834,0.14838709677419354,0.3194444444444444,0.1407
glam,835,0.14563106796116504,0.3125,0.1415
glam,836,0.1461038961038961,0.3125,0.1419
glam,837,0.1465798045602606,0.3125,0.1422
glam,838,0.14705882352941177,0.3125,0.1425
glam,839,0.14754098360655737,0.3125,0.1432
glam,840,0.14802631578947367,0.3125,0.1437
glam,841,0.1485148514851485,0.3125,0.1439
glam,842,0.1490066225165563,0.3125,0.1448
glam,843,0.14950166112956811,0.3125,0.1453
glam,844,0.15,0.3125,0.1457
glam,845,0.1505016722408027,0.3125,0.148
glam,846,0.15100671140939598,0.3125,0.1489
glam,847,0.15151515151515152,0.3125,0.1492
glam,848,0.15202702702702703,0.3125,0.1494
glam,849,0.14915254237288136,0.3055555555555556,0.1501
glam,850,0.14776632302405499,0.2986111111111111,0.1508
glam,851,0.14482758620689656,0.2916666666666667,0.1519
glam,852,0.1453287197231834,0.2916666666666667,0.1528
glam,853,0.14583333333333334,0.2916666666666667,0.1537
glam,854,0.14634146341463414,0.2916666666666667,0.1542
glam,855,0.14685314685314685,0.2916666666666667,0.1543
glam,856,0.14788732394366197,0.2916666666666667,0.1545
glam,857,0.14840989399293286,0.2916666666666667,0.1546
glam,858,0.14893617021276595,0.2916666666666667,0.1551
glam,859,0.1494661921708185,0.2916666666666667,0.1557
glam,860,0.15,0.2916666666666667,0.1562
glam,861,0.15053763440860216,0.2916666666666667,0.1568
glam,862,0.1474820143884892,0.2847222222222222,0.157
glam,863,0.148014440433213,0.2847222222222222,0.1571
glam,864,0.14855072463768115,0.2847222222222222,0.1573
glam,865,0.14909090909090908,0.2847222222222222,0.1576
glam,866,0.14963503649635038,0.2847222222222222,0.1581
glam,867,0.15018315018315018,0.2847222222222222,0.1584
glam,868,0.15073529411764705,0.2847222222222222,0.1585
glam,869,0.15185185185185185,0.2847222222222222,0.1587
glam,870,0.1524163568773234,0.2847222222222222,0.1589
glam,871,0.15298507462686567,0.2847222222222222,0.159
glam,872,0.15413533834586465,0.2847222222222222,0.1596
glam,873,0.15471698113207547,0.2847222222222222,0.1623
glam,874,0.1553030303030303,0.2847222222222222,0.1627
glam,875,0.155893536121673,0.2847222222222222,0.1628
glam,876,0.1532567049808429,0.2777777777777778,0.164
glam,877,0.15384615384615385,0.2777777777777778,0.1654
glam,878,0.15444015444015444,0.2777777777777778,0.1666
glam,879,0.15503875968992248,0.2777777777777778,0.1667
glam,880,0.1556420233463035,0.2777777777777778,0.167
glam,881,0.15234375,0.2708333333333333,0.1671
glam,882,0.15294117647058825,0.2708333333333333,0.1679
glam,883,0.15354330708661418,0.2708333333333333,0.1689
glam,884,0.1541501976284585,0.2708333333333333,0.1693
glam,885,0.15476190476190477,0.2708333333333333,0.17
glam,886,0.1553784860557769,0.2708333333333333,0.1701
glam,887,0.156,0.2708333333333333,0.1704
glam,888,0.1566265060240964,0.2708333333333333,0.1708
glam,889,0.15725806451612903,0.2708333333333333,0.1712
glam,890,0.15789473684210525,0.2708333333333333,0.1736
glam,891,0.15853658536585366,0.2708333333333333,0.1737
glam,892,0.15510204081632653,0.2638888888888889,0.1743
glam,893,0.1557377049180328,0.2638888888888889,0.1744
glam,894,0.15637860082304528,0.2638888888888889,0.1747
glam,895,0.15767634854771784,0.2638888888888889,0.1752
glam,896,0.15833333333333333,0.2638888888888889,0.176
glam,897,0.1589958158995816,0.2638888888888889,0.1762
glam,898,0.15966386554621848,0.2638888888888889,0.1771
glam,899,0.16033755274261605,0.2638888888888889,0.1777
glam,900,0.16101694915254236,0.2638888888888889,0.1782
glam,901,0.1623931623931624,0.2638888888888889,0.1789
glam,902,0.15879828326180256,0.2569444444444444,0.18
glam,903,0.15948275862068967,0.2569444444444444,0.1805
glam,904,0.16017316017316016,0.2569444444444444,0.1807
glam,905,0.1565217391304348,0.25,0.181
glam,906,0.1572052401746725,0.25,0.1815
glam,907,0.15789473684210525,0.25,0.1821
glam,908,0.15859030837004406,0.25,0.1837
glam,909,0.1592920353982301,0.25,0.1843
glam,910,0.16,0.25,0.1852
glam,911,0.16071428571428573,0.25,0.1859
glam,912,0.16216216216216217,0.25,0.1891
glam,913,0.16289592760180996,0.25,0.1903
glam,914,0.16363636363636364,0.25,0.191
glam,915,0.1643835616438356,0.25,0.1913
glam,916,0.1651376146788991,0.25,0.1928
glam,917,0.16589861751152074,0.25,0.1931
glam,918,0.16666666666666666,0.25,0.1933
glam,919,0.16355140186915887,0.24305555555555555,0.1944
glam,920,0.1643192488262911,0.24305555555555555,0.1987
glam,921,0.1650943396226415,0.24305555555555555,0.1988
glam,922,0.16587677725118483,0.24305555555555555,0.1992
glam,923,0.16666666666666666,0.24305555555555555,0.1994
glam,924,0.1674641148325359,0.24305555555555555,0.1997
glam,925,0.16826923076923078,0.24305555555555555,0.2012
glam,926,0.16908212560386474,0.24305555555555555,0.2024
glam,927,0.16990291262135923,0.24305555555555555,0.2025
glam,928,0.17073170731707318,0.24305555555555555,0.2033
glam,929,0.1715686274509804,0.24305555555555555,0.204
glam,930,0.1724137931034483,0.24305555555555555,0.2051
glam,931,0.17326732673267325,0.24305555555555555,0.2053
glam,932,0.175,0.24305555555555555,0.2057
glam,933,0.17587939698492464,0.24305555555555555,0.2065
glam,934,0.17766497461928935,0.24305555555555555,0.2069
glam,935,0.17857142857142858,0.24305555555555555,0.2072
glam,936,0.1794871794871795,0.24305555555555555,0.209
glam,937,0.18041237113402062,0.24305555555555555,0.2104
glam,938,0.18134715025906736,0.24305555555555555,0.2106
glam,939,0.18229166666666666,0.24305555555555555,0.2108
glam,940,0.18324607329842932,0.24305555555555555,0.211
glam,941,0.18421052631578946,0.24305555555555555,0.2113
glam,942,0.18518518518518517,0.24305555555555555,0.2116
glam,943,0.18617021276595744,0.24305555555555555,0.2127
glam,944,0.18716577540106952,0.24305555555555555,0.2143
glam,945,0.1827956989247312,0.2361111111111111,0.2147
glam,946,0.1837837837837838,0.2361111111111111,0.2154
glam,947,0.18478260869565216,0.2361111111111111,0.2169
glam,948,0.18579234972677597,0.2361111111111111,0.2173
glam,949,0.1813186813186813,0.22916666666666666,0.2182
glam,950,0.17679558011049723,0.2222222222222222,0.2194
glam,951,0.17777777777777778,0.2222222222222222,0.2251
glam,952,0.1787709497206704,0.2222222222222222,0.2255
glam,953,0.1797752808988764,0.2222222222222222,0.2259
glam,954,0.1807909604519774,0.2222222222222222,0.2263
glam,955,0.18181818181818182,0.2222222222222222,0.2273
glam,956,0.17714285714285713,0.2152777777777778,0.2275
glam,957,0.1781609195402299,0.2152777777777778,0.2277
glam,958,0.1791907514450867,0.2152777777777778,0.2285
glam,959,0.18023255813953487,0.2152777777777778,0.2286
glam,960,0.18128654970760233,0.2152777777777778,0.2308
glam,961,0.17647058823529413,0.20833333333333334,0.2323
glam,962,0.17751479289940827,0.20833333333333334,0.2334
glam,963,0.17857142857142858,0.20833333333333334,0.235
glam,964,0.17964071856287425,0.20833333333333334,0.237
glam,965,0.18072289156626506,0.20833333333333334,0.2392
glam,966,0.18181818181818182,0.20833333333333334,0.2393
glam,967,0.18292682926829268,0.20833333333333334,0.2404
glam,968,0.18404907975460122,0.20833333333333334,0.2417
glam,969,0.17901234567901234,0.2013888888888889,0.2426
glam,970,0.18012422360248448,0.2013888888888889,0.247
glam,971,0.18125,0.2013888888888889,0.2478
glam,972,0.18238993710691823,0.2013888888888889,0.2483
glam,973,0.18354430379746836,0.2013888888888889,0.2492
glam,974,0.18471337579617833,0.2013888888888889,0.2516
glam,975,0.1794871794871795,0.19444444444444445,0.2528
glam,976,0.18064516129032257,0.19444444444444445,0.2541
glam,977,0.18181818181818182,0.19444444444444445,0.2559
glam,978,0.18421052631578946,0.19444444444444445,0.2595
glam,979,0.18543046357615894,0.19444444444444445,0.2606
glam,980,0.18,0.1875,0.2626
glam,981,0.18243243243243243,0.1875,0.2634
glam,982,0.1836734693877551,0.1875,0.2638
glam,983,0.18493150684931506,0.1875,0.2644
glam,984,0.18620689655172415,0.1875,0.2646
glam,985,0.1875,0.1875,0.2654
glam,986,0.1888111888111888,0.1875,0.2666
glam,987,0.19014084507042253,0.1875,0.2686
glam,988,0.18439716312056736,0.18055555555555555,0.2698
glam,989,0.17857142857142858,0.1736111111111111,0.2706
glam,990,0.17985611510791366,0.1736111111111111,0.273
glam,991,0.18115942028985507,0.1736111111111111,0.2742
glam,992,0.18248175182481752,0.1736111111111111,0.2778
glam,993,0.18382352941176472,0.1736111111111111,0.2785
glam,994,0.18518518518518517,0.1736111111111111,0.2807
glam,995,0.1865671641791045,0.1736111111111111,0.2817
glam,996,0.18796992481203006,0.1736111111111111,0.2833
glam,997,0.1893939393939394,0.1736111111111111,0.2845
glam,998,0.19083969465648856,0.1736111111111111,0.286
glam,999,0.19230769230769232,0.1736111111111111,0.2939
glam,1000,0.1937984496124031,0.1736111111111111,0.2942
glam,1001,0.1875,0.16666666666666666,0.2947
glam,1002,0.1889763779527559,0.16666666666666666,0.2953
glam,1003,0.19047619047619047,0.16666666666666666,0.2965
glam,1004,0.184,0.1597222222222222,0.2988
glam,1005,0.18548387096774194,0.1597222222222222,0.3014
glam,1006,0.18699186991869918,0.1597222222222222,0.3028
glam,1007,0.1885245901639344,0.1597222222222222,0.3043
glam,1008,0.19008264462809918,0.1597222222222222,0.3048
glam,1009,0.19166666666666668,0.1597222222222222,0.3055
glam,1010,0.19327731092436976,0.1597222222222222,0.306
glam,1011,0.19491525423728814,0.1597222222222222,0.3068
glam,1012,0.19658119658119658,0.1597222222222222,0.3072
glam,1013,0.1896551724137931,0.1527777777777778,0.3082
glam,1014,0.19298245614035087,0.1527777777777778,0.3114
glam,1015,0.19469026548672566,0.1527777777777778,0.3115
glam,1016,0.19642857142857142,0.1527777777777778,0.3121
glam,1017,0.1981981981981982,0.1527777777777778,0.3145
glam,1018,0.2,0.1527777777777778,0.3186
glam,1019,0.2018348623853211,0.1527777777777778,0.3241
glam,1020,0.2037037037037037,0.1527777777777778,0.3243
glam,1021,0.205607476635514,0.1527777777777778,0.3281
glam,1022,0.20754716981132076,0.1527777777777778,0.3399
glam,1023,0.20952380952380953,0.1527777777777778,0.3408
glam,1024,0.20192307692307693,0.14583333333333334,0.3475
glam,1025,0.20388349514563106,0.14583333333333334,0.3493
glam,1026,0.20588235294117646,0.14583333333333334,0.3494
glam,1027,0.2079207920792079,0.14583333333333334,0.3512
glam,1028,0.21,0.14583333333333334,0.3551
glam,1029,0.21212121212121213,0.14583333333333334,0.3555
glam,1030,0.20408163265306123,0.1388888888888889,0.3571
glam,1031,0.1958762886597938,0.13194444444444445,0.3622
glam,1032,0.19791666666666666,0.13194444444444445,0.3642
glam,1033,0.2,0.13194444444444445,0.3667
glam,1034,0.20212765957446807,0.13194444444444445,0.3669
glam,1035,0.20430107526881722,0.13194444444444445,0.3688
glam,1036,0.20652173913043478,0.13194444444444445,0.37
glam,1037,0.2087912087912088,0.13194444444444445,0.373
glam,1038,0.2111111111111111,0.13194444444444445,0.3774
glam,1039,0.20224719101123595,0.125,0.3805
glam,1040,0.20454545454545456,0.125,0.3826
glam,1041,0.19540229885057472,0.11805555555555555,0.3877
glam,1042,0.19767441860465115,0.11805555555555555,0.3882
glam,1043,0.2,0.11805555555555555,0.39
glam,1044,0.19047619047619047,0.1111111111111111,0.3933
glam,1045,0.1927710843373494,0.1111111111111111,0.4004
glam,1046,0.1951219512195122,0.1111111111111111,0.4076
glam,1047,0.19753086419753085,0.1111111111111111,0.414
glam,1048,0.1875,0.10416666666666667,0.4171
glam,1049,0.189873417721519,0.10416666666666667,0.4179
glam,1050,0.19230769230769232,0.10416666666666667,0.4191
glam,1051,0.19480519480519481,0.10416666666666667,0.422
glam,1052,0.19736842105263158,0.10416666666666667,0.4226
glam,1053,0.18666666666666668,0.09722222222222222,0.4275
glam,1054,0.1891891891891892,0.09722222222222222,0.4277
glam,1055,0.1917808219178082,0.09722222222222222,0.4297
glam,1056,0.19444444444444445,0.09722222222222222,0.4345
glam,1057,0.19718309859154928,0.09722222222222222,0.4376
glam,1058,0.2,0.09722222222222222,0.4444
glam,1059,0.2028985507246377,0.09722222222222222,0.4518
glam,1060,0.20588235294117646,0.09722222222222222,0.4596
glam,1061,0.208955223880597,0.09722222222222222,0.4624
glam,1062,0.21212121212121213,0.09722222222222222,0.4627
glam,1063,0.2153846153846154,0.09722222222222222,0.4639
glam,1064,0.21875,0.09722222222222222,0.4677
glam,1065,0.2222222222222222,0.09722222222222222,0.4697
glam,1066,0.22580645161290322,0.09722222222222222,0.4783
glam,1067,0.21311475409836064,0.09027777777777778,0.4826
glam,1068,0.21666666666666667,0.09027777777777778,0.4831
glam,1069,0.22033898305084745,0.09027777777777778,0.4884
glam,1070,0.20689655172413793,0.08333333333333333,0.4885
glam,1071,0.19298245614035087,0.0763888888888889,0.4916
glam,1072,0.19642857142857142,0.0763888888888889,0.4931
glam,1073,0.2,0.0763888888888889,0.4933
glam,1074,0.20754716981132076,0.0763888888888889,0.496
glam,1075,0.21153846153846154,0.0763888888888889,0.4964
glam,1076,0.19607843137254902,0.06944444444444445,0.4973
glam,1077,0.18,0.0625,0.5086
glam,1078,0.1836734693877551,0.0625,0.5091
glam,1079,0.1875,0.0625,0.5101
glam,1080,0.1702127659574468,0.05555555555555555,0.512
glam,1081,0.17391304347826086,0.05555555555555555,0.5166
glam,1082,0.17777777777777778,0.05555555555555555,0.517
glam,1083,0.18181818181818182,0.05555555555555555,0.5221
glam,1084,0.18604651162790697,0.05555555555555555,0.545
glam,1085,0.19047619047619047,0.05555555555555555,0.5502
glam,1086,0.1951219512195122,0.05555555555555555,0.5559
glam,1087,0.2,0.05555555555555555,0.5593
glam,1088,0.1794871794871795,0.04861111111111111,0.5628
glam,1089,0.18421052631578946,0.04861111111111111,0.565
glam,1090,0.1891891891891892,0.04861111111111111,0.5833
glam,1091,0.19444444444444445,0.04861111111111111,0.5909
glam,1092,0.2,0.04861111111111111,0.6022
glam,1093,0.17647058823529413,0.041666666666666664,0.6059
glam,1094,0.18181818181818182,0.041666666666666664,0.606
glam,1095,0.15625,0.034722222222222224,0.6106
glam,1096,0.16129032258064516,0.034722222222222224,0.6185
glam,1097,0.16666666666666666,0.034722222222222224,0.6235
glam,1098,0.1724137931034483,0.034722222222222224,0.6368
glam,1099,0.17857142857142858,0.034722222222222224,0.641
glam,1100,0.18518518518518517,0.034722222222222224,0.7196
glam,1101,0.19230769230769232,0.034722222222222224,0.7201
glam,1102,0.2,0.034722222222222224,0.7241
glam,1103,0.20833333333333334,0.034722222222222224,0.7244
glam,1104,0.21739130434782608,0.034722222222222224,0.7292
glam,1105,0.22727272727272727,0.034722222222222224,0.7296
glam,1106,0.23809523809523808,0.034722222222222224,0.7314
glam,1107,0.25,0.034722222222222224,0.7316
glam,1108,0.2631578947368421,0.034722222222222224,0.737
glam,1109,0.2777777777777778,0.034722222222222224,0.7407
glam,1110,0.29411764705882354,0.034722222222222224,0.7428
glam,1111,0.3125,0.034722222222222224,0.7429
glam,1112,0.3333333333333333,0.034722222222222224,0.7474
glam,1113,0.35714285714285715,0.034722222222222224,0.7487
glam,1114,0.3076923076923077,0.027777777777777776,0.7526
glam,1115,0.25,0.020833333333333332,0.7573
glam,1116,0.2727272727272727,0.020833333333333332,0.763
glam,1117,0.2,0.013888888888888888,0.7721
glam,1118,0.2222222222222222,0.013888888888888888,0.8005
glam,1119,0.25,0.013888888888888888,0.8145
glam,1120,0.2857142857142857,0.013888888888888888,0.8537
glam,1121,0.3333333333333333,0.013888888888888888,0.8697
glam,1122,0.4,0.013888888888888888,0.8712
glam,1123,0.5,0.013888888888888888,0.8868
glam,1124,0.6666666666666666,0.013888888888888888,0.9111
glam,1125,1.0,0.013888888888888888,0.9758
glam,1126,1.0,0.006944444444444444,0.9904
glam,1127,1.0,0.0,
baseline_ensemble,0,0.040336134453781515,1.0,0.0093333279
baseline_ensemble,1,0.040347436256654524,1.0,0.009533327999999999
baseline_ensemble,2,0.04035874439461883,1.0,0.0097999936
baseline_ensemble,3,0.040370058873002525,1.0,0.0100333274
baseline_ensemble,4,0.040381379697139654,1.0,0.0100666609
baseline_ensemble,5,0.04039270687237027,1.0,0.0101333269
baseline_ensemble,6,0.04040404040404041,1.0,0.010199993800000001
baseline_ensemble,7,0.04041538029750211,1.0,0.010233327399999999
baseline_ensemble,8,0.04042672655811342,1.0,0.0103333279
baseline_ensemble,9,0.040438079191238416,1.0,0.0103666599
baseline_ensemble,10,0.04044943820224719,1.0,0.010599993499999998
baseline_ensemble,11,0.040179825793762294,0.9930555555555556,0.0106999931
baseline_ensemble,12,0.040191118605958406,0.9930555555555556,0.010699993299999998
baseline_ensemble,13,0.040202417767781835,0.9930555555555556,0.0107333261
baseline_ensemble,14,0.04021372328458943,0.9930555555555556,0.010799993099999999
baseline_ensemble,15,0.04022503516174402,0.9930555555555556,0.010799994200000001
baseline_ensemble,16,0.04023635340461452,0.9930555555555556,0.010799999800000001
baseline_ensemble,17,0.04024767801857585,0.9930555555555556,0.0108666602
baseline_ensemble,18,0.04025900900900901,0.9930555555555556,0.010899994
baseline_ensemble,19,0.040281690140845074,0.9930555555555556,0.010966659599999998
baseline_ensemble,20,0.040293040293040296,0.9930555555555556,0.011066659699999998
baseline_ensemble,21,0.040304396843292,0.9930555555555556,0.0110666598
baseline_ensemble,22,0.04032712915961647,0.9930555555555556,0.011099993299999998
baseline_ensemble,23,0.04033850493653032,0.9930555555555556,0.011133326399999999
baseline_ensemble,24,0.040361275755009876,0.9930555555555556,0.0111333265
baseline_ensemble,25,0.040372670807453416,0.9930555555555556,0.0111666604
baseline_ensemble,26,0.040384072295961596,0.9930555555555556,0.0111999931
baseline_ensemble,27,0.0403954802259887,0.9930555555555556,0.011266659200000001
baseline_ensemble,28,0.040406894602995194,0.9930555555555556,0.011266659799999999
baseline_ensemble,29,0.04041831543244771,0.9930555555555556,0.0112666608
baseline_ensemble,30,0.040429742719819056,0.9930555555555556,0.0112666613
baseline_ensemble,31,0.04044117647058824,0.9930555555555556,0.011299992299999999
baseline_ensemble,32,0.04045261669024045,0.9930555555555556,0.0112999926
baseline_ensemble,33,0.04046406338426712,0.9930555555555556,0.011299992799999999
baseline_ensemble,34,0.040475516558165864,0.9930555555555556,0.011299994300000001
baseline_ensemble,35,0.040486976217440546,0.9930555555555556,0.0113333258
baseline_ensemble,36,0.040498442367601244,0.9930555555555556,0.0113666592
baseline_ensemble,37,0.04050991501416431,0.9930555555555556,0.0113999927
baseline_ensemble,38,0.04052139416265231,0.9930555555555556,0.0114333256
baseline_ensemble,39,0.0405328798185941,0.9930555555555556,0.011433325799999998
baseline_ensemble,40,0.04054437198752481,0.9930555555555556,0.011433326
baseline_ensemble,41,0.04055587067498582,0.9930555555555556,0.0114333272
baseline_ensemble,42,0.04056737588652482,0.9930555555555556,0.0114666586
baseline_ensemble,43,0.0405788876276958,0.9930555555555556,0.011466658900000001
baseline_ensemble,44,0.04059040590405904,0.9930555555555556,0.011466659799999999
baseline_ensemble,45,0.040601930721181144,0.9930555555555556,0.011499992100000002
baseline_ensemble,46,0.040613462084635045,0.9930555555555556,0.011499992200000001
baseline_ensemble,47,0.040625,0.9930555555555556,0.0115666596
baseline_ensemble,48,0.04063654447286161,0.9930555555555556,0.0115666597
baseline_ensemble,49,0.04064809550881183,0.9930555555555556,0.011599992699999999
baseline_ensemble,50,0.04065965311344896,0.9930555555555556,0.011599993099999999
baseline_ensemble,51,0.0406712172923777,0.9930555555555556,0.0115999998
baseline_ensemble,52,0.040682788051209104,0.9930555555555556,0.0116333252
baseline_ensemble,53,0.040694365395560615,0.9930555555555556,0.011666659
baseline_ensemble,54,0.04071753986332574,0.9930555555555556,0.011666659199999999
baseline_ensemble,55,0.04072913699800627,0.9930555555555556,0.011699994399999998
baseline_ensemble,56,0.040740740740740744,0.9930555555555556,0.011766658700000002
baseline_ensemble,57,0.04075235109717868,0.9930555555555556,0.011766658899999997
baseline_ensemble,58,0.04076396807297605,0.9930555555555556,0.011766661099999999
baseline_ensemble,59,0.04077559167379527,0.9930555555555556,0.011799991899999999
baseline_ensemble,60,0.04078722190530519,0.9930555555555556,0.011799992000000002
baseline_ensemble,61,0.04079885877318117,0.9930555555555556,0.0117999923
baseline_ensemble,62,0.040810502283105024,0.9930555555555556,0.0118333248
baseline_ensemble,63,0.04082215244076506,0.9930555555555556,0.011866658200000001
baseline_ensemble,64,0.04083380925185608,0.9930555555555556,0.0118999922
baseline_ensemble,65,0.040845472722079404,0.9930555555555556,0.0119333258
baseline_ensemble,66,0.040857142857142856,0.9930555555555556,0.0119666583
baseline_ensemble,67,0.04086881966276079,0.9930555555555556,0.0119666589
baseline_ensemble,68,0.040880503144654086,0.9930555555555556,0.0119999915
baseline_ensemble,69,0.040892193308550186,0.9930555555555556,0.011999991699999999
baseline_ensemble,70,0.040903890160183067,0.9930555555555556,0.0119999918
baseline_ensemble,71,0.040915593705293275,0.9930555555555556,0.0119999924
baseline_ensemble,72,0.04092730394962794,0.9930555555555556,0.012033325599999999
baseline_ensemble,73,0.04093902089894074,0.9930555555555556,0.0120666581
baseline_ensemble,74,0.04095074455899198,0.9930555555555556,0.0120666582
baseline_ensemble,75,0.040962474935548554,0.9930555555555556,0.012066658999999999
baseline_ensemble,76,0.04097421203438396,0.9930555555555556,0.012099993
baseline_ensemble,77,0.0409859558612783,0.9930555555555556,0.012133325
baseline_ensemble,78,0.040997706422018346,0.9930555555555556,0.0121333312
baseline_ensemble,79,0.04100946372239748,0.9930555555555556,0.012166658300000001
baseline_ensemble,80,0.04102122776821572,0.9930555555555556,0.012166661799999999
baseline_ensemble,81,0.04103299856527977,0.9930555555555556,0.012166666099999997
baseline_ensemble,82,0.041044776119402986,0.9930555555555556,0.012199991200000001
baseline_ensemble,83,0.0410565604364054,0.9930555555555556,0.0121999925
baseline_ensemble,84,0.04106835152211373,0.9930555555555556,0.012266658599999999
baseline_ensemble,85,0.04108014938236139,0.9930555555555556,0.0122666623
baseline_ensemble,86,0.04109195402298851,0.9930555555555556,0.0122999916
baseline_ensemble,87,0.04110376544984191,0.9930555555555556,0.012299991699999999
baseline_ensemble,88,0.04111558366877516,0.9930555555555556,0.012299991899999998
baseline_ensemble,89,0.04112740868564855,0.9930555555555556,0.012366659
baseline_ensemble,90,0.04113924050632911,0.9930555555555556,0.012399991800000001
baseline_ensemble,91,0.041151079136690645,0.9930555555555556,0.012399991899999999
baseline_ensemble,92,0.041162924582613704,0.9930555555555556,0.012399991999999999
baseline_ensemble,93,0.041174776849985606,0.9930555555555556,0.0123999929
baseline_ensemble,94,0.04118663594470046,0.9930555555555556,0.0123999983
baseline_ensemble,95,0.04119850187265917,0.9930555555555556,0.0124333247
baseline_ensemble,96,0.04092219020172911,0.9861111111111112,0.0124333254
baseline_ensemble,97,0.040933986739694436,0.9861111111111112,0.0124333269
baseline_ensemble,98,0.040945790080738176,0.9861111111111112,0.012466658499999998
baseline_ensemble,99,0.04095760023074704,0.9861111111111112,0.012499991299999999
baseline_ensemble,100,0.04096941719561454,0.9861111111111112,0.0124999923
baseline_ensemble,101,0.04098124098124098,0.9861111111111112,0.012499994600000001
baseline_ensemble,102,0.040993071593533485,0.9861111111111112,0.0125333246
baseline_ensemble,103,0.04100490903840601,0.9861111111111112,0.0125333253
baseline_ensemble,104,0.04101675332177932,0.9861111111111112,0.0125666579
baseline_ensemble,105,0.04102860444958105,0.9861111111111112,0.012566658599999999
baseline_ensemble,106,0.041040462427745665,0.9861111111111112,0.012566658699999999
baseline_ensemble,107,0.041052327262214514,0.9861111111111112,0.012599991599999999
baseline_ensemble,108,0.0410641989589358,0.9861111111111112,0.012599991999999999
baseline_ensemble,109,0.041087962962962965,0.9861111111111112,0.012633324599999999
baseline_ensemble,110,0.04109985528219971,0.9861111111111112,0.0126333249
baseline_ensemble,111,0.04111175448755067,0.9861111111111112,0.0126333277
baseline_ensemble,112,0.04112366058499855,0.9861111111111112,0.012699991300000001
baseline_ensemble,113,0.041135573580533026,0.9861111111111112,0.0126999974
baseline_ensemble,114,0.04114749348015068,0.9861111111111112,0.012766657800000001
baseline_ensemble,115,0.0408695652173913,0.9791666666666666,0.0127666581
baseline_ensemble,116,0.040881414902870394,0.9791666666666666,0.0127999915
baseline_ensemble,117,0.04089327146171694,0.9791666666666666,0.0128333243
baseline_ensemble,118,0.040905134899912966,0.9791666666666666,0.012833324699999999
baseline_ensemble,119,0.040917005223447475,0.9791666666666666,0.0128333249
baseline_ensemble,120,0.040928882438316404,0.9791666666666666,0.012833325500000001
baseline_ensemble,121,0.040940766550522645,0.9791666666666666,0.012833328199999999
baseline_ensemble,122,0.0409526575660761,0.9791666666666666,0.0128666578
baseline_ensemble,123,0.04096455549099361,0.9791666666666666,0.012866657999999998
baseline_ensemble,124,0.04097646033129904,0.9791666666666666,0.0128666581
baseline_ensemble,125,0.04098837209302326,0.9791666666666666,0.0128666604
baseline_ensemble,126,0.04100029078220413,0.9791666666666666,0.012899991099999997
baseline_ensemble,127,0.04101221640488656,0.9791666666666666,0.0128999926
baseline_ensemble,128,0.04102414896712249,0.9791666666666666,0.012966657700000002
baseline_ensemble,129,0.041036088474970894,0.9791666666666666,0.0129666589
baseline_ensemble,130,0.04104803493449782,0.9791666666666666,0.012999990900000001
baseline_ensemble,131,0.04105998835177636,0.9791666666666666,0.0129999911
baseline_ensemble,132,0.041071948732886686,0.9791666666666666,0.0129999913
baseline_ensemble,133,0.04108391608391608,0.9791666666666666,0.012999991399999999
baseline_ensemble,134,0.0410958904109589,0.9791666666666666,0.0129999921
baseline_ensemble,135,0.041107871720116616,0.9791666666666666,0.012999996199999999
baseline_ensemble,136,0.04111986001749781,0.9791666666666666,0.013066657499999999
baseline_ensemble,137,0.0411318553092182,0.9791666666666666,0.0130666585
baseline_ensemble,138,0.041143857601400644,0.9791666666666666,0.013066659
baseline_ensemble,139,0.04115586690017513,0.9791666666666666,0.0130666663
baseline_ensemble,140,0.04116788321167883,0.9791666666666666,0.013099990799999999
baseline_ensemble,141,0.041179906542056076,0.9791666666666666,0.0130999912
baseline_ensemble,142,0.04119193689745837,0.9791666666666666,0.013133324200000001
baseline_ensemble,143,0.04120397428404442,0.9791666666666666,0.0131666583
baseline_ensemble,144,0.041216018707980126,0.9791666666666666,0.0131666598
baseline_ensemble,145,0.0412280701754386,0.9791666666666666,0.0131666623
baseline_ensemble,146,0.04124012869260017,0.9791666666666666,0.013199990799999999
baseline_ensemble,147,0.04125219426565243,0.9791666666666666,0.013233323999999998
baseline_ensemble,148,0.041264266900790166,0.9791666666666666,0.0132333246
baseline_ensemble,149,0.041276346604215454,0.9791666666666666,0.0132333348
baseline_ensemble,150,0.041288433382137626,0.9791666666666666,0.013266657000000001
baseline_ensemble,151,0.04130052724077329,0.9791666666666666,0.0132999911
baseline_ensemble,152,0.041312628186346324,0.9791666666666666,0.013333323800000001
baseline_ensemble,153,0.04132473622508793,0.9791666666666666,0.013333324899999999
baseline_ensemble,154,0.04133685136323659,0.9791666666666666,0.013333325100000001
baseline_ensemble,155,0.041348973607038125,0.9791666666666666,0.0133666566
baseline_ensemble,156,0.04136110296274567,0.9791666666666666,0.013366656999999999
baseline_ensemble,157,0.04137323943661972,0.9791666666666666,0.0133666572
baseline_ensemble,158,0.041385383034928086,0.9791666666666666,0.0133666582
baseline_ensemble,159,0.041397533763945976,0.9791666666666666,0.0133666586
baseline_ensemble,160,0.04140969162995595,0.9791666666666666,0.013399990300000001
baseline_ensemble,161,0.041421856639247946,0.9791666666666666,0.0133999907
baseline_ensemble,162,0.041434028798119305,0.9791666666666666,0.013399991099999998
baseline_ensemble,163,0.04144620811287478,0.9791666666666666,0.013433325099999999
baseline_ensemble,164,0.041458394589826524,0.9791666666666666,0.0134333295
baseline_ensemble,165,0.04147058823529412,0.9791666666666666,0.013466657299999997
baseline_ensemble,166,0.04148278905560459,0.9791666666666666,0.0134666586
baseline_ensemble,167,0.041494997057092406,0.9791666666666666,0.013499990199999999
baseline_ensemble,168,0.0415072122460995,0.9791666666666666,0.0134999903
baseline_ensemble,169,0.04151943462897526,0.9791666666666666,0.0134999905
baseline_ensemble,170,0.04153166421207658,0.9791666666666666,0.013533323699999999
baseline_ensemble,171,0.04154390100176782,0.9791666666666666,0.0135333244
baseline_ensemble,172,0.04155614500442087,0.9791666666666666,0.0135666569
baseline_ensemble,173,0.041568396226415096,0.9791666666666666,0.013566657
baseline_ensemble,174,0.0415929203539823,0.9791666666666666,0.013566657299999998
baseline_ensemble,175,0.04160519327235172,0.9791666666666666,0.013566659399999998
baseline_ensemble,176,0.04161747343565526,0.9791666666666666,0.013566662699999999
baseline_ensemble,177,0.04133451431945675,0.9722222222222222,0.0135999909
baseline_ensemble,178,0.0413589364844904,0.9722222222222222,0.0135999912
baseline_ensemble,179,0.041371158392434985,0.9722222222222222,0.0135999921
baseline_ensemble,180,0.041383387525864616,0.9722222222222222,0.0136333235
baseline_ensemble,181,0.04139562389118864,0.9722222222222222,0.013633324799999999
baseline_ensemble,182,0.041407867494824016,0.9722222222222222,0.0136666568
baseline_ensemble,183,0.04142011834319527,0.9722222222222222,0.013666657000000002
baseline_ensemble,184,0.041432376442734536,0.9722222222222222,0.013666657199999998
baseline_ensemble,185,0.04144464179988159,0.9722222222222222,0.013666657699999998
baseline_ensemble,186,0.041456914421083804,0.9722222222222222,0.0136666578
baseline_ensemble,187,0.041469194312796206,0.9722222222222222,0.0136999915
baseline_ensemble,188,0.04148148148148148,0.9722222222222222,0.013699992399999998
baseline_ensemble,189,0.04149377593360996,0.9722222222222222,0.013699995400000001
baseline_ensemble,190,0.04150607767565965,0.9722222222222222,0.0137333241
baseline_ensemble,191,0.04151838671411625,0.9722222222222222,0.0137333262
baseline_ensemble,192,0.041530703055473156,0.9722222222222222,0.0137333266
baseline_ensemble,193,0.04154302670623145,0.9722222222222222,0.013766657099999998
baseline_ensemble,194,0.04155535767289997,0.9722222222222222,0.013799990000000002
baseline_ensemble,195,0.04156769596199525,0.9722222222222222,0.013799990499999998
baseline_ensemble,196,0.04158004158004158,0.9722222222222222,0.013799991
baseline_ensemble,197,0.041592394533571005,0.9722222222222222,0.0137999956
baseline_ensemble,198,0.041604754829123326,0.9722222222222222,0.0137999973
baseline_ensemble,199,0.041617122473246136,0.9722222222222222,0.013833323699999999
baseline_ensemble,200,0.041629497472494795,0.9722222222222222,0.0139333259
baseline_ensemble,201,0.04164187983343248,0.9722222222222222,0.013933332
baseline_ensemble,202,0.04165426956263017,0.9722222222222222,0.013966656899999999
baseline_ensemble,203,0.041666666666666664,0.9722222222222222,0.0139666629
baseline_ensemble,204,0.041679071152128606,0.9722222222222222,0.0140333232
baseline_ensemble,205,0.041393686718284695,0.9652777777777778,0.014033323700000001
baseline_ensemble,206,0.04140601727733095,0.9652777777777778,0.0140333245
baseline_ensemble,207,0.041418355184743745,0.9652777777777778,0.014033332700000001
baseline_ensemble,208,0.04143070044709389,0.9652777777777778,0.014066656799999999
baseline_ensemble,209,0.04144305307096005,0.9652777777777778,0.0140666592
baseline_ensemble,210,0.04145541306292872,0.9652777777777778,0.0140999904
baseline_ensemble,211,0.04146778042959427,0.9652777777777778,0.014133323399999998
baseline_ensemble,212,0.04148015517755894,0.9652777777777778,0.014133323599999999
baseline_ensemble,213,0.04149253731343284,0.9652777777777778,0.014133324000000001
baseline_ensemble,214,0.04150492684383398,0.9652777777777778,0.014166656699999997
baseline_ensemble,215,0.04151732377538829,0.9652777777777778,0.014166657299999998
baseline_ensemble,216,0.04152972811472961,0.9652777777777778,0.0141666609
baseline_ensemble,217,0.0415421398684997,0.9652777777777778,0.014166664499999999
baseline_ensemble,218,0.04155455904334828,0.9652777777777778,0.0141999898
baseline_ensemble,219,0.041566985645933016,0.9652777777777778,0.0141999904
baseline_ensemble,220,0.04157941968291953,0.9652777777777778,0.014199990499999999
baseline_ensemble,221,0.04159186116098145,0.9652777777777778,0.0142333243
baseline_ensemble,222,0.04160431008680036,0.9652777777777778,0.014233328099999998
baseline_ensemble,223,0.04161676646706587,0.9652777777777778,0.014266656499999999
baseline_ensemble,224,0.04162923030847559,0.9652777777777778,0.014266657999999998
baseline_ensemble,225,0.04164170161773517,0.9652777777777778,0.014299989699999998
baseline_ensemble,226,0.041654180401558286,0.9652777777777778,0.0142999908
baseline_ensemble,227,0.041666666666666664,0.9652777777777778,0.014299991299999999
baseline_ensemble,228,0.041679160419790105,0.9652777777777778,0.0142999914
baseline_ensemble,229,0.04169166166766647,0.9652777777777778,0.014299991699999999
baseline_ensemble,230,0.041704170417041705,0.9652777777777778,0.014333323599999998
baseline_ensemble,231,0.04171668667466987,0.9652777777777778,0.0143333253
baseline_ensemble,232,0.04172921044731312,0.9652777777777778,0.014399989999999998
baseline_ensemble,233,0.04174174174174174,0.9652777777777778,0.014433322799999999
baseline_ensemble,234,0.04175428056473415,0.9652777777777778,0.014433324
baseline_ensemble,235,0.04176682692307692,0.9652777777777778,0.014433324699999998
baseline_ensemble,236,0.04177938082356477,0.9652777777777778,0.0144333285
baseline_ensemble,237,0.0417919422730006,0.9652777777777778,0.0144666622
baseline_ensemble,238,0.04180451127819549,0.9652777777777778,0.014499989199999999
baseline_ensemble,239,0.041817087845968715,0.9652777777777778,0.014499989799999998
baseline_ensemble,240,0.041829671983147756,0.9652777777777778,0.0144999925
baseline_ensemble,241,0.041842263696568335,0.9652777777777778,0.0145333229
baseline_ensemble,242,0.04185486299307437,0.9652777777777778,0.014533322999999999
baseline_ensemble,243,0.04188008436275987,0.9652777777777778,0.014533325500000001
baseline_ensemble,244,0.04189270644966848,0.9652777777777778,0.0145333259
baseline_ensemble,245,0.04190533614712089,0.9652777777777778,0.014533326200000002
baseline_ensemble,246,0.04191797346200241,0.9652777777777778,0.0145666559
baseline_ensemble,247,0.04193061840120663,0.9652777777777778,0.014566656099999999
baseline_ensemble,248,0.041943270971635485,0.9652777777777778,0.014566657500000002
baseline_ensemble,249,0.04195593118019922,0.9652777777777778,0.0145666577
baseline_ensemble,250,0.041968599033816424,0.9652777777777778,0.0145999895
baseline_ensemble,251,0.041679250981576564,0.9583333333333334,0.014599991499999998
baseline_ensemble,252,0.04169184290030212,0.9583333333333334,0.0145999931
baseline_ensemble,253,0.04170444242973708,0.9583333333333334,0.014599996300000001
baseline_ensemble,254,0.04171704957678356,0.9583333333333334,0.0146333229
baseline_ensemble,255,0.04172966434835198,0.9583333333333334,0.0146333231
baseline_ensemble,256,0.041742286751361164,0.9583333333333334,0.014633323400000002
baseline_ensemble,257,0.041754916792738274,0.9583333333333334,0.0146333241
baseline_ensemble,258,0.041767554479418885,0.9583333333333334,0.0146333245
baseline_ensemble,259,0.04178019981834696,0.9583333333333334,0.0146666587
baseline_ensemble,260,0.041792852816474865,0.9583333333333334,0.0147333224
baseline_ensemble,261,0.04181818181818182,0.9583333333333334,0.014733322699999999
baseline_ensemble,262,0.041830857835707794,0.9583333333333334,0.014733324200000002
baseline_ensemble,263,0.04184354154032747,0.9583333333333334,0.0147333345
baseline_ensemble,264,0.04185623293903549,0.9583333333333334,0.0147666558
baseline_ensemble,265,0.041868932038834954,0.9583333333333334,0.014766659699999999
baseline_ensemble,266,0.041881638846737484,0.9583333333333334,0.0147999905
baseline_ensemble,267,0.04190707561494078,0.9583333333333334,0.0147999915
baseline_ensemble,268,0.04191980558930741,0.9583333333333334,0.014866657
baseline_ensemble,269,0.041932543299908843,0.9583333333333334,0.014866659899999999
baseline_ensemble,270,0.041945288753799395,0.9583333333333334,0.014866662499999999
baseline_ensemble,271,0.04195804195804196,0.9583333333333334,0.014899988599999999
baseline_ensemble,272,0.041970802919708027,0.9583333333333334,0.014899992800000001
baseline_ensemble,273,0.0419835716458777,0.9583333333333334,0.014899995000000001
baseline_ensemble,274,0.041996348143639686,0.9583333333333334,0.014899996
baseline_ensemble,275,0.04200913242009133,0.9583333333333334,0.0148999961
baseline_ensemble,276,0.04202192448233861,0.9583333333333334,0.0149333227
baseline_ensemble,277,0.04203472433749619,0.9583333333333334,0.0149333233
baseline_ensemble,278,0.04204753199268738,0.9583333333333334,0.014933324000000001
baseline_ensemble,279,0.042060347455044195,0.9583333333333334,0.0149333266
baseline_ensemble,280,0.04207317073170732,0.9583333333333334,0.0149333288
baseline_ensemble,281,0.042086001829826164,0.9583333333333334,0.014966656
baseline_ensemble,282,0.042098840756558877,0.9583333333333334,0.014966658099999999
baseline_ensemble,283,0.04211168751907232,0.9583333333333334,0.0149666594
baseline_ensemble,284,0.04212454212454213,0.9583333333333334,0.0149999921
baseline_ensemble,285,0.04213740458015267,0.9583333333333334,0.014999994899999999
baseline_ensemble,286,0.042150274893097125,0.9583333333333334,0.015033325
baseline_ensemble,287,0.04216315307057745,0.9583333333333334,0.015033328700000001
baseline_ensemble,288,0.0421760391198044,0.9583333333333334,0.015033332100000001
baseline_ensemble,289,0.042188933047997555,0.9583333333333334,0.0150666558
baseline_ensemble,290,0.04221474457020496,0.9583333333333334,0.015066656299999998
baseline_ensemble,291,0.04222766217870257,0.9583333333333334,0.0150666581
baseline_ensemble,292,0.04224058769513315,0.9583333333333334,0.0150666583
baseline_ensemble,293,0.04225352112676056,0.9583333333333334,0.015133321600000001
baseline_ensemble,294,0.04226646248085758,0.9583333333333334,0.015133322499999997
baseline_ensemble,295,0.042279411764705885,0.9583333333333334,0.0151333234
baseline_ensemble,296,0.042292368985596074,0.9583333333333334,0.015133323899999999
baseline_ensemble,297,0.04230533415082771,0.9583333333333334,0.015166655699999998
baseline_ensemble,298,0.04231830726770929,0.9583333333333334,0.0151666568
baseline_ensemble,299,0.04233128834355828,0.9583333333333334,0.0151999889
baseline_ensemble,300,0.04234427738570114,0.9583333333333334,0.015199989999999998
baseline_ensemble,301,0.0423572744014733,0.9583333333333334,0.0152333252
baseline_ensemble,302,0.04237027939821922,0.9583333333333334,0.015233327000000001
baseline_ensemble,303,0.04207616707616708,0.9513888888888888,0.015266655599999996
baseline_ensemble,304,0.04208909370199693,0.9513888888888888,0.0152666565
baseline_ensemble,305,0.0421020282728949,0.9513888888888888,0.015299988300000001
baseline_ensemble,306,0.04180756225023056,0.9444444444444444,0.015299995099999998
baseline_ensemble,307,0.041820418204182044,0.9444444444444444,0.0153333218
baseline_ensemble,308,0.04183328206705629,0.9444444444444444,0.015333322099999998
baseline_ensemble,309,0.041846153846153845,0.9444444444444444,0.0153666553
baseline_ensemble,310,0.041859033548784244,0.9444444444444444,0.015399989699999998
baseline_ensemble,311,0.04187192118226601,0.9444444444444444,0.0153999907
baseline_ensemble,312,0.041884816753926704,0.9444444444444444,0.0154333226
baseline_ensemble,313,0.041589648798521256,0.9375,0.015433322999999999
baseline_ensemble,314,0.04160246533127889,0.9375,0.015433323099999998
baseline_ensemble,315,0.04161528976572133,0.9375,0.015433325000000001
baseline_ensemble,316,0.041628122109158186,0.9375,0.0154666554
baseline_ensemble,317,0.04164096236890808,0.9375,0.0154666561
baseline_ensemble,318,0.04165381055229867,0.9375,0.0154666562
baseline_ensemble,319,0.041666666666666664,0.9375,0.015466656499999999
baseline_ensemble,320,0.04167953071935783,0.9375,0.015466656700000001
baseline_ensemble,321,0.04169240271772699,0.9375,0.015466665899999999
baseline_ensemble,322,0.04170528266913809,0.9375,0.015499988399999998
baseline_ensemble,323,0.04171817058096415,0.9375,0.015499988999999999
baseline_ensemble,324,0.04173106646058733,0.9375,0.0154999896
baseline_ensemble,325,0.041743970315398886,0.9375,0.015533322599999998
baseline_ensemble,326,0.041756882152799255,0.9375,0.0155333234
baseline_ensemble,327,0.04176980198019802,0.9375,0.015533324800000001
baseline_ensemble,328,0.04178272980501393,0.9375,0.015566655300000001
baseline_ensemble,329,0.04179566563467492,0.9375,0.015566655599999998
baseline_ensemble,330,0.04180860947661815,0.9375,0.015566659500000002
baseline_ensemble,331,0.041821561338289966,0.9375,0.015566661
baseline_ensemble,332,0.041834521227145954,0.9375,0.0156333232
baseline_ensemble,333,0.04184748915065096,0.9375,0.015633324599999998
baseline_ensemble,334,0.04186046511627907,0.9375,0.0156333248
baseline_ensemble,335,0.04187344913151365,0.9375,0.0156666585
baseline_ensemble,336,0.041886441203847345,0.9375,0.0156666658
baseline_ensemble,337,0.04189944134078212,0.9375,0.0156999908
baseline_ensemble,338,0.04191244954982925,0.9375,0.015699991
baseline_ensemble,339,0.04192546583850932,0.9375,0.0156999935
baseline_ensemble,340,0.04193849021435228,0.9375,0.0157333242
baseline_ensemble,341,0.0419645632576935,0.9375,0.015733324599999998
baseline_ensemble,342,0.04197761194029851,0.9375,0.0157333303
baseline_ensemble,343,0.041990668740279936,0.9375,0.015733333199999998
baseline_ensemble,344,0.04200373366521468,0.9375,0.0157666557
baseline_ensemble,345,0.04201680672268908,0.9375,0.015766659
baseline_ensemble,346,0.04202988792029888,0.9375,0.0157999903
baseline_ensemble,347,0.04204297726564933,0.9375,0.0158333219
baseline_ensemble,348,0.04205607476635514,0.9375,0.0158666636
baseline_ensemble,349,0.04175755687129947,0.9305555555555556,0.0158999901
baseline_ensemble,350,0.04177057356608479,0.9305555555555556,0.0158999931
baseline_ensemble,351,0.04178359837854693,0.9305555555555556,0.0159333252
baseline_ensemble,352,0.041796631316281974,0.9305555555555556,0.015999988500000003
baseline_ensemble,353,0.04180967238689547,0.9305555555555556,0.015999989
baseline_ensemble,354,0.041822721598002495,0.9305555555555556,0.015999995700000002
baseline_ensemble,355,0.0418357789572276,0.9305555555555556,0.015999997800000002
baseline_ensemble,356,0.04184884447220487,0.9305555555555556,0.016033327
baseline_ensemble,357,0.041875,0.9305555555555556,0.0160333321
baseline_ensemble,358,0.04188809002813379,0.9305555555555556,0.0160666551
baseline_ensemble,359,0.041901188242651655,0.9305555555555556,0.016066655499999995
baseline_ensemble,360,0.041914294651235535,0.9305555555555556,0.0160666561
baseline_ensemble,361,0.041927409261576974,0.9305555555555556,0.0160999881
baseline_ensemble,362,0.04194053208137715,0.9305555555555556,0.0160999884
baseline_ensemble,363,0.041953663118346904,0.9305555555555556,0.0160999889
baseline_ensemble,364,0.041966802380206704,0.9305555555555556,0.0160999916
baseline_ensemble,365,0.041979949874686714,0.9305555555555556,0.016133323300000002
baseline_ensemble,366,0.04199310560952679,0.9305555555555556,0.0161666551
baseline_ensemble,367,0.04200626959247649,0.9305555555555556,0.0161666553
baseline_ensemble,368,0.04203262233375157,0.9305555555555556,0.016166659400000002
baseline_ensemble,369,0.042045811107624724,0.9305555555555556,0.0161666606
baseline_ensemble,370,0.04205900816070308,0.9305555555555556,0.016166662800000002
baseline_ensemble,371,0.04207221350078493,0.9305555555555556,0.0162333228
baseline_ensemble,372,0.042085427135678394,0.9305555555555556,0.0162333234
baseline_ensemble,373,0.042098649073201384,0.9305555555555556,0.0162666564
baseline_ensemble,374,0.04211187932118165,0.9305555555555556,0.0162666567
baseline_ensemble,375,0.04212511788745677,0.9305555555555556,0.0162999882
baseline_ensemble,376,0.04213836477987421,0.9305555555555556,0.016299989299999998
baseline_ensemble,377,0.04215162000629129,0.9305555555555556,0.0162999904
baseline_ensemble,378,0.04216488357457521,0.9305555555555556,0.0163333222
baseline_ensemble,379,0.042178155492603085,0.9305555555555556,0.0163333232
baseline_ensemble,380,0.04219143576826197,0.9305555555555556,0.0163333278
baseline_ensemble,381,0.04220472440944882,0.9305555555555556,0.016333332500000002
baseline_ensemble,382,0.04221802142407057,0.9305555555555556,0.0163666548
baseline_ensemble,383,0.04223132682004412,0.9305555555555556,0.0163666643
baseline_ensemble,384,0.04224464060529634,0.9305555555555556,0.0163999903
baseline_ensemble,385,0.042257962787764114,0.9305555555555556,0.0163999965
baseline_ensemble,386,0.04227129337539432,0.9305555555555556,0.016433321
baseline_ensemble,387,0.042284632376143896,0.9305555555555556,0.0164666568
baseline_ensemble,388,0.0422979797979798,0.9305555555555556,0.016499987900000002
baseline_ensemble,389,0.04231133564887907,0.9305555555555556,0.0164999887
baseline_ensemble,390,0.04232469993682881,0.9305555555555556,0.016499989899999998
baseline_ensemble,391,0.04233807266982623,0.9305555555555556,0.0165333218
baseline_ensemble,392,0.042351453855878636,0.9305555555555556,0.0165333255
baseline_ensemble,393,0.04236484350300348,0.9305555555555556,0.016533327400000002
baseline_ensemble,394,0.04237824161922834,0.9305555555555556,0.0165666548
baseline_ensemble,395,0.04239164821259095,0.9305555555555556,0.01656666
baseline_ensemble,396,0.04240506329113924,0.9305555555555556,0.0165666627
baseline_ensemble,397,0.04241848686293131,0.9305555555555556,0.0165666657
baseline_ensemble,398,0.04243191893603546,0.9305555555555556,0.0165999899
baseline_ensemble,399,0.04244535951853025,0.9305555555555556,0.016599990499999998
baseline_ensemble,400,0.042458808618504436,0.9305555555555556,0.0166333207
baseline_ensemble,401,0.042472266244057054,0.9305555555555556,0.0166666547
baseline_ensemble,402,0.0424857324032974,0.9305555555555556,0.01666666
baseline_ensemble,403,0.04249920710434507,0.9305555555555556,0.0166666626
baseline_ensemble,404,0.04251269035532995,0.9305555555555556,0.0167333206
baseline_ensemble,405,0.04252618216439226,0.9305555555555556,0.0167666552
baseline_ensemble,406,0.04253968253968254,0.9305555555555556,0.016799989999999997
baseline_ensemble,407,0.0425531914893617,0.9305555555555556,0.0168333258
baseline_ensemble,408,0.042566709021601014,0.9305555555555556,0.0168666557
baseline_ensemble,409,0.04258023514458214,0.9305555555555556,0.0168666562
baseline_ensemble,410,0.04259376986649714,0.9305555555555556,0.0169333274
baseline_ensemble,411,0.04260731319554849,0.9305555555555556,0.0169333293
baseline_ensemble,412,0.04262086513994911,0.9305555555555556,0.0169666637
baseline_ensemble,413,0.04263442570792237,0.9305555555555556,0.0170333214
baseline_ensemble,414,0.0426479949077021,0.9305555555555556,0.0170333272
baseline_ensemble,415,0.042661572747532635,0.9305555555555556,0.0170666553
baseline_ensemble,416,0.04267515923566879,0.9305555555555556,0.0170666561
baseline_ensemble,417,0.042688754380375914,0.9305555555555556,0.0170999924
baseline_ensemble,418,0.042702358189929894,0.9305555555555556,0.0171333242
baseline_ensemble,419,0.04271597067261715,0.9305555555555556,0.0171333313
baseline_ensemble,420,0.04272959183673469,0.9305555555555556,0.0171333334
baseline_ensemble,421,0.04274322169059011,0.9305555555555556,0.017166657
baseline_ensemble,422,0.042756860242501596,0.9305555555555556,0.0172333275
baseline_ensemble,423,0.04277050750079796,0.9305555555555556,0.0172666554
baseline_ensemble,424,0.042784163473818644,0.9305555555555556,0.0172666557
baseline_ensemble,425,0.04279782816991377,0.9305555555555556,0.0172666576
baseline_ensemble,426,0.04281150159744409,0.9305555555555556,0.017299986700000002
baseline_ensemble,427,0.04282518376478108,0.9305555555555556,0.017299991600000002
baseline_ensemble,428,0.04283887468030691,0.9305555555555556,0.017333320000000003
baseline_ensemble,429,0.042852574352414456,0.9305555555555556,0.0173333221
baseline_ensemble,430,0.04286628278950736,0.9305555555555556,0.017333325599999998
baseline_ensemble,431,0.04288,0.9305555555555556,0.0173999887
baseline_ensemble,432,0.042907460774895934,0.9305555555555556,0.017399989299999998
baseline_ensemble,433,0.042921204356181936,0.9305555555555556,0.017433320500000002
baseline_ensemble,434,0.04293495674463313,0.9305555555555556,0.0174666534
baseline_ensemble,435,0.04294871794871795,0.9305555555555556,0.017466662299999998
baseline_ensemble,436,0.04296248797691568,0.9305555555555556,0.017499986999999998
baseline_ensemble,437,0.042976266837716486,0.9305555555555556,0.0175666609
baseline_ensemble,438,0.04299005453962143,0.9305555555555556,0.017599988100000002
baseline_ensemble,439,0.04300385109114249,0.9305555555555556,0.0176333292
baseline_ensemble,440,0.04301765650080257,0.9305555555555556,0.0176666565
baseline_ensemble,441,0.04303147077713552,0.9305555555555556,0.0176666583
baseline_ensemble,442,0.04272406039190491,0.9236111111111112,0.0176666646
baseline_ensemble,443,0.04273778920308483,0.9236111111111112,0.0176999864
baseline_ensemble,444,0.042751526840244296,0.9236111111111112,0.017699995
baseline_ensemble,445,0.042765273311897105,0.9236111111111112,0.0178333251
baseline_ensemble,446,0.04277902862656803,0.9236111111111112,0.017833326099999998
baseline_ensemble,447,0.04279279279279279,0.9236111111111112,0.017899987299999996
baseline_ensemble,448,0.04280656581911812,0.9236111111111112,0.0178999875
baseline_ensemble,449,0.04282034771410174,0.9236111111111112,0.017899989199999997
baseline_ensemble,450,0.0428341384863124,0.9236111111111112,0.0179333293
baseline_ensemble,451,0.0428479381443299,0.9236111111111112,0.0179999925
baseline_ensemble,452,0.042861746696745084,0.9236111111111112,0.0180000017
baseline_ensemble,453,0.042875564152159894,0.9236111111111112,0.0180666572
baseline_ensemble,454,0.04288939051918736,0.9236111111111112,0.018066668799999998
baseline_ensemble,455,0.04290322580645161,0.9236111111111112,0.0181333289
baseline_ensemble,456,0.04291707002258793,0.9236111111111112,0.0181333329
baseline_ensemble,457,0.04293092317624274,0.9236111111111112,0.0181666548
baseline_ensemble,458,0.04294478527607362,0.9236111111111112,0.0181666607
baseline_ensemble,459,0.042958656330749356,0.9236111111111112,0.018199992099999996
baseline_ensemble,460,0.042972536348949916,0.9236111111111112,0.0181999958
baseline_ensemble,461,0.042986425339366516,0.9236111111111112,0.0182333254
baseline_ensemble,462,0.04300032331070158,0.9236111111111112,0.0182333256
baseline_ensemble,463,0.04301423027166882,0.9236111111111112,0.0182333284
baseline_ensemble,464,0.04302814623099321,0.9236111111111112,0.0182666574
baseline_ensemble,465,0.043042071197411005,0.9236111111111112,0.018299989499999995
baseline_ensemble,466,0.043056005179669794,0.9236111111111112,0.0183666598
baseline_ensemble,467,0.0430699481865285,0.9236111111111112,0.0183999886
baseline_ensemble,468,0.04308390022675737,0.9236111111111112,0.0183999947
baseline_ensemble,469,0.04309786130913804,0.9236111111111112,0.0184333244
baseline_ensemble,470,0.043111831442463534,0.9236111111111112,0.0184666533
baseline_ensemble,471,0.04312581063553826,0.9236111111111112,0.0184666567
baseline_ensemble,472,0.043139798897178075,0.9236111111111112,0.0184666622
baseline_ensemble,473,0.043153796236210254,0.9236111111111112,0.0184999857
baseline_ensemble,474,0.04316780266147355,0.9236111111111112,0.0184999863
baseline_ensemble,475,0.04318181818181818,0.9236111111111112,0.0185000007
baseline_ensemble,476,0.04319584280610588,0.9236111111111112,0.018533318899999998
baseline_ensemble,477,0.043209876543209874,0.9236111111111112,0.018566652399999998
baseline_ensemble,478,0.04322391940201495,0.9236111111111112,0.0185666588
baseline_ensemble,479,0.043237971391417426,0.9236111111111112,0.018599993199999998
baseline_ensemble,480,0.0432520325203252,0.9236111111111112,0.0185999934
baseline_ensemble,481,0.043266102797657774,0.9236111111111112,0.0185999955
baseline_ensemble,482,0.04328018223234624,0.9236111111111112,0.018666654499999998
baseline_ensemble,483,0.043294270833333336,0.9236111111111112,0.018699985300000003
baseline_ensemble,484,0.043308368609573426,0.9236111111111112,0.0186999914
baseline_ensemble,485,0.043322475570032576,0.9236111111111112,0.0187666521
baseline_ensemble,486,0.0433365917236885,0.9236111111111112,0.0187666534
baseline_ensemble,487,0.043350717079530636,0.9236111111111112,0.0187666536
baseline_ensemble,488,0.043364851646560156,0.9236111111111112,0.0187999915
baseline_ensemble,489,0.04337899543378995,0.9236111111111112,0.018799992300000002
baseline_ensemble,490,0.043393148450244695,0.9236111111111112,0.0188333214
baseline_ensemble,491,0.04340731070496084,0.9236111111111112,0.0188333275
baseline_ensemble,492,0.04342148220698661,0.9236111111111112,0.018866657
baseline_ensemble,493,0.0434356629653821,0.9236111111111112,0.0188666676
baseline_ensemble,494,0.04344985298921921,0.9236111111111112,0.018900001500000003
baseline_ensemble,495,0.0434640522875817,0.9236111111111112,0.018933318600000002
baseline_ensemble,496,0.04315135665250082,0.9166666666666666,0.0189333244
baseline_ensemble,497,0.04316546762589928,0.9166666666666666,0.018966651999999997
baseline_ensemble,498,0.04317958783120707,0.9166666666666666,0.0189666557
baseline_ensemble,499,0.04319371727748691,0.9166666666666666,0.0190333183
baseline_ensemble,500,0.04320785597381342,0.9166666666666666,0.019033328199999998
baseline_ensemble,501,0.043222003929273084,0.9166666666666666,0.0190666531
baseline_ensemble,502,0.043236161152964296,0.9166666666666666,0.0190666585
baseline_ensemble,503,0.04325032765399738,0.9166666666666666,0.019133321600000003
baseline_ensemble,504,0.043264503441494594,0.9166666666666666,0.019199988799999998
baseline_ensemble,505,0.043278688524590166,0.9166666666666666,0.0192333184
baseline_ensemble,506,0.0432928829124303,0.9166666666666666,0.0192333187
baseline_ensemble,507,0.04330708661417323,0.9166666666666666,0.019266654600000002
baseline_ensemble,508,0.04332129963898917,0.9166666666666666,0.0192666639
baseline_ensemble,509,0.04333552199606041,0.9166666666666666,0.0192999871
baseline_ensemble,510,0.04334975369458128,0.9166666666666666,0.0192999947
baseline_ensemble,511,0.04336399474375821,0.9166666666666666,0.0194333239
baseline_ensemble,512,0.043378245152809726,0.9166666666666666,0.019433325199999997
baseline_ensemble,513,0.04339250493096647,0.9166666666666666,0.0194333252
baseline_ensemble,514,0.04340677408747123,0.9166666666666666,0.0194666529
baseline_ensemble,515,0.04342105263157895,0.9166666666666666,0.0194666609
baseline_ensemble,516,0.04343534057255676,0.9166666666666666,0.019566657299999998
baseline_ensemble,517,0.043449637919684,0.9166666666666666,0.019566661200000002
baseline_ensemble,518,0.043463944682252224,0.9166666666666666,0.0195999849
baseline_ensemble,519,0.043478260869565216,0.9166666666666666,0.019633321300000003
baseline_ensemble,520,0.043492586490939046,0.9166666666666666,0.0196999865
baseline_ensemble,521,0.043506921555702044,0.9166666666666666,0.019700001100000003
baseline_ensemble,522,0.043521266073194856,0.9166666666666666,0.0197333256
baseline_ensemble,523,0.04353562005277045,0.9166666666666666,0.0197666564
baseline_ensemble,524,0.043549983503794125,0.9166666666666666,0.019766659
baseline_ensemble,525,0.04356435643564356,0.9166666666666666,0.0198333208
baseline_ensemble,526,0.04357873885770881,0.9166666666666666,0.019866653199999997
baseline_ensemble,527,0.043593130779392336,0.9166666666666666,0.019866656599999998
baseline_ensemble,528,0.04360753221010902,0.9166666666666666,0.019899995
baseline_ensemble,529,0.043621943159286185,0.9166666666666666,0.0199666605
baseline_ensemble,530,0.04363636363636364,0.9166666666666666,0.0200333252
baseline_ensemble,531,0.04365079365079365,0.9166666666666666,0.0200333314
baseline_ensemble,532,0.04366523321204102,0.9166666666666666,0.020066661399999998
baseline_ensemble,533,0.04367968232958306,0.9166666666666666,0.0200666649
baseline_ensemble,534,0.04369414101290963,0.9166666666666666,0.020099985400000003
baseline_ensemble,535,0.04370860927152318,0.9166666666666666,0.0200999913
baseline_ensemble,536,0.04372308711493872,0.9166666666666666,0.020133324299999998
baseline_ensemble,537,0.0437375745526839,0.9166666666666666,0.0201666526
baseline_ensemble,538,0.043752071594298975,0.9166666666666666,0.0201666565
baseline_ensemble,539,0.04376657824933687,0.9166666666666666,0.020166657199999997
baseline_ensemble,540,0.04378109452736319,0.9166666666666666,0.020199987999999995
baseline_ensemble,541,0.043795620437956206,0.9166666666666666,0.020199993
baseline_ensemble,542,0.04381015599070694,0.9166666666666666,0.020233321600000003
baseline_ensemble,543,0.043824701195219126,0.9166666666666666,0.020233322399999996
baseline_ensemble,544,0.043839256061109264,0.9166666666666666,0.0202333375
baseline_ensemble,545,0.043853820598006646,0.9166666666666666,0.0202666572
baseline_ensemble,546,0.04386839481555334,0.9166666666666666,0.0202666648
baseline_ensemble,547,0.043882978723404256,0.9166666666666666,0.0202999912
baseline_ensemble,548,0.04389757233122714,0.9166666666666666,0.0203333226
baseline_ensemble,549,0.043912175648702596,0.9166666666666666,0.0203333261
baseline_ensemble,550,0.043926788685524125,0.9166666666666666,0.0203666535
baseline_ensemble,551,0.043941411451398134,0.9166666666666666,0.0203666559
baseline_ensemble,552,0.04395604395604396,0.9166666666666666,0.0203999907
baseline_ensemble,553,0.04397068620919387,0.9166666666666666,0.0203999931
baseline_ensemble,554,0.04398533822059313,0.9166666666666666,0.0204333218
baseline_ensemble,555,0.044,0.9166666666666666,0.020499985000000002
baseline_ensemble,556,0.044014671557185726,0.9166666666666666,0.0204999863
baseline_ensemble,557,0.044029352901934625,0.9166666666666666,0.020533323000000003
baseline_ensemble,558,0.044044044044044044,0.9166666666666666,0.0205333232
baseline_ensemble,559,0.044058744993324434,0.9166666666666666,0.0205333371
baseline_ensemble,560,0.04407345575959933,0.9166666666666666,0.020566652399999996
baseline_ensemble,561,0.04408817635270541,0.9166666666666666,0.0205666573
baseline_ensemble,562,0.044102906782492485,0.9166666666666666,0.020566661
baseline_ensemble,563,0.04411764705882353,0.9166666666666666,0.02059999
baseline_ensemble,564,0.044132397191574725,0.9166666666666666,0.0206333243
baseline_ensemble,565,0.04414715719063545,0.9166666666666666,0.020633330499999998
baseline_ensemble,566,0.04416192706590833,0.9166666666666666,0.0206666529
baseline_ensemble,567,0.04417670682730924,0.9166666666666666,0.0206666563
baseline_ensemble,568,0.04419149648476733,0.9166666666666666,0.0206666576
baseline_ensemble,569,0.04420629604822505,0.9166666666666666,0.020666661500000003
baseline_ensemble,570,0.044221105527638194,0.9166666666666666,0.020699988599999997
baseline_ensemble,571,0.04423592493297587,0.9166666666666666,0.0206999976
baseline_ensemble,572,0.04425075427422058,0.9166666666666666,0.020700002199999998
baseline_ensemble,573,0.04426559356136821,0.9166666666666666,0.020733324799999998
baseline_ensemble,574,0.04428044280442804,0.9166666666666666,0.0207333309
baseline_ensemble,575,0.04429530201342282,0.9166666666666666,0.0207666535
baseline_ensemble,576,0.044310171198388724,0.9166666666666666,0.020766655499999998
baseline_ensemble,577,0.04432505036937542,0.9166666666666666,0.020799984999999997
baseline_ensemble,578,0.044339939536446084,0.9166666666666666,0.0207999894
baseline_ensemble,579,0.04435483870967742,0.9166666666666666,0.0207999911
baseline_ensemble,580,0.044369747899159664,0.9166666666666666,0.0208000001
baseline_ensemble,581,0.04438466711499664,0.9166666666666666,0.020833320500000002
baseline_ensemble,582,0.044399596367305755,0.9166666666666666,0.020833327000000002
baseline_ensemble,583,0.04441453566621804,0.9166666666666666,0.0208666528
baseline_ensemble,584,0.04442948502187816,0.9166666666666666,0.020866656100000002
baseline_ensemble,585,0.044444444444444446,0.9166666666666666,0.020899986
baseline_ensemble,586,0.04445941394408892,0.9166666666666666,0.0208999882
baseline_ensemble,587,0.0444743935309973,0.9166666666666666,0.020899990599999998
baseline_ensemble,588,0.044489383215369056,0.9166666666666666,0.020933318399999998
baseline_ensemble,589,0.044504383007417395,0.9166666666666666,0.0209666553
baseline_ensemble,590,0.04451939291736931,0.9166666666666666,0.0209999923
baseline_ensemble,591,0.044534412955465584,0.9166666666666666,0.021033317699999998
baseline_ensemble,592,0.04454944313196085,0.9166666666666666,0.021033325500000002
baseline_ensemble,593,0.04456448345712356,0.9166666666666666,0.021033326
baseline_ensemble,594,0.044579533941236066,0.9166666666666666,0.021066651999999998
baseline_ensemble,595,0.0445945945945946,0.9166666666666666,0.021066669
baseline_ensemble,596,0.04460966542750929,0.9166666666666666,0.0211333309
baseline_ensemble,597,0.04462474645030426,0.9166666666666666,0.0211999856
baseline_ensemble,598,0.04463983767331755,0.9166666666666666,0.0212333206
baseline_ensemble,599,0.044654939106901215,0.9166666666666666,0.0212666537
baseline_ensemble,600,0.04467005076142132,0.9166666666666666,0.0212666548
baseline_ensemble,601,0.04468517264725796,0.9166666666666666,0.021266655099999997
baseline_ensemble,602,0.044700304774805286,0.9166666666666666,0.0212666601
baseline_ensemble,603,0.044715447154471545,0.9166666666666666,0.0212999907
baseline_ensemble,604,0.044730599796679094,0.9166666666666666,0.0213333263
baseline_ensemble,605,0.04474576271186441,0.9166666666666666,0.0214333205
baseline_ensemble,606,0.044760935910478125,0.9166666666666666,0.0214666567
baseline_ensemble,607,0.04477611940298507,0.9166666666666666,0.0214666571
baseline_ensemble,608,0.04479131319986427,0.9166666666666666,0.021466657899999998
baseline_ensemble,609,0.04480651731160896,0.9166666666666666,0.0214999886
baseline_ensemble,610,0.044821731748726654,0.9166666666666666,0.021533329400000002
baseline_ensemble,611,0.04483695652173913,0.9166666666666666,0.021599988400000002
baseline_ensemble,612,0.04485219164118247,0.9166666666666666,0.0215999993
baseline_ensemble,613,0.04486743711760707,0.9166666666666666,0.021633321499999997
baseline_ensemble,614,0.044882692961577694,0.9166666666666666,0.021633323
baseline_ensemble,615,0.044897959183673466,0.9166666666666666,0.0216666522
baseline_ensemble,616,0.04491323579448792,0.9166666666666666,0.021666655899999998
baseline_ensemble,617,0.044928522804629,0.9166666666666666,0.0216666569
baseline_ensemble,618,0.0449438202247191,0.9166666666666666,0.021699983699999998
baseline_ensemble,619,0.04495912806539509,0.9166666666666666,0.0216999862
baseline_ensemble,620,0.04497444633730835,0.9166666666666666,0.0216999949
baseline_ensemble,621,0.044989775051124746,0.9166666666666666,0.021733318499999998
baseline_ensemble,622,0.04500511421752472,0.9166666666666666,0.021733322
baseline_ensemble,623,0.045020463847203276,0.9166666666666666,0.0217333227
baseline_ensemble,624,0.04503582395087001,0.9166666666666666,0.0217666528
baseline_ensemble,625,0.04505119453924915,0.9166666666666666,0.021766669699999998
baseline_ensemble,626,0.04506657562307955,0.9166666666666666,0.021799988800000003
baseline_ensemble,627,0.045081967213114756,0.9166666666666666,0.0217999904
baseline_ensemble,628,0.045097369320122996,0.9166666666666666,0.0218666531
baseline_ensemble,629,0.045112781954887216,0.9166666666666666,0.0218666637
baseline_ensemble,630,0.04512820512820513,0.9166666666666666,0.021899990199999997
baseline_ensemble,631,0.04514363885088919,0.9166666666666666,0.021933320399999998
baseline_ensemble,632,0.04515908313376668,0.9166666666666666,0.021933327
baseline_ensemble,633,0.045174537987679675,0.9166666666666666,0.021966651099999998
baseline_ensemble,634,0.04519000342348511,0.9166666666666666,0.0219999852
baseline_ensemble,635,0.045205479452054796,0.9166666666666666,0.022033315300000002
baseline_ensemble,636,0.045220966084275435,0.9166666666666666,0.022033320000000002
baseline_ensemble,637,0.045236463331048665,0.9166666666666666,0.022033322299999998
baseline_ensemble,638,0.04525197120329105,0.9166666666666666,0.022066652699999998
baseline_ensemble,639,0.04526748971193416,0.9166666666666666,0.022066653199999998
baseline_ensemble,640,0.045283018867924525,0.9166666666666666,0.022066656599999998
baseline_ensemble,641,0.045298558682223745,0.9166666666666666,0.0221333161
baseline_ensemble,642,0.04531410916580844,0.9166666666666666,0.022133318
baseline_ensemble,643,0.04532967032967033,0.9166666666666666,0.022166650399999998
baseline_ensemble,644,0.04534524218481621,0.9166666666666666,0.022199987799999998
baseline_ensemble,645,0.04536082474226804,0.9166666666666666,0.0221999889
baseline_ensemble,646,0.04537641801306291,0.9166666666666666,0.022266654099999998
baseline_ensemble,647,0.0453920220082531,0.9166666666666666,0.0222666586
baseline_ensemble,648,0.04540763673890609,0.9166666666666666,0.022266664699999997
baseline_ensemble,649,0.04542326221610461,0.9166666666666666,0.022299997000000002
baseline_ensemble,650,0.045438898450946646,0.9166666666666666,0.0223333195
baseline_ensemble,651,0.045454545454545456,0.9166666666666666,0.0223666515
baseline_ensemble,652,0.045470203238029624,0.9166666666666666,0.0223666529
baseline_ensemble,653,0.04514128187456926,0.9097222222222222,0.0223666697
baseline_ensemble,654,0.045156842468114446,0.9097222222222222,0.0223999829
baseline_ensemble,655,0.045172413793103446,0.9097222222222222,0.0224333211
baseline_ensemble,656,0.0451879958606416,0.9097222222222222,0.022433321800000003
baseline_ensemble,657,0.04520358868184955,0.9097222222222222,0.0224333234
baseline_ensemble,658,0.045219192267863306,0.9097222222222222,0.0224333288
baseline_ensemble,659,0.04523480662983426,0.9097222222222222,0.0224333294
baseline_ensemble,660,0.045250431778929186,0.9097222222222222,0.0224333299
baseline_ensemble,661,0.045266067726330336,0.9097222222222222,0.0224666543
baseline_ensemble,662,0.0452817144832354,0.9097222222222222,0.022533322199999997
baseline_ensemble,663,0.04529737206085754,0.9097222222222222,0.0225666526
baseline_ensemble,664,0.04531304047042546,0.9097222222222222,0.0225666697
baseline_ensemble,665,0.04532871972318339,0.9097222222222222,0.0225999848
baseline_ensemble,666,0.04534440983039114,0.9097222222222222,0.0226999863
baseline_ensemble,667,0.0453601108033241,0.9097222222222222,0.0226999876
baseline_ensemble,668,0.04537582265327329,0.9097222222222222,0.0226999877
baseline_ensemble,669,0.04539154539154539,0.9097222222222222,0.022699998
baseline_ensemble,670,0.04540727902946274,0.9097222222222222,0.022866653600000002
baseline_ensemble,671,0.045423023578363385,0.9097222222222222,0.0228666563
baseline_ensemble,672,0.045438779049601107,0.9097222222222222,0.0228999856
baseline_ensemble,673,0.045454545454545456,0.9097222222222222,0.022899986599999998
baseline_ensemble,674,0.04547032280458174,0.9097222222222222,0.0229333213
baseline_ensemble,675,0.04548611111111111,0.9097222222222222,0.022933322199999998
baseline_ensemble,676,0.045501910385550536,0.9097222222222222,0.0229333416
baseline_ensemble,677,0.04551772063933287,0.9097222222222222,0.0229666527
baseline_ensemble,678,0.04553354188390685,0.9097222222222222,0.0229666528
baseline_ensemble,679,0.04554937413073713,0.9097222222222222,0.0229666549
baseline_ensemble,680,0.04556521739130435,0.9097222222222222,0.0229666555
baseline_ensemble,681,0.04558107167710508,0.9097222222222222,0.022999982699999998
baseline_ensemble,682,0.04559693699965193,0.9097222222222222,0.0230333219
baseline_ensemble,683,0.045612813370473536,0.9097222222222222,0.0230999855
baseline_ensemble,684,0.04562870080111459,0.9097222222222222,0.023133325399999998
baseline_ensemble,685,0.045644599303135885,0.9097222222222222,0.0231666578
baseline_ensemble,686,0.04566050888811433,0.9097222222222222,0.0231999922
baseline_ensemble,687,0.04567642956764296,0.9097222222222222,0.023299986199999997
baseline_ensemble,688,0.04534356470177886,0.9027777777777778,0.0232999894
baseline_ensemble,689,0.045359385903698535,0.9027777777777778,0.023299989799999997
baseline_ensemble,690,0.04537521815008726,0.9027777777777778,0.023300008
baseline_ensemble,691,0.04539106145251397,0.9027777777777778,0.0233333196
baseline_ensemble,692,0.045406915822563745,0.9027777777777778,0.023333330199999995
baseline_ensemble,693,0.045422781271837874,0.9027777777777778,0.0233999958
baseline_ensemble,694,0.045438657811953866,0.9027777777777778,0.023466656
baseline_ensemble,695,0.045454545454545456,0.9027777777777778,0.023499983000000002
baseline_ensemble,696,0.04547044421126268,0.9027777777777778,0.0234999854
baseline_ensemble,697,0.04548635409377187,0.9027777777777778,0.023499986599999998
baseline_ensemble,698,0.04550227511375569,0.9027777777777778,0.0235333236
baseline_ensemble,699,0.04551820728291316,0.9027777777777778,0.0235999819
baseline_ensemble,700,0.04553415061295972,0.9027777777777778,0.0235999842
baseline_ensemble,701,0.04555010511562719,0.9027777777777778,0.0235999849
baseline_ensemble,702,0.04556607080266386,0.9027777777777778,0.0236333258
baseline_ensemble,703,0.0455820476858345,0.9027777777777778,0.0236333304
baseline_ensemble,704,0.04559803577692038,0.9027777777777778,0.023633330600000002
baseline_ensemble,705,0.0456140350877193,0.9027777777777778,0.023666651399999995
baseline_ensemble,706,0.04563004563004563,0.9027777777777778,0.0236666524
baseline_ensemble,707,0.04564606741573034,0.9027777777777778,0.023666653399999998
baseline_ensemble,708,0.045662100456621,0.9027777777777778,0.023666654999999998
baseline_ensemble,709,0.04567814476458187,0.9027777777777778,0.0236666692
baseline_ensemble,710,0.04569420035149385,0.9027777777777778,0.0237333203
baseline_ensemble,711,0.04571026722925457,0.9027777777777778,0.0237333245
baseline_ensemble,712,0.0457263454097784,0.9027777777777778,0.023733324700000002
baseline_ensemble,713,0.04574243490499648,0.9027777777777778,0.023766656599999998
baseline_ensemble,714,0.04575853572685674,0.9027777777777778,0.023799981199999997
baseline_ensemble,715,0.045774647887323945,0.9027777777777778,0.0237999847
baseline_ensemble,716,0.04579077139837971,0.9027777777777778,0.0237999849
baseline_ensemble,717,0.04580690627202255,0.9027777777777778,0.0237999874
baseline_ensemble,718,0.04582305252026789,0.9027777777777778,0.023833324
baseline_ensemble,719,0.045839210155148094,0.9027777777777778,0.0238333279
baseline_ensemble,720,0.04585537918871252,0.9027777777777778,0.023833329
baseline_ensemble,721,0.045871559633027525,0.9027777777777778,0.023833336200000003
baseline_ensemble,722,0.04588775150017649,0.9027777777777778,0.023866651599999997
baseline_ensemble,723,0.04590395480225989,0.9027777777777778,0.0238999846
baseline_ensemble,724,0.045920169551395267,0.9027777777777778,0.023899991
baseline_ensemble,725,0.045936395759717315,0.9027777777777778,0.023933318199999998
baseline_ensemble,726,0.045952633439377874,0.9027777777777778,0.0239666505
baseline_ensemble,727,0.04596888260254597,0.9027777777777778,0.0239666547
baseline_ensemble,728,0.04598514326140785,0.9027777777777778,0.0239666561
baseline_ensemble,729,0.04600141542816702,0.9027777777777778,0.023999985799999998
baseline_ensemble,730,0.04601769911504425,0.9027777777777778,0.0240666513
baseline_ensemble,731,0.04603399433427762,0.9027777777777778,0.0240999914
baseline_ensemble,732,0.04605030109812257,0.9027777777777778,0.024133318199999997
baseline_ensemble,733,0.04606661941885188,0.9027777777777778,0.024133322899999997
baseline_ensemble,734,0.04608294930875576,0.9027777777777778,0.024133328699999998
baseline_ensemble,735,0.04609929078014184,0.9027777777777778,0.0241666536
baseline_ensemble,736,0.04611564384533522,0.9027777777777778,0.0242666533
baseline_ensemble,737,0.046132008516678494,0.9027777777777778,0.024266655899999996
baseline_ensemble,738,0.04614838480653177,0.9027777777777778,0.024299986500000002
baseline_ensemble,739,0.04616477272727273,0.9027777777777778,0.0242999887
baseline_ensemble,740,0.046181172291296625,0.9027777777777778,0.02429999
baseline_ensemble,741,0.04619758351101635,0.9027777777777778,0.024299995300000002
baseline_ensemble,742,0.046214006398862424,0.9027777777777778,0.0243333135
baseline_ensemble,743,0.04623044096728307,0.9027777777777778,0.0243333159
baseline_ensemble,744,0.04624688722874422,0.9027777777777778,0.024366650899999995
baseline_ensemble,745,0.046263345195729534,0.9027777777777778,0.0243999826
baseline_ensemble,746,0.046279814880740476,0.9027777777777778,0.0243999843
baseline_ensemble,747,0.046296296296296294,0.9027777777777778,0.0244333175
baseline_ensemble,748,0.04631278945493409,0.9027777777777778,0.024433323399999998
baseline_ensemble,749,0.04632929436920884,0.9027777777777778,0.024466653499999998
baseline_ensemble,750,0.04634581105169341,0.9027777777777778,0.0244999908
baseline_ensemble,751,0.046362339514978604,0.9027777777777778,0.0245999873
baseline_ensemble,752,0.04637887977167321,0.9027777777777778,0.0246666586
baseline_ensemble,753,0.046395431834404,0.9027777777777778,0.0246999912
baseline_ensemble,754,0.04641199571581578,0.9027777777777778,0.0246999991
baseline_ensemble,755,0.04642857142857143,0.9027777777777778,0.0247333211
baseline_ensemble,756,0.04644515898535191,0.9027777777777778,0.024733321500000002
baseline_ensemble,757,0.04646175839885633,0.9027777777777778,0.0247999889
baseline_ensemble,758,0.04647836968180193,0.9027777777777778,0.0248333142
baseline_ensemble,759,0.046494992846924176,0.9027777777777778,0.0248333278
baseline_ensemble,760,0.046511627906976744,0.9027777777777778,0.024866650599999998
baseline_ensemble,761,0.046528274874731566,0.9027777777777778,0.0248666564
baseline_ensemble,762,0.04654493376297888,0.9027777777777778,0.024899986800000003
baseline_ensemble,763,0.04656160458452722,0.9027777777777778,0.0249333173
baseline_ensemble,764,0.04657828735220351,0.9027777777777778,0.0249333183
baseline_ensemble,765,0.04659498207885305,0.9027777777777778,0.0249999859
baseline_ensemble,766,0.046611688777339545,0.9027777777777778,0.0249999863
baseline_ensemble,767,0.046628407460545196,0.9027777777777778,0.025033312999999998
baseline_ensemble,768,0.04664513814137065,0.9027777777777778,0.0250333199
baseline_ensemble,769,0.046661880832735106,0.9027777777777778,0.025066650599999997
baseline_ensemble,770,0.0466786355475763,0.9027777777777778,0.0250666538
baseline_ensemble,771,0.04669540229885057,0.9027777777777778,0.025066662099999998
baseline_ensemble,772,0.04671218109953288,0.9027777777777778,0.0250999841
baseline_ensemble,773,0.04672897196261682,0.9027777777777778,0.025099986499999997
baseline_ensemble,774,0.04674577490111471,0.9027777777777778,0.025133316699999998
baseline_ensemble,775,0.046762589928057555,0.9027777777777778,0.025133316899999997
baseline_ensemble,776,0.046779417056495146,0.9027777777777778,0.0251333199
baseline_ensemble,777,0.04679625629949604,0.9027777777777778,0.0251333202
baseline_ensemble,778,0.04681310767014764,0.9027777777777778,0.0251333231
baseline_ensemble,779,0.0468299711815562,0.9027777777777778,0.0251333334
baseline_ensemble,780,0.04684684684684685,0.9027777777777778,0.025166656
baseline_ensemble,781,0.04686373467916366,0.9027777777777778,0.025166659600000002
baseline_ensemble,782,0.04688063469166967,0.9027777777777778,0.0251999839
baseline_ensemble,783,0.046897546897546896,0.9027777777777778,0.0251999945
baseline_ensemble,784,0.04691447130999639,0.9027777777777778,0.025199995300000003
baseline_ensemble,785,0.04693140794223827,0.9027777777777778,0.0252333226
baseline_ensemble,786,0.046948356807511735,0.9027777777777778,0.0252999833
baseline_ensemble,787,0.04696531791907514,0.9027777777777778,0.025399987
baseline_ensemble,788,0.046982291290206,0.9027777777777778,0.025399989300000002
baseline_ensemble,789,0.046999276934201015,0.9027777777777778,0.0253999959
baseline_ensemble,790,0.04701627486437613,0.9027777777777778,0.0254666497
baseline_ensemble,791,0.04703328509406657,0.9027777777777778,0.025466651899999998
baseline_ensemble,792,0.047050307636626855,0.9027777777777778,0.025466652399999998
baseline_ensemble,793,0.04706734250543085,0.9027777777777778,0.025466653899999997
baseline_ensemble,794,0.047084389713871785,0.9027777777777778,0.0254999862
baseline_ensemble,795,0.04710144927536232,0.9027777777777778,0.0254999927
baseline_ensemble,796,0.04711852120333454,0.9027777777777778,0.025533318699999995
baseline_ensemble,797,0.04713560551124003,0.9027777777777778,0.0255333191
baseline_ensemble,798,0.04715270221254987,0.9027777777777778,0.0255333243
baseline_ensemble,799,0.04716981132075472,0.9027777777777778,0.025566650599999997
baseline_ensemble,800,0.047186932849364795,0.9027777777777778,0.025566652
baseline_ensemble,801,0.04720406681190995,0.9027777777777778,0.025566657200000002
baseline_ensemble,802,0.0472212132219397,0.9027777777777778,0.0255999845
baseline_ensemble,803,0.047238372093023256,0.9027777777777778,0.025699986299999998
baseline_ensemble,804,0.04725554343874955,0.9027777777777778,0.0256999902
baseline_ensemble,805,0.04727272727272727,0.9027777777777778,0.025733328800000004
baseline_ensemble,806,0.04728992360858494,0.9027777777777778,0.0257999836
baseline_ensemble,807,0.04730713245997089,0.9027777777777778,0.025799988099999997
baseline_ensemble,808,0.04732435384055333,0.9027777777777778,0.0257999909
baseline_ensemble,809,0.04734158776402039,0.9027777777777778,0.026033317900000002
baseline_ensemble,810,0.04735883424408015,0.9027777777777778,0.0260666491
baseline_ensemble,811,0.047376093294460644,0.9027777777777778,0.0260666616
baseline_ensemble,812,0.04739336492890995,0.9027777777777778,0.0260666618
baseline_ensemble,813,0.04741064916119621,0.9027777777777778,0.026099985899999997
baseline_ensemble,814,0.04742794600510763,0.9027777777777778,0.0260999891
baseline_ensemble,815,0.04744525547445255,0.9027777777777778,0.0261333173
baseline_ensemble,816,0.04746257758305951,0.9027777777777778,0.026166651
baseline_ensemble,817,0.04747991234477721,0.9027777777777778,0.026199986700000004
baseline_ensemble,818,0.04751461988304093,0.9027777777777778,0.026199988799999997
baseline_ensemble,819,0.04753199268738574,0.9027777777777778,0.0262333171
baseline_ensemble,820,0.04754937820043892,0.9027777777777778,0.0262666575
baseline_ensemble,821,0.04756677643615075,0.9027777777777778,0.026266665800000002
baseline_ensemble,822,0.04758418740849195,0.9027777777777778,0.0262999851
baseline_ensemble,823,0.04760161113145368,0.9027777777777778,0.026299992400000003
baseline_ensemble,824,0.047619047619047616,0.9027777777777778,0.0262999956
baseline_ensemble,825,0.047636496885305975,0.9027777777777778,0.0262999957
baseline_ensemble,826,0.047653958944281524,0.9027777777777778,0.0263333205
baseline_ensemble,827,0.047671433810047674,0.9027777777777778,0.0263999821
baseline_ensemble,828,0.04768892149669846,0.9027777777777778,0.0263999876
baseline_ensemble,829,0.047706422018348627,0.9027777777777778,0.0264666529
baseline_ensemble,830,0.04772393538913363,0.9027777777777778,0.0264666557
baseline_ensemble,831,0.0477414616232097,0.9027777777777778,0.026499986
baseline_ensemble,832,0.04775900073475386,0.9027777777777778,0.026533317900000002
baseline_ensemble,833,0.04777655273796398,0.9027777777777778,0.0265333219
baseline_ensemble,834,0.04779411764705882,0.9027777777777778,0.0265666504
baseline_ensemble,835,0.047811695476278046,0.9027777777777778,0.026566652099999997
baseline_ensemble,836,0.047829286239882265,0.9027777777777778,0.0265666573
baseline_ensemble,837,0.04784688995215311,0.9027777777777778,0.0266333213
baseline_ensemble,838,0.04786450662739323,0.9027777777777778,0.026699987599999996
baseline_ensemble,839,0.04788213627992634,0.9027777777777778,0.0267666474
baseline_ensemble,840,0.047899778924097275,0.9027777777777778,0.0267999856
baseline_ensemble,841,0.04791743457427202,0.9027777777777778,0.0268333187
baseline_ensemble,842,0.04793510324483776,0.9027777777777778,0.0268666671
baseline_ensemble,843,0.04795278495020288,0.9027777777777778,0.0268999833
baseline_ensemble,844,0.04797047970479705,0.9027777777777778,0.026899987700000003
baseline_ensemble,845,0.04798818752307124,0.9027777777777778,0.0269999886
baseline_ensemble,846,0.048005908419497784,0.9027777777777778,0.0270333428
baseline_ensemble,847,0.04802364240857037,0.9027777777777778,0.027066649499999998
baseline_ensemble,848,0.04804138950480414,0.9027777777777778,0.0270999949
baseline_ensemble,849,0.04805914972273567,0.9027777777777778,0.0271666474
baseline_ensemble,850,0.04807692307692308,0.9027777777777778,0.0271666591
baseline_ensemble,851,0.048094709581945984,0.9027777777777778,0.0272333184
baseline_ensemble,852,0.04811250925240563,0.9027777777777778,0.0272333186
baseline_ensemble,853,0.048130322102924845,0.9027777777777778,0.027366651500000002
baseline_ensemble,854,0.04814814814814815,0.9027777777777778,0.027399986600000002
baseline_ensemble,855,0.04816598740274176,0.9027777777777778,0.027433310300000003
baseline_ensemble,856,0.048183839881393624,0.9027777777777778,0.0274333176
baseline_ensemble,857,0.048201705598813496,0.9027777777777778,0.0274333218
baseline_ensemble,858,0.04821958456973294,0.9027777777777778,0.027466667799999997
baseline_ensemble,859,0.04823747680890538,0.9027777777777778,0.027566650199999997
baseline_ensemble,860,0.04825538233110616,0.9027777777777778,0.027566660899999998
baseline_ensemble,861,0.04827330115113257,0.9027777777777778,0.027599981200000002
baseline_ensemble,862,0.048291233283803865,0.9027777777777778,0.0275999907
baseline_ensemble,863,0.04830917874396135,0.9027777777777778,0.0276333164
baseline_ensemble,864,0.048327137546468404,0.9027777777777778,0.027666659999999996
baseline_ensemble,865,0.04834510970621049,0.9027777777777778,0.027766648499999998
baseline_ensemble,866,0.04836309523809524,0.9027777777777778,0.027799987199999997
baseline_ensemble,867,0.048381094157052475,0.9027777777777778,0.027833321299999998
baseline_ensemble,868,0.04839910647803425,0.9027777777777778,0.027899984299999996
baseline_ensemble,869,0.048417132216014895,0.9027777777777778,0.0279000026
baseline_ensemble,870,0.04843517138599106,0.9027777777777778,0.027933316099999998
baseline_ensemble,871,0.048453224002981736,0.9027777777777778,0.027933321699999996
baseline_ensemble,872,0.048471290082028336,0.9027777777777778,0.0279666535
baseline_ensemble,873,0.0484893696381947,0.9027777777777778,0.0281333188
baseline_ensemble,874,0.048507462686567165,0.9027777777777778,0.0281333214
baseline_ensemble,875,0.048525569242254575,0.9027777777777778,0.0281333265
baseline_ensemble,876,0.04854368932038835,0.9027777777777778,0.0281333289
baseline_ensemble,877,0.048561822936122524,0.9027777777777778,0.0281666538
baseline_ensemble,878,0.04857997010463378,0.9027777777777778,0.0281666649
baseline_ensemble,879,0.048598130841121495,0.9027777777777778,0.028266654500000002
baseline_ensemble,880,0.048616305160807775,0.9027777777777778,0.0282666614
baseline_ensemble,881,0.048634493078937524,0.9027777777777778,0.0283333152
baseline_ensemble,882,0.048652694610778445,0.9027777777777778,0.0283333201
baseline_ensemble,883,0.04867090977162111,0.9027777777777778,0.0283666553
baseline_ensemble,884,0.04868913857677903,0.9027777777777778,0.028366661600000002
baseline_ensemble,885,0.04870738104158861,0.9027777777777778,0.0283999837
baseline_ensemble,886,0.04872563718140929,0.9027777777777778,0.0283999937
baseline_ensemble,887,0.048743907011623545,0.9027777777777778,0.028466649499999996
baseline_ensemble,888,0.04876219054763691,0.9027777777777778,0.0284999909
baseline_ensemble,889,0.04878048780487805,0.9027777777777778,0.0285333298
baseline_ensemble,890,0.048798798798798795,0.9027777777777778,0.0285666586
baseline_ensemble,891,0.048817123544874205,0.9027777777777778,0.0285999818
baseline_ensemble,892,0.048835462058602556,0.9027777777777778,0.028666652799999998
baseline_ensemble,893,0.04885381435550545,0.9027777777777778,0.0286666559
baseline_ensemble,894,0.04887218045112782,0.9027777777777778,0.028699987299999997
baseline_ensemble,895,0.048890560361037984,0.9027777777777778,0.028699989100000003
baseline_ensemble,896,0.04890895410082769,0.9027777777777778,0.0286999962
baseline_ensemble,897,0.048927361686112156,0.9027777777777778,0.028799979899999998
baseline_ensemble,898,0.04894578313253012,0.9027777777777778,0.0287999928
baseline_ensemble,899,0.04896421845574388,0.9027777777777778,0.0288333188
baseline_ensemble,900,0.048982667671439335,0.9027777777777778,0.0288333239
baseline_ensemble,901,0.049001130795326045,0.9027777777777778,0.028833332099999998
baseline_ensemble,902,0.049019607843137254,0.9027777777777778,0.028866653
baseline_ensemble,903,0.04903809883062995,0.9027777777777778,0.0289333154
baseline_ensemble,904,0.04905660377358491,0.9027777777777778,0.0289666513
baseline_ensemble,905,0.04907512268780672,0.9027777777777778,0.0289666721
baseline_ensemble,906,0.04909365558912387,0.9027777777777778,0.029033313299999995
baseline_ensemble,907,0.04911220249338874,0.9027777777777778,0.029033318399999997
baseline_ensemble,908,0.0491307634164777,0.9027777777777778,0.0290333222
baseline_ensemble,909,0.04914933837429111,0.9027777777777778,0.029066655000000004
baseline_ensemble,910,0.049167927382753406,0.9027777777777778,0.0290999838
baseline_ensemble,911,0.04918653045781309,0.9027777777777778,0.0291333254
baseline_ensemble,912,0.04920514761544285,0.9027777777777778,0.0291999938
baseline_ensemble,913,0.04922377887163953,0.9027777777777778,0.029233317399999997
baseline_ensemble,914,0.04924242424242424,0.9027777777777778,0.029333317899999996
baseline_ensemble,915,0.04926108374384237,0.9027777777777778,0.029366653899999998
baseline_ensemble,916,0.04927975739196361,0.9027777777777778,0.029366654099999997
baseline_ensemble,917,0.04929844520288206,0.9027777777777778,0.0293999834
baseline_ensemble,918,0.04931714719271624,0.9027777777777778,0.029466644099999998
baseline_ensemble,919,0.04933586337760911,0.9027777777777778,0.029499981300000002
baseline_ensemble,920,0.04935459377372817,0.9027777777777778,0.029666671500000002
baseline_ensemble,921,0.04937333839726547,0.9027777777777778,0.029733317099999997
baseline_ensemble,922,0.04939209726443769,0.9027777777777778,0.029733337399999997
baseline_ensemble,923,0.049410870391486124,0.9027777777777778,0.029833314900000005
baseline_ensemble,924,0.049429657794676805,0.9027777777777778,0.0298666471
baseline_ensemble,925,0.049448459490300495,0.9027777777777778,0.0298666551
baseline_ensemble,926,0.04946727549467275,0.9027777777777778,0.0298666661
baseline_ensemble,927,0.04948610582413399,0.9027777777777778,0.029899978699999996
baseline_ensemble,928,0.04950495049504951,0.9027777777777778,0.0298999822
baseline_ensemble,929,0.049523809523809526,0.9027777777777778,0.0298999832
baseline_ensemble,930,0.04954268292682927,0.9027777777777778,0.029899990799999998
baseline_ensemble,931,0.04956157072054899,0.9027777777777778,0.0299333153
baseline_ensemble,932,0.04958047292143402,0.9027777777777778,0.029933317
baseline_ensemble,933,0.04959938954597482,0.9027777777777778,0.0299666674
baseline_ensemble,934,0.04961832061068702,0.9027777777777778,0.0299999794
baseline_ensemble,935,0.049637266132111495,0.9027777777777778,0.0299999808
baseline_ensemble,936,0.04965622612681436,0.9027777777777778,0.0299999863
baseline_ensemble,937,0.04967520061138708,0.9027777777777778,0.0300333234
baseline_ensemble,938,0.04969418960244648,0.9027777777777778,0.0300666451
baseline_ensemble,939,0.0497131931166348,0.9027777777777778,0.0300999783
baseline_ensemble,940,0.04973221117061974,0.9027777777777778,0.030099978899999998
baseline_ensemble,941,0.04936854190585534,0.8958333333333334,0.0300999879
baseline_ensemble,942,0.04938744257274119,0.8958333333333334,0.030099990199999996
baseline_ensemble,943,0.04940635771734968,0.8958333333333334,0.030133310099999998
baseline_ensemble,944,0.04942528735632184,0.8958333333333334,0.030133312199999998
baseline_ensemble,945,0.049444231506324265,0.8958333333333334,0.030166644299999996
baseline_ensemble,946,0.04946319018404908,0.8958333333333334,0.0301999851
baseline_ensemble,947,0.04948216340621404,0.8958333333333334,0.030233317699999998
baseline_ensemble,948,0.049501151189562546,0.8958333333333334,0.0302666561
baseline_ensemble,949,0.04952015355086373,0.8958333333333334,0.0303666461
baseline_ensemble,950,0.04953917050691244,0.8958333333333334,0.0303999827
baseline_ensemble,951,0.04955820207452939,0.8958333333333334,0.0304000019
baseline_ensemble,952,0.049577248270561106,0.8958333333333334,0.0304333165
baseline_ensemble,953,0.049596309111880045,0.8958333333333334,0.030533315300000002
baseline_ensemble,954,0.04961538461538462,0.8958333333333334,0.0305666505
baseline_ensemble,955,0.04963447479799923,0.8958333333333334,0.0305666696
baseline_ensemble,956,0.049653579676674366,0.8958333333333334,0.030599992500000003
baseline_ensemble,957,0.0496726992683866,0.8958333333333334,0.0306666422
baseline_ensemble,958,0.04969183359013867,0.8958333333333334,0.030699981900000003
baseline_ensemble,959,0.04971098265895954,0.8958333333333334,0.030699991299999996
baseline_ensemble,960,0.049730146491904395,0.8958333333333334,0.0307333133
baseline_ensemble,961,0.049749325106054766,0.8958333333333334,0.030733316299999997
baseline_ensemble,962,0.04976851851851852,0.8958333333333334,0.0307333269
baseline_ensemble,963,0.04978772674642995,0.8958333333333334,0.030766659199999997
baseline_ensemble,964,0.04980694980694981,0.8958333333333334,0.030799986499999998
baseline_ensemble,965,0.04982618771726535,0.8958333333333334,0.0307999908
baseline_ensemble,966,0.049845440494590415,0.8958333333333334,0.0308666746
baseline_ensemble,967,0.04986470815616544,0.8958333333333334,0.030999979900000002
baseline_ensemble,968,0.04988399071925754,0.8958333333333334,0.031033315
baseline_ensemble,969,0.049903288201160544,0.8958333333333334,0.031033324499999997
baseline_ensemble,970,0.04992260061919505,0.8958333333333334,0.031066644899999996
baseline_ensemble,971,0.04994192799070848,0.8958333333333334,0.0310666598
baseline_ensemble,972,0.04996127033307514,0.8958333333333334,0.0310999821
baseline_ensemble,973,0.049980627663696243,0.8958333333333334,0.031100001
baseline_ensemble,974,0.05,0.8958333333333334,0.0311999839
baseline_ensemble,975,0.05001938735944164,0.8958333333333334,0.0311999928
baseline_ensemble,976,0.05003878975950349,0.8958333333333334,0.031233313600000003
baseline_ensemble,977,0.050058207217694994,0.8958333333333334,0.0313333123
baseline_ensemble,978,0.05007763975155279,0.8958333333333334,0.031366657799999996
baseline_ensemble,979,0.05009708737864078,0.8958333333333334,0.0313666754
baseline_ensemble,980,0.05011655011655012,0.8958333333333334,0.03139998089999999
baseline_ensemble,981,0.05013602798289934,0.8958333333333334,0.031400014500000004
baseline_ensemble,982,0.05015552099533437,0.8958333333333334,0.0314666585
baseline_ensemble,983,0.050175029171528586,0.8958333333333334,0.0314999866
baseline_ensemble,984,0.05019455252918288,0.8958333333333334,0.0315333171
baseline_ensemble,985,0.05021409108602569,0.8958333333333334,0.0315666555
baseline_ensemble,986,0.05023364485981308,0.8958333333333334,0.031566660100000005
baseline_ensemble,987,0.05025321386832879,0.8958333333333334,0.0315999887
baseline_ensemble,988,0.050272798129384254,0.8958333333333334,0.0316333269
baseline_ensemble,989,0.050292397660818715,0.8958333333333334,0.0316666493
baseline_ensemble,990,0.05031201248049922,0.8958333333333334,0.031666658800000004
baseline_ensemble,991,0.05033164260632072,0.8958333333333334,0.0316666662
baseline_ensemble,992,0.05035128805620609,0.8958333333333334,0.0316666763
baseline_ensemble,993,0.05037094884810621,0.8958333333333334,0.0316999866
baseline_ensemble,994,0.050390625,0.8958333333333334,0.031766666
baseline_ensemble,995,0.05041031652989449,0.8958333333333334,0.0318333144
baseline_ensemble,996,0.05043002345582486,0.8958333333333334,0.031833329
baseline_ensemble,997,0.05044974579585452,0.8958333333333334,0.0318666457
baseline_ensemble,998,0.05046948356807512,0.8958333333333334,0.0318999834
baseline_ensemble,999,0.050489236790606656,0.8958333333333334,0.0318999851
baseline_ensemble,1000,0.050509005481597494,0.8958333333333334,0.0318999856
baseline_ensemble,1001,0.05052878965922444,0.8958333333333334,0.0318999895
baseline_ensemble,1002,0.05054858934169279,0.8958333333333334,0.0319999988
baseline_ensemble,1003,0.05056840454723638,0.8958333333333334,0.0320000042
baseline_ensemble,1004,0.05058823529411765,0.8958333333333334,0.0320666498
baseline_ensemble,1005,0.0506080816006277,0.8958333333333334,0.0320666605
baseline_ensemble,1006,0.05062794348508634,0.8958333333333334,0.03216665
baseline_ensemble,1007,0.050647820965842166,0.8958333333333334,0.0321666534
baseline_ensemble,1008,0.05066771406127259,0.8958333333333334,0.0321666615
baseline_ensemble,1009,0.05068762278978389,0.8958333333333334,0.032199985
baseline_ensemble,1010,0.05070754716981132,0.8958333333333334,0.0321999874
baseline_ensemble,1011,0.05072748721981911,0.8958333333333334,0.0322333189
baseline_ensemble,1012,0.050747442958300554,0.8958333333333334,0.032266654900000004
baseline_ensemble,1013,0.05076741440377804,0.8958333333333334,0.0322999758
baseline_ensemble,1014,0.05078740157480315,0.8958333333333334,0.0322999811
baseline_ensemble,1015,0.05080740448995667,0.8958333333333334,0.0323333184
baseline_ensemble,1016,0.0508274231678487,0.8958333333333334,0.0323666475
baseline_ensemble,1017,0.05084745762711865,0.8958333333333334,0.0323666771
baseline_ensemble,1018,0.050867507886435334,0.8958333333333334,0.0323999929
baseline_ensemble,1019,0.05088757396449704,0.8958333333333334,0.032433319
baseline_ensemble,1020,0.05090765588003157,0.8958333333333334,0.0324666519
baseline_ensemble,1021,0.05092775365179629,0.8958333333333334,0.0325333082
baseline_ensemble,1022,0.0509478672985782,0.8958333333333334,0.0325333149
baseline_ensemble,1023,0.050967996839193994,0.8958333333333334,0.0326333143
baseline_ensemble,1024,0.050988142292490116,0.8958333333333334,0.032633324
baseline_ensemble,1025,0.051008303677342826,0.8958333333333334,0.0326666491
baseline_ensemble,1026,0.05102848101265823,0.8958333333333334,0.0326999838
baseline_ensemble,1027,0.05104867431737238,0.8958333333333334,0.032733310099999996
baseline_ensemble,1028,0.0510688836104513,0.8958333333333334,0.0327333182
baseline_ensemble,1029,0.051089108910891086,0.8958333333333334,0.0327333183
baseline_ensemble,1030,0.051109350237717906,0.8958333333333334,0.0327666528
baseline_ensemble,1031,0.05112960760998811,0.8958333333333334,0.0327999846
baseline_ensemble,1032,0.05114988104678826,0.8958333333333334,0.0328666476
baseline_ensemble,1033,0.051170170567235225,0.8958333333333334,0.0328999846
baseline_ensemble,1034,0.05119047619047619,0.8958333333333334,0.0329333177
baseline_ensemble,1035,0.051210797935688765,0.8958333333333334,0.032966650800000004
baseline_ensemble,1036,0.05123113582208102,0.8958333333333334,0.0329666517
baseline_ensemble,1037,0.05125148986889154,0.8958333333333334,0.0330333212
baseline_ensemble,1038,0.051271860095389504,0.8958333333333334,0.0330333215
baseline_ensemble,1039,0.05129224652087475,0.8958333333333334,0.0331333131
baseline_ensemble,1040,0.0513126491646778,0.8958333333333334,0.033133313500000004
baseline_ensemble,1041,0.05133306804615997,0.8958333333333334,0.0331333164
baseline_ensemble,1042,0.05135350318471338,0.8958333333333334,0.033133316600000004
baseline_ensemble,1043,0.05137395459976105,0.8958333333333334,0.0331333192
baseline_ensemble,1044,0.05139442231075697,0.8958333333333334,0.0331666621
baseline_ensemble,1045,0.05141490633718613,0.8958333333333334,0.0331999839
baseline_ensemble,1046,0.05143540669856459,0.8958333333333334,0.0331999904
baseline_ensemble,1047,0.05145592341443957,0.8958333333333334,0.033199993
baseline_ensemble,1048,0.051476456504389465,0.8958333333333334,0.0332333224
baseline_ensemble,1049,0.05149700598802395,0.8958333333333334,0.0332333259
baseline_ensemble,1050,0.05151757188498403,0.8958333333333334,0.0332666468
baseline_ensemble,1051,0.05153815421494207,0.8958333333333334,0.0333000123
baseline_ensemble,1052,0.05155875299760192,0.8958333333333334,0.0333333321
baseline_ensemble,1053,0.05157936825269892,0.8958333333333334,0.0333666484
baseline_ensemble,1054,0.0516,0.8958333333333334,0.033366652
baseline_ensemble,1055,0.05162064825930372,0.8958333333333334,0.0333666578
baseline_ensemble,1056,0.051641313050440354,0.8958333333333334,0.0333999809
baseline_ensemble,1057,0.051661994393271925,0.8958333333333334,0.033399986199999995
baseline_ensemble,1058,0.051682692307692304,0.8958333333333334,0.0334000266
baseline_ensemble,1059,0.051703406813627256,0.8958333333333334,0.0334333151
baseline_ensemble,1060,0.05172413793103448,0.8958333333333334,0.0334666448
baseline_ensemble,1061,0.05174488567990373,0.8958333333333334,0.033466649099999995
baseline_ensemble,1062,0.05176565008025682,0.8958333333333334,0.0334999829
baseline_ensemble,1063,0.05178643115214773,0.8958333333333334,0.0334999861
baseline_ensemble,1064,0.051807228915662654,0.8958333333333334,0.0335666502
baseline_ensemble,1065,0.05182804339092005,0.8958333333333334,0.0335999754
baseline_ensemble,1066,0.05184887459807074,0.8958333333333334,0.0335999835
baseline_ensemble,1067,0.05186972255729795,0.8958333333333334,0.033633308599999995
baseline_ensemble,1068,0.051890587288817375,0.8958333333333334,0.0336333131
baseline_ensemble,1069,0.05191146881287726,0.8958333333333334,0.033633314
baseline_ensemble,1070,0.051932367149758456,0.8958333333333334,0.0336333183
baseline_ensemble,1071,0.05195328231977447,0.8958333333333334,0.0336666457
baseline_ensemble,1072,0.051974214343271555,0.8958333333333334,0.0336999882
baseline_ensemble,1073,0.05199516324062878,0.8958333333333334,0.033733311099999996
baseline_ensemble,1074,0.052016129032258066,0.8958333333333334,0.0337333287
baseline_ensemble,1075,0.05203711173860428,0.8958333333333334,0.0337999832
baseline_ensemble,1076,0.05205811138014528,0.8958333333333334,0.033866645300000005
baseline_ensemble,1077,0.052079127977392004,0.8958333333333334,0.033899976
baseline_ensemble,1078,0.05210016155088853,0.8958333333333334,0.0338999837
baseline_ensemble,1079,0.052121212121212124,0.8958333333333334,0.033933306399999995
baseline_ensemble,1080,0.052142279708973324,0.8958333333333334,0.033933327400000005
baseline_ensemble,1081,0.05216336433481601,0.8958333333333334,0.0339666516
baseline_ensemble,1082,0.05218446601941747,0.8958333333333334,0.0340999847
baseline_ensemble,1083,0.05220558478348847,0.8958333333333334,0.0341999775
baseline_ensemble,1084,0.05222672064777328,0.8958333333333334,0.0342333115
baseline_ensemble,1085,0.05224787363304982,0.8958333333333334,0.034233315400000006
baseline_ensemble,1086,0.05226904376012966,0.8958333333333334,0.0342666413
baseline_ensemble,1087,0.052290231049858124,0.8958333333333334,0.034266652700000004
baseline_ensemble,1088,0.052311435523114354,0.8958333333333334,0.0342999796
baseline_ensemble,1089,0.05233265720081136,0.8958333333333334,0.0342999828
baseline_ensemble,1090,0.052353896103896104,0.8958333333333334,0.0343333079
baseline_ensemble,1091,0.05237515225334957,0.8958333333333334,0.0343333177
baseline_ensemble,1092,0.05239642567018684,0.8958333333333334,0.0343666673
baseline_ensemble,1093,0.052417716375457134,0.8958333333333334,0.0344333113
baseline_ensemble,1094,0.0524390243902439,0.8958333333333334,0.034433327900000005
baseline_ensemble,1095,0.05246034973566491,0.8958333333333334,0.0345333175
baseline_ensemble,1096,0.052481692432872255,0.8958333333333334,0.034533336
baseline_ensemble,1097,0.052503052503052504,0.8958333333333334,0.034566655099999996
baseline_ensemble,1098,0.05252442996742671,0.8958333333333334,0.034633312
baseline_ensemble,1099,0.05254582484725051,0.8958333333333334,0.0346999783
baseline_ensemble,1100,0.05256723716381418,0.8958333333333334,0.0346999807
baseline_ensemble,1101,0.052588666938442725,0.8958333333333334,0.0346999886
baseline_ensemble,1102,0.05261011419249592,0.8958333333333334,0.0346999946
baseline_ensemble,1103,0.05263157894736842,0.8958333333333334,0.034766648299999994
baseline_ensemble,1104,0.052653061224489796,0.8958333333333334,0.0347666483
baseline_ensemble,1105,0.05267456104532462,0.8958333333333334,0.034799982
baseline_ensemble,1106,0.05269607843137255,0.8958333333333334,0.0347999925
baseline_ensemble,1107,0.05271761340416837,0.8958333333333334,0.03483331
baseline_ensemble,1108,0.0527391659852821,0.8958333333333334,0.0348666516
baseline_ensemble,1109,0.05276073619631902,0.8958333333333334,0.0348666658
baseline_ensemble,1110,0.052782324058919805,0.8958333333333334,0.034899975199999995
baseline_ensemble,1111,0.05280392959476054,0.8958333333333334,0.0348999805
baseline_ensemble,1112,0.052825552825552825,0.8958333333333334,0.0348999901
baseline_ensemble,1113,0.05284719377304384,0.8958333333333334,0.0348999919
baseline_ensemble,1114,0.052868852459016395,0.8958333333333334,0.034899992399999996
baseline_ensemble,1115,0.05289052890528905,0.8958333333333334,0.0349333239
baseline_ensemble,1116,0.05291222313371616,0.8958333333333334,0.0349666591
baseline_ensemble,1117,0.05293393516618793,0.8958333333333334,0.03496666
baseline_ensemble,1118,0.05295566502463054,0.8958333333333334,0.0349999964
baseline_ensemble,1119,0.05297741273100616,0.8958333333333334,0.0352333116
baseline_ensemble,1120,0.052999178307313065,0.8958333333333334,0.035233315
baseline_ensemble,1121,0.0530209617755857,0.8958333333333334,0.035299975500000004
baseline_ensemble,1122,0.05304276315789474,0.8958333333333334,0.0352999832
baseline_ensemble,1123,0.05306458247634718,0.8958333333333334,0.035333340000000005
baseline_ensemble,1124,0.05308641975308642,0.8958333333333334,0.035399973
baseline_ensemble,1125,0.0531082750102923,0.8958333333333334,0.0353999752
baseline_ensemble,1126,0.05313014827018122,0.8958333333333334,0.0354333116
baseline_ensemble,1127,0.05315203955500618,0.8958333333333334,0.0354999731
baseline_ensemble,1128,0.053173948887056885,0.8958333333333334,0.0354999842
baseline_ensemble,1129,0.053195876288659794,0.8958333333333334,0.035499995
baseline_ensemble,1130,0.053217821782178217,0.8958333333333334,0.0355333139
baseline_ensemble,1131,0.05323978539001238,0.8958333333333334,0.0355333194
baseline_ensemble,1132,0.05326176713459951,0.8958333333333334,0.0355666493
baseline_ensemble,1133,0.05328376703841388,0.8958333333333334,0.035566650299999995
baseline_ensemble,1134,0.05330578512396694,0.8958333333333334,0.0355666565
baseline_ensemble,1135,0.05332782141380736,0.8958333333333334,0.0356333365
baseline_ensemble,1136,0.05334987593052109,0.8958333333333334,0.0356666445
baseline_ensemble,1137,0.05337194869673149,0.8958333333333334,0.0357333244
baseline_ensemble,1138,0.05339403973509934,0.8958333333333334,0.0358333188
baseline_ensemble,1139,0.05341614906832298,0.8958333333333334,0.0358666515
baseline_ensemble,1140,0.05343827671913836,0.8958333333333334,0.0358666546
baseline_ensemble,1141,0.0534604227103191,0.8958333333333334,0.0358999768
baseline_ensemble,1142,0.053482587064676616,0.8958333333333334,0.035899978
baseline_ensemble,1143,0.053504769805060144,0.8958333333333334,0.03593330709999999
baseline_ensemble,1144,0.053526970954356844,0.8958333333333334,0.0359666548
baseline_ensemble,1145,0.053549190535491904,0.8958333333333334,0.035999983
baseline_ensemble,1146,0.05357142857142857,0.8958333333333334,0.0360333144
baseline_ensemble,1147,0.05317823016202742,0.8888888888888888,0.03606666360000001
baseline_ensemble,1148,0.05320033250207814,0.8888888888888888,0.0360999887
baseline_ensemble,1149,0.053222453222453225,0.8888888888888888,0.036100000800000004
baseline_ensemble,1150,0.05324459234608985,0.8888888888888888,0.0361333084
baseline_ensemble,1151,0.05326674989596338,0.8888888888888888,0.0361333182
baseline_ensemble,1152,0.05328892589508743,0.8888888888888888,0.0361333241
baseline_ensemble,1153,0.053311120366513955,0.8888888888888888,0.0361999827
baseline_ensemble,1154,0.05333333333333334,0.8888888888888888,0.0361999836
baseline_ensemble,1155,0.05335556481867445,0.8888888888888888,0.0362333313
baseline_ensemble,1156,0.05337781484570475,0.8888888888888888,0.0362666629
baseline_ensemble,1157,0.05340008343763037,0.8888888888888888,0.036366642399999996
baseline_ensemble,1158,0.05342237061769616,0.8888888888888888,0.0363666495
baseline_ensemble,1159,0.05344467640918581,0.8888888888888888,0.0363666639
baseline_ensemble,1160,0.053467000835421885,0.8888888888888888,0.0364333158
baseline_ensemble,1161,0.05348934391976599,0.8888888888888888,0.036433341
baseline_ensemble,1162,0.05351170568561873,0.8888888888888888,0.0364333455
baseline_ensemble,1163,0.053534086156419906,0.8888888888888888,0.0364999798
baseline_ensemble,1164,0.05355648535564853,0.8888888888888888,0.036499981499999994
baseline_ensemble,1165,0.05357890330682294,0.8888888888888888,0.0365999921
baseline_ensemble,1166,0.05360134003350084,0.8888888888888888,0.0366666499
baseline_ensemble,1167,0.05362379555927943,0.8888888888888888,0.0366999721
baseline_ensemble,1168,0.053646269907795474,0.8888888888888888,0.036699977700000004
baseline_ensemble,1169,0.053668763102725364,0.8888888888888888,0.0367666396
baseline_ensemble,1170,0.053691275167785234,0.8888888888888888,0.0367999759
baseline_ensemble,1171,0.05371380612673101,0.8888888888888888,0.0368333186
baseline_ensemble,1172,0.05373635600335852,0.8888888888888888,0.0368666513
baseline_ensemble,1173,0.05375892482150357,0.8888888888888888,0.0368666588
baseline_ensemble,1174,0.05378151260504202,0.8888888888888888,0.0368999747
baseline_ensemble,1175,0.05380411937788987,0.8888888888888888,0.0368999908
baseline_ensemble,1176,0.05382674516400336,0.8888888888888888,0.0369333273
baseline_ensemble,1177,0.05384938998737905,0.8888888888888888,0.0369666484
baseline_ensemble,1178,0.05387205387205387,0.8888888888888888,0.0369666506
baseline_ensemble,1179,0.053894736842105266,0.8888888888888888,0.0369999922
baseline_ensemble,1180,0.05391743892165122,0.8888888888888888,0.0370333423
baseline_ensemble,1181,0.0539401601348504,0.8888888888888888,0.037066646700000004
baseline_ensemble,1182,0.05396290050590219,0.8888888888888888,0.037099982600000005
baseline_ensemble,1183,0.053985660059046814,0.8888888888888888,0.0370999987
baseline_ensemble,1184,0.0540084388185654,0.8888888888888888,0.0371333285
baseline_ensemble,1185,0.054031236808780074,0.8888888888888888,0.0371666489
baseline_ensemble,1186,0.05405405405405406,0.8888888888888888,0.0371666567
baseline_ensemble,1187,0.05407689057879172,0.8888888888888888,0.037199978099999996
baseline_ensemble,1188,0.05409974640743871,0.8888888888888888,0.037233325399999996
baseline_ensemble,1189,0.054122621564482026,0.8888888888888888,0.037266667
baseline_ensemble,1190,0.05414551607445008,0.8888888888888888,0.0372999807
baseline_ensemble,1191,0.054168429961912824,0.8888888888888888,0.037299981600000004
baseline_ensemble,1192,0.05419136325148179,0.8888888888888888,0.0372999848
baseline_ensemble,1193,0.05421431596781025,0.8888888888888888,0.0375333261
baseline_ensemble,1194,0.05423728813559322,0.8888888888888888,0.0375666574
baseline_ensemble,1195,0.05426027977956761,0.8888888888888888,0.0375999758
baseline_ensemble,1196,0.0542832909245123,0.8888888888888888,0.0375999812
baseline_ensemble,1197,0.054306321595248196,0.8888888888888888,0.037633304199999995
baseline_ensemble,1198,0.05432937181663837,0.8888888888888888,0.0376333163
baseline_ensemble,1199,0.05435244161358811,0.8888888888888888,0.037666646899999996
baseline_ensemble,1200,0.05437553101104503,0.8888888888888888,0.0376666532
baseline_ensemble,1201,0.05439864003399915,0.8888888888888888,0.0377666442
baseline_ensemble,1202,0.05442176870748299,0.8888888888888888,0.037833309999999995
baseline_ensemble,1203,0.05444491705657167,0.8888888888888888,0.037833316299999996
baseline_ensemble,1204,0.05446808510638298,0.8888888888888888,0.0378333188
baseline_ensemble,1205,0.05449127288207748,0.8888888888888888,0.0378666419
baseline_ensemble,1206,0.054514480408858604,0.8888888888888888,0.03796663719999999
baseline_ensemble,1207,0.05453770771197273,0.8888888888888888,0.038099972200000005
baseline_ensemble,1208,0.05456095481670929,0.8888888888888888,0.038099973599999996
baseline_ensemble,1209,0.05458422174840085,0.8888888888888888,0.0381666937
baseline_ensemble,1210,0.05460750853242321,0.8888888888888888,0.0381999767
baseline_ensemble,1211,0.05463081519419548,0.8888888888888888,0.0381999768
baseline_ensemble,1212,0.05465414175918019,0.8888888888888888,0.0382666407
baseline_ensemble,1213,0.054677488252883384,0.8888888888888888,0.0382666542
baseline_ensemble,1214,0.0547008547008547,0.8888888888888888,0.038266658099999996
baseline_ensemble,1215,0.05472424112868747,0.8888888888888888,0.0382999748
baseline_ensemble,1216,0.05474764756201882,0.8888888888888888,0.0382999855
baseline_ensemble,1217,0.05477107402652974,0.8888888888888888,0.038299987199999996
baseline_ensemble,1218,0.0547945205479452,0.8888888888888888,0.0383333201
baseline_ensemble,1219,0.05481798715203426,0.8888888888888888,0.038366632399999996
baseline_ensemble,1220,0.054841473864610114,0.8888888888888888,0.03839997159999999
baseline_ensemble,1221,0.05486498071153022,0.8888888888888888,0.038399997500000005
baseline_ensemble,1222,0.0548885077186964,0.8888888888888888,0.0384000106
baseline_ensemble,1223,0.05491205491205491,0.8888888888888888,0.0384333138
baseline_ensemble,1224,0.054935622317596564,0.8888888888888888,0.0384333239
baseline_ensemble,1225,0.05495920996135681,0.8888888888888888,0.038433324
baseline_ensemble,1226,0.054982817869415807,0.8888888888888888,0.038466650199999994
baseline_ensemble,1227,0.05500644606789858,0.8888888888888888,0.038499977299999995
baseline_ensemble,1228,0.055030094582975066,0.8888888888888888,0.0384999843
baseline_ensemble,1229,0.055053763440860215,0.8888888888888888,0.0384999991
baseline_ensemble,1230,0.055077452667814115,0.8888888888888888,0.0385333124
baseline_ensemble,1231,0.05510116229014206,0.8888888888888888,0.0385333201
baseline_ensemble,1232,0.05512489233419466,0.8888888888888888,0.0385666393
baseline_ensemble,1233,0.055148642826367944,0.8888888888888888,0.038666639600000004
baseline_ensemble,1234,0.05517241379310345,0.8888888888888888,0.0386999878
baseline_ensemble,1235,0.055196205260888316,0.8888888888888888,0.038733343600000004
baseline_ensemble,1236,0.055220017256255395,0.8888888888888888,0.038766653299999995
baseline_ensemble,1237,0.05524384980578334,0.8888888888888888,0.03879997340000001
baseline_ensemble,1238,0.055267702936096716,0.8888888888888888,0.0388666671
baseline_ensemble,1239,0.05529157667386609,0.8888888888888888,0.0388666726
baseline_ensemble,1240,0.055315471045808126,0.8888888888888888,0.0389333206
baseline_ensemble,1241,0.05533938607868569,0.8888888888888888,0.0389666419
baseline_ensemble,1242,0.05536332179930796,0.8888888888888888,0.038999981600000004
baseline_ensemble,1243,0.055387278234530504,0.8888888888888888,0.0390333344
baseline_ensemble,1244,0.05541125541125541,0.8888888888888888,0.0390333466
baseline_ensemble,1245,0.055435253356431353,0.8888888888888888,0.0391333084
baseline_ensemble,1246,0.05545927209705372,0.8888888888888888,0.039133313
baseline_ensemble,1247,0.055483311660164715,0.8888888888888888,0.039133319599999994
baseline_ensemble,1248,0.055507372072853424,0.8888888888888888,0.039199972699999995
baseline_ensemble,1249,0.05553145336225596,0.8888888888888888,0.039200021599999996
baseline_ensemble,1250,0.05555555555555555,0.8888888888888888,0.0392999697
baseline_ensemble,1251,0.05557967867998263,0.8888888888888888,0.0392999751
baseline_ensemble,1252,0.05560382276281494,0.8888888888888888,0.0392999828
baseline_ensemble,1253,0.055627987831377665,0.8888888888888888,0.0393000069
baseline_ensemble,1254,0.05565217391304348,0.8888888888888888,0.0393333156
baseline_ensemble,1255,0.05567638103523271,0.8888888888888888,0.039333321
baseline_ensemble,1256,0.0557006092254134,0.8888888888888888,0.0393333733
baseline_ensemble,1257,0.055724858511101434,0.8888888888888888,0.0393666537
baseline_ensemble,1258,0.05574912891986063,0.8888888888888888,0.0393666692
baseline_ensemble,1259,0.05577342047930283,0.8888888888888888,0.039399974399999996
baseline_ensemble,1260,0.05579773321708806,0.8888888888888888,0.039399983400000005
baseline_ensemble,1261,0.055822067160924554,0.8888888888888888,0.039433322300000004
baseline_ensemble,1262,0.055846422338568937,0.8888888888888888,0.039499978799999995
baseline_ensemble,1263,0.055870798777826275,0.8888888888888888,0.0394999827
baseline_ensemble,1264,0.05589519650655022,0.8888888888888888,0.039533308600000004
baseline_ensemble,1265,0.055919615552643076,0.8888888888888888,0.0395333186
baseline_ensemble,1266,0.055944055944055944,0.8888888888888888,0.0395666405
baseline_ensemble,1267,0.05596851770878881,0.8888888888888888,0.0395666636
baseline_ensemble,1268,0.05599300087489064,0.8888888888888888,0.0395999997
baseline_ensemble,1269,0.05601750547045952,0.8888888888888888,0.0396999769
baseline_ensemble,1270,0.05604203152364273,0.8888888888888888,0.039700013299999996
baseline_ensemble,1271,0.05606657906263688,0.8888888888888888,0.039733331499999996
baseline_ensemble,1272,0.056091148115687994,0.8888888888888888,0.039833309000000004
baseline_ensemble,1273,0.05611573871109163,0.8888888888888888,0.0398999741
baseline_ensemble,1274,0.056140350877192984,0.8888888888888888,0.0398999792
baseline_ensemble,1275,0.05616498464238701,0.8888888888888888,0.0399333115
baseline_ensemble,1276,0.056189640035118525,0.8888888888888888,0.03996664009999999
baseline_ensemble,1277,0.056214317083882304,0.8888888888888888,0.0400666469
baseline_ensemble,1278,0.056239015817223195,0.8888888888888888,0.040066659500000004
baseline_ensemble,1279,0.056263736263736264,0.8888888888888888,0.040099992
baseline_ensemble,1280,0.056288478452066845,0.8888888888888888,0.0401666403
baseline_ensemble,1281,0.056313242410910694,0.8888888888888888,0.0401666514
baseline_ensemble,1282,0.056338028169014086,0.8888888888888888,0.0402333131
baseline_ensemble,1283,0.05636283575517393,0.8888888888888888,0.040333308500000005
baseline_ensemble,1284,0.05638766519823789,0.8888888888888888,0.0403666452
baseline_ensemble,1285,0.05641251652710445,0.8888888888888888,0.040399983900000005
baseline_ensemble,1286,0.0564373897707231,0.8888888888888888,0.04046663889999999
baseline_ensemble,1287,0.0564622849580944,0.8888888888888888,0.0404666404
baseline_ensemble,1288,0.05648720211827008,0.8888888888888888,0.04046664639999999
baseline_ensemble,1289,0.0565121412803532,0.8888888888888888,0.040499984899999994
baseline_ensemble,1290,0.05653710247349823,0.8888888888888888,0.040566646
baseline_ensemble,1291,0.05656208572691118,0.8888888888888888,0.040566648100000005
baseline_ensemble,1292,0.05658709106984969,0.8888888888888888,0.04066664
baseline_ensemble,1293,0.05661211853162318,0.8888888888888888,0.0406666407
baseline_ensemble,1294,0.05663716814159292,0.8888888888888888,0.04066664169999999
baseline_ensemble,1295,0.0566622399291722,0.8888888888888888,0.040666652299999995
baseline_ensemble,1296,0.0566873339238264,0.8888888888888888,0.0407666802
baseline_ensemble,1297,0.056712450155073105,0.8888888888888888,0.040799977599999995
baseline_ensemble,1298,0.05673758865248227,0.8888888888888888,0.0407999811
baseline_ensemble,1299,0.056762749445676275,0.8888888888888888,0.040899971699999996
baseline_ensemble,1300,0.05678793256433008,0.8888888888888888,0.0409333176
baseline_ensemble,1301,0.056813138038171326,0.8888888888888888,0.041033319900000004
baseline_ensemble,1302,0.056838365896980464,0.8888888888888888,0.0410666435
baseline_ensemble,1303,0.056863616170590846,0.8888888888888888,0.0410666579
baseline_ensemble,1304,0.05688888888888889,0.8888888888888888,0.0410666586
baseline_ensemble,1305,0.05691418408181414,0.8888888888888888,0.041166645599999996
baseline_ensemble,1306,0.05693950177935943,0.8888888888888888,0.041166646300000005
baseline_ensemble,1307,0.05696484201157098,0.8888888888888888,0.0411666566
baseline_ensemble,1308,0.05699020480854853,0.8888888888888888,0.041233320000000004
baseline_ensemble,1309,0.057015590200445436,0.8888888888888888,0.0412666393
baseline_ensemble,1310,0.0570409982174688,0.8888888888888888,0.0412666525
baseline_ensemble,1311,0.057066428889879624,0.8888888888888888,0.0412666527
baseline_ensemble,1312,0.057091882247992866,0.8888888888888888,0.041299977499999994
baseline_ensemble,1313,0.0571173583221776,0.8888888888888888,0.0413000112
baseline_ensemble,1314,0.05714285714285714,0.8888888888888888,0.0413333301
baseline_ensemble,1315,0.05716837874050915,0.8888888888888888,0.04136664439999999
baseline_ensemble,1316,0.05719392314566577,0.8888888888888888,0.041366667
baseline_ensemble,1317,0.057219490388913725,0.8888888888888888,0.0413999825
baseline_ensemble,1318,0.057245080500894455,0.8888888888888888,0.0413999923
baseline_ensemble,1319,0.05727069351230425,0.8888888888888888,0.041466643000000004
baseline_ensemble,1320,0.05729632945389436,0.8888888888888888,0.0414666501
baseline_ensemble,1321,0.057321988356471114,0.8888888888888888,0.0414999723
baseline_ensemble,1322,0.05734767025089606,0.8888888888888888,0.0414999724
baseline_ensemble,1323,0.05737337516808606,0.8888888888888888,0.0414999784
baseline_ensemble,1324,0.05739910313901345,0.8888888888888888,0.041533304800000004
baseline_ensemble,1325,0.057424854194706144,0.8888888888888888,0.0415999743
baseline_ensemble,1326,0.05745062836624776,0.8888888888888888,0.0415999818
baseline_ensemble,1327,0.057476425684777725,0.8888888888888888,0.041633345200000005
baseline_ensemble,1328,0.05750224618149147,0.8888888888888888,0.0417333079
baseline_ensemble,1329,0.05752808988764045,0.8888888888888888,0.0417333214
baseline_ensemble,1330,0.05755395683453238,0.8888888888888888,0.04173332539999999
baseline_ensemble,1331,0.057579847053531266,0.8888888888888888,0.0417333513
baseline_ensemble,1332,0.0576057605760576,0.8888888888888888,0.041766634899999995
baseline_ensemble,1333,0.05763169743358847,0.8888888888888888,0.0417666409
baseline_ensemble,1334,0.05765765765765766,0.8888888888888888,0.0417666421
baseline_ensemble,1335,0.05768364127985579,0.8888888888888888,0.041766644799999995
baseline_ensemble,1336,0.057709648331830475,0.8888888888888888,0.0417999741
baseline_ensemble,1337,0.05773567884528642,0.8888888888888888,0.041833302899999994
baseline_ensemble,1338,0.05776173285198556,0.8888888888888888,0.0418333038
baseline_ensemble,1339,0.057787810383747175,0.8888888888888888,0.041833304099999996
baseline_ensemble,1340,0.057813911472448055,0.8888888888888888,0.041833314299999994
baseline_ensemble,1341,0.057840036150022596,0.8888888888888888,0.0418333225
baseline_ensemble,1342,0.05786618444846293,0.8888888888888888,0.04193330569999999
baseline_ensemble,1343,0.05789235639981909,0.8888888888888888,0.041999989300000005
baseline_ensemble,1344,0.0579185520361991,0.8888888888888888,0.042000003699999996
baseline_ensemble,1345,0.057944771389769126,0.8888888888888888,0.0420333144
baseline_ensemble,1346,0.057971014492753624,0.8888888888888888,0.042066663
baseline_ensemble,1347,0.057997281377435435,0.8888888888888888,0.042099979100000004
baseline_ensemble,1348,0.05802357207615594,0.8888888888888888,0.0420999998
baseline_ensemble,1349,0.058049886621315196,0.8888888888888888,0.04213331929999999
baseline_ensemble,1350,0.05807622504537205,0.8888888888888888,0.042133329
baseline_ensemble,1351,0.058102587380844305,0.8888888888888888,0.04216665
baseline_ensemble,1352,0.05812897366030881,0.8888888888888888,0.0421999785
baseline_ensemble,1353,0.05815538391640163,0.8888888888888888,0.042199979000000006
baseline_ensemble,1354,0.057727272727272724,0.8819444444444444,0.0421999887
baseline_ensemble,1355,0.057753524329240566,0.8819444444444444,0.0423666426
baseline_ensemble,1356,0.05777979981801638,0.8819444444444444,0.0424333242
baseline_ensemble,1357,0.05780609922621757,0.8819444444444444,0.042466642799999996
baseline_ensemble,1358,0.057832422586520944,0.8819444444444444,0.0424666521
baseline_ensemble,1359,0.05785876993166287,0.8819444444444444,0.0424999736
baseline_ensemble,1360,0.05788514129443938,0.8819444444444444,0.042500001600000004
baseline_ensemble,1361,0.05791153670770634,0.8819444444444444,0.042566638399999995
baseline_ensemble,1362,0.05793795620437956,0.8819444444444444,0.0425999729
baseline_ensemble,1363,0.05796439981743496,0.8819444444444444,0.04260002190000001
baseline_ensemble,1364,0.05799086757990868,0.8819444444444444,0.0426333196
baseline_ensemble,1365,0.058017359524897213,0.8819444444444444,0.0426333245
baseline_ensemble,1366,0.058043875685557585,0.8819444444444444,0.04263332710000001
baseline_ensemble,1367,0.058070416095107456,0.8819444444444444,0.04266665360000001
baseline_ensemble,1368,0.05809698078682525,0.8819444444444444,0.0426666615
baseline_ensemble,1369,0.058123569794050346,0.8819444444444444,0.0427666362
baseline_ensemble,1370,0.05815018315018315,0.8819444444444444,0.042766637
baseline_ensemble,1371,0.058176820888685296,0.8819444444444444,0.042799977399999994
baseline_ensemble,1372,0.05820348304307974,0.8819444444444444,0.0428666715
baseline_ensemble,1373,0.05823016964695094,0.8819444444444444,0.0429666481
baseline_ensemble,1374,0.05825688073394496,0.8819444444444444,0.042966663700000005
baseline_ensemble,1375,0.05828361633776962,0.8819444444444444,0.0429999692
baseline_ensemble,1376,0.05831037649219467,0.8819444444444444,0.0430333319
baseline_ensemble,1377,0.058337161231051905,0.8819444444444444,0.0430666493
baseline_ensemble,1378,0.058363970588235295,0.8819444444444444,0.0430666844
baseline_ensemble,1379,0.05839080459770115,0.8819444444444444,0.04309996879999999
baseline_ensemble,1380,0.05841766329346826,0.8819444444444444,0.043099978100000005
baseline_ensemble,1381,0.05844454670961804,0.8819444444444444,0.043133302000000005
baseline_ensemble,1382,0.05847145488029466,0.8819444444444444,0.043166651
baseline_ensemble,1383,0.05849838783970521,0.8819444444444444,0.04323331
baseline_ensemble,1384,0.05852534562211981,0.8819444444444444,0.0432333328
baseline_ensemble,1385,0.05855232826187183,0.8819444444444444,0.0432666536
baseline_ensemble,1386,0.05857933579335793,0.8819444444444444,0.043299970300000004
baseline_ensemble,1387,0.0586063682510383,0.8819444444444444,0.043333339799999995
baseline_ensemble,1388,0.05863342566943675,0.8819444444444444,0.043366641299999995
baseline_ensemble,1389,0.058660508083140876,0.8819444444444444,0.0433999797
baseline_ensemble,1390,0.05868761552680222,0.8819444444444444,0.0434333008
baseline_ensemble,1391,0.058714748035136384,0.8819444444444444,0.0434333052
baseline_ensemble,1392,0.05874190564292322,0.8819444444444444,0.0434333072
baseline_ensemble,1393,0.05876908838500694,0.8819444444444444,0.043433313499999994
baseline_ensemble,1394,0.0587962962962963,0.8819444444444444,0.0434666379
baseline_ensemble,1395,0.058823529411764705,0.8819444444444444,0.04346669
baseline_ensemble,1396,0.05885078776645042,0.8819444444444444,0.0435999698
baseline_ensemble,1397,0.05887807139545665,0.8819444444444444,0.043633304
baseline_ensemble,1398,0.05890538033395176,0.8819444444444444,0.043733313100000004
baseline_ensemble,1399,0.058932714617169375,0.8819444444444444,0.0437666481
baseline_ensemble,1400,0.058960074280408545,0.8819444444444444,0.0437999669
baseline_ensemble,1401,0.058987459359033906,0.8819444444444444,0.0437999716
baseline_ensemble,1402,0.05901486988847584,0.8819444444444444,0.043833306600000004
baseline_ensemble,1403,0.05904230590423059,0.8819444444444444,0.0438333161
baseline_ensemble,1404,0.05906976744186047,0.8819444444444444,0.0438333179
baseline_ensemble,1405,0.05909725453699395,0.8819444444444444,0.0438666378
baseline_ensemble,1406,0.059124767225325885,0.8819444444444444,0.0438666387
baseline_ensemble,1407,0.059152305542617606,0.8819444444444444,0.043899985700000005
baseline_ensemble,1408,0.05917986952469711,0.8819444444444444,0.0438999868
baseline_ensemble,1409,0.05920745920745921,0.8819444444444444,0.0439333071
baseline_ensemble,1410,0.05923507462686567,0.8819444444444444,0.0439333176
baseline_ensemble,1411,0.058796080261315914,0.875,0.04403331619999999
baseline_ensemble,1412,0.058823529411764705,0.875,0.0440666445
baseline_ensemble,1413,0.058851004203643156,0.875,0.0440666488
baseline_ensemble,1414,0.058878504672897194,0.875,0.0441333305
baseline_ensemble,1415,0.05890603085553997,0.875,0.0441666463
baseline_ensemble,1416,0.05893358278765201,0.875,0.0442000055
baseline_ensemble,1417,0.058961160505381374,0.875,0.0442333102
baseline_ensemble,1418,0.05898876404494382,0.875,0.0442333124
baseline_ensemble,1419,0.05901639344262295,0.875,0.044233321699999995
baseline_ensemble,1420,0.059044048734770385,0.875,0.0442666369
baseline_ensemble,1421,0.05907172995780591,0.875,0.0442666738
baseline_ensemble,1422,0.05909943714821764,0.875,0.044333302899999996
baseline_ensemble,1423,0.05912717034256218,0.875,0.044433319900000004
baseline_ensemble,1424,0.059154929577464786,0.875,0.0444333578
baseline_ensemble,1425,0.05918271488961954,0.875,0.0444999658
baseline_ensemble,1426,0.05921052631578947,0.875,0.04453330180000001
baseline_ensemble,1427,0.05923836389280677,0.875,0.0445333115
baseline_ensemble,1428,0.059266227657572904,0.875,0.0445666473
baseline_ensemble,1429,0.059294117647058824,0.875,0.0445666507
baseline_ensemble,1430,0.059322033898305086,0.875,0.044599980000000004
baseline_ensemble,1431,0.05934997644842204,0.875,0.0446666325
baseline_ensemble,1432,0.0589066918001885,0.8680555555555556,0.0446999709
baseline_ensemble,1433,0.058934464875058934,0.8680555555555556,0.0446999725
baseline_ensemble,1434,0.0589622641509434,0.8680555555555556,0.044799974299999996
baseline_ensemble,1435,0.05899008966493629,0.8680555555555556,0.0447999894
baseline_ensemble,1436,0.059017941454202076,0.8680555555555556,0.0449333034
baseline_ensemble,1437,0.05904581955597544,0.8680555555555556,0.0449333163
baseline_ensemble,1438,0.05907372400756144,0.8680555555555556,0.0449666358
baseline_ensemble,1439,0.0591016548463357,0.8680555555555556,0.0449666429
baseline_ensemble,1440,0.05912961210974456,0.8680555555555556,0.0449999689
baseline_ensemble,1441,0.059157595835305256,0.8680555555555556,0.0450333047
baseline_ensemble,1442,0.059185606060606064,0.8680555555555556,0.0450333094
baseline_ensemble,1443,0.05921364282330649,0.8680555555555556,0.0450666263
baseline_ensemble,1444,0.058767772511848344,0.8611111111111112,0.04506665520000001
baseline_ensemble,1445,0.05879563774300616,0.8611111111111112,0.045099973599999996
baseline_ensemble,1446,0.058823529411764705,0.8611111111111112,0.0451333102
baseline_ensemble,1447,0.05885144755576649,0.8611111111111112,0.0451999704
baseline_ensemble,1448,0.05887939221272555,0.8611111111111112,0.045199971500000005
baseline_ensemble,1449,0.05890736342042755,0.8611111111111112,0.045299993
baseline_ensemble,1450,0.058935361216730035,0.8611111111111112,0.045366637200000004
baseline_ensemble,1451,0.05896338563956253,0.8611111111111112,0.045366644899999996
baseline_ensemble,1452,0.058991436726926735,0.8611111111111112,0.04543331700000001
baseline_ensemble,1453,0.059019514516896715,0.8611111111111112,0.045466637000000004
baseline_ensemble,1454,0.05904761904761905,0.8611111111111112,0.04549998970000001
baseline_ensemble,1455,0.05907575035731301,0.8611111111111112,0.045566642
baseline_ensemble,1456,0.05910390848427073,0.8611111111111112,0.0455666502
baseline_ensemble,1457,0.05913209346685742,0.8611111111111112,0.045633301
baseline_ensemble,1458,0.05916030534351145,0.8611111111111112,0.0456999746
baseline_ensemble,1459,0.05918854415274463,0.8611111111111112,0.045700005
baseline_ensemble,1460,0.05921680993314231,0.8611111111111112,0.045733324799999996
baseline_ensemble,1461,0.05924510272336359,0.8611111111111112,0.045799982
baseline_ensemble,1462,0.05927342256214149,0.8611111111111112,0.0458999656
baseline_ensemble,1463,0.05930176948828312,0.8611111111111112,0.0458999739
baseline_ensemble,1464,0.05933014354066986,0.8611111111111112,0.045966633800000004
baseline_ensemble,1465,0.05935854475825754,0.8611111111111112,0.04599997189999999
baseline_ensemble,1466,0.05938697318007663,0.8611111111111112,0.0460666511
baseline_ensemble,1467,0.05941542884523239,0.8611111111111112,0.0460666964
baseline_ensemble,1468,0.059443911792905084,0.8611111111111112,0.04609996279999999
baseline_ensemble,1469,0.05947242206235012,0.8611111111111112,0.0461666349
baseline_ensemble,1470,0.05950095969289827,0.8611111111111112,0.046266656
baseline_ensemble,1471,0.05952952472395583,0.8611111111111112,0.046299973599999995
baseline_ensemble,1472,0.059558117195004805,0.8611111111111112,0.04629998019999999
baseline_ensemble,1473,0.05958673714560307,0.8611111111111112,0.046299982399999995
baseline_ensemble,1474,0.05961538461538462,0.8611111111111112,0.046299997499999995
baseline_ensemble,1475,0.059644059644059645,0.8611111111111112,0.046366649600000004
baseline_ensemble,1476,0.059672762271414825,0.8611111111111112,0.046399971000000005
baseline_ensemble,1477,0.05970149253731343,0.8611111111111112,0.046399972299999995
baseline_ensemble,1478,0.05973025048169557,0.8611111111111112,0.046433333
baseline_ensemble,1479,0.059759036144578316,0.8611111111111112,0.0464666484
baseline_ensemble,1480,0.05978784956605593,0.8611111111111112,0.046499969099999997
baseline_ensemble,1481,0.05981669078630005,0.8611111111111112,0.04659996749999999
baseline_ensemble,1482,0.059845559845559844,0.8611111111111112,0.0466333087
baseline_ensemble,1483,0.05987445678416224,0.8611111111111112,0.0466666441
baseline_ensemble,1484,0.05990338164251208,0.8611111111111112,0.0466999775
baseline_ensemble,1485,0.059932334461092314,0.8611111111111112,0.046733330899999995
baseline_ensemble,1486,0.059961315280464215,0.8611111111111112,0.0467666449
baseline_ensemble,1487,0.05999032414126754,0.8611111111111112,0.0467999744
baseline_ensemble,1488,0.060019361084220714,0.8611111111111112,0.046799980899999996
baseline_ensemble,1489,0.06004842615012106,0.8611111111111112,0.0468333056
baseline_ensemble,1490,0.060077519379844964,0.8611111111111112,0.0469333098
baseline_ensemble,1491,0.060106640814348036,0.8611111111111112,0.0469333146
baseline_ensemble,1492,0.06013579049466537,0.8611111111111112,0.0469999717
baseline_ensemble,1493,0.060164968461911696,0.8611111111111112,0.046999982600000004
baseline_ensemble,1494,0.06019417475728155,0.8611111111111112,0.047133304
baseline_ensemble,1495,0.06022340942204954,0.8611111111111112,0.047133313100000004
baseline_ensemble,1496,0.06025267249757046,0.8611111111111112,0.0471999692
baseline_ensemble,1497,0.060281964025279536,0.8611111111111112,0.0472333203
baseline_ensemble,1498,0.06031128404669261,0.8611111111111112,0.047233339500000006
baseline_ensemble,1499,0.06034063260340632,0.8611111111111112,0.047266649099999995
baseline_ensemble,1500,0.06037000973709834,0.8611111111111112,0.0472666507
baseline_ensemble,1501,0.06039941548952752,0.8611111111111112,0.0473000055
baseline_ensemble,1502,0.06042884990253411,0.8611111111111112,0.047333309500000004
baseline_ensemble,1503,0.06045831301803998,0.8611111111111112,0.0473333177
baseline_ensemble,1504,0.06048780487804878,0.8611111111111112,0.047433314799999994
baseline_ensemble,1505,0.06051732552464617,0.8611111111111112,0.0474666547
baseline_ensemble,1506,0.060546875,0.8611111111111112,0.047533310499999995
baseline_ensemble,1507,0.060576453346360526,0.8611111111111112,0.0476333054
baseline_ensemble,1508,0.06060606060606061,0.8611111111111112,0.047766650699999996
baseline_ensemble,1509,0.06063569682151589,0.8611111111111112,0.0477666543
baseline_ensemble,1510,0.060665362035225046,0.8611111111111112,0.047799976
baseline_ensemble,1511,0.06069505628976995,0.8611111111111112,0.0478333086
baseline_ensemble,1512,0.06072477962781587,0.8611111111111112,0.04786663
baseline_ensemble,1513,0.06075453209211171,0.8611111111111112,0.0478666308
baseline_ensemble,1514,0.060784313725490195,0.8611111111111112,0.0478666347
baseline_ensemble,1515,0.06081412457086807,0.8611111111111112,0.047866692599999996
baseline_ensemble,1516,0.06084396467124632,0.8611111111111112,0.0479000011
baseline_ensemble,1517,0.06087383406971036,0.8611111111111112,0.0479666468
baseline_ensemble,1518,0.060903732809430254,0.8611111111111112,0.0480666378
baseline_ensemble,1519,0.060933660933660934,0.8611111111111112,0.048066648
baseline_ensemble,1520,0.06096361848574238,0.8611111111111112,0.048133297400000004
baseline_ensemble,1521,0.06099360550909985,0.8611111111111112,0.0481666512
baseline_ensemble,1522,0.0610236220472441,0.8611111111111112,0.048199963699999994
baseline_ensemble,1523,0.06105366814377154,0.8611111111111112,0.0482666434
baseline_ensemble,1524,0.061083743842364535,0.8611111111111112,0.0484666604
baseline_ensemble,1525,0.061113849186791525,0.8611111111111112,0.0484999605
baseline_ensemble,1526,0.0611439842209073,0.8611111111111112,0.0485332969
baseline_ensemble,1527,0.061174148988653185,0.8611111111111112,0.0485333026
baseline_ensemble,1528,0.06120434353405726,0.8611111111111112,0.048566658
baseline_ensemble,1529,0.06123456790123457,0.8611111111111112,0.0485999737
baseline_ensemble,1530,0.06126482213438735,0.8611111111111112,0.0486666388
baseline_ensemble,1531,0.06129510627780524,0.8611111111111112,0.048699971
baseline_ensemble,1532,0.06132542037586548,0.8611111111111112,0.0487332994
baseline_ensemble,1533,0.061355764473033154,0.8611111111111112,0.04873330740000001
baseline_ensemble,1534,0.061386138613861385,0.8611111111111112,0.048733349
baseline_ensemble,1535,0.06141654284299158,0.8611111111111112,0.0487666541
baseline_ensemble,1536,0.061446977205153616,0.8611111111111112,0.0487999863
baseline_ensemble,1537,0.06147744174516609,0.8611111111111112,0.048833313600000004
baseline_ensemble,1538,0.061507936507936505,0.8611111111111112,0.0488999641
baseline_ensemble,1539,0.06153846153846154,0.8611111111111112,0.0488999685
baseline_ensemble,1540,0.06156901688182721,0.8611111111111112,0.048899996099999996
baseline_ensemble,1541,0.061599602583209144,0.8611111111111112,0.0489333032
baseline_ensemble,1542,0.061630218687872766,0.8611111111111112,0.048933316399999996
baseline_ensemble,1543,0.06166086524117355,0.8611111111111112,0.04923330819999999
baseline_ensemble,1544,0.061691542288557215,0.8611111111111112,0.0492666562
baseline_ensemble,1545,0.06172224987555998,0.8611111111111112,0.0492999861
baseline_ensemble,1546,0.061752988047808766,0.8611111111111112,0.0492999882
baseline_ensemble,1547,0.06178375685102142,0.8611111111111112,0.049299997600000006
baseline_ensemble,1548,0.06181455633100698,0.8611111111111112,0.049399965299999994
baseline_ensemble,1549,0.061845386533665836,0.8611111111111112,0.04939997979999999
baseline_ensemble,1550,0.06187624750499002,0.8611111111111112,0.049433303299999995
baseline_ensemble,1551,0.0619071392910634,0.8611111111111112,0.0494333037
baseline_ensemble,1552,0.061938061938061936,0.8611111111111112,0.0494333098
baseline_ensemble,1553,0.06196901549225387,0.8611111111111112,0.0494999897
baseline_ensemble,1554,0.062,0.8611111111111112,0.049533295199999994
baseline_ensemble,1555,0.062031015507753876,0.8611111111111112,0.04953330189999999
baseline_ensemble,1556,0.062062062062062065,0.8611111111111112,0.0495666296
baseline_ensemble,1557,0.06209313970956434,0.8611111111111112,0.0495666351
baseline_ensemble,1558,0.06212424849699399,0.8611111111111112,0.049566649399999996
baseline_ensemble,1559,0.06215538847117794,0.8611111111111112,0.049599969099999995
baseline_ensemble,1560,0.062186559679037114,0.8611111111111112,0.049699977299999996
baseline_ensemble,1561,0.06221776216758655,0.8611111111111112,0.0497333148
baseline_ensemble,1562,0.06224899598393574,0.8611111111111112,0.04976665729999999
baseline_ensemble,1563,0.0622802611752888,0.8611111111111112,0.0498332975
baseline_ensemble,1564,0.062311557788944726,0.8611111111111112,0.0498333077
baseline_ensemble,1565,0.06234288587229764,0.8611111111111112,0.049899974
baseline_ensemble,1566,0.06237424547283702,0.8611111111111112,0.050099986
baseline_ensemble,1567,0.06240563663814796,0.8611111111111112,0.0500999871
baseline_ensemble,1568,0.06243705941591138,0.8611111111111112,0.0501332955
baseline_ensemble,1569,0.062468513853904284,0.8611111111111112,0.05013330829999999
baseline_ensemble,1570,0.0625,0.8611111111111112,0.0501666406
baseline_ensemble,1571,0.06253151790216843,0.8611111111111112,0.05016664530000001
baseline_ensemble,1572,0.06256306760847628,0.8611111111111112,0.0501999755
baseline_ensemble,1573,0.06259464916708733,0.8611111111111112,0.0502333143
baseline_ensemble,1574,0.06262626262626263,0.8611111111111112,0.050233320399999996
baseline_ensemble,1575,0.06265790803436079,0.8611111111111112,0.0502333424
baseline_ensemble,1576,0.06268958543983821,0.8611111111111112,0.050266639599999996
baseline_ensemble,1577,0.06272129489124936,0.8611111111111112,0.050333295300000004
baseline_ensemble,1578,0.06275303643724696,0.8611111111111112,0.050333303999999995
baseline_ensemble,1579,0.06278481012658228,0.8611111111111112,0.0503333163
baseline_ensemble,1580,0.06281661600810537,0.8611111111111112,0.0503666344
baseline_ensemble,1581,0.06284845413076533,0.8611111111111112,0.0504999716
baseline_ensemble,1582,0.06288032454361055,0.8611111111111112,0.05053329959999999
baseline_ensemble,1583,0.06291222729578894,0.8611111111111112,0.050533319400000005
baseline_ensemble,1584,0.06294416243654823,0.8611111111111112,0.050566633
baseline_ensemble,1585,0.06297613001523616,0.8611111111111112,0.050633323800000005
baseline_ensemble,1586,0.06300813008130081,0.8611111111111112,0.0506666266
baseline_ensemble,1587,0.0630401626842908,0.8611111111111112,0.050666649300000005
baseline_ensemble,1588,0.06307222787385554,0.8611111111111112,0.0507332935
baseline_ensemble,1589,0.06310432569974554,0.8611111111111112,0.050733323
baseline_ensemble,1590,0.06313645621181263,0.8611111111111112,0.0507666415
baseline_ensemble,1591,0.06316861946001019,0.8611111111111112,0.0507999818
baseline_ensemble,1592,0.06320081549439348,0.8611111111111112,0.0508333066
baseline_ensemble,1593,0.06323304436511984,0.8611111111111112,0.0508333121
baseline_ensemble,1594,0.06326530612244897,0.8611111111111112,0.0508666312
baseline_ensemble,1595,0.06329760081674324,0.8611111111111112,0.050933304900000004
baseline_ensemble,1596,0.06332992849846783,0.8611111111111112,0.050966645399999996
baseline_ensemble,1597,0.0633622892181911,0.8611111111111112,0.0509999652
baseline_ensemble,1598,0.06339468302658487,0.8611111111111112,0.0510333057
baseline_ensemble,1599,0.06342710997442455,0.8611111111111112,0.0510999699
baseline_ensemble,1600,0.06345957011258956,0.8611111111111112,0.05109997579999999
baseline_ensemble,1601,0.06349206349206349,0.8611111111111112,0.0512332932
baseline_ensemble,1602,0.06352459016393443,0.8611111111111112,0.051233300499999995
baseline_ensemble,1603,0.06355715017939519,0.8611111111111112,0.051233319
baseline_ensemble,1604,0.06358974358974359,0.8611111111111112,0.0512999608
baseline_ensemble,1605,0.06362237044638276,0.8611111111111112,0.0513333198
baseline_ensemble,1606,0.06365503080082136,0.8611111111111112,0.051333323699999996
baseline_ensemble,1607,0.06368772470467386,0.8611111111111112,0.051366634599999995
baseline_ensemble,1608,0.06372045220966084,0.8611111111111112,0.051399970100000004
baseline_ensemble,1609,0.06375321336760925,0.8611111111111112,0.051599961199999995
baseline_ensemble,1610,0.06378600823045268,0.8611111111111112,0.0516666331
baseline_ensemble,1611,0.0638188368502316,0.8611111111111112,0.051733297399999996
baseline_ensemble,1612,0.06385169927909372,0.8611111111111112,0.0517333092
baseline_ensemble,1613,0.06388459556929418,0.8611111111111112,0.051733319199999996
baseline_ensemble,1614,0.06391752577319587,0.8611111111111112,0.0517999773
baseline_ensemble,1615,0.06395048994326973,0.8611111111111112,0.051899967400000004
baseline_ensemble,1616,0.06398348813209494,0.8611111111111112,0.0519332939
baseline_ensemble,1617,0.06401652039235932,0.8611111111111112,0.0519999865
baseline_ensemble,1618,0.0640495867768595,0.8611111111111112,0.0521666437
baseline_ensemble,1619,0.0640826873385013,0.8611111111111112,0.052166653800000004
baseline_ensemble,1620,0.0641158221302999,0.8611111111111112,0.0521999813
baseline_ensemble,1621,0.06414899120538024,0.8611111111111112,0.052199996
baseline_ensemble,1622,0.06418219461697723,0.8611111111111112,0.05219999659999999
baseline_ensemble,1623,0.06421543241843604,0.8611111111111112,0.052233312500000004
baseline_ensemble,1624,0.06424870466321243,0.8611111111111112,0.052233328600000004
baseline_ensemble,1625,0.064282011404873,0.8611111111111112,0.052299964799999994
baseline_ensemble,1626,0.0637966804979253,0.8541666666666666,0.05243329349999999
baseline_ensemble,1627,0.06382978723404255,0.8541666666666666,0.0524332957
baseline_ensemble,1628,0.06386292834890965,0.8541666666666666,0.0525666416
baseline_ensemble,1629,0.0638961038961039,0.8541666666666666,0.052699969299999996
baseline_ensemble,1630,0.06392931392931393,0.8541666666666666,0.0527999883
baseline_ensemble,1631,0.06396255850234009,0.8541666666666666,0.052899964
baseline_ensemble,1632,0.0639958376690947,0.8541666666666666,0.05299996559999999
baseline_ensemble,1633,0.06402915148360229,0.8541666666666666,0.053033297800000004
baseline_ensemble,1634,0.0640625,0.8541666666666666,0.0530333191
baseline_ensemble,1635,0.06409588327253778,0.8541666666666666,0.0530666478
baseline_ensemble,1636,0.06412930135557873,0.8541666666666666,0.0531333038
baseline_ensemble,1637,0.06416275430359937,0.8541666666666666,0.0532666306
baseline_ensemble,1638,0.06419624217118998,0.8541666666666666,0.053266633699999996
baseline_ensemble,1639,0.06422976501305483,0.8541666666666666,0.053266634
baseline_ensemble,1640,0.06426332288401254,0.8541666666666666,0.053299958700000004
baseline_ensemble,1641,0.06429691583899634,0.8541666666666666,0.0533333089
baseline_ensemble,1642,0.06433054393305439,0.8541666666666666,0.05336665560000001
baseline_ensemble,1643,0.06436420722135008,0.8541666666666666,0.0533999684
baseline_ensemble,1644,0.06439790575916231,0.8541666666666666,0.0534332844
baseline_ensemble,1645,0.0644316396018858,0.8541666666666666,0.053433325000000004
baseline_ensemble,1646,0.06446540880503145,0.8541666666666666,0.053533297300000005
baseline_ensemble,1647,0.06449921342422653,0.8541666666666666,0.053566632
baseline_ensemble,1648,0.06453305351521511,0.8541666666666666,0.0535666347
baseline_ensemble,1649,0.06456692913385827,0.8541666666666666,0.0536666279
baseline_ensemble,1650,0.06460084033613446,0.8541666666666666,0.0536666345
baseline_ensemble,1651,0.06463478717813978,0.8541666666666666,0.0536666554
baseline_ensemble,1652,0.06466876971608833,0.8541666666666666,0.053699979700000004
baseline_ensemble,1653,0.06470278800631246,0.8541666666666666,0.0537666345
baseline_ensemble,1654,0.06473684210526316,0.8541666666666666,0.053799982600000004
baseline_ensemble,1655,0.06424433912585571,0.8472222222222222,0.053899971100000006
baseline_ensemble,1656,0.0642781875658588,0.8472222222222222,0.053899982199999995
baseline_ensemble,1657,0.06431207169214549,0.8472222222222222,0.053933311600000006
baseline_ensemble,1658,0.06434599156118144,0.8472222222222222,0.054066664199999996
baseline_ensemble,1659,0.06437994722955145,0.8472222222222222,0.0540999901
baseline_ensemble,1660,0.06441393875395987,0.8472222222222222,0.054166631199999996
baseline_ensemble,1661,0.06444796619123085,0.8472222222222222,0.0541666524
baseline_ensemble,1662,0.06448202959830866,0.8472222222222222,0.0542666256
baseline_ensemble,1663,0.06451612903225806,0.8472222222222222,0.0542666309
baseline_ensemble,1664,0.06455026455026455,0.8472222222222222,0.0542999679
baseline_ensemble,1665,0.06458443620963472,0.8472222222222222,0.0543666161
baseline_ensemble,1666,0.0646186440677966,0.8472222222222222,0.054399978300000006
baseline_ensemble,1667,0.06465288818229994,0.8472222222222222,0.05446664479999999
baseline_ensemble,1668,0.06468716861081654,0.8472222222222222,0.054499978500000004
baseline_ensemble,1669,0.06472148541114059,0.8472222222222222,0.054533301
baseline_ensemble,1670,0.06475583864118896,0.8472222222222222,0.0546667101
baseline_ensemble,1671,0.0647902283590016,0.8472222222222222,0.0547999866
baseline_ensemble,1672,0.06482465462274177,0.8472222222222222,0.0548333223
baseline_ensemble,1673,0.06485911749069644,0.8472222222222222,0.054866639999999994
baseline_ensemble,1674,0.06489361702127659,0.8472222222222222,0.054933337500000005
baseline_ensemble,1675,0.06492815327301757,0.8472222222222222,0.0549999853
baseline_ensemble,1676,0.06496272630457935,0.8472222222222222,0.055066619600000005
baseline_ensemble,1677,0.06499733617474694,0.8472222222222222,0.0551332998
baseline_ensemble,1678,0.0650319829424307,0.8472222222222222,0.0552666405
baseline_ensemble,1679,0.06506666666666666,0.8472222222222222,0.055433298
baseline_ensemble,1680,0.06510138740661686,0.8472222222222222,0.055466638900000004
baseline_ensemble,1681,0.06513614522156967,0.8472222222222222,0.055499967
baseline_ensemble,1682,0.06517094017094018,0.8472222222222222,0.0554999717
baseline_ensemble,1683,0.06520577231427044,0.8472222222222222,0.05553329269999999
baseline_ensemble,1684,0.06524064171122995,0.8472222222222222,0.0555666365
baseline_ensemble,1685,0.06527554842161584,0.8472222222222222,0.0555666427
baseline_ensemble,1686,0.06531049250535331,0.8472222222222222,0.055666633199999996
baseline_ensemble,1687,0.06534547402249598,0.8472222222222222,0.055666664100000006
baseline_ensemble,1688,0.06538049303322616,0.8472222222222222,0.055699982800000006
baseline_ensemble,1689,0.06541554959785523,0.8472222222222222,0.0557000033
baseline_ensemble,1690,0.06545064377682404,0.8472222222222222,0.055733294399999994
baseline_ensemble,1691,0.06548577563070317,0.8472222222222222,0.05573331249999999
baseline_ensemble,1692,0.06552094522019335,0.8472222222222222,0.0557333182
baseline_ensemble,1693,0.06555615260612574,0.8472222222222222,0.0557999933
baseline_ensemble,1694,0.06559139784946237,0.8472222222222222,0.0558333098
baseline_ensemble,1695,0.0656266810112964,0.8472222222222222,0.0558666513
baseline_ensemble,1696,0.06566200215285253,0.8472222222222222,0.0559332975
baseline_ensemble,1697,0.06569736133548734,0.8472222222222222,0.0559333107
baseline_ensemble,1698,0.06573275862068965,0.8472222222222222,0.056000008899999995
baseline_ensemble,1699,0.06576819407008086,0.8472222222222222,0.0560332988
baseline_ensemble,1700,0.06580366774541532,0.8472222222222222,0.0561332928
baseline_ensemble,1701,0.06583917970858068,0.8472222222222222,0.0561333084
baseline_ensemble,1702,0.06587473002159827,0.8472222222222222,0.0561666249
baseline_ensemble,1703,0.06591031874662345,0.8472222222222222,0.0561999957
baseline_ensemble,1704,0.06594594594594595,0.8472222222222222,0.0562666522
baseline_ensemble,1705,0.06598161168199027,0.8472222222222222,0.056366627499999995
baseline_ensemble,1706,0.06547619047619048,0.8402777777777778,0.05636668150000001
baseline_ensemble,1707,0.06551164049810504,0.8402777777777778,0.0563999611
baseline_ensemble,1708,0.06554712892741062,0.8402777777777778,0.0563999635
baseline_ensemble,1709,0.06558265582655827,0.8402777777777778,0.05639996679999999
baseline_ensemble,1710,0.06561822125813449,0.8402777777777778,0.0564333082
baseline_ensemble,1711,0.06565382528486163,0.8402777777777778,0.0564333243
baseline_ensemble,1712,0.06568946796959826,0.8402777777777778,0.0564666256
baseline_ensemble,1713,0.06572514937533949,0.8402777777777778,0.0564666885
baseline_ensemble,1714,0.06576086956521739,0.8402777777777778,0.0564999589
baseline_ensemble,1715,0.06579662860250136,0.8402777777777778,0.0565666372
baseline_ensemble,1716,0.06583242655059848,0.8402777777777778,0.0565999584
baseline_ensemble,1717,0.0658682634730539,0.8402777777777778,0.056633296099999994
baseline_ensemble,1718,0.0659041394335512,0.8402777777777778,0.05666664540000001
baseline_ensemble,1719,0.06594005449591281,0.8402777777777778,0.056833333900000005
baseline_ensemble,1720,0.06597600872410032,0.8402777777777778,0.0568333561
baseline_ensemble,1721,0.06601200218221495,0.8402777777777778,0.0568666412
baseline_ensemble,1722,0.06604803493449782,0.8402777777777778,0.0569333011
baseline_ensemble,1723,0.06608410704533042,0.8402777777777778,0.056966711200000006
baseline_ensemble,1724,0.06612021857923497,0.8402777777777778,0.0571332962
baseline_ensemble,1725,0.0661563696008748,0.8402777777777778,0.0571999609
baseline_ensemble,1726,0.0661925601750547,0.8402777777777778,0.057233300099999995
baseline_ensemble,1727,0.0662287903667214,0.8402777777777778,0.05723332340000001
baseline_ensemble,1728,0.06626506024096386,0.8402777777777778,0.0573332971
baseline_ensemble,1729,0.0663013698630137,0.8402777777777778,0.057566656199999997
baseline_ensemble,1730,0.06633771929824561,0.8402777777777778,0.057599999799999996
baseline_ensemble,1731,0.06637410861217773,0.8402777777777778,0.0576333097
baseline_ensemble,1732,0.066410537870472,0.8402777777777778,0.057633321
baseline_ensemble,1733,0.06644700713893466,0.8402777777777778,0.0576666297
baseline_ensemble,1734,0.06648351648351648,0.8402777777777778,0.0576666372
baseline_ensemble,1735,0.06652006597031336,0.8402777777777778,0.0576999623
baseline_ensemble,1736,0.06655665566556655,0.8402777777777778,0.0577333117
baseline_ensemble,1737,0.06659328563566318,0.8402777777777778,0.0577666247
baseline_ensemble,1738,0.06662995594713657,0.8402777777777778,0.0577999743
baseline_ensemble,1739,0.06666666666666667,0.8402777777777778,0.057866642100000004
baseline_ensemble,1740,0.06670341786108049,0.8402777777777778,0.057899988900000005
baseline_ensemble,1741,0.06674020959735245,0.8402777777777778,0.0579999552
baseline_ensemble,1742,0.06677704194260485,0.8402777777777778,0.0580666318
baseline_ensemble,1743,0.06681391496410823,0.8402777777777778,0.0581666296
baseline_ensemble,1744,0.06685082872928177,0.8402777777777778,0.058233300599999996
baseline_ensemble,1745,0.06688778330569375,0.8402777777777778,0.0583332887
baseline_ensemble,1746,0.06692477876106195,0.8402777777777778,0.05833329789999999
baseline_ensemble,1747,0.06696181516325402,0.8402777777777778,0.058333319999999994
baseline_ensemble,1748,0.06699889258028793,0.8402777777777778,0.0583999767
baseline_ensemble,1749,0.0664819944598338,0.8333333333333334,0.0584666355
baseline_ensemble,1750,0.06651884700665188,0.8333333333333334,0.0585000498
baseline_ensemble,1751,0.06655574043261231,0.8333333333333334,0.0585666358
baseline_ensemble,1752,0.06659267480577137,0.8333333333333334,0.0586332849
baseline_ensemble,1753,0.06662965019433648,0.8333333333333334,0.0586332946
baseline_ensemble,1754,0.06666666666666667,0.8333333333333334,0.058666627
baseline_ensemble,1755,0.06670372429127293,0.8333333333333334,0.058699973999999995
baseline_ensemble,1756,0.06674082313681869,0.8333333333333334,0.05869997439999999
baseline_ensemble,1757,0.0667779632721202,0.8333333333333334,0.058833319599999996
baseline_ensemble,1758,0.066815144766147,0.8333333333333334,0.058933294100000005
baseline_ensemble,1759,0.06685236768802229,0.8333333333333334,0.058966652599999995
baseline_ensemble,1760,0.06688963210702341,0.8333333333333334,0.059133319
baseline_ensemble,1761,0.06692693809258227,0.8333333333333334,0.05923332049999999
baseline_ensemble,1762,0.06696428571428571,0.8333333333333334,0.059366629399999996
baseline_ensemble,1763,0.06700167504187604,0.8333333333333334,0.0593666398
baseline_ensemble,1764,0.0670391061452514,0.8333333333333334,0.0594666174
baseline_ensemble,1765,0.06707657909446618,0.8333333333333334,0.0594666727
baseline_ensemble,1766,0.06711409395973154,0.8333333333333334,0.0596666249
baseline_ensemble,1767,0.06715165081141578,0.8333333333333334,0.05973329349999999
baseline_ensemble,1768,0.0671892497200448,0.8333333333333334,0.059766644699999996
baseline_ensemble,1769,0.06722689075630252,0.8333333333333334,0.0597666511
baseline_ensemble,1770,0.06726457399103139,0.8333333333333334,0.0597999674
baseline_ensemble,1771,0.06730229949523275,0.8333333333333334,0.059866626199999995
baseline_ensemble,1772,0.06734006734006734,0.8333333333333334,0.0599333219
baseline_ensemble,1773,0.06737787759685569,0.8333333333333334,0.0599666518
baseline_ensemble,1774,0.06741573033707865,0.8333333333333334,0.0599999676
baseline_ensemble,1775,0.06745362563237774,0.8333333333333334,0.060133299700000004
baseline_ensemble,1776,0.06749156355455568,0.8333333333333334,0.0601333055
baseline_ensemble,1777,0.06752954417557681,0.8333333333333334,0.0601999717
baseline_ensemble,1778,0.06756756756756757,0.8333333333333334,0.060333296
baseline_ensemble,1779,0.0676056338028169,0.8333333333333334,0.0603666529
baseline_ensemble,1780,0.06764374295377677,0.8333333333333334,0.060466632000000006
baseline_ensemble,1781,0.0676818950930626,0.8333333333333334,0.060499961899999996
baseline_ensemble,1782,0.06772009029345373,0.8333333333333334,0.060799960800000004
baseline_ensemble,1783,0.06775832862789384,0.8333333333333334,0.0608999692
baseline_ensemble,1784,0.06779661016949153,0.8333333333333334,0.0609666381
baseline_ensemble,1785,0.06783493499152063,0.8333333333333334,0.0610332961
baseline_ensemble,1786,0.06787330316742081,0.8333333333333334,0.0610666415
baseline_ensemble,1787,0.06791171477079797,0.8333333333333334,0.061266657800000006
baseline_ensemble,1788,0.06795016987542468,0.8333333333333334,0.0612666671
baseline_ensemble,1789,0.0679886685552408,0.8333333333333334,0.0612999803
baseline_ensemble,1790,0.06802721088435375,0.8333333333333334,0.0613666399
baseline_ensemble,1791,0.06806579693703914,0.8333333333333334,0.061399982
baseline_ensemble,1792,0.0681044267877412,0.8333333333333334,0.0615333146
baseline_ensemble,1793,0.06757524134014764,0.8263888888888888,0.061633309600000005
baseline_ensemble,1794,0.06761363636363636,0.8263888888888888,0.0618332848
baseline_ensemble,1795,0.06765207504263786,0.8263888888888888,0.061866630500000006
baseline_ensemble,1796,0.0676905574516496,0.8263888888888888,0.0618666437
baseline_ensemble,1797,0.06772908366533864,0.8263888888888888,0.0619333212
baseline_ensemble,1798,0.06776765375854214,0.8263888888888888,0.0619666378
baseline_ensemble,1799,0.0678062678062678,0.8263888888888888,0.0619999746
baseline_ensemble,1800,0.06784492588369441,0.8263888888888888,0.061999991899999995
baseline_ensemble,1801,0.06788362806617228,0.8263888888888888,0.0621333044
baseline_ensemble,1802,0.06792237442922375,0.8263888888888888,0.0622999615
baseline_ensemble,1803,0.06796116504854369,0.8263888888888888,0.062299976800000004
baseline_ensemble,1804,0.068,0.8263888888888888,0.06239995289999999
baseline_ensemble,1805,0.06803887935963408,0.8263888888888888,0.06239997
baseline_ensemble,1806,0.06807780320366133,0.8263888888888888,0.0624332934
baseline_ensemble,1807,0.06811677160847167,0.8263888888888888,0.0624332967
baseline_ensemble,1808,0.06758304696449026,0.8194444444444444,0.0626332871
baseline_ensemble,1809,0.067621776504298,0.8194444444444444,0.06269997220000001
baseline_ensemble,1810,0.0676605504587156,0.8194444444444444,0.0628666264
baseline_ensemble,1811,0.06769936890418818,0.8194444444444444,0.0628999684
baseline_ensemble,1812,0.0677382319173364,0.8194444444444444,0.06296663499999999
baseline_ensemble,1813,0.06777713957495692,0.8194444444444444,0.0629666404
baseline_ensemble,1814,0.067816091954023,0.8194444444444444,0.0629999569
baseline_ensemble,1815,0.06785508913168488,0.8194444444444444,0.0630332907
baseline_ensemble,1816,0.06789413118527042,0.8194444444444444,0.0631333099
baseline_ensemble,1817,0.06793321819228555,0.8194444444444444,0.0632332885
baseline_ensemble,1818,0.06797235023041474,0.8194444444444444,0.0633999844
baseline_ensemble,1819,0.06801152737752161,0.8194444444444444,0.0634333006
baseline_ensemble,1820,0.06805074971164937,0.8194444444444444,0.063533298
baseline_ensemble,1821,0.06809001731102135,0.8194444444444444,0.06359997619999999
baseline_ensemble,1822,0.06812933025404157,0.8194444444444444,0.0636999627
baseline_ensemble,1823,0.0681686886192952,0.8194444444444444,0.06369996309999999
baseline_ensemble,1824,0.06820809248554913,0.8194444444444444,0.06369998099999999
baseline_ensemble,1825,0.06824754193175246,0.8194444444444444,0.06379998569999999
baseline_ensemble,1826,0.06828703703703703,0.8194444444444444,0.06383328549999999
baseline_ensemble,1827,0.06832657788071801,0.8194444444444444,0.06389995849999999
baseline_ensemble,1828,0.06836616454229433,0.8194444444444444,0.063966619
baseline_ensemble,1829,0.06840579710144927,0.8194444444444444,0.0639666381
baseline_ensemble,1830,0.06844547563805105,0.8194444444444444,0.0640666199
baseline_ensemble,1831,0.06848520023215322,0.8194444444444444,0.0641666226
baseline_ensemble,1832,0.06852497096399536,0.8194444444444444,0.0641666389
baseline_ensemble,1833,0.06856478791400349,0.8194444444444444,0.06439997219999999
baseline_ensemble,1834,0.0686046511627907,0.8194444444444444,0.0643999846
baseline_ensemble,1835,0.06864456079115765,0.8194444444444444,0.0644666317
baseline_ensemble,1836,0.06868451688009314,0.8194444444444444,0.064533308
baseline_ensemble,1837,0.0687245195107746,0.8194444444444444,0.0645999671
baseline_ensemble,1838,0.06876456876456877,0.8194444444444444,0.0647333014
baseline_ensemble,1839,0.06880466472303207,0.8194444444444444,0.06473332279999999
baseline_ensemble,1840,0.06884480746791131,0.8194444444444444,0.0648332831
baseline_ensemble,1841,0.06888499708114419,0.8194444444444444,0.0649666336
baseline_ensemble,1842,0.0689252336448598,0.8194444444444444,0.06503331309999999
baseline_ensemble,1843,0.06896551724137931,0.8194444444444444,0.06523335150000001
baseline_ensemble,1844,0.06900584795321638,0.8194444444444444,0.0652999619
baseline_ensemble,1845,0.06904622586307782,0.8194444444444444,0.0652999809
baseline_ensemble,1846,0.06908665105386416,0.8194444444444444,0.0653666249
baseline_ensemble,1847,0.06912712360867018,0.8194444444444444,0.065366632
baseline_ensemble,1848,0.06916764361078546,0.8194444444444444,0.0653999822
baseline_ensemble,1849,0.06920821114369502,0.8194444444444444,0.06546663479999999
baseline_ensemble,1850,0.06924882629107981,0.8194444444444444,0.0654999618
baseline_ensemble,1851,0.06928948913681739,0.8194444444444444,0.0655334179
baseline_ensemble,1852,0.06933019976498238,0.8194444444444444,0.0655666248
baseline_ensemble,1853,0.06937095825984715,0.8194444444444444,0.0655666712
baseline_ensemble,1854,0.06941176470588235,0.8194444444444444,0.06559996059999999
baseline_ensemble,1855,0.06945261918775751,0.8194444444444444,0.0656666411
baseline_ensemble,1856,0.06949352179034157,0.8194444444444444,0.06566665599999999
baseline_ensemble,1857,0.0695344725987036,0.8194444444444444,0.0657332821
baseline_ensemble,1858,0.0695754716981132,0.8194444444444444,0.06590000039999999
baseline_ensemble,1859,0.0696165191740413,0.8194444444444444,0.0662332952
baseline_ensemble,1860,0.06965761511216056,0.8194444444444444,0.06626661889999999
baseline_ensemble,1861,0.06969875959834614,0.8194444444444444,0.066333286
baseline_ensemble,1862,0.06973995271867613,0.8194444444444444,0.0663332924
baseline_ensemble,1863,0.06978119455943228,0.8194444444444444,0.0663999575
baseline_ensemble,1864,0.06982248520710059,0.8194444444444444,0.06639998779999999
baseline_ensemble,1865,0.06986382474837181,0.8194444444444444,0.066399993
baseline_ensemble,1866,0.06990521327014218,0.8194444444444444,0.0664332793
baseline_ensemble,1867,0.06994665085951393,0.8194444444444444,0.0664999662
baseline_ensemble,1868,0.06998813760379596,0.8194444444444444,0.0666332828
baseline_ensemble,1869,0.07002967359050445,0.8194444444444444,0.06663328439999999
baseline_ensemble,1870,0.07007125890736342,0.8194444444444444,0.0670332783
baseline_ensemble,1871,0.07011289364230541,0.8194444444444444,0.0671333124
baseline_ensemble,1872,0.07015457788347206,0.8194444444444444,0.067166663
baseline_ensemble,1873,0.07019631171921475,0.8194444444444444,0.0672000005
baseline_ensemble,1874,0.07023809523809524,0.8194444444444444,0.06729997060000001
baseline_ensemble,1875,0.07027992852888625,0.8194444444444444,0.0674333315
baseline_ensemble,1876,0.07032181168057211,0.8194444444444444,0.06763330749999999
baseline_ensemble,1877,0.07036374478234943,0.8194444444444444,0.0678332911
baseline_ensemble,1878,0.07040572792362769,0.8194444444444444,0.0678666214
baseline_ensemble,1879,0.07044776119402985,0.8194444444444444,0.06796661770000001
baseline_ensemble,1880,0.07048984468339307,0.8194444444444444,0.06799996529999999
baseline_ensemble,1881,0.07053197848176927,0.8194444444444444,0.0680332942
baseline_ensemble,1882,0.07057416267942583,0.8194444444444444,0.0680666245
baseline_ensemble,1883,0.0706163973668462,0.8194444444444444,0.0681666258
baseline_ensemble,1884,0.07065868263473053,0.8194444444444444,0.06816664319999999
baseline_ensemble,1885,0.07070101857399641,0.8194444444444444,0.06819997250000001
baseline_ensemble,1886,0.07074340527577938,0.8194444444444444,0.06826662069999999
baseline_ensemble,1887,0.07078584283143372,0.8194444444444444,0.0682999499
baseline_ensemble,1888,0.07082833133253301,0.8194444444444444,0.0683333605
baseline_ensemble,1889,0.07087087087087086,0.8194444444444444,0.0683666361
baseline_ensemble,1890,0.07091346153846154,0.8194444444444444,0.0684332957
baseline_ensemble,1891,0.07095610342754059,0.8194444444444444,0.0684666268
baseline_ensemble,1892,0.07099879663056559,0.8194444444444444,0.0686333011
baseline_ensemble,1893,0.07104154124021674,0.8194444444444444,0.0686999883
baseline_ensemble,1894,0.07108433734939759,0.8194444444444444,0.0687332925
baseline_ensemble,1895,0.07112718505123568,0.8194444444444444,0.0687666181
baseline_ensemble,1896,0.07117008443908324,0.8194444444444444,0.0688333087
baseline_ensemble,1897,0.0712130356065178,0.8194444444444444,0.0688999554
baseline_ensemble,1898,0.07125603864734299,0.8194444444444444,0.0689666511
baseline_ensemble,1899,0.07129909365558912,0.8194444444444444,0.0689999521
baseline_ensemble,1900,0.07134220072551391,0.8194444444444444,0.0690332835
baseline_ensemble,1901,0.07138535995160314,0.8194444444444444,0.0690999523
baseline_ensemble,1902,0.07142857142857142,0.8194444444444444,0.069166615
baseline_ensemble,1903,0.07147183525136282,0.8194444444444444,0.069199958
baseline_ensemble,1904,0.07151515151515152,0.8194444444444444,0.0691999781
baseline_ensemble,1905,0.07155852031534263,0.8194444444444444,0.0692333023
baseline_ensemble,1906,0.07160194174757281,0.8194444444444444,0.0692999575
baseline_ensemble,1907,0.071645415907711,0.8194444444444444,0.0693333048
baseline_ensemble,1908,0.07168894289185905,0.8194444444444444,0.0693666356
baseline_ensemble,1909,0.07173252279635259,0.8194444444444444,0.06939995430000001
baseline_ensemble,1910,0.07177615571776155,0.8194444444444444,0.0695333148
baseline_ensemble,1911,0.07181984175289105,0.8194444444444444,0.0696999574
baseline_ensemble,1912,0.07186358099878197,0.8194444444444444,0.069733285
baseline_ensemble,1913,0.07190737355271176,0.8194444444444444,0.06983333230000001
baseline_ensemble,1914,0.07195121951219512,0.8194444444444444,0.0698666325
baseline_ensemble,1915,0.07199511897498474,0.8194444444444444,0.0698666373
baseline_ensemble,1916,0.07203907203907203,0.8194444444444444,0.06999994949999999
baseline_ensemble,1917,0.07208307880268784,0.8194444444444444,0.07026662249999999
baseline_ensemble,1918,0.07212713936430318,0.8194444444444444,0.0704333255
baseline_ensemble,1919,0.07217125382262997,0.8194444444444444,0.0704666392
baseline_ensemble,1920,0.07221542227662178,0.8194444444444444,0.0705999474
baseline_ensemble,1921,0.07225964482547459,0.8194444444444444,0.07063328569999999
baseline_ensemble,1922,0.07230392156862746,0.8194444444444444,0.07073329169999999
baseline_ensemble,1923,0.07234825260576333,0.8194444444444444,0.0707666448
baseline_ensemble,1924,0.07239263803680981,0.8194444444444444,0.0708333438
baseline_ensemble,1925,0.07243707796193984,0.8194444444444444,0.0708666169
baseline_ensemble,1926,0.07248157248157248,0.8194444444444444,0.0710332972
baseline_ensemble,1927,0.0725261216963737,0.8194444444444444,0.0711333372
baseline_ensemble,1928,0.07195571955719557,0.8125,0.07119996619999999
baseline_ensemble,1929,0.072,0.8125,0.0712999779
baseline_ensemble,1930,0.07204433497536945,0.8125,0.0713999649
baseline_ensemble,1931,0.07208872458410351,0.8125,0.071499955
baseline_ensemble,1932,0.0721331689272503,0.8125,0.07149995549999999
baseline_ensemble,1933,0.07217766810610735,0.8125,0.0715666261
baseline_ensemble,1934,0.07222222222222222,0.8125,0.071799956
baseline_ensemble,1935,0.07226683137739345,0.8125,0.0719666442
baseline_ensemble,1936,0.0723114956736712,0.8125,0.0720999548
baseline_ensemble,1937,0.07235621521335807,0.8125,0.0720999652
baseline_ensemble,1938,0.0724009900990099,0.8125,0.0721666325
baseline_ensemble,1939,0.07244582043343653,0.8125,0.0722332886
baseline_ensemble,1940,0.0724907063197026,0.8125,0.0722666292
baseline_ensemble,1941,0.07253564786112833,0.8125,0.0723666234
baseline_ensemble,1942,0.07258064516129033,0.8125,0.0724666098
baseline_ensemble,1943,0.07262569832402235,0.8125,0.0724666476
baseline_ensemble,1944,0.07267080745341616,0.8125,0.0725999636
baseline_ensemble,1945,0.07271597265382225,0.8125,0.0728999609
baseline_ensemble,1946,0.07276119402985075,0.8125,0.0729999408
baseline_ensemble,1947,0.07280647168637212,0.8125,0.0729999459
baseline_ensemble,1948,0.07285180572851806,0.8125,0.073099997
baseline_ensemble,1949,0.07289719626168224,0.8125,0.07343328299999999
baseline_ensemble,1950,0.07294264339152119,0.8125,0.0734666658
baseline_ensemble,1951,0.07298814722395508,0.8125,0.07353328289999998
baseline_ensemble,1952,0.07303370786516854,0.8125,0.0735666546
baseline_ensemble,1953,0.0730793254216115,0.8125,0.07363330350000001
baseline_ensemble,1954,0.073125,0.8125,0.07369994569999999
baseline_ensemble,1955,0.07254534083802376,0.8055555555555556,0.073833381
baseline_ensemble,1956,0.07259073842302878,0.8055555555555556,0.0738999637
baseline_ensemble,1957,0.07263619286161553,0.8055555555555556,0.07393330229999999
baseline_ensemble,1958,0.07268170426065163,0.8055555555555556,0.0739999621
baseline_ensemble,1959,0.07272727272727272,0.8055555555555556,0.074033288
baseline_ensemble,1960,0.07277289836888332,0.8055555555555556,0.0740666476
baseline_ensemble,1961,0.07281858129315756,0.8055555555555556,0.074199977
baseline_ensemble,1962,0.0728643216080402,0.8055555555555556,0.0742999746
baseline_ensemble,1963,0.07228158390949088,0.7986111111111112,0.0743666099
baseline_ensemble,1964,0.07232704402515723,0.7986111111111112,0.0744332882
baseline_ensemble,1965,0.0723725613593455,0.7986111111111112,0.0744332996
baseline_ensemble,1966,0.07241813602015114,0.7986111111111112,0.07446662720000001
baseline_ensemble,1967,0.07246376811594203,0.7986111111111112,0.07453327589999999
baseline_ensemble,1968,0.0725094577553594,0.7986111111111112,0.0745666317
baseline_ensemble,1969,0.07255520504731862,0.7986111111111112,0.0745999517
baseline_ensemble,1970,0.0726010101010101,0.7986111111111112,0.07463327930000001
baseline_ensemble,1971,0.07264687302590019,0.7986111111111112,0.0746333084
baseline_ensemble,1972,0.07269279393173199,0.7986111111111112,0.0746666141
baseline_ensemble,1973,0.07273877292852625,0.7986111111111112,0.07473331999999999
baseline_ensemble,1974,0.07278481012658228,0.7986111111111112,0.0747999436
baseline_ensemble,1975,0.07283090563647879,0.7986111111111112,0.0747999511
baseline_ensemble,1976,0.07287705956907478,0.7986111111111112,0.0748999698
baseline_ensemble,1977,0.07292327203551047,0.7986111111111112,0.0749333533
baseline_ensemble,1978,0.07296954314720812,0.7986111111111112,0.0750332981
baseline_ensemble,1979,0.07301587301587302,0.7986111111111112,0.075166652
baseline_ensemble,1980,0.07306226175349428,0.7986111111111112,0.0752666411
baseline_ensemble,1981,0.07310870947234584,0.7986111111111112,0.075299949
baseline_ensemble,1982,0.07315521628498728,0.7986111111111112,0.0752999778
baseline_ensemble,1983,0.0732017823042648,0.7986111111111112,0.0755333069
baseline_ensemble,1984,0.0732484076433121,0.7986111111111112,0.0755666564
baseline_ensemble,1985,0.07265774378585087,0.7916666666666666,0.0756666734
baseline_ensemble,1986,0.07270408163265306,0.7916666666666666,0.07569996699999999
baseline_ensemble,1987,0.07275047862156987,0.7916666666666666,0.0758332983
baseline_ensemble,1988,0.07279693486590039,0.7916666666666666,0.0758333104
baseline_ensemble,1989,0.07284345047923323,0.7916666666666666,0.07596665359999999
baseline_ensemble,1990,0.07289002557544758,0.7916666666666666,0.07603326989999999
baseline_ensemble,1991,0.07293666026871401,0.7916666666666666,0.0761666191
baseline_ensemble,1992,0.07298335467349552,0.7916666666666666,0.0762332776
baseline_ensemble,1993,0.07303010890454836,0.7916666666666666,0.07626662699999999
baseline_ensemble,1994,0.07307692307692308,0.7916666666666666,0.076299952
baseline_ensemble,1995,0.07312379730596537,0.7916666666666666,0.0763000032
baseline_ensemble,1996,0.07317073170731707,0.7916666666666666,0.076433294
baseline_ensemble,1997,0.07321772639691715,0.7916666666666666,0.0764666351
baseline_ensemble,1998,0.07326478149100257,0.7916666666666666,0.07659996699999999
baseline_ensemble,1999,0.07331189710610933,0.7916666666666666,0.0766666143
baseline_ensemble,2000,0.07335907335907337,0.7916666666666666,0.0766666305
baseline_ensemble,2001,0.07276239536381197,0.7847222222222222,0.0766666352
baseline_ensemble,2002,0.07280927835051547,0.7847222222222222,0.0767332856
baseline_ensemble,2003,0.07285622179239201,0.7847222222222222,0.0769333001
baseline_ensemble,2004,0.07290322580645162,0.7847222222222222,0.0770999596
baseline_ensemble,2005,0.07295029051000645,0.7847222222222222,0.07709998230000001
baseline_ensemble,2006,0.07299741602067183,0.7847222222222222,0.0771666287
baseline_ensemble,2007,0.07239819004524888,0.7777777777777778,0.077300024
baseline_ensemble,2008,0.0724450194049159,0.7777777777777778,0.0773666398
baseline_ensemble,2009,0.07249190938511327,0.7777777777777778,0.07743328990000001
baseline_ensemble,2010,0.07253886010362694,0.7777777777777778,0.0776333063
baseline_ensemble,2011,0.07193778353856124,0.7708333333333334,0.07769997000000001
baseline_ensemble,2012,0.07198443579766536,0.7708333333333334,0.0777666291
baseline_ensemble,2013,0.07203114860480207,0.7708333333333334,0.07779996189999999
baseline_ensemble,2014,0.07207792207792207,0.7708333333333334,0.0779333261
baseline_ensemble,2015,0.07212475633528265,0.7708333333333334,0.0779999464
baseline_ensemble,2016,0.07217165149544863,0.7708333333333334,0.07809998409999999
baseline_ensemble,2017,0.07221860767729343,0.7708333333333334,0.0782000027
baseline_ensemble,2018,0.072265625,0.7708333333333334,0.0783666625
baseline_ensemble,2019,0.07231270358306188,0.7708333333333334,0.07849997610000001
baseline_ensemble,2020,0.07235984354628422,0.7708333333333334,0.07856665089999999
baseline_ensemble,2021,0.07240704500978473,0.7708333333333334,0.0786332802
baseline_ensemble,2022,0.07245430809399478,0.7708333333333334,0.0787332991
baseline_ensemble,2023,0.07250163291966036,0.7708333333333334,0.0787333324
baseline_ensemble,2024,0.07254901960784314,0.7708333333333334,0.07876661089999999
baseline_ensemble,2025,0.07259646827992151,0.7708333333333334,0.07879996680000001
baseline_ensemble,2026,0.07264397905759162,0.7708333333333334,0.0789333167
baseline_ensemble,2027,0.07269155206286837,0.7708333333333334,0.07906661510000002
baseline_ensemble,2028,0.0727391874180865,0.7708333333333334,0.0791999382
baseline_ensemble,2029,0.07278688524590164,0.7708333333333334,0.0791999492
baseline_ensemble,2030,0.07283464566929133,0.7708333333333334,0.0792666309
baseline_ensemble,2031,0.07288246881155613,0.7708333333333334,0.0792666397
baseline_ensemble,2032,0.07293035479632064,0.7708333333333334,0.07929998499999999
baseline_ensemble,2033,0.07297830374753451,0.7708333333333334,0.07936662989999999
baseline_ensemble,2034,0.07302631578947369,0.7708333333333334,0.0794999602
baseline_ensemble,2035,0.07241606319947334,0.7638888888888888,0.07966662660000001
baseline_ensemble,2036,0.07246376811594203,0.7638888888888888,0.0797332841
baseline_ensemble,2037,0.07251153592617007,0.7638888888888888,0.0798332967
baseline_ensemble,2038,0.07189973614775726,0.7569444444444444,0.0799333023
baseline_ensemble,2039,0.07194719471947195,0.7569444444444444,0.0801332778
baseline_ensemble,2040,0.07199471598414796,0.7569444444444444,0.08016664459999999
baseline_ensemble,2041,0.07204230006609386,0.7569444444444444,0.0802999841
baseline_ensemble,2042,0.07208994708994709,0.7569444444444444,0.0803999376
baseline_ensemble,2043,0.07213765718067505,0.7569444444444444,0.0803999577
baseline_ensemble,2044,0.07218543046357616,0.7569444444444444,0.08039997260000001
baseline_ensemble,2045,0.07223326706428099,0.7569444444444444,0.08049993329999999
baseline_ensemble,2046,0.07228116710875332,0.7569444444444444,0.0804999748
baseline_ensemble,2047,0.07232913072329131,0.7569444444444444,0.0806333031
baseline_ensemble,2048,0.07237715803452856,0.7569444444444444,0.08066665040000001
baseline_ensemble,2049,0.07242524916943521,0.7569444444444444,0.08073328319999999
baseline_ensemble,2050,0.07247340425531915,0.7569444444444444,0.0807666514
baseline_ensemble,2051,0.07252162341982701,0.7569444444444444,0.08089994350000002
baseline_ensemble,2052,0.07256990679094541,0.7569444444444444,0.08099998789999999
baseline_ensemble,2053,0.072618254497002,0.7569444444444444,0.0812666078
baseline_ensemble,2054,0.07266666666666667,0.7569444444444444,0.0813999574
baseline_ensemble,2055,0.07271514342895263,0.7569444444444444,0.08146661129999999
baseline_ensemble,2056,0.07276368491321762,0.7569444444444444,0.08156660429999998
baseline_ensemble,2057,0.072812291249165,0.7569444444444444,0.08163329279999999
baseline_ensemble,2058,0.07286096256684492,0.7569444444444444,0.0816666198
baseline_ensemble,2059,0.07290969899665552,0.7569444444444444,0.08226663229999999
baseline_ensemble,2060,0.07228915662650602,0.75,0.08226663369999998
baseline_ensemble,2061,0.072337575351641,0.75,0.08243330770000001
baseline_ensemble,2062,0.07238605898123325,0.75,0.08253329799999999
baseline_ensemble,2063,0.07243460764587525,0.75,0.08263328219999999
baseline_ensemble,2064,0.07248322147651007,0.75,0.0826333556
baseline_ensemble,2065,0.0725319006044325,0.75,0.0826666125
baseline_ensemble,2066,0.07258064516129033,0.75,0.0827333045
baseline_ensemble,2067,0.0726294552790854,0.75,0.0828333675
baseline_ensemble,2068,0.07267833109017496,0.75,0.0828666915
baseline_ensemble,2069,0.07272727272727272,0.75,0.08290002199999999
baseline_ensemble,2070,0.07277628032345014,0.75,0.0830332874
baseline_ensemble,2071,0.07282535401213756,0.75,0.0830999418
baseline_ensemble,2072,0.0728744939271255,0.75,0.0832999495
baseline_ensemble,2073,0.07292370020256583,0.75,0.0833333165
baseline_ensemble,2074,0.07297297297297298,0.75,0.0833999557
baseline_ensemble,2075,0.07302231237322515,0.75,0.0834999417
baseline_ensemble,2076,0.07307171853856563,0.75,0.0834999504
baseline_ensemble,2077,0.07312119160460392,0.75,0.0834999949
baseline_ensemble,2078,0.07317073170731707,0.75,0.0835332692
baseline_ensemble,2079,0.07322033898305084,0.75,0.08356667699999999
baseline_ensemble,2080,0.07327001356852103,0.75,0.0836333165
baseline_ensemble,2081,0.0726408689748812,0.7430555555555556,0.08373328399999999
baseline_ensemble,2082,0.07269021739130435,0.7430555555555556,0.08399994589999998
baseline_ensemble,2083,0.07273963290278722,0.7430555555555556,0.0839999616
baseline_ensemble,2084,0.0727891156462585,0.7430555555555556,0.08413328039999998
baseline_ensemble,2085,0.07283866575901975,0.7430555555555556,0.0842666154
baseline_ensemble,2086,0.07288828337874659,0.7430555555555556,0.08429993799999999
baseline_ensemble,2087,0.07293796864349011,0.7430555555555556,0.0843666093
baseline_ensemble,2088,0.07298772169167804,0.7430555555555556,0.0843999516
baseline_ensemble,2089,0.07303754266211604,0.7430555555555556,0.0845332926
baseline_ensemble,2090,0.07308743169398907,0.7430555555555556,0.08466668420000001
baseline_ensemble,2091,0.07313738892686261,0.7430555555555556,0.08473326279999999
baseline_ensemble,2092,0.073187414500684,0.7430555555555556,0.08483327989999999
baseline_ensemble,2093,0.0732375085557837,0.7430555555555556,0.0849332827
baseline_ensemble,2094,0.07328767123287672,0.7430555555555556,0.08493331659999999
baseline_ensemble,2095,0.07333790267306374,0.7430555555555556,0.08499994820000001
baseline_ensemble,2096,0.07338820301783265,0.7430555555555556,0.0850999528
baseline_ensemble,2097,0.07343857240905971,0.7430555555555556,0.0852332804
baseline_ensemble,2098,0.07348901098901099,0.7430555555555556,0.0853332784
baseline_ensemble,2099,0.07353951890034365,0.7430555555555556,0.08533332490000001
baseline_ensemble,2100,0.07359009628610728,0.7430555555555556,0.0854999532
baseline_ensemble,2101,0.07364074328974536,0.7430555555555556,0.0857999367
baseline_ensemble,2102,0.07369146005509641,0.7430555555555556,0.0857999828
baseline_ensemble,2103,0.0737422467263956,0.7430555555555556,0.0858666424
baseline_ensemble,2104,0.07379310344827586,0.7430555555555556,0.0858667233
baseline_ensemble,2105,0.0738440303657695,0.7430555555555556,0.0860666358
baseline_ensemble,2106,0.0738950276243094,0.7430555555555556,0.08613329689999999
baseline_ensemble,2107,0.07394609536973047,0.7430555555555556,0.0863666754
baseline_ensemble,2108,0.0739972337482711,0.7430555555555556,0.0863999642
baseline_ensemble,2109,0.07404844290657439,0.7430555555555556,0.0865333012
baseline_ensemble,2110,0.07409972299168975,0.7430555555555556,0.0866999654
baseline_ensemble,2111,0.07345807345807345,0.7361111111111112,0.0869333465
baseline_ensemble,2112,0.07350901525658807,0.7361111111111112,0.0871000462
baseline_ensemble,2113,0.07356002775850104,0.7361111111111112,0.087233326
baseline_ensemble,2114,0.07361111111111111,0.7361111111111112,0.0872666223
baseline_ensemble,2115,0.07366226546212648,0.7361111111111112,0.0872999753
baseline_ensemble,2116,0.0737134909596662,0.7361111111111112,0.08733328630000001
baseline_ensemble,2117,0.07376478775226165,0.7361111111111112,0.0873332936
baseline_ensemble,2118,0.07381615598885793,0.7361111111111112,0.0877332841
baseline_ensemble,2119,0.07386759581881533,0.7361111111111112,0.08779995739999999
baseline_ensemble,2120,0.07391910739191074,0.7361111111111112,0.0878665977
baseline_ensemble,2121,0.07397069085833916,0.7361111111111112,0.0879999261
baseline_ensemble,2122,0.07402234636871509,0.7361111111111112,0.0880333286
baseline_ensemble,2123,0.07407407407407407,0.7361111111111112,0.0881000176
baseline_ensemble,2124,0.07412587412587412,0.7361111111111112,0.08813328649999999
baseline_ensemble,2125,0.0741777466759972,0.7361111111111112,0.08819993990000001
baseline_ensemble,2126,0.0742296918767507,0.7361111111111112,0.0882332778
baseline_ensemble,2127,0.07428170988086896,0.7361111111111112,0.0882332994
baseline_ensemble,2128,0.07433380084151472,0.7361111111111112,0.08826662369999999
baseline_ensemble,2129,0.07438596491228071,0.7361111111111112,0.0883999494
baseline_ensemble,2130,0.07443820224719101,0.7361111111111112,0.08843331239999999
baseline_ensemble,2131,0.07449051300070274,0.7361111111111112,0.08846663169999999
baseline_ensemble,2132,0.07454289732770746,0.7361111111111112,0.0884999822
baseline_ensemble,2133,0.07459535538353272,0.7361111111111112,0.08866669830000001
baseline_ensemble,2134,0.07464788732394366,0.7361111111111112,0.0887332697
baseline_ensemble,2135,0.07470049330514447,0.7361111111111112,0.08909998520000001
baseline_ensemble,2136,0.07475317348377997,0.7361111111111112,0.089166612
baseline_ensemble,2137,0.0748059280169372,0.7361111111111112,0.0893333234
baseline_ensemble,2138,0.0748587570621469,0.7361111111111112,0.0893666193
baseline_ensemble,2139,0.07491166077738516,0.7361111111111112,0.0894999657
baseline_ensemble,2140,0.07496463932107496,0.7361111111111112,0.0895666004
baseline_ensemble,2141,0.07501769285208776,0.7361111111111112,0.0897000015
baseline_ensemble,2142,0.07507082152974505,0.7361111111111112,0.0897666577
baseline_ensemble,2143,0.07512402551381998,0.7361111111111112,0.0898666114
baseline_ensemble,2144,0.075177304964539,0.7361111111111112,0.0899332661
baseline_ensemble,2145,0.07523066004258339,0.7361111111111112,0.08993326900000001
baseline_ensemble,2146,0.07528409090909091,0.7361111111111112,0.0899999607
baseline_ensemble,2147,0.07533759772565743,0.7361111111111112,0.0901333127
baseline_ensemble,2148,0.07539118065433854,0.7361111111111112,0.0903999634
baseline_ensemble,2149,0.07544483985765124,0.7361111111111112,0.09079999320000001
baseline_ensemble,2150,0.0754985754985755,0.7361111111111112,0.09089997579999999
baseline_ensemble,2151,0.07555238774055595,0.7361111111111112,0.09096659339999999
baseline_ensemble,2152,0.07560627674750357,0.7361111111111112,0.09106660559999999
baseline_ensemble,2153,0.07566024268379729,0.7361111111111112,0.0911666146
baseline_ensemble,2154,0.07571428571428572,0.7361111111111112,0.09119995469999999
baseline_ensemble,2155,0.07576840600428877,0.7361111111111112,0.09123327409999998
baseline_ensemble,2156,0.07582260371959942,0.7361111111111112,0.09123330199999999
baseline_ensemble,2157,0.07587687902648532,0.7361111111111112,0.09146661140000001
baseline_ensemble,2158,0.07593123209169055,0.7361111111111112,0.0915666186
baseline_ensemble,2159,0.07598566308243727,0.7361111111111112,0.0915999384
baseline_ensemble,2160,0.07604017216642754,0.7361111111111112,0.0917332543
baseline_ensemble,2161,0.07609475951184494,0.7361111111111112,0.09186663619999999
baseline_ensemble,2162,0.07614942528735633,0.7361111111111112,0.0921666706
baseline_ensemble,2163,0.07620416966211359,0.7361111111111112,0.092599927
baseline_ensemble,2164,0.07625899280575539,0.7361111111111112,0.0926999219
baseline_ensemble,2165,0.07631389488840892,0.7361111111111112,0.0927332816
baseline_ensemble,2166,0.07636887608069164,0.7361111111111112,0.0928332755
baseline_ensemble,2167,0.07642393655371305,0.7361111111111112,0.0929666202
baseline_ensemble,2168,0.07647907647907648,0.7361111111111112,0.0929999392
baseline_ensemble,2169,0.07653429602888087,0.7361111111111112,0.09299994369999999
baseline_ensemble,2170,0.07658959537572255,0.7361111111111112,0.0929999441
baseline_ensemble,2171,0.07664497469269703,0.7361111111111112,0.0930665961
baseline_ensemble,2172,0.07670043415340087,0.7361111111111112,0.0930666227
baseline_ensemble,2173,0.07675597393193338,0.7361111111111112,0.093166625
baseline_ensemble,2174,0.07681159420289856,0.7361111111111112,0.0932000024
baseline_ensemble,2175,0.07686729514140682,0.7361111111111112,0.0932666157
baseline_ensemble,2176,0.07692307692307693,0.7361111111111112,0.0934333306
baseline_ensemble,2177,0.07625272331154684,0.7291666666666666,0.0935999318
baseline_ensemble,2178,0.07630813953488372,0.7291666666666666,0.09359993739999999
baseline_ensemble,2179,0.07636363636363637,0.7291666666666666,0.09383325990000001
baseline_ensemble,2180,0.07641921397379912,0.7291666666666666,0.09403329
baseline_ensemble,2181,0.0764748725418791,0.7291666666666666,0.0941332699
baseline_ensemble,2182,0.07653061224489796,0.7291666666666666,0.0942666437
baseline_ensemble,2183,0.07658643326039387,0.7291666666666666,0.09439992990000001
baseline_ensemble,2184,0.07664233576642336,0.7291666666666666,0.0943999711
baseline_ensemble,2185,0.07669831994156319,0.7291666666666666,0.0944666152
baseline_ensemble,2186,0.07675438596491228,0.7291666666666666,0.0944999221
baseline_ensemble,2187,0.07681053401609364,0.7291666666666666,0.0944999453
baseline_ensemble,2188,0.07686676427525622,0.7291666666666666,0.09476660569999999
baseline_ensemble,2189,0.0761904761904762,0.7222222222222222,0.09483326769999999
baseline_ensemble,2190,0.07551319648093842,0.7152777777777778,0.09486660990000001
baseline_ensemble,2191,0.07556859867938372,0.7152777777777778,0.0949332687
baseline_ensemble,2192,0.07562408223201175,0.7152777777777778,0.0952666142
baseline_ensemble,2193,0.07567964731814843,0.7152777777777778,0.0953333195
baseline_ensemble,2194,0.07573529411764705,0.7152777777777778,0.0955666003
baseline_ensemble,2195,0.07579102281089035,0.7152777777777778,0.09559997499999999
baseline_ensemble,2196,0.07584683357879234,0.7152777777777778,0.0958666039
baseline_ensemble,2197,0.0759027266028003,0.7152777777777778,0.096166629
baseline_ensemble,2198,0.07595870206489676,0.7152777777777778,0.0962000098
baseline_ensemble,2199,0.07601476014760147,0.7152777777777778,0.09630000259999999
baseline_ensemble,2200,0.07607090103397342,0.7152777777777778,0.09649993959999999
baseline_ensemble,2201,0.07612712490761271,0.7152777777777778,0.09659994350000001
baseline_ensemble,2202,0.07618343195266272,0.7152777777777778,0.0966332594
baseline_ensemble,2203,0.07623982235381199,0.7152777777777778,0.09679994789999999
baseline_ensemble,2204,0.07629629629629629,0.7152777777777778,0.09683328050000001
baseline_ensemble,2205,0.07635285396590066,0.7152777777777778,0.0968999372
baseline_ensemble,2206,0.07640949554896143,0.7152777777777778,0.0970333021
baseline_ensemble,2207,0.07646622123236822,0.7152777777777778,0.0971999314
baseline_ensemble,2208,0.07652303120356613,0.7152777777777778,0.09719994729999999
baseline_ensemble,2209,0.07657992565055761,0.7152777777777778,0.0974333238
baseline_ensemble,2210,0.07663690476190477,0.7152777777777778,0.0974999741
baseline_ensemble,2211,0.0766939687267312,0.7152777777777778,0.09783330459999999
baseline_ensemble,2212,0.07675111773472429,0.7152777777777778,0.0979999574
baseline_ensemble,2213,0.07606263982102908,0.7083333333333334,0.0980000197
baseline_ensemble,2214,0.07611940298507462,0.7083333333333334,0.0980999562
baseline_ensemble,2215,0.07617625093353249,0.7083333333333334,0.098133256
baseline_ensemble,2216,0.07623318385650224,0.7083333333333334,0.09826662590000002
baseline_ensemble,2217,0.0762902019446522,0.7083333333333334,0.0982999312
baseline_ensemble,2218,0.07634730538922156,0.7083333333333334,0.0982999471
baseline_ensemble,2219,0.07640449438202247,0.7083333333333334,0.09843333659999999
baseline_ensemble,2220,0.07646176911544228,0.7083333333333334,0.09853328409999998
baseline_ensemble,2221,0.07651912978244561,0.7083333333333334,0.09886660309999999
baseline_ensemble,2222,0.07657657657657657,0.7083333333333334,0.09889993650000001
baseline_ensemble,2223,0.07663410969196092,0.7083333333333334,0.0989999712
baseline_ensemble,2224,0.07669172932330827,0.7083333333333334,0.0990999861
baseline_ensemble,2225,0.07674943566591422,0.7083333333333334,0.09959996940000002
baseline_ensemble,2226,0.07680722891566265,0.7083333333333334,0.10003328909999999
baseline_ensemble,2227,0.07686510926902788,0.7083333333333334,0.100033356
baseline_ensemble,2228,0.07692307692307693,0.7083333333333334,0.10009993399999999
baseline_ensemble,2229,0.07698113207547169,0.7083333333333334,0.1001665933
baseline_ensemble,2230,0.07628398791540786,0.7013888888888888,0.100299956
baseline_ensemble,2231,0.07634164777021919,0.7013888888888888,0.10053332269999998
baseline_ensemble,2232,0.07639939485627836,0.7013888888888888,0.10086661940000001
baseline_ensemble,2233,0.07645722937168811,0.7013888888888888,0.1010332675
baseline_ensemble,2234,0.07651515151515151,0.7013888888888888,0.1011666033
baseline_ensemble,2235,0.07657316148597422,0.7013888888888888,0.1012000015
baseline_ensemble,2236,0.07663125948406677,0.7013888888888888,0.101566673
baseline_ensemble,2237,0.07668944570994685,0.7013888888888888,0.1018999258
baseline_ensemble,2238,0.07674772036474165,0.7013888888888888,0.1019665862
baseline_ensemble,2239,0.07680608365019011,0.7013888888888888,0.10219991549999999
baseline_ensemble,2240,0.07686453576864535,0.7013888888888888,0.10223344210000002
baseline_ensemble,2241,0.07692307692307693,0.7013888888888888,0.10229994490000001
baseline_ensemble,2242,0.07698170731707317,0.7013888888888888,0.10230002300000002
baseline_ensemble,2243,0.07704042715484363,0.7013888888888888,0.1026666114
baseline_ensemble,2244,0.07709923664122137,0.7013888888888888,0.1028999273
baseline_ensemble,2245,0.07715813598166539,0.7013888888888888,0.1029332538
baseline_ensemble,2246,0.077217125382263,0.7013888888888888,0.10293329030000001
baseline_ensemble,2247,0.0772762050497322,0.7013888888888888,0.10299994640000001
baseline_ensemble,2248,0.0773353751914242,0.7013888888888888,0.10319995759999999
baseline_ensemble,2249,0.07739463601532567,0.7013888888888888,0.10349991279999998
baseline_ensemble,2250,0.07745398773006135,0.7013888888888888,0.1036333075
baseline_ensemble,2251,0.07751343054489639,0.7013888888888888,0.1038666396
baseline_ensemble,2252,0.07757296466973887,0.7013888888888888,0.1048000261
baseline_ensemble,2253,0.07763259031514219,0.7013888888888888,0.1050665816
baseline_ensemble,2254,0.07769230769230769,0.7013888888888888,0.10510006529999999
baseline_ensemble,2255,0.07775211701308699,0.7013888888888888,0.1051999315
baseline_ensemble,2256,0.07781201848998459,0.7013888888888888,0.105499963
baseline_ensemble,2257,0.07787201233616037,0.7013888888888888,0.1057332792
baseline_ensemble,2258,0.0779320987654321,0.7013888888888888,0.1061999873
baseline_ensemble,2259,0.077992277992278,0.7013888888888888,0.10626658530000001
baseline_ensemble,2260,0.07805255023183925,0.7013888888888888,0.10639997089999999
baseline_ensemble,2261,0.07811291569992267,0.7013888888888888,0.1068666379
baseline_ensemble,2262,0.0781733746130031,0.7013888888888888,0.10699994480000001
baseline_ensemble,2263,0.07745933384972889,0.6944444444444444,0.10709998670000001
baseline_ensemble,2264,0.07751937984496124,0.6944444444444444,0.10743326630000001
baseline_ensemble,2265,0.07757951900698215,0.6944444444444444,0.10749991519999999
baseline_ensemble,2266,0.07763975155279502,0.6944444444444444,0.1075999222
baseline_ensemble,2267,0.0777000777000777,0.6944444444444444,0.10779993339999999
baseline_ensemble,2268,0.07776049766718507,0.6944444444444444,0.107866581
baseline_ensemble,2269,0.07782101167315175,0.6944444444444444,0.1081999485
baseline_ensemble,2270,0.0778816199376947,0.6944444444444444,0.1082332649
baseline_ensemble,2271,0.0779423226812159,0.6944444444444444,0.1085332728
baseline_ensemble,2272,0.078003120124805,0.6944444444444444,0.10863327269999999
baseline_ensemble,2273,0.078064012490242,0.6944444444444444,0.10873326489999999
baseline_ensemble,2274,0.078125,0.6944444444444444,0.10879991649999998
baseline_ensemble,2275,0.07818608287724785,0.6944444444444444,0.1088665782
baseline_ensemble,2276,0.0782472613458529,0.6944444444444444,0.10896662
baseline_ensemble,2277,0.07752545027407988,0.6875,0.1091332919
baseline_ensemble,2278,0.07758620689655173,0.6875,0.109333285
baseline_ensemble,2279,0.07764705882352942,0.6875,0.1093666274
baseline_ensemble,2280,0.07770800627943485,0.6875,0.10956658359999999
baseline_ensemble,2281,0.07776904948939513,0.6875,0.10963327269999999
baseline_ensemble,2282,0.07783018867924528,0.6875,0.10963331970000001
baseline_ensemble,2283,0.07789142407553108,0.6875,0.1097999553
baseline_ensemble,2284,0.07795275590551182,0.6875,0.1097999705
baseline_ensemble,2285,0.07801418439716312,0.6875,0.1099333088
baseline_ensemble,2286,0.07807570977917981,0.6875,0.11013325539999999
baseline_ensemble,2287,0.07813733228097869,0.6875,0.1103665941
baseline_ensemble,2288,0.07819905213270142,0.6875,0.1105665974
baseline_ensemble,2289,0.0782608695652174,0.6875,0.1106332565
baseline_ensemble,2290,0.07832278481012658,0.6875,0.11086659759999998
baseline_ensemble,2291,0.07838479809976247,0.6875,0.1109665898
baseline_ensemble,2292,0.07844690966719493,0.6875,0.1109999236
baseline_ensemble,2293,0.07850911974623315,0.6875,0.11126661870000001
baseline_ensemble,2294,0.07857142857142857,0.6875,0.11149991940000001
baseline_ensemble,2295,0.07863383637807785,0.6875,0.1116665912
baseline_ensemble,2296,0.07869634340222575,0.6875,0.1116999728
baseline_ensemble,2297,0.07875894988066826,0.6875,0.1117666273
baseline_ensemble,2298,0.07882165605095541,0.6875,0.11179993249999999
baseline_ensemble,2299,0.07808764940239044,0.6805555555555556,0.11199991349999999
baseline_ensemble,2300,0.07814992025518341,0.6805555555555556,0.1120665869
baseline_ensemble,2301,0.0782122905027933,0.6805555555555556,0.1124332634
baseline_ensemble,2302,0.07827476038338659,0.6805555555555556,0.1124665804
baseline_ensemble,2303,0.07753796962430055,0.6736111111111112,0.1124666136
baseline_ensemble,2304,0.0776,0.6736111111111112,0.11253327029999999
baseline_ensemble,2305,0.07766212970376302,0.6736111111111112,0.1126333038
baseline_ensemble,2306,0.07772435897435898,0.6736111111111112,0.1131332419
baseline_ensemble,2307,0.07698476343223737,0.6666666666666666,0.1131666083
baseline_ensemble,2308,0.07704654895666131,0.6666666666666666,0.1132666212
baseline_ensemble,2309,0.07710843373493977,0.6666666666666666,0.1133332862
baseline_ensemble,2310,0.07717041800643087,0.6666666666666666,0.1134000094
baseline_ensemble,2311,0.07723250201126307,0.6666666666666666,0.11343324449999999
baseline_ensemble,2312,0.07729468599033816,0.6666666666666666,0.113899923
baseline_ensemble,2313,0.07735697018533441,0.6666666666666666,0.113933254
baseline_ensemble,2314,0.07741935483870968,0.6666666666666666,0.11396660909999999
baseline_ensemble,2315,0.0774818401937046,0.6666666666666666,0.1141000164
baseline_ensemble,2316,0.07754442649434572,0.6666666666666666,0.1143665767
baseline_ensemble,2317,0.07760711398544867,0.6666666666666666,0.11443324170000001
baseline_ensemble,2318,0.07766990291262135,0.6666666666666666,0.1144666011
baseline_ensemble,2319,0.07773279352226721,0.6666666666666666,0.1147999147
baseline_ensemble,2320,0.07698541329011345,0.6597222222222222,0.1147999778
baseline_ensemble,2321,0.0770478507704785,0.6597222222222222,0.1149000839
baseline_ensemble,2322,0.07711038961038962,0.6597222222222222,0.11509989979999999
baseline_ensemble,2323,0.07717303005686434,0.6597222222222222,0.1150999244
baseline_ensemble,2324,0.07723577235772358,0.6597222222222222,0.1151999829
baseline_ensemble,2325,0.07729861676159479,0.6597222222222222,0.1153333235
baseline_ensemble,2326,0.07736156351791532,0.6597222222222222,0.11556661569999999
baseline_ensemble,2327,0.07742461287693561,0.6597222222222222,0.11589992260000001
baseline_ensemble,2328,0.07748776508972267,0.6597222222222222,0.11603324269999998
baseline_ensemble,2329,0.07755102040816327,0.6597222222222222,0.11606661870000001
baseline_ensemble,2330,0.07761437908496732,0.6597222222222222,0.11613323110000001
baseline_ensemble,2331,0.0776778413736713,0.6597222222222222,0.1163666533
baseline_ensemble,2332,0.07774140752864157,0.6597222222222222,0.11653325880000001
baseline_ensemble,2333,0.07780507780507781,0.6597222222222222,0.11653329080000001
baseline_ensemble,2334,0.0778688524590164,0.6597222222222222,0.11676657929999999
baseline_ensemble,2335,0.07793273174733388,0.6597222222222222,0.1168332713
baseline_ensemble,2336,0.07799671592775041,0.6597222222222222,0.11683334620000001
baseline_ensemble,2337,0.0780608052588332,0.6597222222222222,0.11706663909999998
baseline_ensemble,2338,0.078125,0.6597222222222222,0.1173666332
baseline_ensemble,2339,0.07818930041152264,0.6597222222222222,0.11749995270000001
baseline_ensemble,2340,0.07825370675453047,0.6597222222222222,0.1175999699
baseline_ensemble,2341,0.07831821929101401,0.6597222222222222,0.1178332667
baseline_ensemble,2342,0.07838283828382839,0.6597222222222222,0.1178999547
baseline_ensemble,2343,0.07844756399669695,0.6597222222222222,0.1179999333
baseline_ensemble,2344,0.07851239669421488,0.6597222222222222,0.1179999846
baseline_ensemble,2345,0.07857733664185278,0.6597222222222222,0.1182332717
baseline_ensemble,2346,0.07864238410596026,0.6597222222222222,0.1185333963
baseline_ensemble,2347,0.07870753935376967,0.6597222222222222,0.11936658449999998
baseline_ensemble,2348,0.07877280265339967,0.6597222222222222,0.1193666569
baseline_ensemble,2349,0.07883817427385892,0.6597222222222222,0.1194665822
baseline_ensemble,2350,0.07890365448504984,0.6597222222222222,0.120066656
baseline_ensemble,2351,0.07896924355777224,0.6597222222222222,0.1201332615
baseline_ensemble,2352,0.07903494176372712,0.6597222222222222,0.12026665780000001
baseline_ensemble,2353,0.0791007493755204,0.6597222222222222,0.1202999145
baseline_ensemble,2354,0.07916666666666666,0.6597222222222222,0.12043326659999999
baseline_ensemble,2355,0.07923269391159299,0.6597222222222222,0.120733257
baseline_ensemble,2356,0.07929883138564274,0.6597222222222222,0.1208332802
baseline_ensemble,2357,0.07936507936507936,0.6597222222222222,0.1212666159
baseline_ensemble,2358,0.0794314381270903,0.6597222222222222,0.12163324650000001
baseline_ensemble,2359,0.0794979079497908,0.6597222222222222,0.1217999972
baseline_ensemble,2360,0.07956448911222781,0.6597222222222222,0.1218332623
baseline_ensemble,2361,0.07963118189438391,0.6597222222222222,0.1218665969
baseline_ensemble,2362,0.0796979865771812,0.6597222222222222,0.12186668399999999
baseline_ensemble,2363,0.07976490344248531,0.6597222222222222,0.1219999351
baseline_ensemble,2364,0.07983193277310924,0.6597222222222222,0.1220333056
baseline_ensemble,2365,0.0798990748528175,0.6597222222222222,0.1225666579
baseline_ensemble,2366,0.07996632996632996,0.6597222222222222,0.122666602
baseline_ensemble,2367,0.08003369839932603,0.6597222222222222,0.12269990319999999
baseline_ensemble,2368,0.08010118043844856,0.6597222222222222,0.1227332328
baseline_ensemble,2369,0.08016877637130802,0.6597222222222222,0.1228999462
baseline_ensemble,2370,0.08023648648648649,0.6597222222222222,0.12293324569999999
baseline_ensemble,2371,0.08030431107354184,0.6597222222222222,0.1229332576
baseline_ensemble,2372,0.08037225042301184,0.6597222222222222,0.1229333688
baseline_ensemble,2373,0.08044030482641829,0.6597222222222222,0.12293340959999999
baseline_ensemble,2374,0.08050847457627118,0.6597222222222222,0.1230667349
baseline_ensemble,2375,0.08057675996607294,0.6597222222222222,0.12316667090000001
baseline_ensemble,2376,0.08064516129032258,0.6597222222222222,0.12366662780000001
baseline_ensemble,2377,0.08071367884451996,0.6597222222222222,0.1237333518
baseline_ensemble,2378,0.08078231292517007,0.6597222222222222,0.1240332755
baseline_ensemble,2379,0.08085106382978724,0.6597222222222222,0.1240666513
baseline_ensemble,2380,0.08091993185689948,0.6597222222222222,0.12413330649999998
baseline_ensemble,2381,0.08098891730605286,0.6597222222222222,0.1243333368
baseline_ensemble,2382,0.0810580204778157,0.6597222222222222,0.1245667183
baseline_ensemble,2383,0.08112724167378309,0.6597222222222222,0.1250999376
baseline_ensemble,2384,0.0811965811965812,0.6597222222222222,0.125099973
baseline_ensemble,2385,0.08126603934987169,0.6597222222222222,0.12536667899999998
baseline_ensemble,2386,0.08133561643835617,0.6597222222222222,0.125366687
baseline_ensemble,2387,0.08140531276778064,0.6597222222222222,0.12549998299999998
baseline_ensemble,2388,0.08147512864493997,0.6597222222222222,0.12556659590000002
baseline_ensemble,2389,0.0815450643776824,0.6597222222222222,0.1257332722
baseline_ensemble,2390,0.08161512027491409,0.6597222222222222,0.1258000222
baseline_ensemble,2391,0.08168529664660361,0.6597222222222222,0.1259999247
baseline_ensemble,2392,0.08175559380378658,0.6597222222222222,0.12613332389999998
baseline_ensemble,2393,0.0818260120585702,0.6597222222222222,0.1263665814
baseline_ensemble,2394,0.08189655172413793,0.6597222222222222,0.1265332477
baseline_ensemble,2395,0.0811044003451251,0.6527777777777778,0.12653341369999999
baseline_ensemble,2396,0.08117443868739206,0.6527777777777778,0.1266999443
baseline_ensemble,2397,0.08124459809853068,0.6527777777777778,0.1267666248
baseline_ensemble,2398,0.08131487889273356,0.6527777777777778,0.12679997510000002
baseline_ensemble,2399,0.08138528138528138,0.6527777777777778,0.1269332652
baseline_ensemble,2400,0.0805892547660312,0.6458333333333334,0.127166662
baseline_ensemble,2401,0.08065915004336513,0.6458333333333334,0.1273332468
baseline_ensemble,2402,0.08072916666666667,0.6458333333333334,0.1273332684
baseline_ensemble,2403,0.08079930495221546,0.6458333333333334,0.1277665881
baseline_ensemble,2404,0.08,0.6388888888888888,0.1279333262
baseline_ensemble,2405,0.08006962576153177,0.6388888888888888,0.1284332755
baseline_ensemble,2406,0.08013937282229965,0.6388888888888888,0.1284666346
baseline_ensemble,2407,0.08020924149956409,0.6388888888888888,0.1284998991
baseline_ensemble,2408,0.08027923211169284,0.6388888888888888,0.1288332354
baseline_ensemble,2409,0.0794759825327511,0.6319444444444444,0.1290332601
baseline_ensemble,2410,0.07954545454545454,0.6319444444444444,0.1291999254
baseline_ensemble,2411,0.07961504811898512,0.6319444444444444,0.1292332202
baseline_ensemble,2412,0.0796847635726795,0.6319444444444444,0.12923324039999998
baseline_ensemble,2413,0.07975460122699386,0.6319444444444444,0.1292667067
baseline_ensemble,2414,0.07982456140350877,0.6319444444444444,0.1293000598
baseline_ensemble,2415,0.07989464442493416,0.6319444444444444,0.1293332464
baseline_ensemble,2416,0.07996485061511424,0.6319444444444444,0.1293333332
baseline_ensemble,2417,0.08003518029903255,0.6319444444444444,0.129833276
baseline_ensemble,2418,0.0801056338028169,0.6319444444444444,0.1298667301
baseline_ensemble,2419,0.0801762114537445,0.6319444444444444,0.1299999274
baseline_ensemble,2420,0.08024691358024691,0.6319444444444444,0.1300000725
baseline_ensemble,2421,0.08031774051191527,0.6319444444444444,0.1300999321
baseline_ensemble,2422,0.0803886925795053,0.6319444444444444,0.1302999034
baseline_ensemble,2423,0.08045977011494253,0.6319444444444444,0.13033340170000002
baseline_ensemble,2424,0.08053097345132744,0.6319444444444444,0.1306999493
baseline_ensemble,2425,0.08060230292294066,0.6319444444444444,0.1308666
baseline_ensemble,2426,0.08067375886524823,0.6319444444444444,0.1308999117
baseline_ensemble,2427,0.07985803016858918,0.625,0.13110003679999999
baseline_ensemble,2428,0.07992895204262877,0.625,0.13116661000000002
baseline_ensemble,2429,0.08,0.625,0.1312666211
baseline_ensemble,2430,0.0800711743772242,0.625,0.1313999167
baseline_ensemble,2431,0.08014247551202137,0.625,0.1317665894
baseline_ensemble,2432,0.08021390374331551,0.625,0.1318333447
baseline_ensemble,2433,0.08028545941123996,0.625,0.13186654949999999
baseline_ensemble,2434,0.08035714285714286,0.625,0.1323666587
baseline_ensemble,2435,0.08042895442359249,0.625,0.1325332903
baseline_ensemble,2436,0.08050089445438283,0.625,0.1325999834
baseline_ensemble,2437,0.07967770814682185,0.6180555555555556,0.13276686199999999
baseline_ensemble,2438,0.07974910394265233,0.6180555555555556,0.1327999242
baseline_ensemble,2439,0.07982062780269059,0.6180555555555556,0.1331665726
baseline_ensemble,2440,0.07989228007181329,0.6180555555555556,0.1332665823
baseline_ensemble,2441,0.07996406109613657,0.6180555555555556,0.13336657619999998
baseline_ensemble,2442,0.08003597122302158,0.6180555555555556,0.1336999331
baseline_ensemble,2443,0.08010801080108011,0.6180555555555556,0.1340999364
baseline_ensemble,2444,0.08018018018018018,0.6180555555555556,0.13413331679999999
baseline_ensemble,2445,0.08025247971145176,0.6180555555555556,0.1343999159
baseline_ensemble,2446,0.08032490974729242,0.6180555555555556,0.1345000183
baseline_ensemble,2447,0.08039747064137308,0.6180555555555556,0.1345999132
baseline_ensemble,2448,0.08047016274864376,0.6180555555555556,0.1346332791
baseline_ensemble,2449,0.08054298642533937,0.6180555555555556,0.1346332844
baseline_ensemble,2450,0.0806159420289855,0.6180555555555556,0.1346999152
baseline_ensemble,2451,0.08068902991840435,0.6180555555555556,0.1351332882
baseline_ensemble,2452,0.08076225045372051,0.6180555555555556,0.13543327070000002
baseline_ensemble,2453,0.08083560399636694,0.6180555555555556,0.1354665568
baseline_ensemble,2454,0.0809090909090909,0.6180555555555556,0.1355665814
baseline_ensemble,2455,0.08098271155595996,0.6180555555555556,0.1356332814
baseline_ensemble,2456,0.08105646630236794,0.6180555555555556,0.13569993660000002
baseline_ensemble,2457,0.08113035551504102,0.6180555555555556,0.1357665846
baseline_ensemble,2458,0.0812043795620438,0.6180555555555556,0.1359332641
baseline_ensemble,2459,0.08127853881278539,0.6180555555555556,0.13629991519999998
baseline_ensemble,2460,0.08135283363802559,0.6180555555555556,0.13639990259999998
baseline_ensemble,2461,0.08142726440988106,0.6180555555555556,0.13649997270000003
baseline_ensemble,2462,0.0815018315018315,0.6180555555555556,0.1375000214
baseline_ensemble,2463,0.08157653528872594,0.6180555555555556,0.139233248
baseline_ensemble,2464,0.081651376146789,0.6180555555555556,0.1396999693
baseline_ensemble,2465,0.08172635445362718,0.6180555555555556,0.1396999931
baseline_ensemble,2466,0.0818014705882353,0.6180555555555556,0.14026660459999998
baseline_ensemble,2467,0.08187672493100276,0.6180555555555556,0.14089996500000002
baseline_ensemble,2468,0.08195211786372007,0.6180555555555556,0.14096661070000002
baseline_ensemble,2469,0.08202764976958525,0.6180555555555556,0.14106670770000002
baseline_ensemble,2470,0.08210332103321033,0.6180555555555556,0.141199941
baseline_ensemble,2471,0.08217913204062789,0.6180555555555556,0.1414666172
baseline_ensemble,2472,0.0822550831792976,0.6180555555555556,0.1414999554
baseline_ensemble,2473,0.08233117483811286,0.6180555555555556,0.1416000251
baseline_ensemble,2474,0.0824074074074074,0.6180555555555556,0.1420332838
baseline_ensemble,2475,0.082483781278962,0.6180555555555556,0.1420998781
baseline_ensemble,2476,0.08256029684601113,0.6180555555555556,0.1421998908
baseline_ensemble,2477,0.08263695450324977,0.6180555555555556,0.1422999161
baseline_ensemble,2478,0.08271375464684015,0.6180555555555556,0.1423999449
baseline_ensemble,2479,0.0827906976744186,0.6180555555555556,0.14246661049999998
baseline_ensemble,2480,0.08286778398510242,0.6180555555555556,0.142533366
baseline_ensemble,2481,0.08294501397949673,0.6180555555555556,0.1426668426
baseline_ensemble,2482,0.0830223880597015,0.6180555555555556,0.142799976
baseline_ensemble,2483,0.08309990662931839,0.6180555555555556,0.1430332807
baseline_ensemble,2484,0.08317757009345794,0.6180555555555556,0.1430333157
baseline_ensemble,2485,0.0823199251637044,0.6111111111111112,0.1431999366
baseline_ensemble,2486,0.08239700374531835,0.6111111111111112,0.14326659390000002
baseline_ensemble,2487,0.08247422680412371,0.6111111111111112,0.14336653789999998
baseline_ensemble,2488,0.0825515947467167,0.6111111111111112,0.14379991330000003
baseline_ensemble,2489,0.08262910798122065,0.6111111111111112,0.1440999953
baseline_ensemble,2490,0.08270676691729323,0.6111111111111112,0.1441000132
baseline_ensemble,2491,0.08278457196613359,0.6111111111111112,0.1442666286
baseline_ensemble,2492,0.08286252354048965,0.6111111111111112,0.1445333128
baseline_ensemble,2493,0.08294062205466542,0.6111111111111112,0.1446999012
baseline_ensemble,2494,0.0830188679245283,0.6111111111111112,0.1448666405
baseline_ensemble,2495,0.08309726156751653,0.6111111111111112,0.1455332546
baseline_ensemble,2496,0.0831758034026465,0.6111111111111112,0.1460665868
baseline_ensemble,2497,0.08325449385052035,0.6111111111111112,0.1462668755
baseline_ensemble,2498,0.08333333333333333,0.6111111111111112,0.146333245
baseline_ensemble,2499,0.08341232227488152,0.6111111111111112,0.1470665772
baseline_ensemble,2500,0.08349146110056926,0.6111111111111112,0.1473332375
baseline_ensemble,2501,0.0835707502374169,0.6111111111111112,0.1474665736
baseline_ensemble,2502,0.08365019011406843,0.6111111111111112,0.1485333337
baseline_ensemble,2503,0.08372978116079924,0.6111111111111112,0.1488999403
baseline_ensemble,2504,0.0838095238095238,0.6111111111111112,0.1492665596
baseline_ensemble,2505,0.08388941849380362,0.6111111111111112,0.1500332657
baseline_ensemble,2506,0.08396946564885496,0.6111111111111112,0.1501999162
baseline_ensemble,2507,0.08404966571155682,0.6111111111111112,0.15036666640000002
baseline_ensemble,2508,0.0841300191204589,0.6111111111111112,0.1512665738
baseline_ensemble,2509,0.08421052631578947,0.6111111111111112,0.1517666931
baseline_ensemble,2510,0.0842911877394636,0.6111111111111112,0.1522332384
baseline_ensemble,2511,0.08437200383509108,0.6111111111111112,0.1523998743
baseline_ensemble,2512,0.08445297504798464,0.6111111111111112,0.1523999355
baseline_ensemble,2513,0.0845341018251681,0.6111111111111112,0.152766601
baseline_ensemble,2514,0.08461538461538462,0.6111111111111112,0.15343338229999998
baseline_ensemble,2515,0.0846968238691049,0.6111111111111112,0.15366656039999999
baseline_ensemble,2516,0.08477842003853564,0.6111111111111112,0.153933337
baseline_ensemble,2517,0.08486017357762778,0.6111111111111112,0.1539665663
baseline_ensemble,2518,0.08494208494208494,0.6111111111111112,0.1539666025
baseline_ensemble,2519,0.08502415458937199,0.6111111111111112,0.15426654339999998
baseline_ensemble,2520,0.0851063829787234,0.6111111111111112,0.1543332601
baseline_ensemble,2521,0.08518877057115198,0.6111111111111112,0.15446662760000002
baseline_ensemble,2522,0.08527131782945736,0.6111111111111112,0.1545332235
baseline_ensemble,2523,0.08535402521823472,0.6111111111111112,0.15453327179999998
baseline_ensemble,2524,0.0854368932038835,0.6111111111111112,0.15469996190000002
baseline_ensemble,2525,0.08551992225461613,0.6111111111111112,0.1548332815
baseline_ensemble,2526,0.08560311284046693,0.6111111111111112,0.1548666006
baseline_ensemble,2527,0.08568646543330087,0.6111111111111112,0.1552332514
baseline_ensemble,2528,0.08576998050682261,0.6111111111111112,0.1552333136
baseline_ensemble,2529,0.08585365853658537,0.6111111111111112,0.1553666514
baseline_ensemble,2530,0.0859375,0.6111111111111112,0.1554332667
baseline_ensemble,2531,0.08602150537634409,0.6111111111111112,0.1554665875
baseline_ensemble,2532,0.08610567514677103,0.6111111111111112,0.1556668353
baseline_ensemble,2533,0.08619000979431929,0.6111111111111112,0.1559332751
baseline_ensemble,2534,0.08627450980392157,0.6111111111111112,0.15606661449999998
baseline_ensemble,2535,0.08635917566241413,0.6111111111111112,0.15640005420000003
baseline_ensemble,2536,0.08644400785854617,0.6111111111111112,0.1568332679
baseline_ensemble,2537,0.08652900688298919,0.6111111111111112,0.1569332577
baseline_ensemble,2538,0.08661417322834646,0.6111111111111112,0.15716654389999998
baseline_ensemble,2539,0.08669950738916256,0.6111111111111112,0.1576332679
baseline_ensemble,2540,0.08678500986193294,0.6111111111111112,0.1576668029
baseline_ensemble,2541,0.08687068114511352,0.6111111111111112,0.15776659399999998
baseline_ensemble,2542,0.08695652173913043,0.6111111111111112,0.158133314
baseline_ensemble,2543,0.08704253214638971,0.6111111111111112,0.1581999094
baseline_ensemble,2544,0.08613861386138613,0.6041666666666666,0.1582999414
baseline_ensemble,2545,0.08622398414271557,0.6041666666666666,0.158533271
baseline_ensemble,2546,0.08630952380952381,0.6041666666666666,0.1592999126
baseline_ensemble,2547,0.08639523336643495,0.6041666666666666,0.15986657310000002
baseline_ensemble,2548,0.08648111332007952,0.6041666666666666,0.1599998911
baseline_ensemble,2549,0.08656716417910448,0.6041666666666666,0.16039997769999997
baseline_ensemble,2550,0.08665338645418327,0.6041666666666666,0.1609332642
baseline_ensemble,2551,0.08673978065802593,0.6041666666666666,0.1609666193
baseline_ensemble,2552,0.08682634730538923,0.6041666666666666,0.1610333293
baseline_ensemble,2553,0.08691308691308691,0.6041666666666666,0.1616333107
baseline_ensemble,2554,0.087,0.6041666666666666,0.1619001025
baseline_ensemble,2555,0.08708708708708708,0.6041666666666666,0.1619331959
baseline_ensemble,2556,0.0871743486973948,0.6041666666666666,0.1620667058
baseline_ensemble,2557,0.08726178535606821,0.6041666666666666,0.16213323670000002
baseline_ensemble,2558,0.08734939759036145,0.6041666666666666,0.1622998738
baseline_ensemble,2559,0.08743718592964825,0.6041666666666666,0.1627001428
baseline_ensemble,2560,0.0875251509054326,0.6041666666666666,0.1628665396
baseline_ensemble,2561,0.0866062437059416,0.5972222222222222,0.1633332805
baseline_ensemble,2562,0.08669354838709678,0.5972222222222222,0.1637999749
baseline_ensemble,2563,0.08678102926337034,0.5972222222222222,0.16386666989999998
baseline_ensemble,2564,0.08686868686868687,0.5972222222222222,0.1647000535
baseline_ensemble,2565,0.0859453993933266,0.5902777777777778,0.16476658289999999
baseline_ensemble,2566,0.0860323886639676,0.5902777777777778,0.16519998930000002
baseline_ensemble,2567,0.08611955420466058,0.5902777777777778,0.1654332376
baseline_ensemble,2568,0.08620689655172414,0.5902777777777778,0.1657332259
baseline_ensemble,2569,0.08629441624365482,0.5902777777777778,0.165933283
baseline_ensemble,2570,0.08638211382113821,0.5902777777777778,0.1667332852
baseline_ensemble,2571,0.08646998982706001,0.5902777777777778,0.1667334036
baseline_ensemble,2572,0.08655804480651731,0.5902777777777778,0.16676670500000002
baseline_ensemble,2573,0.08664627930682976,0.5902777777777778,0.1670666371
baseline_ensemble,2574,0.08673469387755102,0.5902777777777778,0.1676332471
baseline_ensemble,2575,0.08682328907048008,0.5902777777777778,0.167733256
baseline_ensemble,2576,0.0869120654396728,0.5902777777777778,0.16816662149999997
baseline_ensemble,2577,0.08700102354145343,0.5902777777777778,0.168399997
baseline_ensemble,2578,0.08709016393442623,0.5902777777777778,0.1684333922
baseline_ensemble,2579,0.08615384615384615,0.5833333333333334,0.1688665455
baseline_ensemble,2580,0.08624229979466119,0.5833333333333334,0.1692999094
baseline_ensemble,2581,0.08633093525179857,0.5833333333333334,0.1694998692
baseline_ensemble,2582,0.08641975308641975,0.5833333333333334,0.16956660969999998
baseline_ensemble,2583,0.08650875386199794,0.5833333333333334,0.1695998693
baseline_ensemble,2584,0.0865979381443299,0.5833333333333334,0.1704665609
baseline_ensemble,2585,0.08668730650154799,0.5833333333333334,0.17096659620000002
baseline_ensemble,2586,0.08677685950413223,0.5833333333333334,0.1722999404
baseline_ensemble,2587,0.08686659772492245,0.5833333333333334,0.17253338940000001
baseline_ensemble,2588,0.08695652173913043,0.5833333333333334,0.17256656239999998
baseline_ensemble,2589,0.08704663212435233,0.5833333333333334,0.1727667498
baseline_ensemble,2590,0.08713692946058091,0.5833333333333334,0.1727998984
baseline_ensemble,2591,0.08722741433021806,0.5833333333333334,0.1730999074
baseline_ensemble,2592,0.08731808731808732,0.5833333333333334,0.1736666963
baseline_ensemble,2593,0.08740894901144641,0.5833333333333334,0.1740665944
baseline_ensemble,2594,0.08645833333333333,0.5763888888888888,0.1741665972
baseline_ensemble,2595,0.08654848800834203,0.5763888888888888,0.1742666701
baseline_ensemble,2596,0.08663883089770355,0.5763888888888888,0.174599926
baseline_ensemble,2597,0.08672936259143156,0.5763888888888888,0.1748999143
baseline_ensemble,2598,0.08682008368200837,0.5763888888888888,0.1761999615
baseline_ensemble,2599,0.08691099476439791,0.5763888888888888,0.17629994620000003
baseline_ensemble,2600,0.0870020964360587,0.5763888888888888,0.17663318819999999
baseline_ensemble,2601,0.08709338929695698,0.5763888888888888,0.1768332492
baseline_ensemble,2602,0.08718487394957983,0.5763888888888888,0.1773332594
baseline_ensemble,2603,0.08727655099894847,0.5763888888888888,0.1773665286
baseline_ensemble,2604,0.08736842105263158,0.5763888888888888,0.17769988199999998
baseline_ensemble,2605,0.0874604847207587,0.5763888888888888,0.1781331965
baseline_ensemble,2606,0.08755274261603375,0.5763888888888888,0.17826659020000002
baseline_ensemble,2607,0.08764519535374868,0.5763888888888888,0.1782999665
baseline_ensemble,2608,0.08773784355179703,0.5763888888888888,0.1783333096
baseline_ensemble,2609,0.08783068783068783,0.5763888888888888,0.17859992609999997
baseline_ensemble,2610,0.08792372881355932,0.5763888888888888,0.17863317059999997
baseline_ensemble,2611,0.088016967126193,0.5763888888888888,0.1786331849
baseline_ensemble,2612,0.0881104033970276,0.5763888888888888,0.1792665745
baseline_ensemble,2613,0.08820403825717323,0.5763888888888888,0.17933331800000002
baseline_ensemble,2614,0.08829787234042553,0.5763888888888888,0.179799894
baseline_ensemble,2615,0.08732694355697551,0.5694444444444444,0.17989995660000002
baseline_ensemble,2616,0.08742004264392324,0.5694444444444444,0.1809332806
baseline_ensemble,2617,0.08751334044823907,0.5694444444444444,0.18159995199999998
baseline_ensemble,2618,0.0876068376068376,0.5694444444444444,0.1816666138
baseline_ensemble,2619,0.0877005347593583,0.5694444444444444,0.1827000104
baseline_ensemble,2620,0.08779443254817987,0.5694444444444444,0.1827331695
baseline_ensemble,2621,0.08788853161843516,0.5694444444444444,0.183400057
baseline_ensemble,2622,0.08798283261802575,0.5694444444444444,0.18356653650000002
baseline_ensemble,2623,0.08807733619763695,0.5694444444444444,0.1839998893
baseline_ensemble,2624,0.08817204301075268,0.5694444444444444,0.18436660669999996
baseline_ensemble,2625,0.08826695371367062,0.5694444444444444,0.18463322519999997
baseline_ensemble,2626,0.08836206896551724,0.5694444444444444,0.18469986589999998
baseline_ensemble,2627,0.08845738942826321,0.5694444444444444,0.1846999186
baseline_ensemble,2628,0.08855291576673865,0.5694444444444444,0.1848665785
baseline_ensemble,2629,0.08864864864864865,0.5694444444444444,0.18509989249999997
baseline_ensemble,2630,0.08874458874458875,0.5694444444444444,0.1861664924
baseline_ensemble,2631,0.08884073672806067,0.5694444444444444,0.18633330599999998
baseline_ensemble,2632,0.08893709327548807,0.5694444444444444,0.18660010870000002
baseline_ensemble,2633,0.08903365906623235,0.5694444444444444,0.1868331847
baseline_ensemble,2634,0.0891304347826087,0.5694444444444444,0.1873000619
baseline_ensemble,2635,0.08922742110990206,0.5694444444444444,0.18756655979999998
baseline_ensemble,2636,0.08932461873638345,0.5694444444444444,0.18806649830000002
baseline_ensemble,2637,0.08942202835332606,0.5694444444444444,0.18906651049999998
baseline_ensemble,2638,0.08951965065502183,0.5694444444444444,0.19033326479999998
baseline_ensemble,2639,0.08961748633879782,0.5694444444444444,0.1908999457
baseline_ensemble,2640,0.08971553610503283,0.5694444444444444,0.19103324789999998
baseline_ensemble,2641,0.08981380065717415,0.5694444444444444,0.19113322119999998
baseline_ensemble,2642,0.08991228070175439,0.5694444444444444,0.1913999109
baseline_ensemble,2643,0.09001097694840834,0.5694444444444444,0.1919999183
baseline_ensemble,2644,0.09010989010989011,0.5694444444444444,0.1919999463
baseline_ensemble,2645,0.09020902090209021,0.5694444444444444,0.1922332436
baseline_ensemble,2646,0.09030837004405286,0.5694444444444444,0.1924332681
baseline_ensemble,2647,0.09040793825799338,0.5694444444444444,0.19246651139999998
baseline_ensemble,2648,0.09050772626931568,0.5694444444444444,0.1924999354
baseline_ensemble,2649,0.09060773480662983,0.5694444444444444,0.1926332186
baseline_ensemble,2650,0.09070796460176991,0.5694444444444444,0.1932664971
baseline_ensemble,2651,0.09080841638981174,0.5694444444444444,0.1935998936
baseline_ensemble,2652,0.09090909090909091,0.5694444444444444,0.1937998851
baseline_ensemble,2653,0.09100998890122086,0.5694444444444444,0.1952998567
baseline_ensemble,2654,0.09111111111111111,0.5694444444444444,0.1954665671
baseline_ensemble,2655,0.09121245828698554,0.5694444444444444,0.19569987479999998
baseline_ensemble,2656,0.09131403118040089,0.5694444444444444,0.1958665549
baseline_ensemble,2657,0.09141583054626533,0.5694444444444444,0.1963332135
baseline_ensemble,2658,0.09151785714285714,0.5694444444444444,0.1968665762
baseline_ensemble,2659,0.09162011173184358,0.5694444444444444,0.196866605
baseline_ensemble,2660,0.09172259507829977,0.5694444444444444,0.1970332051
baseline_ensemble,2661,0.09182530795072788,0.5694444444444444,0.19746653549999998
baseline_ensemble,2662,0.09192825112107623,0.5694444444444444,0.1979332223
baseline_ensemble,2663,0.0920314253647587,0.5694444444444444,0.1982332843
baseline_ensemble,2664,0.09213483146067415,0.5694444444444444,0.1986666019
baseline_ensemble,2665,0.0922384701912261,0.5694444444444444,0.1987332329
baseline_ensemble,2666,0.09234234234234234,0.5694444444444444,0.1992665416
baseline_ensemble,2667,0.09244644870349493,0.5694444444444444,0.19930002010000003
baseline_ensemble,2668,0.09255079006772009,0.5694444444444444,0.19943323869999996
baseline_ensemble,2669,0.09265536723163842,0.5694444444444444,0.1996332655
baseline_ensemble,2670,0.09276018099547512,0.5694444444444444,0.1997332362
baseline_ensemble,2671,0.0928652321630804,0.5694444444444444,0.20039989549999998
baseline_ensemble,2672,0.09297052154195011,0.5694444444444444,0.2003999369
baseline_ensemble,2673,0.09307604994324631,0.5694444444444444,0.2004666008
baseline_ensemble,2674,0.09318181818181819,0.5694444444444444,0.2016999065
baseline_ensemble,2675,0.09215017064846416,0.5625,0.2018998754
baseline_ensemble,2676,0.09225512528473805,0.5625,0.2025998895
baseline_ensemble,2677,0.09236031927023945,0.5625,0.20263322649999999
baseline_ensemble,2678,0.09246575342465753,0.5625,0.20316656570000002
baseline_ensemble,2679,0.09257142857142857,0.5625,0.2031998921
baseline_ensemble,2680,0.09267734553775744,0.5625,0.2032332067
baseline_ensemble,2681,0.09163802978235967,0.5555555555555556,0.2034999635
baseline_ensemble,2682,0.09059633027522936,0.5486111111111112,0.2036665538
baseline_ensemble,2683,0.09070034443168772,0.5486111111111112,0.20433324269999997
baseline_ensemble,2684,0.0896551724137931,0.5416666666666666,0.2049334356
baseline_ensemble,2685,0.08860759493670886,0.5347222222222222,0.2050666173
baseline_ensemble,2686,0.08870967741935484,0.5347222222222222,0.20663321580000002
baseline_ensemble,2687,0.08881199538638986,0.5347222222222222,0.2067665726
baseline_ensemble,2688,0.08891454965357967,0.5347222222222222,0.20749989200000002
baseline_ensemble,2689,0.08901734104046242,0.5347222222222222,0.20850021059999999
baseline_ensemble,2690,0.08912037037037036,0.5347222222222222,0.2088665344
baseline_ensemble,2691,0.08922363847045191,0.5347222222222222,0.2092001608
baseline_ensemble,2692,0.08932714617169374,0.5347222222222222,0.2094665052
baseline_ensemble,2693,0.08943089430894309,0.5347222222222222,0.2100334963
baseline_ensemble,2694,0.08953488372093023,0.5347222222222222,0.2104998188
baseline_ensemble,2695,0.08963911525029103,0.5347222222222222,0.2106665246
baseline_ensemble,2696,0.08857808857808858,0.5277777777777778,0.2110001011
baseline_ensemble,2697,0.08868144690781797,0.5277777777777778,0.21146653319999997
baseline_ensemble,2698,0.08761682242990654,0.5208333333333334,0.2114667412
baseline_ensemble,2699,0.08771929824561403,0.5208333333333334,0.21176649420000002
baseline_ensemble,2700,0.08782201405152225,0.5208333333333334,0.211966561
baseline_ensemble,2701,0.08792497069167643,0.5208333333333334,0.2123666348
baseline_ensemble,2702,0.0880281690140845,0.5208333333333334,0.2124332399
baseline_ensemble,2703,0.0881316098707403,0.5208333333333334,0.2124998465
baseline_ensemble,2704,0.08823529411764706,0.5208333333333334,0.21333321859999999
baseline_ensemble,2705,0.08833922261484099,0.5208333333333334,0.213799881
baseline_ensemble,2706,0.08844339622641509,0.5208333333333334,0.21416658759999999
baseline_ensemble,2707,0.0885478158205431,0.5208333333333334,0.21486652199999998
baseline_ensemble,2708,0.08865248226950355,0.5208333333333334,0.2152999355
baseline_ensemble,2709,0.08757396449704143,0.5138888888888888,0.2159665295
baseline_ensemble,2710,0.08767772511848342,0.5138888888888888,0.2166998128
baseline_ensemble,2711,0.08778173190984578,0.5138888888888888,0.21686656869999998
baseline_ensemble,2712,0.08788598574821853,0.5138888888888888,0.21699998950000002
baseline_ensemble,2713,0.08799048751486326,0.5138888888888888,0.2176000938
baseline_ensemble,2714,0.0880952380952381,0.5138888888888888,0.21779987389999997
baseline_ensemble,2715,0.08700834326579261,0.5069444444444444,0.21899982680000002
baseline_ensemble,2716,0.08711217183770883,0.5069444444444444,0.2193999042
baseline_ensemble,2717,0.08721624850657109,0.5069444444444444,0.2198665221
baseline_ensemble,2718,0.0861244019138756,0.5,0.22159986539999998
baseline_ensemble,2719,0.08622754491017964,0.5,0.2225665241
baseline_ensemble,2720,0.08633093525179857,0.5,0.22276651179999998
baseline_ensemble,2721,0.08643457382953182,0.5,0.2233331868
baseline_ensemble,2722,0.08653846153846154,0.5,0.22349993520000003
baseline_ensemble,2723,0.08664259927797834,0.5,0.22383349719999998
baseline_ensemble,2724,0.08674698795180723,0.5,0.2239666128
baseline_ensemble,2725,0.08685162846803378,0.5,0.2246332272
baseline_ensemble,2726,0.08695652173913043,0.5,0.22569986470000003
baseline_ensemble,2727,0.08706166868198308,0.5,0.22646658960000002
baseline_ensemble,2728,0.08595641646489104,0.4930555555555556,0.22693333410000002
baseline_ensemble,2729,0.08606060606060606,0.4930555555555556,0.2271664776
baseline_ensemble,2730,0.08616504854368932,0.4930555555555556,0.2272998156
baseline_ensemble,2731,0.08626974483596597,0.4930555555555556,0.2274668325
baseline_ensemble,2732,0.08637469586374696,0.4930555555555556,0.22776655769999998
baseline_ensemble,2733,0.08647990255785627,0.4930555555555556,0.22776698910000004
baseline_ensemble,2734,0.08658536585365853,0.4930555555555556,0.2278332026
baseline_ensemble,2735,0.08669108669108669,0.4930555555555556,0.2281331937
baseline_ensemble,2736,0.08679706601466992,0.4930555555555556,0.22946664760000002
baseline_ensemble,2737,0.08690330477356181,0.4930555555555556,0.2296332896
baseline_ensemble,2738,0.08700980392156862,0.4930555555555556,0.22999992619999998
baseline_ensemble,2739,0.08711656441717791,0.4930555555555556,0.2301332942
baseline_ensemble,2740,0.08722358722358722,0.4930555555555556,0.23046655039999997
baseline_ensemble,2741,0.08733087330873308,0.4930555555555556,0.231133163
baseline_ensemble,2742,0.0874384236453202,0.4930555555555556,0.232833307
baseline_ensemble,2743,0.08754623921085081,0.4930555555555556,0.23299992600000002
baseline_ensemble,2744,0.08765432098765433,0.4930555555555556,0.2333666373
baseline_ensemble,2745,0.08776266996291718,0.4930555555555556,0.2333998889
baseline_ensemble,2746,0.08787128712871287,0.4930555555555556,0.2335332395
baseline_ensemble,2747,0.08798017348203221,0.4930555555555556,0.2339998428
baseline_ensemble,2748,0.0880893300248139,0.4930555555555556,0.23429994040000002
baseline_ensemble,2749,0.08819875776397515,0.4930555555555556,0.2352666797
baseline_ensemble,2750,0.08830845771144279,0.4930555555555556,0.23626698629999998
baseline_ensemble,2751,0.08841843088418432,0.4930555555555556,0.236399827
baseline_ensemble,2752,0.08728179551122195,0.4861111111111111,0.23899983109999998
baseline_ensemble,2753,0.08614232209737828,0.4791666666666667,0.23929998619999998
baseline_ensemble,2754,0.08625,0.4791666666666667,0.2398999169
baseline_ensemble,2755,0.0851063829787234,0.4722222222222222,0.24183315469999997
baseline_ensemble,2756,0.08521303258145363,0.4722222222222222,0.242299932
baseline_ensemble,2757,0.08531994981179424,0.4722222222222222,0.24306657790000002
baseline_ensemble,2758,0.08542713567839195,0.4722222222222222,0.24349987269999998
baseline_ensemble,2759,0.08553459119496855,0.4722222222222222,0.2435332826
baseline_ensemble,2760,0.08564231738035265,0.4722222222222222,0.24376657659999998
baseline_ensemble,2761,0.08575031525851198,0.4722222222222222,0.2456331133
baseline_ensemble,2762,0.08585858585858586,0.4722222222222222,0.2466332274
baseline_ensemble,2763,0.08470290771175727,0.4652777777777778,0.24736663660000002
baseline_ensemble,2764,0.08354430379746836,0.4583333333333333,0.24869991789999998
baseline_ensemble,2765,0.08365019011406843,0.4583333333333333,0.2493998463
baseline_ensemble,2766,0.08248730964467005,0.4513888888888889,0.2509331627
baseline_ensemble,2767,0.08259212198221093,0.4513888888888889,0.251066523
baseline_ensemble,2768,0.08269720101781171,0.4513888888888889,0.2515331984
baseline_ensemble,2769,0.08280254777070063,0.4513888888888889,0.2517665451
baseline_ensemble,2770,0.08290816326530612,0.4513888888888889,0.25183327180000004
baseline_ensemble,2771,0.08301404853128991,0.4513888888888889,0.2520331604
baseline_ensemble,2772,0.08312020460358056,0.4513888888888889,0.2523332653
baseline_ensemble,2773,0.08322663252240717,0.4513888888888889,0.25243336260000004
baseline_ensemble,2774,0.08333333333333333,0.4513888888888889,0.2531332353
baseline_ensemble,2775,0.0834403080872914,0.4513888888888889,0.2532665283
baseline_ensemble,2776,0.08226221079691516,0.4444444444444444,0.2535665276
baseline_ensemble,2777,0.08236808236808237,0.4444444444444444,0.2541665644
baseline_ensemble,2778,0.08247422680412371,0.4444444444444444,0.2541999781
baseline_ensemble,2779,0.08258064516129032,0.4444444444444444,0.2544665101
baseline_ensemble,2780,0.08139534883720931,0.4375,0.2557666394
baseline_ensemble,2781,0.0815006468305304,0.4375,0.25609990239999997
baseline_ensemble,2782,0.08160621761658031,0.4375,0.2569998265
baseline_ensemble,2783,0.08171206225680934,0.4375,0.257066854
baseline_ensemble,2784,0.08181818181818182,0.4375,0.2574001723
baseline_ensemble,2785,0.08192457737321196,0.4375,0.2581334923
baseline_ensemble,2786,0.08203125,0.4375,0.2586998852
baseline_ensemble,2787,0.08213820078226858,0.4375,0.2590331986
baseline_ensemble,2788,0.08224543080939947,0.4375,0.259733164
baseline_ensemble,2789,0.08235294117647059,0.4375,0.2600665009
baseline_ensemble,2790,0.0824607329842932,0.4375,0.2601665094
baseline_ensemble,2791,0.08256880733944955,0.4375,0.2604998364
baseline_ensemble,2792,0.08267716535433071,0.4375,0.260700202
baseline_ensemble,2793,0.08278580814717477,0.4375,0.2608332496
baseline_ensemble,2794,0.08289473684210526,0.4375,0.26249986529999997
baseline_ensemble,2795,0.08300395256916997,0.4375,0.2632998644
baseline_ensemble,2796,0.08311345646437995,0.4375,0.26446657689999997
baseline_ensemble,2797,0.083223249669749,0.4375,0.2649332737
baseline_ensemble,2798,0.08333333333333333,0.4375,0.2649665644
baseline_ensemble,2799,0.08344370860927153,0.4375,0.2651332541
baseline_ensemble,2800,0.08355437665782493,0.4375,0.26593317479999995
baseline_ensemble,2801,0.08366533864541832,0.4375,0.2676665409
baseline_ensemble,2802,0.08377659574468085,0.4375,0.268000249
baseline_ensemble,2803,0.08388814913448735,0.4375,0.269533338
baseline_ensemble,2804,0.084,0.4375,0.2712333689
baseline_ensemble,2805,0.08411214953271028,0.4375,0.27266655360000003
baseline_ensemble,2806,0.08422459893048129,0.4375,0.2731665478
baseline_ensemble,2807,0.08433734939759036,0.4375,0.2731666995
baseline_ensemble,2808,0.08445040214477212,0.4375,0.27323323610000005
baseline_ensemble,2809,0.08456375838926175,0.4375,0.2739998314
baseline_ensemble,2810,0.0846774193548387,0.4375,0.27440020870000004
baseline_ensemble,2811,0.0847913862718708,0.4375,0.27503378270000006
baseline_ensemble,2812,0.08490566037735849,0.4375,0.2754665327
baseline_ensemble,2813,0.08502024291497975,0.4375,0.2785666869
baseline_ensemble,2814,0.08513513513513514,0.4375,0.2789999062
baseline_ensemble,2815,0.08525033829499323,0.4375,0.2794335135
baseline_ensemble,2816,0.08536585365853659,0.4375,0.2796998208
baseline_ensemble,2817,0.08548168249660787,0.4375,0.2798998772
baseline_ensemble,2818,0.08559782608695653,0.4375,0.2800331262
baseline_ensemble,2819,0.08571428571428572,0.4375,0.28106655680000003
baseline_ensemble,2820,0.08583106267029973,0.4375,0.28186653489999997
baseline_ensemble,2821,0.08594815825375171,0.4375,0.2820999805
baseline_ensemble,2822,0.0860655737704918,0.4375,0.28263368750000006
baseline_ensemble,2823,0.08618331053351573,0.4375,0.28286656379999997
baseline_ensemble,2824,0.0863013698630137,0.4375,0.2834331356
baseline_ensemble,2825,0.0850480109739369,0.4305555555555556,0.2842332917
baseline_ensemble,2826,0.08516483516483517,0.4305555555555556,0.28423377870000005
baseline_ensemble,2827,0.08528198074277854,0.4305555555555556,0.2853332061
baseline_ensemble,2828,0.08539944903581267,0.4305555555555556,0.2863997794
baseline_ensemble,2829,0.08413793103448276,0.4236111111111111,0.2865999484
baseline_ensemble,2830,0.08425414364640885,0.4236111111111111,0.28696660560000004
baseline_ensemble,2831,0.08437067773167359,0.4236111111111111,0.2878331246
baseline_ensemble,2832,0.08310249307479224,0.4166666666666667,0.2895665887
baseline_ensemble,2833,0.08321775312066575,0.4166666666666667,0.2903002028
baseline_ensemble,2834,0.08333333333333333,0.4166666666666667,0.29066657539999996
baseline_ensemble,2835,0.08344923504867872,0.4166666666666667,0.29080035020000006
baseline_ensemble,2836,0.08356545961002786,0.4166666666666667,0.2913332898
baseline_ensemble,2837,0.08368200836820083,0.4166666666666667,0.2919666829
baseline_ensemble,2838,0.08379888268156424,0.4166666666666667,0.2924999326
baseline_ensemble,2839,0.08391608391608392,0.4166666666666667,0.2929665238
baseline_ensemble,2840,0.08263305322128851,0.4097222222222222,0.2930998506
baseline_ensemble,2841,0.08274894810659186,0.4097222222222222,0.29323312929999995
baseline_ensemble,2842,0.08286516853932584,0.4097222222222222,0.2939666433
baseline_ensemble,2843,0.0829817158931083,0.4097222222222222,0.295933211
baseline_ensemble,2844,0.08309859154929577,0.4097222222222222,0.2977665032
baseline_ensemble,2845,0.08180535966149506,0.4027777777777778,0.2984998175
baseline_ensemble,2846,0.08192090395480225,0.4027777777777778,0.2985332185
baseline_ensemble,2847,0.08203677510608204,0.4027777777777778,0.3001665354
baseline_ensemble,2848,0.0821529745042493,0.4027777777777778,0.3004332663
baseline_ensemble,2849,0.08226950354609928,0.4027777777777778,0.3007999255
baseline_ensemble,2850,0.08238636363636363,0.4027777777777778,0.3011331495
baseline_ensemble,2851,0.08250355618776671,0.4027777777777778,0.3014999513
baseline_ensemble,2852,0.08262108262108261,0.4027777777777778,0.30193322580000004
baseline_ensemble,2853,0.08273894436519258,0.4027777777777778,0.3027670955
baseline_ensemble,2854,0.08285714285714285,0.4027777777777778,0.3030332085
baseline_ensemble,2855,0.08297567954220315,0.4027777777777778,0.3047667894
baseline_ensemble,2856,0.0830945558739255,0.4027777777777778,0.3059332869
baseline_ensemble,2857,0.08321377331420372,0.4027777777777778,0.30736662589999997
baseline_ensemble,2858,0.08333333333333333,0.4027777777777778,0.3094666717
baseline_ensemble,2859,0.08345323741007195,0.4027777777777778,0.31006657130000004
baseline_ensemble,2860,0.08357348703170028,0.4027777777777778,0.31049978489999996
baseline_ensemble,2861,0.08225108225108226,0.3958333333333333,0.31193323570000003
baseline_ensemble,2862,0.08092485549132948,0.3888888888888889,0.3121998506
baseline_ensemble,2863,0.08104196816208394,0.3888888888888889,0.3134998493
baseline_ensemble,2864,0.07971014492753623,0.3819444444444444,0.3135331942
baseline_ensemble,2865,0.07982583454281568,0.3819444444444444,0.3141332189
baseline_ensemble,2866,0.07994186046511628,0.3819444444444444,0.3155998428999999
baseline_ensemble,2867,0.08005822416302766,0.3819444444444444,0.3170331616
baseline_ensemble,2868,0.08017492711370262,0.3819444444444444,0.3176001757
baseline_ensemble,2869,0.08029197080291971,0.3819444444444444,0.31856647299999996
baseline_ensemble,2870,0.0804093567251462,0.3819444444444444,0.31876686449999997
baseline_ensemble,2871,0.08052708638360176,0.3819444444444444,0.3193332193
baseline_ensemble,2872,0.08064516129032258,0.3819444444444444,0.3204666116
baseline_ensemble,2873,0.08076358296622614,0.3819444444444444,0.3206666293
baseline_ensemble,2874,0.08088235294117647,0.3819444444444444,0.3230666479
baseline_ensemble,2875,0.08100147275405008,0.3819444444444444,0.3240332026
baseline_ensemble,2876,0.07964601769911504,0.375,0.32636647859999995
baseline_ensemble,2877,0.07828655834564253,0.3680555555555556,0.32713317620000004
baseline_ensemble,2878,0.07840236686390532,0.3680555555555556,0.3274333726
baseline_ensemble,2879,0.07851851851851852,0.3680555555555556,0.32849974190000003
baseline_ensemble,2880,0.0771513353115727,0.3611111111111111,0.32889996579999997
baseline_ensemble,2881,0.07726597325408618,0.3611111111111111,0.3305005563
baseline_ensemble,2882,0.07738095238095238,0.3611111111111111,0.33319994750000004
baseline_ensemble,2883,0.07749627421758569,0.3611111111111111,0.333333
baseline_ensemble,2884,0.10966057441253264,0.2916666666666667,0.3337663342
baseline_ensemble,2885,0.11023622047244094,0.2916666666666667,0.3344999048
baseline_ensemble,2886,0.11052631578947368,0.2916666666666667,0.33459980229999997
baseline_ensemble,2887,0.11081794195250659,0.2916666666666667,0.33493300319999997
baseline_ensemble,2888,0.10846560846560846,0.2847222222222222,0.3351330036
baseline_ensemble,2889,0.10875331564986737,0.2847222222222222,0.3356330046
baseline_ensemble,2890,0.10904255319148937,0.2847222222222222,0.33586633839999996
baseline_ensemble,2891,0.11021505376344086,0.2847222222222222,0.33593300519999997
baseline_ensemble,2892,0.1105121293800539,0.2847222222222222,0.33599967199999997
baseline_ensemble,2893,0.11141304347826086,0.2847222222222222,0.3360330054
baseline_ensemble,2894,0.11171662125340599,0.2847222222222222,0.3360996722
baseline_ensemble,2895,0.11232876712328767,0.2847222222222222,0.3361996724
baseline_ensemble,2896,0.11294765840220386,0.2847222222222222,0.3362330058
baseline_ensemble,2897,0.11484593837535013,0.2847222222222222,0.3362663392
baseline_ensemble,2898,0.1151685393258427,0.2847222222222222,0.3362996726
baseline_ensemble,2899,0.1168091168091168,0.2847222222222222,0.336333006
baseline_ensemble,2900,0.11988304093567251,0.2847222222222222,0.3363663394
baseline_ensemble,2901,0.12058823529411765,0.2847222222222222,0.3363996728
baseline_ensemble,2902,0.12094395280235988,0.2847222222222222,0.33716633749999997
baseline_ensemble,2903,0.12130177514792899,0.2847222222222222,0.3373996748
baseline_ensemble,2904,0.12202380952380952,0.2847222222222222,0.3374663385
baseline_ensemble,2905,0.12238805970149254,0.2847222222222222,0.3385663438
baseline_ensemble,2906,0.12275449101796407,0.2847222222222222,0.3386000302
baseline_ensemble,2907,0.12312312312312312,0.2847222222222222,0.3387996702
baseline_ensemble,2908,0.12349397590361445,0.2847222222222222,0.3392996693
baseline_ensemble,2909,0.12386706948640483,0.2847222222222222,0.3392996786
baseline_ensemble,2910,0.12424242424242424,0.2847222222222222,0.3405666343
baseline_ensemble,2911,0.12462006079027356,0.2847222222222222,0.3423331618
baseline_ensemble,2912,0.125,0.2847222222222222,0.3427004718000001
baseline_ensemble,2913,0.12538226299694188,0.2847222222222222,0.3433329978
baseline_ensemble,2914,0.12576687116564417,0.2847222222222222,0.3433332069
baseline_ensemble,2915,0.12615384615384614,0.2847222222222222,0.3437996652
baseline_ensemble,2916,0.12654320987654322,0.2847222222222222,0.3442329976
baseline_ensemble,2917,0.12693498452012383,0.2847222222222222,0.3445329969
baseline_ensemble,2918,0.12732919254658384,0.2847222222222222,0.3454329992
baseline_ensemble,2919,0.1277258566978193,0.2847222222222222,0.3454663576
baseline_ensemble,2920,0.128125,0.2847222222222222,0.34586649970000005
baseline_ensemble,2921,0.12539184952978055,0.2777777777777778,0.3467330178
baseline_ensemble,2922,0.12578616352201258,0.2777777777777778,0.3471334238
baseline_ensemble,2923,0.12618296529968454,0.2777777777777778,0.3476996611
baseline_ensemble,2924,0.12658227848101267,0.2777777777777778,0.3488663264
baseline_ensemble,2925,0.12698412698412698,0.2777777777777778,0.3490665568
baseline_ensemble,2926,0.12738853503184713,0.2777777777777778,0.34959965919999997
baseline_ensemble,2927,0.12779552715654952,0.2777777777777778,0.3498996603
baseline_ensemble,2928,0.1282051282051282,0.2777777777777778,0.3501332373
baseline_ensemble,2929,0.12861736334405144,0.2777777777777778,0.35063336320000005
baseline_ensemble,2930,0.12903225806451613,0.2777777777777778,0.35129965739999996
baseline_ensemble,2931,0.12944983818770225,0.2777777777777778,0.3515665837
baseline_ensemble,2932,0.1266233766233766,0.2708333333333333,0.3530663225
baseline_ensemble,2933,0.1270358306188925,0.2708333333333333,0.3543329876
baseline_ensemble,2934,0.12745098039215685,0.2708333333333333,0.35506640489999997
baseline_ensemble,2935,0.12786885245901639,0.2708333333333333,0.35723328759999995
baseline_ensemble,2936,0.12828947368421054,0.2708333333333333,0.3580668002
baseline_ensemble,2937,0.12871287128712872,0.2708333333333333,0.35819970830000003
baseline_ensemble,2938,0.1291390728476821,0.2708333333333333,0.35826653919999996
baseline_ensemble,2939,0.12624584717607973,0.2638888888888889,0.3589998147
baseline_ensemble,2940,0.12333333333333334,0.2569444444444444,0.36296641129999996
baseline_ensemble,2941,0.12374581939799331,0.2569444444444444,0.3631332716
baseline_ensemble,2942,0.12416107382550336,0.2569444444444444,0.3642997552
baseline_ensemble,2943,0.12457912457912458,0.2569444444444444,0.3674998382
baseline_ensemble,2944,0.125,0.2569444444444444,0.3705001228
baseline_ensemble,2945,0.12542372881355932,0.2569444444444444,0.37059989000000004
baseline_ensemble,2946,0.12244897959183673,0.25,0.3732331728
baseline_ensemble,2947,0.12286689419795221,0.25,0.37419973939999995
baseline_ensemble,2948,0.1232876712328767,0.25,0.3765667598
baseline_ensemble,2949,0.12371134020618557,0.25,0.37746654079999997
baseline_ensemble,2950,0.1206896551724138,0.24305555555555555,0.37933324820000003
baseline_ensemble,2951,0.11764705882352941,0.2361111111111111,0.38003367339999994
baseline_ensemble,2952,0.11805555555555555,0.2361111111111111,0.3826331049
baseline_ensemble,2953,0.11846689895470383,0.2361111111111111,0.3826998643
baseline_ensemble,2954,0.11888111888111888,0.2361111111111111,0.38466662949999997
baseline_ensemble,2955,0.11929824561403508,0.2361111111111111,0.3847666374
baseline_ensemble,2956,0.11619718309859155,0.22916666666666666,0.38650019680000003
baseline_ensemble,2957,0.1166077738515901,0.22916666666666666,0.3901667851
baseline_ensemble,2958,0.11702127659574468,0.22916666666666666,0.39056700750000006
baseline_ensemble,2959,0.11743772241992882,0.22916666666666666,0.3918996784
baseline_ensemble,2960,0.11785714285714285,0.22916666666666666,0.3925002134
baseline_ensemble,2961,0.11827956989247312,0.22916666666666666,0.39553314910000004
baseline_ensemble,2962,0.11870503597122302,0.22916666666666666,0.39563321549999997
baseline_ensemble,2963,0.11913357400722022,0.22916666666666666,0.3958665949
baseline_ensemble,2964,0.11956521739130435,0.22916666666666666,0.3973333436
baseline_ensemble,2965,0.12,0.22916666666666666,0.39863311570000004
baseline_ensemble,2966,0.12043795620437957,0.22916666666666666,0.4022670014
baseline_ensemble,2967,0.12087912087912088,0.22916666666666666,0.40239998579999997
baseline_ensemble,2968,0.1213235294117647,0.22916666666666666,0.4127665098
baseline_ensemble,2969,0.12177121771217712,0.22916666666666666,0.4132666046
baseline_ensemble,2970,0.12222222222222222,0.22916666666666666,0.4136331835
baseline_ensemble,2971,0.12267657992565056,0.22916666666666666,0.4154998479
baseline_ensemble,2972,0.12313432835820895,0.22916666666666666,0.4191667114
baseline_ensemble,2973,0.12359550561797752,0.22916666666666666,0.4199998848
baseline_ensemble,2974,0.12406015037593984,0.22916666666666666,0.4204004493
baseline_ensemble,2975,0.12452830188679245,0.22916666666666666,0.42263337310000004
baseline_ensemble,2976,0.125,0.22916666666666666,0.42330043040000004
baseline_ensemble,2977,0.12547528517110265,0.22916666666666666,0.42669985779999997
baseline_ensemble,2978,0.12595419847328243,0.22916666666666666,0.42773311459999996
baseline_ensemble,2979,0.12643678160919541,0.22916666666666666,0.4321666863
baseline_ensemble,2980,0.12692307692307692,0.22916666666666666,0.43386665480000003
baseline_ensemble,2981,0.1274131274131274,0.22916666666666666,0.4361003644
baseline_ensemble,2982,0.12790697674418605,0.22916666666666666,0.4368331037
baseline_ensemble,2983,0.12840466926070038,0.22916666666666666,0.4379997728
baseline_ensemble,2984,0.12890625,0.22916666666666666,0.4394999784
baseline_ensemble,2985,0.12941176470588237,0.22916666666666666,0.4399664542
baseline_ensemble,2986,0.12992125984251968,0.22916666666666666,0.4413331566
baseline_ensemble,2987,0.13043478260869565,0.22916666666666666,0.44149980019999996
baseline_ensemble,2988,0.12698412698412698,0.2222222222222222,0.4422002985
baseline_ensemble,2989,0.12749003984063745,0.2222222222222222,0.4424998305000001
baseline_ensemble,2990,0.128,0.2222222222222222,0.4434666509
baseline_ensemble,2991,0.1285140562248996,0.2222222222222222,0.4446668455
baseline_ensemble,2992,0.12903225806451613,0.2222222222222222,0.44539971689999996
baseline_ensemble,2993,0.12955465587044535,0.2222222222222222,0.4504329954
baseline_ensemble,2994,0.12601626016260162,0.2152777777777778,0.4536332466
baseline_ensemble,2995,0.12653061224489795,0.2152777777777778,0.4538665954
baseline_ensemble,2996,0.12295081967213115,0.20833333333333334,0.4546998418
baseline_ensemble,2997,0.11934156378600823,0.2013888888888889,0.46223335369999996
baseline_ensemble,2998,0.11983471074380166,0.2013888888888889,0.4625663848
baseline_ensemble,2999,0.11618257261410789,0.19444444444444445,0.4666998031
baseline_ensemble,3000,0.1125,0.1875,0.4687334831
baseline_ensemble,3001,0.11297071129707113,0.1875,0.470499808
baseline_ensemble,3002,0.1134453781512605,0.1875,0.47549987380000003
baseline_ensemble,3003,0.11392405063291139,0.1875,0.4775997378
baseline_ensemble,3004,0.11440677966101695,0.1875,0.4807998591
baseline_ensemble,3005,0.1148936170212766,0.1875,0.48370025920000004
baseline_ensemble,3006,0.11538461538461539,0.1875,0.48380000469999995
baseline_ensemble,3007,0.11158798283261803,0.18055555555555555,0.4885332019
baseline_ensemble,3008,0.10775862068965517,0.1736111111111111,0.4955332723
baseline_ensemble,3009,0.10822510822510822,0.1736111111111111,0.49639980640000003
baseline_ensemble,3010,0.10869565217391304,0.1736111111111111,0.497866533
baseline_ensemble,3011,0.1091703056768559,0.1736111111111111,0.49876667700000005
baseline_ensemble,3012,0.10964912280701754,0.1736111111111111,0.4999995
baseline_ensemble,3013,0.2903225806451613,0.125,0.5015004096
baseline_ensemble,3014,0.29508196721311475,0.125,0.5017328368
baseline_ensemble,3015,0.3,0.125,0.5021328375999999
baseline_ensemble,3016,0.3050847457627119,0.125,0.5028661724
baseline_ensemble,3017,0.32142857142857145,0.125,0.5028995058
baseline_ensemble,3018,0.3333333333333333,0.125,0.5029328392
baseline_ensemble,3019,0.35294117647058826,0.125,0.5029661726
baseline_ensemble,3020,0.391304347826087,0.125,0.502999506
baseline_ensemble,3021,0.43902439024390244,0.125,0.5030995062
baseline_ensemble,3022,0.45,0.125,0.5032667261999999
baseline_ensemble,3023,0.46153846153846156,0.125,0.507166181
baseline_ensemble,3024,0.47368421052631576,0.125,0.5178666448
baseline_ensemble,3025,0.4864864864864865,0.125,0.5213331614
baseline_ensemble,3026,0.5,0.125,0.5263664028999999
baseline_ensemble,3027,0.5142857142857142,0.125,0.5278000828
baseline_ensemble,3028,0.5294117647058824,0.125,0.5358998541000001
baseline_ensemble,3029,0.5151515151515151,0.11805555555555555,0.5387333968
baseline_ensemble,3030,0.5,0.1111111111111111,0.5396332163
baseline_ensemble,3031,0.4838709677419355,0.10416666666666667,0.5438333545
baseline_ensemble,3032,0.5,0.10416666666666667,0.5509999272999999
baseline_ensemble,3033,0.4827586206896552,0.09722222222222222,0.5568332885
baseline_ensemble,3034,0.5,0.09722222222222222,0.5624335001
baseline_ensemble,3035,0.5185185185185185,0.09722222222222222,0.571533124
baseline_ensemble,3036,0.5384615384615384,0.09722222222222222,0.5763001711
baseline_ensemble,3037,0.56,0.09722222222222222,0.5783999317
baseline_ensemble,3038,0.5416666666666666,0.09027777777777778,0.5795337296
baseline_ensemble,3039,0.5217391304347826,0.08333333333333333,0.5907998096
baseline_ensemble,3040,0.5454545454545454,0.08333333333333333,0.6141998822
baseline_ensemble,3041,0.5238095238095238,0.0763888888888889,0.6289666286
baseline_ensemble,3042,0.55,0.0763888888888889,0.6332999117
baseline_ensemble,3043,0.5789473684210527,0.0763888888888889,0.633433472
baseline_ensemble,3044,0.6111111111111112,0.0763888888888889,0.6388665498999999
baseline_ensemble,3045,0.6470588235294118,0.0763888888888889,0.6443001187
baseline_ensemble,3046,0.625,0.06944444444444445,0.6448331024999999
baseline_ensemble,3047,0.6,0.0625,0.6458996948999999
baseline_ensemble,3048,0.5714285714285714,0.05555555555555555,0.6514668864000001
baseline_ensemble,3049,0.6153846153846154,0.05555555555555555,0.680399808
baseline_ensemble,3050,0.5833333333333334,0.04861111111111111,0.6992663448
baseline_ensemble,3051,0.5454545454545454,0.041666666666666664,0.70929985
baseline_ensemble,3052,0.5,0.034722222222222224,0.7156997519999999
baseline_ensemble,3053,0.5555555555555556,0.034722222222222224,0.7321664318000001
baseline_ensemble,3054,0.5,0.027777777777777776,0.7339666755
baseline_ensemble,3055,0.5714285714285714,0.027777777777777776,0.7436335801
baseline_ensemble,3056,0.5,0.020833333333333332,0.7463998596
baseline_ensemble,3057,0.4,0.013888888888888888,0.7592666561000001
baseline_ensemble,3058,0.25,0.006944444444444444,0.774266645
baseline_ensemble,3059,0.0,0.0,0.8061332845
baseline_ensemble,3060,0.0,0.0,0.8141999099
baseline_ensemble,3061,0.0,0.0,0.8218665644
baseline_ensemble,3062,1.0,0.0,
